year,state,state_ID,gender,1st_name,2nd_name,3rd_name,4th_name,5th_name,6th_name,7th_name,8th_name,9th_name,10th_name,1st_count,2nd_count,3rd_count,4th_count,5th_count,6th_count,7th_count,8th_count,9th_count,10th_count
1920,HI,001,M,John,Robert,William,George,Joseph,James,Richard,David,Edward,Albert,88,74,74,71,69,63,59,46,46,45
1920,AK,002,M,John,William,Paul,George,James,Robert,Joseph,Thomas,Andrew,Henry,21,19,16,15,14,12,9,9,8,8
1920,WA,003,M,Robert,William,John,James,George,Donald,Charles,Jack,Richard,Harold,802,505,462,374,288,273,264,262,247,198
1920,OR,004,M,Robert,William,John,James,George,Charles,Donald,Richard,Jack,Harold,442,302,265,218,166,161,158,131,124,104
1920,CA,005,M,Robert,John,William,George,James,Charles,Frank,Richard,Jack,Edward,1821,1309,1211,899,834,662,631,555,544,460
1920,ID,006,M,Robert,William,John,James,George,Jack,Charles,Donald,Harold,Richard,231,210,181,179,122,97,89,87,81,70
1920,NV,007,M,Robert,William,John,James,Frank,George,Jack,Harold,Harry,Joe,40,30,27,23,16,16,12,11,10,10
1920,MT,008,M,Robert,John,William,James,Charles,George,Donald,Harold,Edward,Frank,322,308,290,211,149,142,130,96,86,80
1920,WY,009,M,Robert,John,William,James,Charles,George,Frank,Jack,Donald,Richard,115,110,101,69,61,53,37,36,35,34
1920,UT,010,M,Robert,William,John,James,George,Jack,Richard,Joseph,Charles,Donald,223,191,179,139,132,110,88,84,76,75
1920,AZ,011,M,John,Robert,Frank,William,Manuel,Jose,Joe,George,James,Charles,172,140,134,132,126,102,97,85,76,75
1920,CO,012,M,Robert,John,William,James,Charles,George,Harold,Frank,Edward,Richard,479,469,405,298,242,202,171,156,145,143
1920,NM,013,M,Jose,Joe,John,James,Manuel,Frank,William,Robert,Juan,George,161,153,152,109,99,97,93,80,79,72
1920,ND,014,M,John,Robert,William,James,George,Donald,Harold,Raymond,Arthur,Charles,299,263,171,167,165,147,140,129,115,111
1920,SD,015,M,Robert,John,Donald,William,Harold,James,Raymond,Kenneth,George,Charles,358,223,200,177,155,146,130,125,122,114
1920,NE,016,M,Robert,John,William,Donald,Harold,Charles,James,George,Richard,Kenneth,679,456,391,350,306,284,282,261,229,210
1920,KS,017,M,Robert,John,William,James,Charles,Harold,George,Donald,Richard,Raymond,735,651,623,492,488,367,361,334,287,282
1920,OK,018,M,James,William,John,Robert,Charles,Jack,George,Harold,Raymond,Roy,1149,930,900,728,566,462,441,310,302,302
1920,TX,019,M,James,William,John,Robert,Charles,George,Joe,Jack,Jose,Thomas,2527,2075,1969,1539,1062,958,908,737,659,645
1920,MN,020,M,Robert,John,Donald,William,James,George,Harold,Richard,Raymond,Kenneth,1305,918,736,634,536,530,468,461,418,329
1920,IA,021,M,Robert,John,William,Donald,Charles,James,Harold,Richard,George,Kenneth,1389,929,749,690,561,543,526,429,407,401
1920,MO,022,M,William,John,James,Robert,Charles,George,Harold,Joseph,Paul,Edward,1453,1361,1274,1264,1036,660,527,474,441,434
1920,AR,023,M,James,William,John,Robert,Charles,George,Willie,Thomas,Henry,Paul,1308,938,882,563,410,343,300,277,227,206
1920,LA,024,M,John,James,Joseph,William,Robert,George,Charles,Willie,Henry,Edward,913,869,745,567,468,432,401,373,330,326
1920,WI,025,M,Robert,John,William,Harold,Donald,Edward,Raymond,George,James,Joseph,1451,1006,677,598,592,535,526,519,484,447
1920,MI,026,M,Robert,John,William,Edward,James,George,Donald,Charles,Joseph,Richard,2206,1745,1567,951,944,881,869,858,757,671
1920,IL,027,M,Robert,John,William,James,Charles,Edward,George,Joseph,Frank,Richard,3373,3036,2591,1914,1667,1665,1503,1422,1038,1022
1920,IN,028,M,Robert,John,William,James,Charles,George,Richard,Paul,Harold,Joseph,1850,1229,1196,1124,1035,620,564,548,486,444
1920,OH,029,M,Robert,John,William,James,Charles,George,Richard,Joseph,Paul,Edward,3860,2862,2777,1957,1764,1316,1299,1134,1132,1051
1920,KY,030,M,James,William,John,Charles,Robert,George,Joseph,Edward,Thomas,Paul,2158,1662,1138,958,957,614,430,390,376,331
1920,TN,031,M,James,William,John,Robert,Charles,George,Thomas,Henry,Willie,Edward,2412,1540,1258,985,729,543,490,336,333,325
1920,MS,032,M,James,John,William,Willie,Robert,George,Charles,Henry,Thomas,Joe,1574,981,879,829,799,481,399,328,314,265
1920,AL,033,M,James,John,William,Robert,Willie,George,Charles,Henry,Thomas,Joseph,2298,1441,1330,1009,850,611,576,485,464,362
1920,ME,034,M,Robert,John,Charles,William,George,James,Donald,Joseph,Richard,Edward,288,215,172,166,163,157,151,149,129,118
1920,VT,035,M,Robert,John,Charles,William,George,Raymond,Richard,James,Donald,Joseph,139,120,89,87,82,68,68,62,58,55
1920,NH,036,M,Robert,John,George,William,Richard,Joseph,Charles,Raymond,James,Edward,222,153,114,111,104,88,87,83,77,71
1920,NY,037,M,John,Joseph,William,Robert,George,Edward,James,Frank,Charles,Thomas,5963,4286,4236,3850,2672,2518,2517,2422,2399,1602
1920,MA,038,M,John,William,Joseph,Robert,Edward,James,George,Charles,Richard,Thomas,2700,1715,1662,1594,1227,1226,1080,909,725,678
1920,CT,039,M,John,Joseph,William,Robert,Edward,George,Frank,James,Charles,Walter,1037,743,626,543,521,419,352,348,333,243
1920,RI,040,M,John,Joseph,William,James,Edward,George,Robert,Raymond,Charles,Frank,395,330,258,191,173,170,165,162,138,127
1920,PA,041,M,John,William,Robert,Joseph,James,Charles,George,Edward,Frank,Paul,7041,5115,4146,4090,3120,3114,2851,2363,1953,1725
1920,NJ,042,M,John,William,Joseph,Robert,Edward,Charles,George,James,Frank,Walter,2440,1745,1609,1179,1040,1034,1029,955,873,592
1920,DE,043,M,William,John,Joseph,Charles,James,Robert,George,Edward,Thomas,Walter,167,160,97,95,90,79,76,52,40,39
1920,MD,044,M,William,John,James,Charles,Robert,Joseph,George,Edward,Thomas,Harry,1020,895,745,727,495,479,465,389,274,227
1920,WV,045,M,James,William,John,Charles,Robert,George,Paul,Harold,Edward,Joseph,969,910,831,726,589,398,319,267,224,222
1920,VA,046,M,James,William,John,Robert,George,Charles,Thomas,Joseph,Edward,Richard,1888,1681,1315,976,747,724,522,455,402,339
1920,NC,047,M,James,William,John,Robert,George,Charles,Willie,Thomas,Joseph,Walter,2964,2081,1783,1251,786,717,623,574,528,470
1920,SC,048,M,James,John,William,Robert,Willie,George,Thomas,Henry,Charles,Joseph,2118,1290,1213,750,683,539,442,426,418,369
1920,GA,049,M,James,John,William,Robert,Willie,George,Thomas,Charles,Henry,Charlie,2750,1819,1743,1290,1185,866,676,675,536,478
1920,DC,050,M,William,John,James,Robert,George,Charles,Joseph,Richard,Thomas,Edward,287,247,223,189,132,130,124,87,87,64
1920,FL,051,M,James,John,William,Robert,George,Willie,Charles,Henry,Joseph,Edward,746,570,497,371,271,263,252,187,186,163
1930,HI,001,M,George,Richard,James,Robert,Henry,William,John,Joseph,Edward,Raymond,190,145,144,115,99,98,92,91,78,74
1930,AK,002,M,John,Peter,Robert,William,George,Henry,Donald,Paul,Jack,James,25,21,20,20,16,15,12,10,9,9
1930,WA,003,M,Robert,Donald,Richard,James,William,John,Jack,George,Charles,Kenneth,674,470,447,398,390,387,224,214,198,161
1930,OR,004,M,Robert,Donald,Richard,James,William,John,Charles,Jack,Kenneth,George,395,266,265,227,217,208,155,118,111,105
1930,CA,005,M,Robert,Richard,John,William,Donald,James,Charles,George,Frank,David,2460,1598,1557,1321,1281,1169,842,777,682,638
1930,ID,006,M,Robert,John,Donald,Richard,William,James,Charles,George,Jack,Kenneth,202,137,131,125,119,110,87,80,68,68
1930,NV,007,M,Robert,Donald,James,William,George,Richard,John,Jack,Charles,David,45,27,21,21,20,20,17,16,15,13
1930,MT,008,M,Robert,William,James,John,Donald,Richard,Charles,George,Jack,Kenneth,300,222,204,193,179,132,112,103,76,72
1930,WY,009,M,Robert,John,James,William,Donald,Charles,Richard,George,Jack,Harold,151,88,87,76,65,60,60,49,44,27
1930,UT,010,M,Robert,Richard,John,James,William,Donald,Jack,George,Don,Kenneth,254,196,170,140,134,126,98,96,93,92
1930,AZ,011,M,Robert,John,James,William,Frank,Joe,Richard,Manuel,Jose,George,195,151,138,132,130,122,119,111,102,101
1930,CO,012,M,Robert,John,William,Donald,James,Richard,Charles,George,Jack,Joe,556,362,313,308,300,284,220,184,180,152
1930,NM,013,M,Joe,Jose,John,James,Robert,Manuel,William,Frank,Juan,George,171,154,140,119,113,106,97,94,84,81
1930,ND,014,M,Robert,Donald,John,James,Richard,William,George,Kenneth,Raymond,Duane,324,302,245,207,195,156,125,116,109,102
1930,SD,015,M,Robert,Donald,James,John,Richard,William,Charles,Kenneth,Harold,George,384,325,220,202,189,151,114,113,108,89
1930,NE,016,M,Robert,Donald,Richard,John,James,William,Charles,Kenneth,Harold,Jack,815,599,484,405,385,376,265,252,204,187
1930,KS,017,M,Robert,Donald,John,Charles,James,Richard,William,Jack,Harold,Kenneth,986,716,553,551,550,480,452,288,267,265
1930,OK,018,M,James,Billy,Robert,Charles,William,John,Donald,Bobby,Kenneth,Jack,1151,973,902,787,763,755,641,521,471,470
1930,TX,019,M,James,Billy,Robert,John,Charles,William,Joe,Jose,George,Bobby,2731,1845,1812,1741,1593,1556,1119,882,873,853
1930,MN,020,M,Robert,Donald,Richard,John,James,William,Charles,Kenneth,Thomas,Gerald,1297,1079,1008,872,863,634,376,362,324,322
1930,IA,021,M,Robert,Donald,Richard,John,James,William,Charles,Kenneth,Harold,Jack,1385,1026,915,834,821,641,526,385,355,321
1930,MO,022,M,Robert,James,William,John,Charles,Donald,Richard,George,Billy,Kenneth,1847,1447,1266,1226,1121,1027,716,568,522,458
1930,AR,023,M,James,William,John,Robert,Billy,Charles,Bobby,George,Willie,Harold,1245,745,717,666,650,639,356,315,279,230
1930,LA,024,M,James,John,Joseph,Robert,Charles,William,Willie,George,Edward,Henry,883,827,688,569,526,509,360,351,319,295
1930,WI,025,M,Robert,Donald,Richard,John,James,William,Kenneth,Charles,Eugene,Gerald,1798,1350,1186,1155,1061,892,528,450,439,436
1930,MI,026,M,Robert,John,Richard,William,James,Donald,Charles,George,Edward,Jack,3256,2062,2055,1917,1881,1820,1122,886,750,713
1930,IL,027,M,Robert,John,James,William,Donald,Richard,Charles,George,Joseph,Edward,4672,3179,2731,2727,2503,2454,1737,1311,1156,1140
1930,IN,028,M,Robert,James,John,William,Richard,Donald,Charles,Jack,Paul,George,2288,1364,1265,1230,1170,1138,1012,612,505,495
1930,OH,029,M,Robert,James,Richard,William,John,Donald,Charles,George,Paul,Thomas,3941,2848,2690,2681,2675,2253,1823,1113,1110,1002
1930,KY,030,M,James,William,Robert,Charles,John,George,Billy,Donald,Paul,Thomas,2028,1417,1166,1145,1000,478,452,426,394,390
1930,TN,031,M,James,William,Robert,Charles,John,Billy,Thomas,George,Joe,Jack,2353,1474,1297,1160,1076,640,519,505,428,334
1930,MS,032,M,James,John,Willie,Robert,William,Charles,George,Billy,Thomas,Joe,1736,923,913,901,807,628,438,312,303,302
1930,AL,033,M,James,William,John,Robert,Charles,Willie,Billy,Thomas,George,Henry,2400,1399,1204,1127,930,927,542,527,521,346
1930,ME,034,M,Robert,Richard,John,Donald,William,George,James,Charles,Raymond,Paul,442,344,239,212,186,161,156,150,126,107
1930,VT,035,M,Robert,Richard,John,William,Donald,George,James,Charles,Raymond,Paul,200,156,127,88,83,73,70,65,58,56
1930,NH,036,M,Robert,Richard,John,Donald,William,Paul,Raymond,George,Charles,James,310,222,182,132,117,101,97,87,79,72
1930,NY,037,M,John,Robert,William,Joseph,Richard,James,Donald,Charles,Edward,George,6239,5761,4211,3825,3479,3425,2496,2477,2382,2336
1930,MA,038,M,Robert,John,William,Richard,Joseph,James,Edward,Donald,George,Charles,2693,2444,1656,1627,1280,1204,1011,950,917,841
1930,CT,039,M,John,Robert,William,Joseph,Richard,Edward,James,Donald,George,Charles,882,847,638,497,452,422,389,357,340,287
1930,RI,040,M,Robert,John,Joseph,William,Raymond,James,George,Edward,Richard,Donald,384,323,253,225,174,159,154,147,144,128
1930,PA,041,M,John,Robert,William,James,Joseph,Richard,Charles,Donald,George,Edward,6064,5295,4759,3829,3281,3095,2870,2513,2246,2026
1930,NJ,042,M,John,Robert,William,Joseph,James,Richard,George,Charles,Edward,Frank,2228,1997,1613,1431,1088,987,932,926,899,692
1930,DE,043,M,William,John,James,Robert,Charles,Richard,Joseph,George,Edward,Donald,137,130,114,105,72,64,60,59,52,47
1930,MD,044,M,William,John,James,Robert,Charles,Joseph,George,Richard,Donald,Edward,901,824,753,706,693,448,443,326,321,298
1930,WV,045,M,James,Robert,William,Charles,John,Donald,Richard,George,Jack,Paul,1238,1050,969,854,735,445,375,313,308,302
1930,VA,046,M,James,William,Robert,John,Charles,George,Thomas,Richard,Joseph,Edward,1670,1485,1074,1004,759,608,438,395,372,341
1930,NC,047,M,James,William,John,Robert,Charles,George,Thomas,Willie,Billy,David,2732,1993,1499,1445,1109,704,575,556,501,479
1930,SC,048,M,James,John,William,Robert,Willie,Charles,George,Thomas,Henry,Joseph,1609,936,899,723,536,507,411,352,312,285
1930,GA,049,M,James,William,Robert,John,Willie,Charles,George,Thomas,Henry,Walter,2377,1523,1329,1298,1137,908,643,554,389,351
1930,DC,050,M,William,Robert,James,John,Charles,George,Richard,Joseph,Donald,Thomas,285,275,266,259,176,132,130,118,104,92
1930,FL,051,M,James,William,Robert,John,Charles,George,Willie,Richard,Joseph,Thomas,823,631,601,584,404,311,265,213,207,200
1940,HI,001,M,Robert,James,Richard,George,John,Roy,Kenneth,William,Stanley,Edward,169,140,140,124,117,112,109,88,81,80
1940,AK,002,M,John,James,William,Robert,David,George,Richard,Frank,Joseph,Thomas,43,26,26,19,18,15,15,14,14,13
1940,WA,003,M,Robert,James,John,Richard,William,David,Gary,Larry,Michael,Ronald,680,594,575,518,441,436,433,323,304,284
1940,OR,004,M,Robert,Richard,James,John,William,David,Gary,Larry,Ronald,Donald,439,374,372,327,278,268,228,213,183,181
1940,CA,005,M,Robert,John,Richard,James,William,David,Gary,Ronald,Michael,Charles,3120,2420,2219,2101,1798,1554,1183,1160,1124,1050
1940,ID,006,M,Robert,Gary,Larry,Richard,John,James,David,William,Ronald,Donald,242,194,179,179,171,154,139,128,111,96
1940,NV,007,M,Robert,James,John,William,Richard,David,Gary,Donald,Frank,Larry,49,45,40,31,30,28,24,21,16,16
1940,MT,008,M,Robert,James,John,Richard,William,Gary,David,Larry,Donald,Charles,279,234,230,214,166,162,151,135,117,102
1940,WY,009,M,Robert,John,James,Richard,William,Larry,Charles,Gary,Jerry,David,107,100,95,80,65,61,60,56,48,46
1940,UT,010,M,Richard,John,Robert,David,Gary,James,Larry,Ronald,William,Dennis,240,221,218,216,172,169,154,122,122,99
1940,AZ,011,M,Robert,John,James,Richard,Charles,William,Frank,David,Joe,George,242,189,172,151,137,132,119,115,112,89
1940,CO,012,M,Robert,John,James,Richard,William,Larry,David,Donald,Charles,Ronald,561,440,421,379,359,268,264,263,255,218
1940,NM,013,M,Joe,Robert,James,John,Richard,Jose,George,David,Frank,William,215,211,167,145,131,111,102,101,98,96
1940,ND,014,M,Robert,James,Richard,John,Gary,David,Donald,Dennis,Larry,Kenneth,242,223,213,196,190,186,184,166,152,133
1940,SD,015,M,Robert,James,Richard,Larry,John,Gary,Donald,Dennis,Ronald,David,256,234,202,194,175,154,147,143,135,128
1940,NE,016,M,Robert,Larry,James,Richard,John,Gary,Donald,Ronald,William,Jerry,517,476,422,409,375,355,310,287,254,202
1940,KS,017,M,Larry,Robert,James,John,Gary,Richard,Donald,William,Charles,Ronald,714,621,554,553,509,461,368,362,355,317
1940,OK,018,M,James,Jerry,Robert,John,Charles,Donald,William,Billy,David,Larry,1090,799,730,709,700,627,521,480,437,396
1940,TX,019,M,James,Robert,John,Charles,William,Jerry,Joe,David,Billy,Richard,2972,2150,2110,1843,1549,1401,1260,1084,1079,967
1940,MN,020,M,Robert,James,Richard,John,David,William,Gary,Donald,Thomas,Ronald,1314,1276,1151,1129,988,654,637,628,615,607
1940,IA,021,M,Robert,Larry,James,Richard,John,Gary,David,Ronald,Donald,William,1095,1078,1077,931,879,719,682,671,584,537
1940,MO,022,M,James,Robert,John,William,Charles,Larry,Donald,Richard,David,Ronald,1683,1474,1322,1098,1056,877,860,855,732,685
1940,AR,023,M,James,Charles,John,Robert,William,Billy,Jerry,Bobby,Donald,Jimmy,1473,768,706,692,646,546,531,472,370,362
1940,LA,024,M,James,John,Robert,Charles,Joseph,William,Willie,Donald,George,Richard,1166,940,795,736,715,528,390,356,341,340
1940,WI,025,M,Robert,James,John,Richard,Thomas,David,William,Ronald,Donald,Gerald,1576,1552,1318,1255,909,903,879,728,726,577
1940,MI,026,M,Robert,James,John,Richard,William,David,Thomas,Ronald,Donald,Charles,2944,2487,2136,2039,1758,1625,1309,1273,1171,1114
1940,IL,027,M,Robert,James,John,Richard,William,Ronald,Charles,Thomas,Donald,David,3842,3265,3251,2513,2496,1749,1576,1567,1471,1470
1940,IN,028,M,James,Robert,John,Larry,William,Richard,David,Charles,Jerry,Donald,1724,1537,1399,1303,1146,1102,1083,919,849,801
1940,OH,029,M,Robert,James,John,William,Richard,David,Charles,Thomas,Ronald,Donald,3442,3289,2924,2408,2325,1961,1585,1541,1485,1424
1940,KY,030,M,James,William,Robert,Charles,John,Donald,David,Billy,Bobby,Jerry,2237,1358,1161,1128,953,774,541,531,500,478
1940,TN,031,M,James,William,Robert,Charles,John,Billy,Jerry,Bobby,Thomas,David,2409,1304,1265,1177,1034,746,688,658,561,538
1940,MS,032,M,James,Robert,John,Charles,Willie,William,George,Billy,Thomas,Bobby,1781,1026,916,853,823,807,417,401,390,387
1940,AL,033,M,James,John,William,Robert,Charles,Willie,Billy,Jerry,Bobby,Thomas,2283,1265,1261,1199,1078,860,614,558,516,501
1940,ME,034,M,Robert,Richard,John,David,James,William,Donald,Ronald,George,Paul,442,388,285,258,206,179,177,139,137,134
1940,VT,035,M,Richard,Robert,John,David,James,William,Ronald,Donald,Charles,Kenneth,186,180,147,108,105,103,70,62,56,54
1940,NH,036,M,Robert,Richard,John,David,William,Donald,James,Ronald,Paul,George,306,266,174,159,137,119,113,111,100,87
1940,NY,037,M,Robert,John,Richard,William,James,Joseph,Thomas,David,Michael,Charles,6283,6165,4370,4105,3960,3141,2505,2340,2294,2147
1940,MA,038,M,Robert,John,Richard,William,James,David,Paul,Joseph,Thomas,Edward,2641,2387,1981,1615,1314,1162,1009,987,826,776
1940,CT,039,M,Robert,John,Richard,William,Joseph,James,David,Thomas,Edward,Donald,948,821,719,578,416,415,368,320,280,260
1940,RI,040,M,Robert,Richard,John,William,Joseph,James,Edward,Thomas,Ronald,David,430,303,281,225,182,175,138,133,127,117
1940,PA,041,M,Robert,John,William,James,Richard,Joseph,Thomas,Charles,Ronald,David,5351,5253,4126,4108,3218,2660,2370,2348,2208,2001
1940,NJ,042,M,Robert,John,William,Richard,James,Joseph,Thomas,Charles,George,Edward,2168,2089,1469,1257,1134,1106,845,765,681,671
1940,DE,043,M,William,Robert,John,James,Charles,Richard,Joseph,George,Thomas,Donald,142,137,128,124,85,84,67,59,55,47
1940,MD,044,M,William,Robert,John,James,Charles,Richard,George,Joseph,Thomas,Donald,870,868,867,828,683,478,359,358,346,286
1940,WV,045,M,James,Robert,William,Charles,John,Donald,David,Richard,Larry,Thomas,1331,973,896,825,797,466,459,459,437,405
1940,VA,046,M,James,William,Robert,John,Charles,Richard,Thomas,George,David,Donald,1792,1393,1187,1080,874,554,553,547,431,370
1940,NC,047,M,James,William,Robert,John,Charles,Jerry,Thomas,Bobby,David,George,3065,1902,1531,1456,1260,745,725,722,693,657
1940,SC,048,M,James,John,William,Robert,Willie,Charles,Thomas,George,David,Joseph,1926,1071,942,907,646,640,482,412,410,320
1940,GA,049,M,James,William,Robert,John,Charles,Willie,Thomas,George,Bobby,Jerry,2413,1415,1346,1280,1062,1030,586,576,534,488
1940,DC,050,M,John,Robert,James,William,Charles,Richard,George,Thomas,David,Joseph,472,465,437,419,262,231,172,168,155,154
1940,FL,051,M,James,Robert,John,William,Charles,Richard,George,Thomas,David,Willie,1144,816,716,716,538,354,326,307,304,289
1950,HI,001,M,Michael,Robert,John,James,William,Richard,Wayne,Glenn,Dennis,David,219,193,181,150,144,130,128,122,121,118
1950,AK,002,M,Robert,John,James,David,William,Michael,Richard,Thomas,Steven,Gary,91,85,76,60,60,51,44,43,33,28
1950,WA,003,M,Michael,Robert,James,John,David,Richard,William,Gary,Steven,Thomas,1395,1255,1158,1112,1056,987,852,729,720,673
1950,OR,004,M,Robert,Michael,David,James,John,Richard,Steven,William,Gary,Ronald,813,800,767,674,665,508,506,485,433,378
1950,CA,005,M,Robert,Michael,John,David,James,Richard,William,Steven,Thomas,Gary,6036,5533,5347,4853,4631,4236,3462,2859,2595,2568
1950,ID,006,M,Robert,Michael,David,John,Richard,William,Gary,James,Steven,Larry,290,288,284,267,214,201,196,196,189,171
1950,NV,007,M,John,Michael,Robert,David,James,Richard,William,Thomas,Gary,Charles,101,81,79,74,74,65,64,54,52,30
1950,MT,008,M,Robert,John,James,Richard,Michael,David,William,Gary,Thomas,Donald,364,352,350,269,259,258,231,193,187,145
1950,WY,009,M,John,James,Robert,David,Michael,Richard,William,Charles,Larry,Gary,165,152,149,129,120,107,102,78,74,70
1950,UT,010,M,David,Robert,Michael,John,Steven,Richard,James,Gary,William,Dennis,421,408,381,316,292,290,279,209,203,194
1950,AZ,011,M,Robert,John,David,James,Michael,Richard,William,Thomas,Charles,Larry,419,383,363,350,315,303,284,192,182,181
1950,CO,012,M,Robert,John,James,Michael,David,Richard,William,Gary,Thomas,Ronald,781,765,703,700,627,562,487,425,371,348
1950,NM,013,M,Robert,James,John,David,Richard,Michael,William,Larry,Joe,Thomas,395,318,311,310,281,266,214,171,164,164
1950,ND,014,M,David,Robert,James,Richard,John,Michael,Larry,Gary,Donald,Ronald,298,291,283,232,225,225,198,191,182,180
1950,SD,015,M,David,Robert,James,Michael,John,Gary,Richard,Thomas,Dennis,Ronald,403,353,337,316,293,252,244,213,200,187
1950,NE,016,M,Robert,James,Michael,John,David,Richard,Thomas,William,Steven,Gary,771,718,656,636,544,489,418,418,413,355
1950,KS,017,M,Robert,Michael,James,John,David,Richard,Larry,William,Gary,Steven,921,897,843,833,797,632,564,559,523,508
1950,OK,018,M,James,Robert,Michael,John,David,Larry,Gary,William,Charles,Richard,1102,914,844,829,808,801,665,630,558,538
1950,TX,019,M,James,Robert,John,David,Michael,William,Charles,Larry,Richard,Gary,4177,3709,3302,3046,2726,2472,2273,2179,2082,1642
1950,MN,020,M,Michael,James,David,John,Robert,Thomas,Steven,Richard,Gary,William,1682,1653,1645,1510,1506,1389,1207,1204,977,907
1950,IA,021,M,David,James,Michael,John,Robert,Richard,Steven,Dennis,Thomas,Gary,1412,1323,1317,1237,1216,953,909,893,827,798
1950,MO,022,M,James,Robert,Michael,John,David,William,Gary,Richard,Larry,Thomas,2195,2023,2000,1923,1557,1401,1249,1200,1086,1003
1950,AR,023,M,James,Larry,Robert,John,Charles,William,David,Jerry,Michael,Gary,1429,900,745,729,712,652,539,514,477,473
1950,LA,024,M,James,John,Robert,Charles,Michael,Larry,William,Joseph,David,Donald,1534,1338,1238,1054,1041,792,765,760,741,634
1950,WI,025,M,James,Michael,Robert,John,Thomas,David,Richard,Gary,William,Dennis,2135,2040,1950,1941,1775,1773,1434,1207,1207,961
1950,MI,026,M,Robert,James,Michael,David,John,Thomas,William,Richard,Gary,Charles,4012,3827,3755,3489,3383,2640,2634,2470,1979,1594
1950,IL,027,M,James,Robert,John,Michael,William,David,Richard,Thomas,Charles,Gary,4986,4853,4731,4612,3376,3357,3046,2929,1993,1834
1950,IN,028,M,Michael,James,Robert,John,David,William,Richard,Thomas,Larry,Steven,2346,2260,2060,2045,1994,1495,1374,1322,1080,1079
1950,OH,029,M,James,Robert,John,Michael,David,William,Thomas,Richard,Gary,Charles,4812,4708,4589,4009,3998,3525,3161,3141,2293,2103
1950,KY,030,M,James,William,Michael,Robert,John,Larry,David,Charles,Gary,Donald,2252,1486,1265,1262,1217,1215,1180,1133,863,699
1950,TN,031,M,James,William,Robert,Larry,John,Charles,David,Michael,Jerry,Gary,2835,1674,1568,1389,1385,1369,1224,1029,903,860
1950,MS,032,M,James,Robert,Willie,John,Charles,William,Larry,David,George,Jerry,1979,1393,1144,1090,1013,970,812,605,476,475
1950,AL,033,M,James,Robert,John,William,Charles,Larry,Willie,David,Michael,Jerry,2659,1420,1410,1379,1207,1178,953,857,782,730
1950,ME,034,M,Robert,David,Richard,Michael,John,James,William,Stephen,Paul,Donald,484,432,420,409,372,357,229,228,207,204
1950,VT,035,M,David,John,Robert,Richard,Michael,James,William,Gary,Thomas,Paul,212,203,192,186,172,158,122,115,112,89
1950,NH,036,M,Robert,Richard,David,John,Michael,James,William,Thomas,Paul,Ronald,314,268,255,253,213,201,180,169,146,130
1950,NY,037,M,Robert,John,James,Michael,Richard,William,Thomas,David,Joseph,Charles,8627,8311,6199,6199,5722,5532,5008,4475,4408,2757
1950,MA,038,M,Robert,John,Richard,James,William,David,Michael,Paul,Thomas,Stephen,3212,3077,2251,2213,2089,1927,1865,1729,1502,1295
1950,CT,039,M,Robert,John,William,Richard,David,James,Michael,Thomas,Joseph,Paul,1253,1200,860,820,801,767,701,686,546,426
1950,RI,040,M,Robert,John,Richard,Michael,David,William,James,Paul,Joseph,Thomas,550,538,375,345,343,307,301,278,253,241
1950,PA,041,M,John,Robert,James,William,David,Thomas,Richard,Michael,Joseph,Charles,6859,6563,5552,4884,4309,3932,3799,3700,3422,2556
1950,NJ,042,M,Robert,John,James,William,Richard,Thomas,Michael,Joseph,David,Charles,3164,3032,2136,2080,1800,1756,1682,1622,1137,987
1950,DE,043,M,William,John,Robert,James,David,Richard,Michael,Thomas,Joseph,Charles,233,224,223,168,125,111,106,96,95,92
1950,MD,044,M,John,Robert,James,William,Michael,Charles,David,Richard,Thomas,Joseph,1286,1279,1265,1152,979,838,782,713,704,563
1950,WV,045,M,James,Robert,John,William,David,Charles,Michael,Larry,Gary,Richard,1435,1117,1098,1029,1012,872,810,718,626,584
1950,VA,046,M,James,William,Robert,John,Charles,Michael,David,Larry,Thomas,Richard,2357,1788,1666,1561,1088,1055,992,975,878,806
1950,NC,047,M,James,William,Robert,John,Larry,Charles,David,Michael,Thomas,Jerry,3322,2311,1831,1706,1601,1494,1363,1130,928,916
1950,SC,048,M,James,John,William,Robert,Charles,Willie,David,Larry,Thomas,Michael,2108,1182,1145,1111,858,687,654,624,605,512
1950,GA,049,M,James,Robert,John,William,Charles,Larry,Willie,David,Michael,Thomas,2712,1650,1639,1567,1321,1309,1161,1099,911,792
1950,DC,050,M,John,James,Robert,Michael,William,David,Richard,Thomas,Charles,Joseph,808,702,668,648,614,378,378,344,338,277
1950,FL,051,M,James,Robert,John,William,Charles,Michael,David,Richard,Thomas,Larry,1824,1471,1382,1141,904,870,846,795,583,560
1960,HI,001,M,David,Michael,John,Robert,Mark,James,William,Richard,Brian,Steven,245,245,234,197,177,174,139,127,119,114
1960,AK,002,M,David,Michael,Robert,John,James,Mark,Richard,William,Steven,Thomas,152,140,136,125,124,92,86,74,73,66
1960,WA,003,M,David,Michael,Mark,John,Robert,James,Richard,Scott,Steven,William,1375,1159,1011,994,959,880,659,608,577,540
1960,OR,004,M,David,Michael,Mark,Robert,John,James,Richard,Steven,Scott,Daniel,855,668,644,516,513,493,361,338,311,295
1960,CA,005,M,David,Michael,John,Robert,Mark,James,Richard,Steven,William,Daniel,7922,7392,6530,6430,5543,5137,4192,3588,3257,2541
1960,ID,006,M,David,Michael,Robert,John,Mark,James,Steven,Richard,Kevin,William,283,259,239,206,189,182,161,159,151,133
1960,NV,007,M,Robert,David,Michael,James,Mark,John,William,Richard,Steven,Kevin,138,136,131,117,91,88,88,70,60,54
1960,MT,008,M,David,Mark,Michael,John,Robert,James,William,Daniel,Thomas,Richard,267,263,251,238,228,222,177,144,140,138
1960,WY,009,M,David,James,Robert,Michael,John,Mark,Richard,William,Steven,Kevin,146,133,133,132,117,111,89,88,65,56
1960,UT,010,M,David,Michael,Mark,Robert,John,Scott,Steven,James,Richard,Kevin,523,396,369,354,331,330,285,263,250,228
1960,AZ,011,M,David,Robert,Michael,John,James,Mark,Richard,William,Thomas,Steven,711,600,597,549,502,483,435,304,238,237
1960,CO,012,M,David,Michael,John,Robert,Mark,James,Richard,William,Steven,Daniel,897,797,732,705,651,627,427,361,358,322
1960,NM,013,M,David,Michael,Robert,James,John,Richard,Mark,William,Paul,Joseph,527,483,443,405,381,314,283,202,195,193
1960,ND,014,M,David,Mark,Michael,Robert,Kevin,John,James,Steven,Jeffrey,Scott,308,262,227,199,198,190,186,180,176,163
1960,SD,015,M,David,Michael,Mark,James,Robert,Steven,Timothy,Scott,Kevin,John,308,269,248,237,213,192,188,185,178,176
1960,NE,016,M,Michael,David,Mark,John,James,Robert,Kevin,Steven,Timothy,Thomas,721,685,637,528,506,481,383,372,333,332
1960,KS,017,M,David,Michael,Mark,James,Robert,John,Kevin,Steven,William,Richard,1008,885,827,703,686,665,499,461,459,454
1960,OK,018,M,David,James,Michael,Mark,Robert,John,William,Steven,Richard,Charles,1006,827,757,719,685,636,419,407,391,357
1960,TX,019,M,David,James,Robert,Michael,John,Mark,Richard,William,Charles,Kenneth,4704,3969,3543,3497,3266,2457,2100,1892,1696,1694
1960,MN,020,M,David,Mark,Michael,John,James,Thomas,Robert,Steven,Scott,Timothy,1977,1759,1669,1520,1460,1229,1221,1167,1154,955
1960,IA,021,M,David,Michael,Mark,John,James,Robert,Jeffrey,Steven,Kevin,Scott,1441,1195,1140,951,931,831,787,786,737,620
1960,MO,022,M,David,Michael,James,John,Mark,Robert,William,Steven,Richard,Kevin,2076,2000,1794,1759,1696,1533,1082,984,938,936
1960,AR,023,M,James,David,Michael,John,Robert,Charles,William,Mark,Terry,Kenneth,863,705,658,548,540,475,438,373,311,302
1960,LA,024,M,Michael,David,James,John,Robert,Charles,Mark,Kenneth,Joseph,William,1556,1362,1358,1267,1066,811,779,723,680,645
1960,WI,025,M,David,Michael,Mark,James,John,Robert,Thomas,Steven,Jeffrey,Daniel,2319,2148,1937,1740,1693,1579,1369,1338,1284,1163
1960,MI,026,M,David,Michael,Mark,James,Robert,John,Thomas,William,Richard,Steven,4287,3938,3426,3417,3274,3228,2119,2031,1890,1836
1960,IL,027,M,Michael,David,John,James,Robert,Mark,William,Thomas,Richard,Steven,5413,4819,4650,4390,4159,3624,2692,2562,2443,2261
1960,IN,028,M,David,Michael,James,Mark,John,Robert,Timothy,William,Jeffrey,Richard,2550,2179,2010,1990,1846,1709,1169,1133,1126,1007
1960,OH,029,M,David,Michael,James,John,Robert,Mark,William,Thomas,Richard,Jeffrey,5290,4564,4533,4373,4042,4006,2754,2511,2500,2465
1960,KY,030,M,James,David,Michael,William,John,Robert,Mark,Charles,Timothy,Kenneth,1739,1546,1184,1112,1050,1029,991,833,764,568
1960,TN,031,M,James,David,Michael,William,Robert,John,Charles,Mark,Timothy,Ricky,1999,1522,1405,1208,1107,1106,848,822,717,672
1960,MS,032,M,James,Robert,David,John,Michael,Charles,William,Willie,Larry,Kenneth,1376,878,792,764,718,651,639,593,482,424
1960,AL,033,M,James,Michael,David,John,William,Robert,Charles,Kenneth,Timothy,Mark,1869,1277,1186,1133,1110,1001,775,656,634,564
1960,ME,034,M,David,Michael,Robert,James,John,Mark,Richard,William,Daniel,Timothy,590,583,405,390,378,362,344,243,235,212
1960,VT,035,M,Michael,David,James,Robert,John,Mark,Richard,Timothy,Brian,William,247,197,159,151,150,120,108,104,85,84
1960,NH,036,M,David,Michael,Robert,James,Mark,John,Richard,Paul,Thomas,William,345,330,262,256,238,236,198,160,159,151
1960,NY,037,M,Michael,John,Robert,David,James,Thomas,William,Richard,Joseph,Mark,8929,8331,7423,6598,6407,4882,4831,4686,4654,4218
1960,MA,038,M,John,Michael,David,Robert,James,Mark,Richard,William,Paul,Thomas,3475,3263,3114,2849,2507,2148,1948,1860,1803,1670
1960,CT,039,M,John,Michael,Robert,David,James,Mark,Richard,William,Thomas,Joseph,1385,1373,1335,1301,1016,932,814,804,732,673
1960,RI,040,M,Michael,David,John,Robert,James,Paul,Richard,Joseph,William,Mark,565,557,535,528,359,290,286,280,274,244
1960,PA,041,M,John,David,Michael,Robert,James,Mark,William,Joseph,Thomas,Richard,5828,5526,5430,5311,4915,3777,3773,3320,3168,3037
1960,NJ,042,M,John,Michael,Robert,James,David,Thomas,William,Joseph,Mark,Richard,3358,3150,2981,2439,2338,1977,1922,1862,1768,1687
1960,DE,043,M,David,Michael,John,Robert,James,William,Mark,Thomas,Richard,Joseph,274,269,239,238,228,176,161,131,127,107
1960,MD,044,M,Michael,David,John,Robert,James,William,Mark,Charles,Thomas,Richard,1592,1448,1374,1331,1267,1097,968,790,737,711
1960,WV,045,M,David,James,John,Michael,Robert,Mark,William,Timothy,Charles,Richard,917,857,722,693,686,614,587,496,476,408
1960,VA,046,M,James,David,Michael,Robert,William,John,Mark,Charles,Richard,Thomas,1888,1738,1695,1536,1505,1475,950,848,842,804
1960,NC,047,M,James,David,Michael,William,Robert,John,Charles,Timothy,Mark,Kenneth,2372,1867,1843,1725,1523,1409,1095,1027,943,867
1960,SC,048,M,James,David,John,Michael,William,Robert,Charles,Kenneth,Thomas,Richard,1512,903,898,896,886,878,601,513,469,466
1960,GA,049,M,James,David,Michael,William,Robert,John,Charles,Kenneth,Mark,Richard,2132,1629,1542,1479,1416,1383,1042,861,805,762
1960,DC,050,M,Michael,John,David,James,Robert,William,Mark,Thomas,Richard,Kevin,755,631,611,608,579,465,346,345,320,296
1960,FL,051,M,James,Michael,Robert,David,John,William,Mark,Richard,Charles,Kenneth,2350,2112,2072,2047,1894,1522,1238,1156,1027,878
1970,HI,001,M,Michael,David,John,James,Robert,Jason,William,Mark,Kevin,Christopher,267,217,185,173,170,167,140,136,127,119
1970,AK,002,M,Michael,John,David,James,Robert,Christopher,William,Richard,Thomas,Eric,165,133,131,114,111,82,81,63,61,60
1970,WA,003,M,Michael,David,John,Robert,James,Jason,Christopher,Brian,Jeffrey,Scott,1268,1000,833,829,819,791,644,601,587,557
1970,OR,004,M,Michael,David,Jason,James,Robert,John,Brian,Scott,Christopher,Jeffrey,814,562,545,496,483,443,365,352,340,310
1970,CA,005,M,Michael,David,Robert,John,James,Jason,Christopher,Richard,Eric,Mark,8196,6377,5667,5187,4611,4052,3602,3251,2817,2805
1970,ID,006,M,Michael,David,Robert,Jason,James,John,Scott,Brian,Mark,Steven,264,216,213,170,169,162,135,133,122,119
1970,NV,007,M,Michael,James,David,Robert,John,William,Richard,Brian,Jason,Joseph,199,156,150,150,133,93,92,79,73,72
1970,MT,008,M,Michael,James,Robert,John,David,Jason,Scott,Shawn,William,Richard,228,182,166,157,135,134,130,119,112,110
1970,WY,009,M,Michael,David,James,John,Robert,Jason,Christopher,William,Scott,Brian,136,95,95,92,88,64,62,59,58,53
1970,UT,010,M,David,Michael,Jason,Robert,James,John,Steven,Christopher,Richard,Mark,542,523,448,338,286,268,240,223,220,218
1970,AZ,011,M,Michael,David,Robert,James,John,Richard,Christopher,William,Steven,Jason,755,604,579,467,462,390,341,332,273,270
1970,CO,012,M,Michael,David,Robert,John,James,Christopher,Mark,Brian,Jason,Richard,973,673,655,621,558,480,393,391,383,373
1970,NM,013,M,Michael,Robert,James,David,John,Christopher,Mark,Richard,Daniel,Paul,376,295,293,291,258,167,165,160,145,143
1970,ND,014,M,Michael,Jason,Scott,David,James,John,Chad,Brian,Robert,Steven,260,187,166,155,145,143,135,127,123,114
1970,SD,015,M,Michael,Jason,David,Scott,James,Robert,Chad,John,Mark,Jeffrey,235,167,162,162,144,144,128,122,119,109
1970,NE,016,M,Michael,David,James,Jeffrey,Scott,John,Robert,Mark,Jason,Brian,586,415,406,362,360,359,343,276,274,272
1970,KS,017,M,Michael,David,John,James,Robert,Jeffrey,Jason,Christopher,Brian,Scott,800,556,545,524,482,383,363,360,358,321
1970,OK,018,M,Michael,James,David,John,Robert,Christopher,Steven,William,Brian,Jeffrey,1031,701,689,647,642,491,417,401,362,334
1970,TX,019,M,Michael,James,David,John,Robert,Christopher,William,Richard,Jason,Mark,4317,3516,3400,3292,3029,2172,1795,1590,1548,1531
1970,MN,020,M,Michael,Jason,David,John,Scott,James,Jeffrey,Mark,Robert,Christopher,1568,1143,1134,949,925,882,819,809,808,782
1970,IA,021,M,Michael,David,James,Jeffrey,Scott,John,Brian,Jason,Robert,Mark,1088,779,635,634,621,615,607,595,565,528
1970,MO,022,M,Michael,James,David,John,Robert,Christopher,Jeffrey,William,Mark,Brian,1960,1540,1350,1321,1171,1039,837,823,813,783
1970,AR,023,M,James,Michael,David,John,Robert,William,Kevin,Christopher,Charles,Mark,713,712,507,501,437,358,326,317,311,292
1970,LA,024,M,Michael,James,John,Robert,David,Christopher,Kevin,Charles,William,Joseph,1262,1075,1034,841,812,708,636,580,563,550
1970,WI,025,M,Michael,David,James,Scott,John,Robert,Brian,Mark,Jeffrey,Daniel,1825,1391,1183,1135,1074,1010,1009,904,898,867
1970,MI,026,M,Michael,David,James,Robert,John,Scott,Jeffrey,Christopher,Brian,Mark,4037,3037,2805,2736,2456,1966,1891,1774,1745,1674
1970,IL,027,M,Michael,David,John,Robert,James,Brian,Christopher,William,Mark,Jeffrey,4980,3249,3202,3177,3135,2018,1977,1945,1847,1784
1970,IN,028,M,Michael,James,David,Robert,John,Brian,Christopher,William,Mark,Jeffrey,2316,1789,1750,1611,1526,1177,1109,1050,1034,999
1970,OH,029,M,Michael,David,James,Robert,John,Brian,William,Christopher,Mark,Jeffrey,4914,3817,3748,3447,3314,2378,2313,2301,2050,1973
1970,KY,030,M,James,Michael,David,William,John,Robert,Christopher,Charles,Brian,Timothy,1569,1319,1151,984,955,915,820,615,544,544
1970,TN,031,M,James,Michael,David,John,William,Robert,Christopher,Charles,Mark,Timothy,1823,1598,1184,1182,1098,1075,917,766,616,608
1970,MS,032,M,James,Michael,John,Robert,William,David,Charles,Christopher,Anthony,Timothy,970,861,739,641,572,552,486,460,359,303
1970,AL,033,M,James,Michael,John,William,David,Robert,Christopher,Charles,Timothy,Anthony,1450,1416,1048,890,875,845,827,598,477,442
1970,ME,034,M,Michael,Scott,John,David,James,Christopher,Robert,Jeffrey,Jason,Mark,430,289,277,269,258,251,249,199,176,167
1970,VT,035,M,Michael,John,Christopher,Scott,David,James,Robert,Jeffrey,Mark,Jason,179,156,136,118,116,111,110,102,95,79
1970,NH,036,M,Michael,David,Christopher,John,Robert,Scott,James,Richard,Jeffrey,Jason,302,238,233,202,196,187,171,161,156,144
1970,NY,037,M,Michael,John,David,Robert,James,Christopher,Joseph,William,Richard,Thomas,7957,5569,5112,4964,4582,4004,3668,3196,3027,2998
1970,MA,038,M,Michael,David,John,Robert,James,Christopher,Scott,William,Mark,Joseph,2800,2033,2020,1788,1656,1556,1193,1152,1092,1073
1970,CT,039,M,Michael,David,John,Robert,James,Christopher,Richard,William,Mark,Joseph,1303,1021,920,839,748,729,543,520,492,488
1970,RI,040,M,Michael,David,John,Robert,James,Christopher,Richard,Joseph,William,Brian,480,365,348,342,263,235,198,183,173,165
1970,PA,041,M,Michael,John,Robert,David,James,William,Brian,Joseph,Christopher,Mark,5156,3781,3668,3664,3455,2643,2340,2221,2212,1947
1970,NJ,042,M,Michael,John,Robert,David,James,Joseph,Christopher,William,Thomas,Richard,3048,2260,2232,2010,1818,1480,1452,1406,1190,1151
1970,DE,043,M,Michael,John,Robert,James,David,William,Christopher,Joseph,Mark,Richard,246,223,209,208,204,175,131,115,114,111
1970,MD,044,M,Michael,David,John,James,Robert,William,Christopher,Brian,Charles,Richard,1493,1114,1106,1081,1060,921,665,609,560,542
1970,WV,045,M,Michael,James,David,Robert,John,William,Charles,Brian,Richard,Christopher,716,659,552,550,524,431,329,316,313,298
1970,VA,046,M,Michael,James,Robert,David,William,John,Christopher,Mark,Charles,Brian,1843,1666,1378,1377,1331,1298,1153,735,732,697
1970,NC,047,M,Michael,James,William,David,Robert,John,Christopher,Charles,Jeffrey,Timothy,2043,2020,1518,1457,1450,1332,1290,840,804,777
1970,SC,048,M,James,Michael,John,William,Robert,David,Christopher,Charles,Richard,Kevin,1262,910,811,784,776,662,573,443,389,361
1970,GA,049,M,Michael,James,John,William,David,Robert,Christopher,Charles,Timothy,Richard,2016,2013,1495,1348,1326,1306,1115,851,693,651
1970,DC,050,M,Michael,James,David,John,Robert,Christopher,William,Kevin,Anthony,Eric,601,427,418,388,379,338,302,257,236,225
1970,FL,051,M,Michael,James,Robert,John,David,William,Christopher,Richard,Charles,Joseph,2520,2189,1921,1861,1858,1424,1252,948,884,795
1980,HI,001,M,Michael,Jason,Christopher,David,James,Ryan,Robert,Jonathan,Justin,Brandon,227,203,183,166,139,137,134,131,131,122
1980,AK,002,M,Michael,Christopher,James,John,Joshua,Robert,David,Matthew,Jason,Justin,145,122,107,102,102,99,98,87,82,73
1980,WA,003,M,Michael,Jason,Christopher,Joshua,Matthew,David,Ryan,Justin,James,Daniel,1123,916,878,840,803,776,750,662,611,580
1980,OR,004,M,Michael,Christopher,Joshua,Ryan,Matthew,Jason,David,Justin,James,Daniel,702,637,605,530,520,506,503,426,397,396
1980,CA,005,M,Michael,David,Christopher,Daniel,Jason,Robert,Matthew,Joshua,James,John,6907,5085,4782,4148,4103,3479,3379,3137,3023,3022
1980,ID,006,M,Michael,Joshua,Jason,Christopher,David,Matthew,Justin,Ryan,Jeremy,James,293,279,242,225,215,201,187,184,158,153
1980,NV,007,M,Michael,Christopher,Jason,David,James,Robert,Joshua,Matthew,Ryan,John,266,204,168,162,144,137,134,134,126,122
1980,MT,008,M,Joshua,Michael,Ryan,Jason,Matthew,Christopher,Justin,James,Daniel,David,220,186,161,157,146,143,136,130,128,118
1980,WY,009,M,Michael,Joshua,Christopher,Matthew,Justin,Jason,David,James,Robert,Ryan,174,136,132,119,110,109,108,95,87,84
1980,UT,010,M,Michael,Joshua,David,Matthew,Jason,Christopher,Ryan,Justin,Brandon,Daniel,658,508,457,451,450,419,413,365,351,344
1980,AZ,011,M,Michael,Christopher,David,Jason,Joshua,Robert,Daniel,James,Matthew,Justin,942,611,588,583,537,512,456,444,424,400
1980,CO,012,M,Michael,Christopher,Matthew,Joshua,Jason,David,Ryan,Justin,James,John,907,704,683,611,580,538,510,480,448,446
1980,NM,013,M,Michael,Christopher,Jason,David,Daniel,Joshua,Joseph,Robert,Matthew,James,402,312,266,263,246,230,227,218,217,207
1980,ND,014,M,Joshua,Michael,Justin,Matthew,Ryan,Christopher,Jason,Jeremy,David,Travis,242,222,183,178,174,166,155,130,113,110
1980,SD,015,M,Michael,Justin,Matthew,Joshua,Ryan,Jason,Christopher,John,Eric,Nicholas,213,193,175,169,166,156,155,125,122,114
1980,NE,016,M,Matthew,Michael,Jason,Joshua,Christopher,Justin,Ryan,David,Andrew,Brian,434,426,409,366,359,337,320,292,281,278
1980,KS,017,M,Michael,Jason,Joshua,Christopher,Matthew,Justin,Ryan,James,David,Brian,686,586,569,539,506,467,393,381,361,332
1980,OK,018,M,Michael,Christopher,Joshua,Jason,James,Justin,David,Matthew,John,Jeremy,872,747,695,663,590,547,543,510,485,466
1980,TX,019,M,Michael,Christopher,Jason,David,James,John,Robert,Joshua,Jose,Justin,4249,3846,3180,3019,2843,2713,2475,2298,2206,1989
1980,MN,020,M,Michael,Matthew,Joshua,Ryan,Jason,Christopher,Andrew,Nicholas,Daniel,Joseph,1351,1099,981,887,884,837,783,777,761,719
1980,IA,021,M,Joshua,Michael,Matthew,Jason,Ryan,Justin,Christopher,Adam,Nicholas,Brian,828,758,753,637,633,605,547,531,524,487
1980,MO,022,M,Michael,Jason,Christopher,Matthew,Joshua,James,David,John,Robert,Justin,1481,1208,1174,1040,1026,955,861,797,790,788
1980,AR,023,M,Michael,Jason,Christopher,James,Joshua,John,Jeremy,Justin,David,William,597,568,531,515,504,395,352,345,330,284
1980,LA,024,M,Michael,Christopher,Jason,John,James,Joshua,David,Brandon,Joseph,Robert,1209,1036,967,819,790,731,680,618,604,578
1980,WI,025,M,Michael,Matthew,Jason,Joshua,Ryan,Nicholas,Christopher,David,Andrew,Daniel,1436,1161,1154,1014,937,843,839,805,804,741
1980,MI,026,M,Michael,Jason,Christopher,Matthew,David,James,Robert,Ryan,Joshua,Brian,3023,2392,1873,1868,1796,1538,1416,1375,1357,1308
1980,IL,027,M,Michael,Jason,Christopher,David,Matthew,James,Robert,Daniel,John,Joseph,3757,2358,2182,2078,2041,1913,1718,1694,1691,1684
1980,IN,028,M,Michael,Joshua,Jason,Christopher,Matthew,David,James,Ryan,John,Justin,1642,1447,1332,1175,1170,1051,991,902,814,808
1980,OH,029,M,Michael,Jason,Matthew,Christopher,David,Joshua,James,Brian,Robert,John,3711,2695,2321,2177,2167,2165,2087,1811,1796,1775
1980,KY,030,M,Jason,Michael,James,Joshua,Christopher,David,William,John,Robert,Joseph,1167,1145,1088,914,907,743,732,703,629,568
1980,TN,031,M,Michael,James,Jason,Christopher,Joshua,William,John,David,Robert,Jeremy,1307,1252,1193,1163,1001,843,796,760,735,609
1980,MS,032,M,James,Christopher,Michael,Jason,John,William,Robert,David,Joshua,Joseph,721,695,619,512,499,489,481,431,397,345
1980,AL,033,M,Christopher,Michael,James,Jason,Joshua,William,John,David,Jeremy,Robert,951,932,923,822,707,691,671,617,583,575
1980,ME,034,M,Christopher,Jason,Michael,Joshua,Matthew,Ryan,David,Nicholas,James,John,276,269,266,259,255,187,186,159,156,155
1980,VT,035,M,Michael,Matthew,Christopher,Jason,Joshua,David,James,Daniel,Justin,Adam,133,132,127,116,109,90,85,81,76,74
1980,NH,036,M,Michael,Matthew,Christopher,Jason,Joshua,Daniel,David,James,Ryan,Brian,269,258,234,215,177,150,148,146,141,132
1980,NY,037,M,Michael,Christopher,Jason,David,Joseph,John,Robert,Matthew,Daniel,James,5801,3265,3134,2941,2709,2567,2446,2380,2294,2278
1980,MA,038,M,Michael,Matthew,Christopher,Jason,David,John,Daniel,James,Robert,Brian,2020,1238,1221,1134,1038,952,878,832,799,786
1980,CT,039,M,Michael,Christopher,Jason,David,Matthew,John,Daniel,Robert,Joseph,Brian,1035,707,581,558,509,474,438,420,410,400
1980,RI,040,M,Michael,Jason,David,Matthew,Christopher,John,Joseph,Robert,Brian,Daniel,344,227,207,189,182,174,169,155,144,142
1980,PA,041,M,Michael,Jason,Matthew,David,Christopher,John,Robert,James,Brian,Joseph,4036,2509,2411,2180,2126,2057,1878,1834,1748,1700
1980,NJ,042,M,Michael,Christopher,David,Robert,John,Jason,Joseph,Brian,James,Daniel,2500,1346,1193,1193,1180,1133,1123,989,979,978
1980,DE,043,M,Michael,Jason,John,James,Robert,Christopher,William,Matthew,David,Brian,231,145,142,138,128,127,121,112,107,96
1980,MD,044,M,Michael,Christopher,Jason,James,David,John,Robert,Matthew,Brian,William,1160,774,772,706,705,682,624,547,481,470
1980,WV,045,M,Jason,Joshua,Michael,Christopher,James,David,Matthew,John,Jeremy,Robert,615,542,531,488,482,391,376,364,328,322
1980,VA,046,M,Michael,Christopher,Jason,James,David,Robert,John,William,Matthew,Joshua,1433,1290,1091,1030,983,841,827,807,792,670
1980,NC,047,M,Christopher,Michael,James,Jason,David,William,Joshua,Robert,John,Jonathan,1380,1335,1275,1244,1066,1000,878,828,826,713
1980,SC,048,M,James,Michael,Christopher,Jason,William,Robert,David,John,Travis,Joshua,770,746,719,632,596,507,483,481,450,430
1980,GA,049,M,James,Michael,Christopher,Jason,John,William,Joshua,Robert,David,Matthew,1446,1436,1388,1111,1048,998,925,908,896,711
1980,DC,050,M,Michael,David,James,Christopher,Robert,John,Jason,William,Matthew,Kevin,368,250,237,199,191,185,180,173,161,155
1980,FL,051,M,Michael,Christopher,James,Jason,David,Robert,John,Joseph,William,Joshua,2486,1996,1729,1658,1539,1525,1403,1132,1058,1050
1990,HI,001,M,Joshua,Michael,Christopher,Justin,Matthew,Jordan,Ryan,Brandon,James,Daniel,212,205,181,169,143,135,125,120,120,117
1990,AK,002,M,Michael,Christopher,Joshua,Matthew,David,Andrew,James,Jacob,Daniel,Ryan,197,152,114,100,99,95,95,87,85,83
1990,WA,003,M,Michael,Christopher,Joshua,Matthew,Kyle,Andrew,Jacob,Ryan,David,Tyler,1063,886,814,752,724,702,671,642,634,616
1990,OR,004,M,Michael,Joshua,Christopher,Jacob,Matthew,Andrew,Tyler,David,Ryan,Daniel,580,501,473,426,425,413,383,356,354,352
1990,CA,005,M,Michael,Christopher,Daniel,David,Jose,Matthew,Andrew,Joshua,Jonathan,Anthony,8245,6619,5767,5347,4913,4884,4546,4302,4116,4022
1990,ID,006,M,Michael,Jacob,Christopher,Joshua,Matthew,Tyler,Justin,Cody,Ryan,Nicholas,204,178,170,166,163,148,138,131,129,123
1990,NV,007,M,Michael,Christopher,Joshua,Anthony,David,Matthew,Ryan,Joseph,James,Kyle,341,252,227,174,174,172,172,164,157,146
1990,MT,008,M,Michael,Joshua,Matthew,Christopher,Tyler,Jacob,Justin,Joseph,Andrew,Ryan,163,124,120,115,109,104,93,85,81,81
1990,WY,009,M,Michael,Christopher,Joshua,Tyler,Jacob,Ryan,Matthew,Andrew,John,Justin,83,69,67,65,64,64,60,50,49,49
1990,UT,010,M,Michael,Joshua,Tyler,Matthew,Jordan,Christopher,David,Jacob,Andrew,Zachary,455,416,338,330,314,310,279,275,263,253
1990,AZ,011,M,Michael,Christopher,Joshua,Daniel,Matthew,David,Andrew,Ryan,Anthony,Joseph,1011,765,657,635,604,562,517,463,439,423
1990,CO,012,M,Michael,Christopher,Joshua,Matthew,Andrew,Ryan,Nicholas,David,Kyle,Tyler,816,644,611,569,517,457,447,415,401,388
1990,NM,013,M,Michael,Joshua,Christopher,Matthew,Daniel,David,Andrew,Justin,Joseph,James,352,297,285,273,222,207,198,197,181,167
1990,ND,014,M,Matthew,Michael,Tyler,Andrew,Ryan,Christopher,Joshua,Jacob,Cody,Jordan,132,123,123,112,105,103,102,98,96,92
1990,SD,015,M,Tyler,Michael,Joshua,Matthew,Jordan,Andrew,Jacob,Christopher,Ryan,Kyle,147,141,131,127,126,104,102,91,89,80
1990,NE,016,M,Michael,Andrew,Matthew,Tyler,Joshua,Jacob,Christopher,Ryan,Nicholas,Jordan,349,282,277,276,261,247,237,234,214,199
1990,KS,017,M,Michael,Joshua,Christopher,Matthew,Andrew,Jacob,Tyler,Ryan,Kyle,Brandon,486,470,433,383,340,340,321,300,282,272
1990,OK,018,M,Joshua,Christopher,Michael,Matthew,Justin,Tyler,Cody,Ryan,James,Robert,599,581,575,521,415,414,389,354,347,321
1990,TX,019,M,Michael,Christopher,Joshua,Matthew,David,Jose,Justin,Daniel,John,James,4055,3906,3246,2665,2625,2450,2394,2332,2289,2207
1990,MN,020,M,Michael,Andrew,Matthew,Nicholas,Jacob,Joshua,Daniel,Tyler,Joseph,Christopher,1075,943,940,768,738,737,662,642,640,634
1990,IA,021,M,Michael,Jacob,Matthew,Tyler,Andrew,Joshua,Ryan,Nicholas,Christopher,Kyle,525,524,505,483,453,404,398,392,377,355
1990,MO,022,M,Michael,Christopher,Joshua,Matthew,Andrew,Jacob,Ryan,James,Justin,Nicholas,1150,988,980,946,775,744,739,690,688,644
1990,AR,023,M,Christopher,Michael,Joshua,Justin,James,Matthew,William,Cody,Zachary,Jacob,505,424,417,386,374,312,291,289,280,255
1990,LA,024,M,Joshua,Christopher,Michael,Justin,Brandon,James,Matthew,John,Joseph,David,945,865,784,600,549,540,537,505,431,417
1990,WI,025,M,Michael,Matthew,Andrew,Jacob,Joshua,Kyle,Ryan,Nicholas,Christopher,Tyler,1149,936,901,847,784,716,702,669,651,638
1990,MI,026,M,Michael,Joshua,Matthew,Christopher,Andrew,Ryan,Nicholas,Kyle,David,Justin,2590,1914,1725,1703,1476,1423,1305,1295,1270,1216
1990,IL,027,M,Michael,Matthew,Christopher,Daniel,David,Joshua,Nicholas,Joseph,Ryan,Andrew,3439,2235,2052,1882,1548,1534,1526,1516,1505,1477
1990,IN,028,M,Michael,Joshua,Matthew,Christopher,Andrew,Justin,Jacob,James,Kyle,Nicholas,1232,1202,1030,1022,857,786,758,748,746,697
1990,OH,029,M,Michael,Matthew,Joshua,Christopher,Andrew,Ryan,James,David,Nicholas,Robert,2935,2197,2117,2081,1684,1577,1462,1424,1406,1381
1990,KY,030,M,Joshua,Christopher,James,Michael,Matthew,Justin,William,John,Joseph,Robert,891,791,779,727,651,624,573,483,437,435
1990,TN,031,M,Joshua,Christopher,James,Michael,Matthew,William,Justin,John,Brandon,Robert,1205,1179,1014,998,925,888,829,652,633,631
1990,MS,032,M,Christopher,James,Joshua,Michael,Justin,William,John,Robert,Jonathan,Matthew,590,508,488,464,433,433,315,308,280,276
1990,AL,033,M,Christopher,Joshua,Justin,Michael,James,William,Matthew,John,Robert,Brandon,939,843,763,742,729,698,607,582,478,446
1990,ME,034,M,Joshua,Michael,Matthew,Christopher,Nicholas,Ryan,Andrew,Benjamin,Justin,Tyler,292,266,251,231,201,168,163,155,150,142
1990,VT,035,M,Michael,Christopher,Joshua,Matthew,Ryan,Tyler,Justin,Kyle,Nicholas,Andrew,115,114,113,102,90,86,85,84,83,78
1990,NH,036,M,Michael,Christopher,Matthew,Joshua,Nicholas,Ryan,Andrew,Daniel,Tyler,Joseph,311,300,295,238,231,216,187,167,167,154
1990,NY,037,M,Michael,Christopher,Matthew,Joseph,Daniel,Anthony,David,John,Andrew,Jonathan,6162,4051,3530,3062,3002,2655,2547,2468,2423,2312
1990,MA,038,M,Michael,Matthew,Christopher,Daniel,Nicholas,Andrew,Joseph,John,Ryan,David,2142,1550,1545,1106,1036,1002,976,931,926,904
1990,CT,039,M,Michael,Christopher,Matthew,Daniel,Ryan,Nicholas,Joseph,David,Andrew,John,1127,761,739,565,518,510,491,480,478,471
1990,RI,040,M,Michael,Christopher,Matthew,Nicholas,Joshua,Joseph,David,Daniel,Andrew,Robert,358,232,229,198,184,165,159,158,156,155
1990,PA,041,M,Michael,Matthew,Christopher,Joshua,Andrew,Ryan,Joseph,John,Daniel,David,3449,2621,2092,1861,1740,1694,1685,1629,1625,1617
1990,NJ,042,M,Michael,Christopher,Matthew,Daniel,Joseph,John,Anthony,David,Robert,Andrew,2876,1804,1655,1390,1333,1200,1112,1096,1087,1011
1990,DE,043,M,Michael,Christopher,Matthew,Robert,Andrew,John,Joshua,David,Daniel,James,229,182,158,144,140,138,135,130,127,114
1990,MD,044,M,Michael,Christopher,Matthew,Joshua,David,James,John,Andrew,Joseph,William,1337,1081,886,769,708,699,651,640,629,628
1990,WV,045,M,Joshua,Christopher,Michael,Justin,Matthew,James,Zachary,David,Joseph,Brandon,406,355,352,336,279,259,238,219,200,199
1990,VA,046,M,Christopher,Michael,Joshua,Matthew,James,William,Robert,John,Andrew,David,1501,1478,1243,1096,1016,842,837,813,805,780
1990,NC,047,M,Christopher,Joshua,Michael,Matthew,William,James,Justin,Brandon,John,David,1699,1599,1439,1205,1123,1097,1096,883,847,838
1990,SC,048,M,Christopher,Michael,James,Joshua,William,Justin,Matthew,Brandon,Robert,John,842,721,718,698,616,565,548,484,476,463
1990,GA,049,M,Christopher,Joshua,Michael,James,William,Justin,Matthew,John,Brandon,David,1719,1521,1460,1225,1156,1093,1072,888,858,819
1990,DC,050,M,Michael,Christopher,James,David,William,Matthew,Daniel,Andrew,John,Kevin,303,254,178,163,154,151,145,143,139,139
1990,FL,051,M,Michael,Christopher,Joshua,Matthew,James,David,Daniel,Robert,Justin,John,3493,2931,2207,1927,1641,1622,1614,1581,1419,1397
2000,HI,001,M,Joshua,Noah,Jacob,Justin,Matthew,Michael,Dylan,Christian,Brandon,Isaiah,131,115,102,93,87,84,78,76,73,70
2000,AK,002,M,Michael,Jacob,William,Joshua,James,Andrew,Brandon,Matthew,Zachary,Daniel,74,68,65,58,57,54,53,53,52,50
2000,WA,003,M,Jacob,Michael,Joshua,Alexander,Tyler,Andrew,Matthew,Daniel,Ryan,Zachary,653,510,506,493,482,476,440,435,417,397
2000,OR,004,M,Jacob,Joshua,Michael,Daniel,Tyler,Andrew,Matthew,Nicholas,Austin,Ryan,446,298,292,285,285,284,244,243,236,230
2000,CA,005,M,Daniel,Anthony,Jose,Andrew,Michael,Jacob,Joshua,Christopher,David,Matthew,4342,3839,3804,3600,3572,3520,3356,3337,3280,3254
2000,ID,006,M,Jacob,Joshua,Joseph,Michael,Ethan,Tyler,Matthew,Andrew,Hunter,Austin,163,114,110,110,105,103,102,101,101,99
2000,NV,007,M,Jacob,Anthony,Joshua,Brandon,Daniel,Michael,Christopher,Tyler,Jose,Ryan,234,223,201,194,191,190,185,181,166,155
2000,MT,008,M,Jacob,Tyler,Zachary,Michael,Dylan,Logan,Joseph,Daniel,Austin,Andrew,99,76,64,63,62,61,57,54,53,52
2000,WY,009,M,Jacob,Ethan,Michael,Matthew,Hunter,Tyler,Zachary,Austin,Joshua,Nicholas,49,36,36,33,32,32,32,30,30,30
2000,UT,010,M,Jacob,Joshua,Ethan,Tyler,Zachary,Matthew,Michael,Andrew,Nathan,Hunter,440,346,333,277,277,251,251,247,238,234
2000,AZ,011,M,Jacob,Michael,Daniel,Jose,Anthony,Joshua,Jesus,Matthew,David,Andrew,682,621,571,542,495,492,479,477,469,442
2000,CO,012,M,Jacob,Michael,Joshua,Matthew,Ryan,Nicholas,Tyler,Andrew,Joseph,Benjamin,519,443,425,372,369,361,357,350,345,330
2000,NM,013,M,Jacob,Joshua,Isaiah,Michael,Matthew,Daniel,Anthony,Christopher,Joseph,Brandon,217,185,184,184,158,149,143,142,142,138
2000,ND,014,M,Jacob,Hunter,Ethan,Matthew,Austin,Tyler,Andrew,Dylan,Zachary,Logan,114,73,71,66,61,61,58,58,58,51
2000,SD,015,M,Jacob,Dylan,Austin,Ethan,Nicholas,Tyler,Hunter,Zachary,Benjamin,Matthew,121,77,71,69,65,65,61,60,57,53
2000,NE,016,M,Jacob,Tyler,Joshua,Zachary,Andrew,Nicholas,Matthew,Joseph,Michael,Ryan,270,178,163,161,158,155,142,140,138,133
2000,KS,017,M,Jacob,Michael,Tyler,Joshua,Zachary,Andrew,Ethan,Matthew,Austin,Joseph,405,250,239,238,238,236,217,214,211,196
2000,OK,018,M,Jacob,Tyler,Joshua,Matthew,Michael,Christopher,Austin,Zachary,William,Ethan,467,357,348,329,324,278,267,265,260,247
2000,TX,019,M,Jose,Jacob,Joshua,Michael,Christopher,Daniel,Matthew,David,Juan,Jonathan,3097,2826,2454,2437,2268,2121,2092,2007,2004,1864
2000,MN,020,M,Jacob,Nicholas,Matthew,Andrew,Samuel,Benjamin,Tyler,Zachary,Michael,Joseph,752,536,510,501,491,476,452,451,449,438
2000,IA,021,M,Jacob,Tyler,Austin,Zachary,Nicholas,Andrew,Hunter,Matthew,Dylan,Benjamin,484,282,273,257,252,248,241,239,225,220
2000,MO,022,M,Jacob,Tyler,Michael,Matthew,Joshua,Nicholas,Austin,Andrew,Zachary,Joseph,902,581,579,546,518,517,514,502,489,473
2000,AR,023,M,Jacob,William,Michael,Joshua,Christopher,Hunter,Brandon,Austin,James,Tyler,378,266,249,239,228,219,213,211,205,202
2000,LA,024,M,Joshua,Jacob,Christopher,Michael,Tyler,Nicholas,Matthew,Cameron,John,Austin,473,438,430,426,399,366,351,334,325,323
2000,WI,025,M,Jacob,Nicholas,Tyler,Michael,Joshua,Andrew,Matthew,Ryan,Benjamin,Samuel,735,510,497,462,446,445,445,441,436,427
2000,MI,026,M,Jacob,Joshua,Michael,Nicholas,Andrew,Tyler,Matthew,Zachary,Joseph,Ryan,1570,1016,996,970,940,910,892,850,802,745
2000,IL,027,M,Jacob,Michael,Matthew,Daniel,Nicholas,Joseph,Joshua,Anthony,Andrew,Ryan,1593,1543,1392,1261,1189,1142,1101,1004,973,946
2000,IN,028,M,Jacob,Austin,Andrew,Michael,Zachary,Joshua,Matthew,Tyler,Nicholas,Ethan,1061,639,638,611,589,586,586,562,558,494
2000,OH,029,M,Jacob,Michael,Nicholas,Tyler,Andrew,Matthew,Joshua,Zachary,Joseph,Austin,1885,1371,1220,1208,1197,1157,1086,1063,1024,978
2000,KY,030,M,Jacob,William,Austin,James,Michael,Matthew,Zachary,Joshua,Christopher,Tyler,806,509,500,475,468,436,428,422,396,383
2000,TN,031,M,Jacob,William,James,Joshua,Michael,Christopher,Matthew,Austin,Tyler,John,950,868,669,665,637,620,582,556,537,531
2000,MS,032,M,William,James,Christopher,Michael,Jacob,John,Joshua,Tyler,Joseph,Austin,391,326,316,270,269,267,256,217,214,208
2000,AL,033,M,William,Jacob,Joshua,Christopher,Michael,James,John,Matthew,Austin,Tyler,655,613,503,452,452,443,425,416,411,391
2000,ME,034,M,Jacob,Nicholas,Joshua,Tyler,Matthew,Andrew,Zachary,Hunter,Benjamin,Michael,166,130,114,111,108,107,107,101,96,96
2000,VT,035,M,Jacob,Matthew,Ryan,Michael,Tyler,Noah,Benjamin,Nicholas,Zachary,William,79,61,59,52,51,49,47,47,44,43
2000,NH,036,M,Jacob,Matthew,Ryan,Nicholas,Michael,Zachary,Tyler,Benjamin,Joshua,Dylan,197,163,146,132,127,125,118,114,113,108
2000,NY,037,M,Michael,Matthew,Nicholas,Christopher,Joseph,Anthony,Daniel,Justin,John,Joshua,2890,2486,2124,2076,2073,1849,1784,1732,1644,1639
2000,MA,038,M,Matthew,Michael,John,Nicholas,Ryan,Joseph,Christopher,Jacob,Andrew,Benjamin,1038,1018,814,798,705,665,647,645,644,588
2000,CT,039,M,Michael,Matthew,Nicholas,Christopher,Ryan,Jacob,John,Joshua,Joseph,William,553,461,440,384,369,326,325,322,321,308
2000,RI,040,M,Matthew,Michael,Nicholas,Jacob,Ryan,Zachary,Tyler,Andrew,Christopher,John,150,147,141,119,106,106,104,103,99,96
2000,PA,041,M,Michael,Jacob,Matthew,Nicholas,Ryan,Tyler,Joshua,Joseph,John,Zachary,1491,1378,1374,1285,1162,1108,1080,1044,1018,962
2000,NJ,042,M,Michael,Matthew,Nicholas,Christopher,Joseph,Anthony,Ryan,John,Daniel,Justin,1437,1255,1059,1013,988,911,901,863,822,774
2000,DE,043,M,Michael,Matthew,Jacob,Joshua,Nicholas,Christopher,William,John,Ryan,Joseph,139,105,99,95,94,87,86,85,80,79
2000,MD,044,M,Michael,Joshua,Jacob,Matthew,Ryan,Nicholas,Andrew,Christopher,William,John,618,554,541,531,525,479,474,431,431,425
2000,WV,045,M,Jacob,Austin,Michael,Tyler,Joshua,Matthew,Zachary,Hunter,Andrew,Brandon,313,213,190,190,176,164,164,160,151,147
2000,VA,046,M,Jacob,William,Michael,Matthew,Christopher,Joshua,John,Nicholas,Andrew,James,869,785,777,739,736,727,637,620,616,589
2000,NC,047,M,William,Jacob,Joshua,Christopher,Michael,Matthew,James,Tyler,John,Nicholas,1043,1039,1011,888,863,860,728,653,652,646
2000,SC,048,M,William,Christopher,Jacob,Joshua,James,Michael,John,Matthew,Andrew,Brandon,552,441,428,400,399,380,346,344,308,278
2000,GA,049,M,William,Christopher,Jacob,Michael,Joshua,John,Matthew,James,Brandon,Andrew,1107,1002,990,924,904,805,799,776,714,651
2000,DC,050,M,John,Christopher,William,Michael,Anthony,David,Joshua,James,Alexander,Andrew,113,106,105,104,88,86,82,81,75,74
2000,FL,051,M,Michael,Joshua,Christopher,Matthew,Jacob,Nicholas,Daniel,Brandon,Tyler,Anthony,1829,1590,1462,1354,1338,1275,1252,1129,1118,1110
2010,HI,001,M,Noah,Jacob,Elijah,Joshua,Ethan,Aiden,Logan,Caleb,Dylan,Gabriel,88,73,63,57,56,53,52,51,51,50
2010,AK,002,M,William,James,Michael,Logan,Jacob,Ethan,Alexander,Joshua,Elijah,Liam,57,51,51,50,46,43,42,41,40,40
2010,WA,003,M,Jacob,Alexander,Daniel,Ethan,William,Logan,Benjamin,Noah,Liam,Elijah,415,390,373,373,368,363,353,349,345,338
2010,OR,004,M,Jacob,Logan,Benjamin,Noah,Mason,Samuel,Ethan,Alexander,William,Elijah,240,200,196,193,192,187,183,179,178,170
2010,CA,005,M,Jacob,Daniel,Anthony,Alexander,Angel,Ethan,Jayden,David,Andrew,Nathan,3355,3137,2860,2601,2536,2465,2443,2422,2382,2274
2010,ID,006,M,Samuel,William,Logan,Ethan,Jacob,Aiden,Mason,Alexander,James,Noah,114,114,110,101,97,91,83,81,81,77
2010,NV,007,M,Jacob,Anthony,Jayden,Daniel,Alexander,David,Logan,Angel,Andrew,Michael,198,188,188,161,155,145,145,142,141,141
2010,MT,008,M,Wyatt,Samuel,Jacob,Ethan,Logan,Mason,Noah,James,William,Benjamin,60,56,53,52,50,49,47,46,46,44
2010,WY,009,M,James,Logan,Wyatt,Gabriel,Samuel,Ethan,Mason,Noah,Austin,Carter,36,35,35,29,29,25,25,25,24,24
2010,UT,010,M,William,Mason,Jacob,Ethan,James,Samuel,Isaac,Logan,Jack,Benjamin,264,243,236,235,231,227,216,200,195,190
2010,AZ,011,M,Jacob,Anthony,Daniel,Alexander,Angel,Michael,Jayden,Gabriel,Ethan,Noah,544,437,437,407,397,385,352,351,350,340
2010,CO,012,M,Jacob,Alexander,Noah,Daniel,William,Liam,Elijah,Logan,Gabriel,Samuel,338,308,283,265,265,251,245,242,241,241
2010,NM,013,M,Elijah,Jacob,Aiden,Michael,Noah,Joshua,Gabriel,Anthony,Daniel,Jayden,143,134,129,125,124,119,116,112,111,103
2010,ND,014,M,Mason,Jacob,Logan,Noah,Aiden,Ethan,Liam,Carter,Bentley,Brayden,64,59,56,51,50,47,46,42,41,41
2010,SD,015,M,Jacob,Mason,Noah,Carter,Landon,Aiden,Benjamin,Gavin,Owen,Ethan,68,67,63,51,51,47,46,46,46,45
2010,NE,016,M,Jacob,Mason,Noah,William,Carter,Jackson,Owen,Alexander,Elijah,Ethan,130,125,110,109,105,105,105,102,100,98
2010,KS,017,M,Jacob,William,Alexander,Elijah,Ethan,Gabriel,Mason,Noah,Landon,Jackson,206,193,179,177,176,170,166,157,156,152
2010,OK,018,M,Jacob,Aiden,Ethan,Elijah,Noah,William,Mason,James,Logan,Michael,233,223,214,210,205,204,200,190,189,188
2010,TX,019,M,Jacob,Jose,Jayden,Angel,Daniel,David,Christopher,Ethan,Anthony,Joshua,2274,1926,1819,1750,1694,1690,1682,1668,1600,1549
2010,MN,020,M,Mason,Ethan,William,Owen,Logan,Jack,Jacob,Samuel,Jackson,Carter,406,345,334,322,317,299,298,297,283,273
2010,IA,021,M,Mason,Noah,Ethan,Aiden,Jacob,Landon,William,Carter,Jackson,Logan,183,183,179,170,165,162,161,157,157,156
2010,MO,022,M,Jacob,Mason,William,Logan,Jackson,Elijah,Noah,Michael,James,Ethan,421,383,365,360,352,318,317,315,310,308
2010,AR,023,M,William,Jacob,James,Elijah,Ethan,Michael,Jayden,Mason,Landon,Aiden,195,161,151,149,148,147,146,146,144,140
2010,LA,024,M,Jayden,Ethan,Mason,Michael,Noah,Aiden,Joshua,Landon,Jacob,Brayden,313,265,264,241,239,227,227,227,221,217
2010,WI,025,M,Mason,Ethan,Jacob,Logan,Noah,Jackson,Owen,Carter,William,Alexander,448,342,319,309,285,283,275,273,273,272
2010,MI,026,M,Jacob,Ethan,Noah,Michael,Logan,Aiden,Alexander,Mason,Andrew,William,677,581,545,508,497,495,462,452,446,424
2010,IL,027,M,Alexander,Jacob,Michael,Daniel,Anthony,Ethan,Jayden,William,Joshua,Noah,914,913,745,736,721,721,687,675,649,608
2010,IN,028,M,Elijah,Jacob,Ethan,Noah,Mason,Aiden,Andrew,Logan,Landon,William,449,440,421,416,413,375,348,333,331,331
2010,OH,029,M,Jacob,Mason,Logan,Noah,Ethan,Aiden,William,Michael,Carter,Landon,757,717,700,672,651,643,618,604,564,564
2010,KY,030,M,William,Jacob,Brayden,Noah,James,Mason,Jackson,Landon,Ethan,Aiden,376,343,306,296,293,289,281,281,263,259
2010,TN,031,M,William,Jacob,Elijah,James,Noah,Ethan,Jackson,Aiden,Joshua,Christopher,569,504,458,415,385,377,356,346,342,339
2010,MS,032,M,William,James,Jayden,John,Elijah,Jacob,Christopher,Aiden,Michael,Joshua,218,201,200,189,160,160,155,153,151,150
2010,AL,033,M,William,James,John,Jacob,Jayden,Jackson,Noah,Elijah,Christopher,Ethan,496,336,305,293,285,273,269,261,242,239
2010,ME,034,M,Owen,Aiden,Liam,Noah,Logan,Mason,Wyatt,Jacob,Ethan,Hunter,85,80,78,78,74,74,74,73,65,65
2010,VT,035,M,Logan,Wyatt,William,Connor,Liam,Mason,Carter,Jackson,Noah,Owen,43,38,36,35,34,32,29,29,29,29
2010,NH,036,M,Logan,Mason,Owen,Jacob,Liam,Benjamin,William,Ethan,Tyler,Michael,99,95,91,89,88,75,72,69,69,68
2010,NY,037,M,Michael,Jayden,Jacob,Ethan,Joseph,Daniel,Anthony,Matthew,Ryan,Alexander,1517,1428,1409,1341,1305,1299,1274,1251,1225,1142
2010,MA,038,M,Ryan,Benjamin,William,Jacob,Michael,Matthew,James,Alexander,Anthony,Andrew,449,442,435,429,409,395,360,348,348,346
2010,CT,039,M,Michael,Alexander,Jacob,Matthew,Ryan,Jayden,William,Noah,Christopher,Ethan,252,227,222,205,202,201,196,186,178,174
2010,RI,040,M,Logan,Michael,Alexander,Jayden,Jacob,Benjamin,Mason,Daniel,Joseph,Aiden,84,80,74,73,72,61,60,57,57,56
2010,PA,041,M,Michael,Jacob,Mason,Logan,Ryan,Ethan,Aiden,Anthony,Joseph,Noah,828,822,754,712,672,666,651,641,633,631
2010,NJ,042,M,Michael,Ryan,Jayden,Anthony,Joseph,Daniel,Matthew,Jacob,Christopher,Nicholas,707,625,613,608,600,594,586,553,529,508
2010,DE,043,M,Michael,William,Alexander,James,Anthony,Joshua,Mason,Gavin,Jacob,Ryan,68,62,58,57,56,54,54,52,52,51
2010,MD,044,M,Jacob,Joshua,Michael,Noah,Ethan,Mason,Ryan,Daniel,Alexander,Jayden,388,364,361,334,312,307,307,305,298,296
2010,WV,045,M,Jacob,Mason,Noah,Logan,Landon,Brayden,Aiden,James,Hunter,Ethan,169,132,116,110,109,108,107,107,103,101
2010,VA,046,M,William,Jacob,Michael,Alexander,Ethan,James,Noah,Joshua,Christopher,Aiden,621,547,504,453,442,439,437,436,429,424
2010,NC,047,M,William,Jacob,Elijah,Noah,Jayden,Joshua,Ethan,James,Jackson,Alexander,821,703,576,563,550,534,530,519,516,514
2010,SC,048,M,William,James,Jacob,Jayden,Michael,Christopher,Joshua,Elijah,Noah,John,398,301,279,265,253,252,242,236,230,227
2010,GA,049,M,William,Jacob,Jayden,Joshua,Elijah,Christopher,James,Ethan,Michael,Jackson,796,662,630,616,589,579,573,570,567,543
2010,DC,050,M,William,Alexander,Henry,John,Christopher,James,Anthony,Michael,Joshua,Benjamin,71,67,62,58,56,56,52,50,48,47
2010,FL,051,M,Jayden,Jacob,Michael,Anthony,Alexander,Ethan,Joshua,Daniel,Matthew,Gabriel,1294,1210,1106,1072,1021,998,971,955,908,894
2019,HI,001,M,Noah,Liam,Mason,Elijah,Ezekiel,Lucas,Ethan,Kai,Logan,Luke,77,74,60,55,49,47,46,43,40,39
2019,AK,002,M,Liam,Oliver,Henry,James,Noah,William,Logan,Gabriel,Jackson,Samuel,52,46,41,40,38,34,32,31,31,30
2019,WA,003,M,Liam,Oliver,Noah,Benjamin,Henry,William,Elijah,Ethan,James,Theodore,398,394,342,326,312,309,283,280,270,267
2019,OR,004,M,Oliver,Liam,Henry,Benjamin,Noah,William,Mason,Lucas,Samuel,Logan,241,202,200,176,163,151,140,138,135,132
2019,CA,005,M,Noah,Liam,Mateo,Sebastian,Ethan,Julian,Alexander,Benjamin,Daniel,Lucas,2668,2387,2209,2143,2090,1850,1825,1742,1739,1708
2019,ID,006,M,Oliver,Liam,Henry,William,Benjamin,Noah,Owen,James,Jack,Lincoln,140,119,96,96,83,83,80,78,75,74
2019,NV,007,M,Liam,Noah,Oliver,Sebastian,Alexander,Julian,Mason,Mateo,Elijah,Benjamin,209,174,148,142,134,131,126,121,118,115
2019,MT,008,M,Oliver,Henry,James,William,Owen,Liam,Benjamin,Jack,Jackson,Carter,61,45,45,45,41,39,37,36,36,32
2019,WY,009,M,Liam,Oliver,Henry,Asher,William,Theodore,Ryker,Carter,Elijah,James,31,28,25,24,23,22,21,20,20,20
2019,UT,010,M,Oliver,Liam,William,Henry,Jack,James,Owen,Lincoln,Benjamin,Noah,281,264,253,228,193,192,186,185,168,164
2019,AZ,011,M,Liam,Noah,Sebastian,Elijah,Mateo,Oliver,Benjamin,Daniel,Alexander,Julian,442,416,329,307,306,303,278,271,269,256
2019,CO,012,M,Liam,Oliver,Noah,William,Henry,Jack,Benjamin,Elijah,James,Jackson,329,285,275,242,233,228,219,214,214,212
2019,NM,013,M,Liam,Noah,Mateo,Elijah,Ezekiel,Sebastian,Logan,Ezra,Daniel,Oliver,133,127,102,89,81,77,71,70,69,63
2019,ND,014,M,Liam,Owen,Oliver,Henry,William,Jack,Carter,James,Wyatt,Easton,62,60,58,47,47,45,44,44,44,42
2019,SD,015,M,Liam,Oliver,Wyatt,Asher,Lincoln,Hudson,Logan,Elijah,Owen,Jack,63,56,48,44,42,41,40,38,38,37
2019,NE,016,M,Oliver,Liam,Henry,William,Benjamin,Noah,Wyatt,Jack,Leo,Carter,125,118,117,104,95,87,84,83,81,79
2019,KS,017,M,Liam,Oliver,Henry,Noah,James,Jackson,William,Theodore,Elijah,Benjamin,204,167,166,139,137,135,134,125,117,116
2019,OK,018,M,Liam,Noah,Oliver,Elijah,William,Wyatt,Jaxon,Lincoln,Jackson,Mason,236,193,185,161,159,159,154,149,137,135
2019,TX,019,M,Liam,Noah,Mateo,Elijah,Sebastian,Daniel,Santiago,Julian,Ethan,Jacob,2219,2072,1733,1601,1566,1325,1252,1215,1206,1177
2019,MN,020,M,Henry,Oliver,William,Theodore,Liam,Jack,Owen,Noah,James,Leo,378,310,301,287,286,278,268,252,224,222
2019,IA,021,M,Oliver,Liam,Henry,William,Lincoln,Noah,Owen,Jack,Jackson,Theodore,232,188,178,156,140,140,133,125,123,121
2019,MO,022,M,Liam,Oliver,William,Henry,Elijah,Noah,James,Owen,Benjamin,Mason,380,374,331,313,306,285,254,248,247,238
2019,AR,023,M,William,Noah,Elijah,Liam,Oliver,James,Mason,Wyatt,Asher,Henry,157,156,151,144,131,130,112,110,108,100
2019,LA,024,M,Noah,Elijah,Liam,James,William,John,Mason,Luke,Levi,Michael,287,282,282,208,188,184,181,174,163,156
2019,WI,025,M,Oliver,Liam,Henry,Owen,Noah,William,James,Jackson,Theodore,Jack,346,311,277,276,257,245,244,231,217,210
2019,MI,026,M,Noah,Liam,Oliver,Elijah,Henry,Lucas,Jack,Benjamin,James,William,519,517,459,430,419,418,382,373,373,355
2019,IL,027,M,Noah,Liam,Benjamin,Oliver,Alexander,Mateo,William,Henry,James,Jack,769,635,629,571,508,494,491,469,453,444
2019,IN,028,M,Liam,Oliver,Noah,Elijah,Benjamin,Lincoln,James,William,Henry,Mason,418,391,349,331,294,282,267,267,259,255
2019,OH,029,M,Liam,Oliver,Noah,William,James,Owen,Lincoln,Elijah,Benjamin,Jackson,636,571,547,532,495,486,477,473,456,454
2019,KY,030,M,Liam,William,Elijah,Noah,James,Lincoln,Grayson,Oliver,John,Benjamin,276,257,248,237,236,196,193,190,179,176
2019,TN,031,M,William,Liam,Noah,Elijah,James,Mason,Oliver,John,Wyatt,Jackson,469,451,401,382,375,311,310,289,278,262
2019,MS,032,M,William,Noah,James,Elijah,John,Liam,Mason,Aiden,Grayson,Michael,185,169,166,158,151,131,123,111,102,101
2019,AL,033,M,William,James,John,Elijah,Noah,Liam,Jackson,Mason,Oliver,Grayson,376,289,284,279,276,213,206,185,181,177
2019,ME,034,M,Oliver,William,Owen,Henry,Liam,Benjamin,Lincoln,Mason,Jackson,Lucas,85,78,72,68,66,56,56,54,49,49
2019,VT,035,M,Oliver,Henry,Liam,Owen,Wyatt,Benjamin,John,Jackson,Levi,Emmett,40,32,31,28,27,24,23,22,22,21
2019,NH,036,M,Benjamin,Liam,Owen,Oliver,Henry,Theodore,William,Wyatt,Jackson,Logan,84,76,74,68,65,64,63,62,59,57
2019,NY,037,M,Liam,Noah,Lucas,Jacob,Michael,Ethan,Joseph,James,Matthew,Alexander,1489,1256,1002,943,905,881,855,824,780,776
2019,MA,038,M,Benjamin,Noah,Liam,William,Lucas,James,Jack,Henry,Jacob,John,474,462,424,348,346,345,335,313,287,284
2019,CT,039,M,Liam,Noah,Mason,Lucas,James,Logan,Ethan,William,Oliver,Jacob,230,220,159,155,151,151,150,148,145,144
2019,RI,040,M,Noah,Lucas,Julian,Liam,Oliver,Benjamin,Jackson,Logan,Alexander,Matthew,68,57,56,56,48,46,45,45,40,40
2019,PA,041,M,Liam,Noah,Benjamin,Lucas,Mason,James,Logan,Oliver,John,Joseph,761,719,542,519,519,511,503,477,454,438
2019,NJ,042,M,Liam,Noah,Lucas,Joseph,Matthew,Michael,Jacob,James,Daniel,Benjamin,634,559,499,436,421,410,405,366,365,364
2019,DE,043,M,Noah,Liam,Benjamin,Mason,Colton,Jackson,Anthony,James,John,Carter,69,59,42,40,39,39,35,34,34,33
2019,MD,044,M,Liam,Noah,James,Jacob,Benjamin,Ethan,Lucas,Daniel,Michael,Logan,394,349,274,230,228,225,224,223,218,209
2019,WV,045,M,Liam,Carter,Mason,Easton,Oliver,Jackson,Noah,Elijah,Wyatt,William,132,92,86,82,82,81,79,76,76,75
2019,VA,046,M,Liam,William,Noah,James,Lucas,Elijah,Oliver,Jackson,Benjamin,Henry,577,515,514,430,386,378,355,345,332,318
2019,NC,047,M,Liam,Noah,William,James,Elijah,Mason,Jackson,Oliver,Grayson,Lucas,685,605,585,514,461,460,419,412,387,371
2019,SC,048,M,William,Noah,Liam,James,Elijah,John,Jackson,Mason,Carter,Michael,309,268,247,240,235,195,193,178,177,161
2019,GA,049,M,Liam,William,Noah,Elijah,James,Aiden,John,Mason,Jackson,Carter,593,593,588,530,433,398,386,386,382,365
2019,DC,050,M,William,James,Noah,Benjamin,Henry,Theodore,Jack,John,Alexander,Liam,86,71,62,60,60,55,51,51,48,45
2019,FL,051,M,Liam,Noah,Elijah,Lucas,Alexander,Benjamin,Sebastian,Matthew,Ethan,Michael,1554,1337,984,972,796,772,753,745,744,736