AK,F,1920,Mary,38
AK,F,1920,Margaret,19
AK,F,1920,Helen,14
AK,F,1920,Ruth,14
AK,F,1920,Martha,11
AK,F,1920,Elizabeth,10
AK,F,1920,Virginia,10
AK,F,1920,Florence,9
AK,F,1920,Agnes,8
AK,F,1920,Dorothy,8
AK,F,1921,Mary,36
AK,F,1921,Dorothy,11
AK,F,1921,Alice,10
AK,F,1921,Margaret,10
AK,F,1921,Annie,9
AK,F,1921,Helen,9
AK,F,1921,Elizabeth,8
AK,F,1921,Virginia,8
AK,F,1921,Katherine,7
AK,F,1921,Mildred,7
AK,F,1922,Mary,29
AK,F,1922,Helen,13
AK,F,1922,Alice,12
AK,F,1922,Anna,10
AK,F,1922,Margaret,9
AK,F,1922,Martha,9
AK,F,1922,Louise,8
AK,F,1922,Katherine,7
AK,F,1922,Annie,6
AK,F,1922,Dorothy,6
AK,F,1923,Mary,26
AK,F,1923,Elizabeth,13
AK,F,1923,Anna,12
AK,F,1923,Dorothy,11
AK,F,1923,Helen,11
AK,F,1923,Ruth,11
AK,F,1923,Annie,10
AK,F,1923,Margaret,10
AK,F,1923,Frances,9
AK,F,1923,Marie,9
AK,F,1924,Mary,41
AK,F,1924,Elizabeth,12
AK,F,1924,Margaret,11
AK,F,1924,Betty,10
AK,F,1924,Anna,9
AK,F,1924,Dorothy,9
AK,F,1924,Marie,9
AK,F,1924,Ruth,9
AK,F,1924,Alice,8
AK,F,1924,Patricia,8
AK,F,1925,Mary,24
AK,F,1925,Margaret,17
AK,F,1925,Agnes,11
AK,F,1925,Betty,9
AK,F,1925,Lillian,9
AK,F,1925,Mildred,9
AK,F,1925,Esther,8
AK,F,1925,Helen,8
AK,F,1925,Ruth,8
AK,F,1925,Anna,7
AK,F,1926,Mary,39
AK,F,1926,Margaret,17
AK,F,1926,Alice,15
AK,F,1926,Anna,13
AK,F,1926,Lucy,9
AK,F,1926,Martha,9
AK,F,1926,Esther,8
AK,F,1926,Helen,8
AK,F,1926,Elizabeth,7
AK,F,1926,Florence,7
AK,F,1927,Mary,30
AK,F,1927,Dorothy,13
AK,F,1927,Helen,13
AK,F,1927,Alice,11
AK,F,1927,Betty,11
AK,F,1927,Elizabeth,10
AK,F,1927,Florence,10
AK,F,1927,Barbara,8
AK,F,1927,Anna,7
AK,F,1927,Annie,7
AK,F,1928,Mary,27
AK,F,1928,Margaret,16
AK,F,1928,Annie,13
AK,F,1928,Dorothy,13
AK,F,1928,Alice,11
AK,F,1928,Anna,10
AK,F,1928,Helen,10
AK,F,1928,Elizabeth,9
AK,F,1928,Irene,8
AK,F,1928,Marie,8
AK,F,1929,Mary,25
AK,F,1929,Margaret,11
AK,F,1929,Betty,10
AK,F,1929,Dorothy,10
AK,F,1929,Agnes,8
AK,F,1929,Eva,8
AK,F,1929,Julia,8
AK,F,1929,Elizabeth,7
AK,F,1929,Helen,7
AK,F,1929,Martha,7
AK,F,1930,Mary,35
AK,F,1930,Alice,14
AK,F,1930,Helen,11
AK,F,1930,Anna,10
AK,F,1930,Marie,10
AK,F,1930,Doris,8
AK,F,1930,Elizabeth,8
AK,F,1930,Martha,8
AK,F,1930,Esther,7
AK,F,1930,Agnes,6
AK,F,1931,Mary,41
AK,F,1931,Alice,11
AK,F,1931,Annie,11
AK,F,1931,Ruth,11
AK,F,1931,Dorothy,10
AK,F,1931,Elizabeth,10
AK,F,1931,Agnes,8
AK,F,1931,Helen,7
AK,F,1931,Betty,6
AK,F,1931,Christine,6
AK,F,1932,Mary,26
AK,F,1932,Margaret,17
AK,F,1932,Alice,11
AK,F,1932,Martha,10
AK,F,1932,Anna,9
AK,F,1932,Clara,9
AK,F,1932,Elizabeth,9
AK,F,1932,Louise,9
AK,F,1932,Annie,8
AK,F,1932,Dorothy,8
AK,F,1933,Mary,25
AK,F,1933,Martha,16
AK,F,1933,Agnes,12
AK,F,1933,Betty,11
AK,F,1933,Margaret,11
AK,F,1933,Elizabeth,10
AK,F,1933,Marie,10
AK,F,1933,Alice,9
AK,F,1933,Helen,8
AK,F,1933,Louise,8
AK,F,1934,Mary,31
AK,F,1934,Helen,14
AK,F,1934,Elizabeth,12
AK,F,1934,Irene,12
AK,F,1934,Betty,9
AK,F,1934,Margaret,9
AK,F,1934,Martha,9
AK,F,1934,Pauline,9
AK,F,1934,Josephine,8
AK,F,1934,Marie,8
AK,F,1935,Mary,29
AK,F,1935,Elizabeth,13
AK,F,1935,Margaret,13
AK,F,1935,Anna,9
AK,F,1935,Shirley,9
AK,F,1935,Alice,8
AK,F,1935,Barbara,8
AK,F,1935,Betty,8
AK,F,1935,Helen,8
AK,F,1935,Irene,8
AK,F,1936,Mary,34
AK,F,1936,Elizabeth,15
AK,F,1936,Anna,11
AK,F,1936,Dorothy,11
AK,F,1936,Patricia,11
AK,F,1936,Agnes,10
AK,F,1936,Alice,10
AK,F,1936,Margaret,9
AK,F,1936,Nancy,9
AK,F,1936,Shirley,9
AK,F,1937,Mary,41
AK,F,1937,Margaret,17
AK,F,1937,Carol,13
AK,F,1937,Barbara,11
AK,F,1937,Virginia,10
AK,F,1937,Betty,9
AK,F,1937,Anna,8
AK,F,1937,Donna,8
AK,F,1937,Pauline,8
AK,F,1937,Shirley,8
AK,F,1938,Mary,36
AK,F,1938,Alice,14
AK,F,1938,Carol,14
AK,F,1938,Marie,13
AK,F,1938,Patricia,11
AK,F,1938,Betty,10
AK,F,1938,Barbara,9
AK,F,1938,Shirley,9
AK,F,1938,Annie,8
AK,F,1938,Evelyn,8
AK,F,1939,Mary,28
AK,F,1939,Elizabeth,18
AK,F,1939,Martha,13
AK,F,1939,Alice,11
AK,F,1939,Carol,10
AK,F,1939,Helen,10
AK,F,1939,Jean,10
AK,F,1939,Ruth,10
AK,F,1939,Virginia,10
AK,F,1939,Patricia,9
AK,F,1940,Mary,43
AK,F,1940,Barbara,15
AK,F,1940,Patricia,15
AK,F,1940,Alice,14
AK,F,1940,Annie,12
AK,F,1940,Helen,12
AK,F,1940,Margaret,12
AK,F,1940,Dorothy,11
AK,F,1940,Marie,10
AK,F,1940,Sharon,10
AK,F,1941,Mary,41
AK,F,1941,Barbara,18
AK,F,1941,Patricia,17
AK,F,1941,Judy,13
AK,F,1941,Margaret,13
AK,F,1941,Nancy,13
AK,F,1941,Alice,12
AK,F,1941,Carol,12
AK,F,1941,Helen,11
AK,F,1941,Karen,11
AK,F,1942,Mary,44
AK,F,1942,Patricia,17
AK,F,1942,Judy,15
AK,F,1942,Margaret,15
AK,F,1942,Sharon,15
AK,F,1942,Barbara,14
AK,F,1942,Judith,14
AK,F,1942,Carol,13
AK,F,1942,Martha,11
AK,F,1942,Donna,10
AK,F,1943,Mary,46
AK,F,1943,Patricia,20
AK,F,1943,Carol,18
AK,F,1943,Sharon,14
AK,F,1943,Donna,13
AK,F,1943,Dorothy,13
AK,F,1943,Karen,13
AK,F,1943,Margaret,13
AK,F,1943,Nancy,13
AK,F,1943,Helen,12
AK,F,1944,Mary,42
AK,F,1944,Linda,16
AK,F,1944,Barbara,15
AK,F,1944,Sharon,14
AK,F,1944,Martha,13
AK,F,1944,Susan,13
AK,F,1944,Patricia,12
AK,F,1944,Betty,11
AK,F,1944,Elizabeth,11
AK,F,1944,Kathleen,11
AK,F,1945,Mary,47
AK,F,1945,Patricia,21
AK,F,1945,Alice,19
AK,F,1945,Barbara,15
AK,F,1945,Susan,15
AK,F,1945,Carol,12
AK,F,1945,Linda,12
AK,F,1945,Shirley,12
AK,F,1945,Elizabeth,11
AK,F,1945,Janet,11
AK,F,1946,Mary,47
AK,F,1946,Patricia,24
AK,F,1946,Margaret,22
AK,F,1946,Susan,22
AK,F,1946,Linda,21
AK,F,1946,Barbara,18
AK,F,1946,Karen,17
AK,F,1946,Carol,15
AK,F,1946,Betty,14
AK,F,1946,Helen,14
AK,F,1947,Mary,63
AK,F,1947,Linda,55
AK,F,1947,Helen,27
AK,F,1947,Susan,25
AK,F,1947,Patricia,22
AK,F,1947,Kathleen,20
AK,F,1947,Carol,19
AK,F,1947,Shirley,18
AK,F,1947,Barbara,17
AK,F,1947,Virginia,17
AK,F,1948,Mary,71
AK,F,1948,Linda,65
AK,F,1948,Patricia,39
AK,F,1948,Susan,35
AK,F,1948,Barbara,33
AK,F,1948,Carol,26
AK,F,1948,Kathleen,23
AK,F,1948,Sandra,22
AK,F,1948,Margaret,21
AK,F,1948,Karen,19
AK,F,1949,Mary,79
AK,F,1949,Linda,64
AK,F,1949,Susan,35
AK,F,1949,Kathleen,31
AK,F,1949,Barbara,30
AK,F,1949,Nancy,28
AK,F,1949,Patricia,26
AK,F,1949,Karen,24
AK,F,1949,Elizabeth,23
AK,F,1949,Margaret,23
AK,F,1950,Mary,71
AK,F,1950,Linda,68
AK,F,1950,Barbara,46
AK,F,1950,Patricia,38
AK,F,1950,Susan,33
AK,F,1950,Margaret,31
AK,F,1950,Kathleen,27
AK,F,1950,Donna,25
AK,F,1950,Karen,25
AK,F,1950,Sharon,25
AK,F,1951,Linda,80
AK,F,1951,Mary,77
AK,F,1951,Patricia,45
AK,F,1951,Susan,45
AK,F,1951,Barbara,35
AK,F,1951,Kathleen,29
AK,F,1951,Sandra,29
AK,F,1951,Margaret,28
AK,F,1951,Carol,27
AK,F,1951,Elizabeth,26
AK,F,1952,Linda,89
AK,F,1952,Mary,75
AK,F,1952,Patricia,58
AK,F,1952,Debra,56
AK,F,1952,Kathleen,53
AK,F,1952,Susan,51
AK,F,1952,Deborah,47
AK,F,1952,Barbara,43
AK,F,1952,Carol,36
AK,F,1952,Cynthia,36
AK,F,1953,Linda,108
AK,F,1953,Susan,83
AK,F,1953,Debra,82
AK,F,1953,Mary,81
AK,F,1953,Patricia,70
AK,F,1953,Deborah,66
AK,F,1953,Barbara,58
AK,F,1953,Karen,48
AK,F,1953,Kathleen,47
AK,F,1953,Nancy,43
AK,F,1954,Debra,105
AK,F,1954,Mary,92
AK,F,1954,Deborah,86
AK,F,1954,Linda,85
AK,F,1954,Karen,75
AK,F,1954,Susan,74
AK,F,1954,Patricia,64
AK,F,1954,Cynthia,52
AK,F,1954,Barbara,50
AK,F,1954,Pamela,48
AK,F,1955,Debra,94
AK,F,1955,Mary,91
AK,F,1955,Linda,80
AK,F,1955,Susan,80
AK,F,1955,Karen,68
AK,F,1955,Deborah,64
AK,F,1955,Patricia,58
AK,F,1955,Cynthia,51
AK,F,1955,Barbara,49
AK,F,1955,Kathleen,49
AK,F,1956,Debra,103
AK,F,1956,Mary,95
AK,F,1956,Linda,76
AK,F,1956,Susan,73
AK,F,1956,Patricia,63
AK,F,1956,Barbara,62
AK,F,1956,Karen,62
AK,F,1956,Deborah,56
AK,F,1956,Elizabeth,52
AK,F,1956,Sharon,50
AK,F,1957,Mary,99
AK,F,1957,Susan,82
AK,F,1957,Cynthia,76
AK,F,1957,Debra,72
AK,F,1957,Linda,69
AK,F,1957,Karen,61
AK,F,1957,Patricia,57
AK,F,1957,Deborah,51
AK,F,1957,Sharon,45
AK,F,1957,Cheryl,44
AK,F,1958,Mary,84
AK,F,1958,Susan,79
AK,F,1958,Karen,68
AK,F,1958,Debra,60
AK,F,1958,Linda,52
AK,F,1958,Donna,48
AK,F,1958,Elizabeth,48
AK,F,1958,Patricia,48
AK,F,1958,Deborah,43
AK,F,1958,Cheryl,42
AK,F,1959,Mary,61
AK,F,1959,Karen,56
AK,F,1959,Debra,52
AK,F,1959,Linda,51
AK,F,1959,Donna,47
AK,F,1959,Patricia,47
AK,F,1959,Susan,46
AK,F,1959,Pamela,44
AK,F,1959,Lisa,43
AK,F,1959,Sharon,43
AK,F,1960,Mary,79
AK,F,1960,Linda,56
AK,F,1960,Karen,53
AK,F,1960,Debra,50
AK,F,1960,Susan,50
AK,F,1960,Elizabeth,47
AK,F,1960,Sandra,47
AK,F,1960,Patricia,43
AK,F,1960,Donna,42
AK,F,1960,Cindy,40
AK,F,1961,Mary,79
AK,F,1961,Lisa,60
AK,F,1961,Karen,51
AK,F,1961,Linda,48
AK,F,1961,Susan,47
AK,F,1961,Donna,45
AK,F,1961,Patricia,44
AK,F,1961,Cynthia,43
AK,F,1961,Debra,42
AK,F,1961,Theresa,42
AK,F,1962,Mary,86
AK,F,1962,Karen,61
AK,F,1962,Susan,55
AK,F,1962,Cynthia,46
AK,F,1962,Brenda,45
AK,F,1962,Lisa,45
AK,F,1962,Elizabeth,43
AK,F,1962,Linda,42
AK,F,1962,Deborah,41
AK,F,1962,Carol,40
AK,F,1963,Mary,78
AK,F,1963,Lisa,66
AK,F,1963,Linda,58
AK,F,1963,Sandra,55
AK,F,1963,Karen,52
AK,F,1963,Donna,50
AK,F,1963,Susan,50
AK,F,1963,Teresa,48
AK,F,1963,Barbara,45
AK,F,1963,Deborah,44
AK,F,1964,Mary,84
AK,F,1964,Lisa,71
AK,F,1964,Susan,58
AK,F,1964,Karen,57
AK,F,1964,Patricia,42
AK,F,1964,Brenda,37
AK,F,1964,Donna,37
AK,F,1964,Kimberly,36
AK,F,1964,Sandra,36
AK,F,1964,Elizabeth,35
AK,F,1965,Lisa,70
AK,F,1965,Mary,68
AK,F,1965,Karen,60
AK,F,1965,Kimberly,47
AK,F,1965,Deborah,40
AK,F,1965,Michelle,39
AK,F,1965,Elizabeth,38
AK,F,1965,Cynthia,36
AK,F,1965,Robin,32
AK,F,1965,Angela,31
AK,F,1966,Mary,67
AK,F,1966,Lisa,59
AK,F,1966,Michelle,54
AK,F,1966,Karen,42
AK,F,1966,Elizabeth,36
AK,F,1966,Susan,36
AK,F,1966,Kimberly,34
AK,F,1966,Patricia,34
AK,F,1966,Cynthia,33
AK,F,1966,Laura,32
AK,F,1967,Lisa,68
AK,F,1967,Kimberly,60
AK,F,1967,Michelle,60
AK,F,1967,Mary,59
AK,F,1967,Karen,40
AK,F,1967,Elizabeth,34
AK,F,1967,Susan,34
AK,F,1967,Cynthia,33
AK,F,1967,Sandra,32
AK,F,1967,Jennifer,31
AK,F,1968,Michelle,82
AK,F,1968,Lisa,66
AK,F,1968,Kimberly,48
AK,F,1968,Laura,42
AK,F,1968,Jennifer,37
AK,F,1968,Tina,37
AK,F,1968,Mary,36
AK,F,1968,Christine,33
AK,F,1968,Karen,32
AK,F,1968,Tracy,32
AK,F,1969,Michelle,89
AK,F,1969,Kimberly,67
AK,F,1969,Jennifer,57
AK,F,1969,Lisa,56
AK,F,1969,Mary,51
AK,F,1969,Julie,48
AK,F,1969,Laura,48
AK,F,1969,Angela,39
AK,F,1969,Karen,38
AK,F,1969,Rebecca,35
AK,F,1970,Jennifer,81
AK,F,1970,Michelle,78
AK,F,1970,Kimberly,66
AK,F,1970,Lisa,54
AK,F,1970,Mary,47
AK,F,1970,Shannon,47
AK,F,1970,Julie,44
AK,F,1970,Angela,42
AK,F,1970,Heather,38
AK,F,1970,Dawn,37
AK,F,1971,Jennifer,110
AK,F,1971,Michelle,67
AK,F,1971,Lisa,57
AK,F,1971,Heather,56
AK,F,1971,Mary,46
AK,F,1971,Angela,42
AK,F,1971,Kimberly,41
AK,F,1971,Melissa,41
AK,F,1971,Dawn,40
AK,F,1971,Tammy,38
AK,F,1972,Jennifer,129
AK,F,1972,Michelle,65
AK,F,1972,Lisa,48
AK,F,1972,Kimberly,45
AK,F,1972,Heather,44
AK,F,1972,Amy,40
AK,F,1972,Christine,34
AK,F,1972,Angela,33
AK,F,1972,Melissa,32
AK,F,1972,Mary,31
AK,F,1973,Jennifer,128
AK,F,1973,Michelle,57
AK,F,1973,Stephanie,52
AK,F,1973,Amy,44
AK,F,1973,Heather,43
AK,F,1973,Lisa,42
AK,F,1973,Angela,41
AK,F,1973,Kimberly,35
AK,F,1973,Mary,29
AK,F,1973,Elizabeth,28
AK,F,1974,Jennifer,135
AK,F,1974,Heather,60
AK,F,1974,Michelle,53
AK,F,1974,Rebecca,48
AK,F,1974,Amy,44
AK,F,1974,Melissa,37
AK,F,1974,Elizabeth,36
AK,F,1974,Angela,35
AK,F,1974,Kimberly,35
AK,F,1974,Lisa,35
AK,F,1975,Jennifer,114
AK,F,1975,Amy,64
AK,F,1975,Heather,64
AK,F,1975,Angela,47
AK,F,1975,Michelle,47
AK,F,1975,Rebecca,46
AK,F,1975,Melissa,42
AK,F,1975,Jessica,40
AK,F,1975,Kimberly,39
AK,F,1975,Amanda,35
AK,F,1976,Jennifer,124
AK,F,1976,Heather,81
AK,F,1976,Angela,62
AK,F,1976,Amy,52
AK,F,1976,Michelle,50
AK,F,1976,Christina,46
AK,F,1976,Jessica,45
AK,F,1976,Sarah,42
AK,F,1976,Jamie,41
AK,F,1976,Shannon,40
AK,F,1977,Jennifer,140
AK,F,1977,Jessica,72
AK,F,1977,Sarah,47
AK,F,1977,Amy,46
AK,F,1977,Angela,46
AK,F,1977,Heather,46
AK,F,1977,Melissa,41
AK,F,1977,Shannon,41
AK,F,1977,Kimberly,39
AK,F,1977,Amanda,38
AK,F,1978,Jennifer,129
AK,F,1978,Heather,75
AK,F,1978,Jessica,72
AK,F,1978,Sarah,71
AK,F,1978,Melissa,52
AK,F,1978,Michelle,46
AK,F,1978,Amanda,43
AK,F,1978,Amber,43
AK,F,1978,Angela,42
AK,F,1978,Christina,41
AK,F,1979,Jennifer,126
AK,F,1979,Amanda,82
AK,F,1979,Melissa,79
AK,F,1979,Sarah,77
AK,F,1979,Jessica,73
AK,F,1979,Heather,56
AK,F,1979,Amy,46
AK,F,1979,Kimberly,46
AK,F,1979,Angela,45
AK,F,1979,Elizabeth,44
AK,F,1980,Jessica,116
AK,F,1980,Jennifer,114
AK,F,1980,Sarah,82
AK,F,1980,Amanda,71
AK,F,1980,Melissa,65
AK,F,1980,Michelle,61
AK,F,1980,Heather,60
AK,F,1980,Amber,59
AK,F,1980,Rebecca,58
AK,F,1980,Erin,48
AK,F,1981,Jennifer,106
AK,F,1981,Jessica,100
AK,F,1981,Sarah,97
AK,F,1981,Amanda,89
AK,F,1981,Amber,60
AK,F,1981,Michelle,52
AK,F,1981,Rebecca,52
AK,F,1981,Amy,50
AK,F,1981,Elizabeth,49
AK,F,1981,Stephanie,49
AK,F,1982,Jennifer,145
AK,F,1982,Jessica,131
AK,F,1982,Sarah,117
AK,F,1982,Amanda,99
AK,F,1982,Crystal,75
AK,F,1982,Nicole,61
AK,F,1982,Melissa,60
AK,F,1982,Rebecca,58
AK,F,1982,Amber,57
AK,F,1982,Stephanie,55
AK,F,1983,Jennifer,155
AK,F,1983,Jessica,152
AK,F,1983,Sarah,116
AK,F,1983,Amanda,93
AK,F,1983,Michelle,71
AK,F,1983,Nicole,71
AK,F,1983,Elizabeth,68
AK,F,1983,Ashley,63
AK,F,1983,Christina,62
AK,F,1983,Heather,62
AK,F,1984,Jessica,157
AK,F,1984,Jennifer,154
AK,F,1984,Sarah,111
AK,F,1984,Amanda,100
AK,F,1984,Nicole,84
AK,F,1984,Ashley,82
AK,F,1984,Stephanie,71
AK,F,1984,Heather,69
AK,F,1984,Melissa,67
AK,F,1984,Rachel,61
AK,F,1985,Jessica,164
AK,F,1985,Jennifer,126
AK,F,1985,Amanda,117
AK,F,1985,Sarah,111
AK,F,1985,Ashley,100
AK,F,1985,Stephanie,80
AK,F,1985,Nicole,72
AK,F,1985,Elizabeth,65
AK,F,1985,Heather,63
AK,F,1985,Megan,58
AK,F,1986,Jessica,158
AK,F,1986,Amanda,122
AK,F,1986,Sarah,103
AK,F,1986,Ashley,101
AK,F,1986,Jennifer,85
AK,F,1986,Stephanie,65
AK,F,1986,Nicole,59
AK,F,1986,Melissa,58
AK,F,1986,Danielle,57
AK,F,1986,Elizabeth,55
AK,F,1987,Jessica,156
AK,F,1987,Amanda,121
AK,F,1987,Ashley,120
AK,F,1987,Sarah,81
AK,F,1987,Jennifer,80
AK,F,1987,Megan,71
AK,F,1987,Heather,70
AK,F,1987,Samantha,59
AK,F,1987,Brittany,56
AK,F,1987,Elizabeth,56
AK,F,1988,Jessica,134
AK,F,1988,Amanda,99
AK,F,1988,Ashley,98
AK,F,1988,Jennifer,70
AK,F,1988,Sarah,68
AK,F,1988,Elizabeth,63
AK,F,1988,Samantha,56
AK,F,1988,Stephanie,54
AK,F,1988,Megan,50
AK,F,1988,Rebecca,49
AK,F,1989,Jessica,112
AK,F,1989,Ashley,106
AK,F,1989,Amanda,93
AK,F,1989,Sarah,93
AK,F,1989,Samantha,74
AK,F,1989,Jennifer,68
AK,F,1989,Danielle,58
AK,F,1989,Stephanie,56
AK,F,1989,Emily,54
AK,F,1989,Brittany,53
AK,F,1990,Jessica,113
AK,F,1990,Ashley,97
AK,F,1990,Amanda,93
AK,F,1990,Brittany,75
AK,F,1990,Samantha,72
AK,F,1990,Sarah,68
AK,F,1990,Megan,66
AK,F,1990,Rachel,55
AK,F,1990,Jennifer,51
AK,F,1990,Elizabeth,49
AK,F,1991,Jessica,106
AK,F,1991,Ashley,102
AK,F,1991,Amanda,85
AK,F,1991,Sarah,78
AK,F,1991,Samantha,71
AK,F,1991,Brittany,55
AK,F,1991,Stephanie,53
AK,F,1991,Elizabeth,52
AK,F,1991,Jennifer,50
AK,F,1991,Kayla,48
AK,F,1992,Jessica,102
AK,F,1992,Ashley,80
AK,F,1992,Amanda,69
AK,F,1992,Sarah,65
AK,F,1992,Emily,60
AK,F,1992,Samantha,60
AK,F,1992,Elizabeth,56
AK,F,1992,Brittany,51
AK,F,1992,Stephanie,49
AK,F,1992,Chelsea,46
AK,F,1993,Jessica,85
AK,F,1993,Ashley,78
AK,F,1993,Sarah,71
AK,F,1993,Samantha,62
AK,F,1993,Amanda,58
AK,F,1993,Taylor,56
AK,F,1993,Stephanie,45
AK,F,1993,Rachel,44
AK,F,1993,Emily,43
AK,F,1993,Hannah,43
AK,F,1994,Jessica,76
AK,F,1994,Ashley,71
AK,F,1994,Sarah,63
AK,F,1994,Samantha,59
AK,F,1994,Taylor,55
AK,F,1994,Emily,53
AK,F,1994,Elizabeth,48
AK,F,1994,Brittany,47
AK,F,1994,Amanda,45
AK,F,1994,Hannah,41
AK,F,1995,Samantha,61
AK,F,1995,Jessica,60
AK,F,1995,Sarah,57
AK,F,1995,Ashley,56
AK,F,1995,Hannah,56
AK,F,1995,Emily,53
AK,F,1995,Amanda,42
AK,F,1995,Kayla,42
AK,F,1995,Megan,38
AK,F,1995,Jordan,36
AK,F,1996,Ashley,57
AK,F,1996,Jessica,55
AK,F,1996,Emily,54
AK,F,1996,Sarah,50
AK,F,1996,Samantha,48
AK,F,1996,Megan,47
AK,F,1996,Hannah,45
AK,F,1996,Madison,45
AK,F,1996,Amanda,42
AK,F,1996,Elizabeth,40
AK,F,1997,Hannah,67
AK,F,1997,Emily,64
AK,F,1997,Sarah,59
AK,F,1997,Megan,47
AK,F,1997,Jessica,46
AK,F,1997,Taylor,46
AK,F,1997,Ashley,45
AK,F,1997,Samantha,45
AK,F,1997,Madison,40
AK,F,1997,Abigail,32
AK,F,1998,Emily,60
AK,F,1998,Sarah,59
AK,F,1998,Hannah,57
AK,F,1998,Megan,50
AK,F,1998,Alyssa,46
AK,F,1998,Ashley,43
AK,F,1998,Samantha,42
AK,F,1998,Madison,40
AK,F,1998,Jessica,39
AK,F,1998,Kayla,37
AK,F,1999,Emily,62
AK,F,1999,Hannah,49
AK,F,1999,Ashley,40
AK,F,1999,Sarah,39
AK,F,1999,Elizabeth,33
AK,F,1999,Jessica,33
AK,F,1999,Taylor,33
AK,F,1999,Alexis,32
AK,F,1999,Madison,32
AK,F,1999,Emma,31
AK,F,2000,Hannah,58
AK,F,2000,Madison,50
AK,F,2000,Emily,48
AK,F,2000,Sarah,39
AK,F,2000,Ashley,36
AK,F,2000,Anna,35
AK,F,2000,Elizabeth,32
AK,F,2000,Emma,32
AK,F,2000,Alyssa,31
AK,F,2000,Jessica,31
AK,F,2001,Madison,54
AK,F,2001,Emily,47
AK,F,2001,Hannah,46
AK,F,2001,Ashley,40
AK,F,2001,Abigail,39
AK,F,2001,Elizabeth,33
AK,F,2001,Emma,31
AK,F,2001,Grace,31
AK,F,2001,Victoria,30
AK,F,2001,Haley,28
AK,F,2002,Madison,57
AK,F,2002,Elizabeth,40
AK,F,2002,Emily,40
AK,F,2002,Emma,36
AK,F,2002,Ashley,35
AK,F,2002,Hannah,35
AK,F,2002,Alexis,34
AK,F,2002,Olivia,32
AK,F,2002,Jasmine,30
AK,F,2002,Samantha,30
AK,F,2003,Hannah,56
AK,F,2003,Emma,49
AK,F,2003,Emily,45
AK,F,2003,Madison,44
AK,F,2003,Hailey,32
AK,F,2003,Alexis,31
AK,F,2003,Isabella,31
AK,F,2003,Abigail,29
AK,F,2003,Olivia,29
AK,F,2003,Alyssa,28
AK,F,2004,Emma,62
AK,F,2004,Madison,48
AK,F,2004,Hannah,46
AK,F,2004,Grace,44
AK,F,2004,Emily,41
AK,F,2004,Abigail,37
AK,F,2004,Olivia,33
AK,F,2004,Isabella,30
AK,F,2004,Alyssa,29
AK,F,2004,Sophia,28
AK,F,2005,Madison,53
AK,F,2005,Emma,49
AK,F,2005,Emily,47
AK,F,2005,Isabella,35
AK,F,2005,Samantha,35
AK,F,2005,Hannah,34
AK,F,2005,Abigail,33
AK,F,2005,Olivia,33
AK,F,2005,Elizabeth,30
AK,F,2005,Grace,28
AK,F,2006,Emma,49
AK,F,2006,Emily,42
AK,F,2006,Madison,42
AK,F,2006,Isabella,37
AK,F,2006,Ava,35
AK,F,2006,Elizabeth,35
AK,F,2006,Hannah,34
AK,F,2006,Olivia,32
AK,F,2006,Sophia,30
AK,F,2006,Abigail,28
AK,F,2007,Isabella,52
AK,F,2007,Emily,43
AK,F,2007,Madison,43
AK,F,2007,Ava,42
AK,F,2007,Abigail,41
AK,F,2007,Emma,41
AK,F,2007,Sophia,39
AK,F,2007,Olivia,33
AK,F,2007,Alyssa,32
AK,F,2007,Natalie,31
AK,F,2008,Emma,51
AK,F,2008,Abigail,40
AK,F,2008,Ava,40
AK,F,2008,Sophia,38
AK,F,2008,Isabella,37
AK,F,2008,Olivia,37
AK,F,2008,Emily,36
AK,F,2008,Elizabeth,34
AK,F,2008,Madison,34
AK,F,2008,Alyssa,33
AK,F,2009,Isabella,57
AK,F,2009,Sophia,46
AK,F,2009,Olivia,45
AK,F,2009,Abigail,43
AK,F,2009,Ava,41
AK,F,2009,Emma,38
AK,F,2009,Madison,37
AK,F,2009,Chloe,34
AK,F,2009,Emily,32
AK,F,2009,Elizabeth,29
AK,F,2010,Sophia,62
AK,F,2010,Emma,51
AK,F,2010,Isabella,51
AK,F,2010,Olivia,44
AK,F,2010,Ava,33
AK,F,2010,Abigail,30
AK,F,2010,Hannah,29
AK,F,2010,Madison,29
AK,F,2010,Elizabeth,28
AK,F,2010,Grace,28
AK,F,2011,Olivia,60
AK,F,2011,Emma,56
AK,F,2011,Isabella,50
AK,F,2011,Madison,46
AK,F,2011,Sophia,44
AK,F,2011,Ava,43
AK,F,2011,Emily,40
AK,F,2011,Chloe,39
AK,F,2011,Abigail,32
AK,F,2011,Amelia,30
AK,F,2012,Emma,57
AK,F,2012,Sophia,56
AK,F,2012,Olivia,49
AK,F,2012,Abigail,38
AK,F,2012,Ava,32
AK,F,2012,Chloe,31
AK,F,2012,Elizabeth,30
AK,F,2012,Isabella,30
AK,F,2012,Lillian,30
AK,F,2012,Emily,28
AK,F,2013,Emma,57
AK,F,2013,Sophia,50
AK,F,2013,Abigail,39
AK,F,2013,Isabella,38
AK,F,2013,Olivia,36
AK,F,2013,Charlotte,34
AK,F,2013,Harper,34
AK,F,2013,Emily,33
AK,F,2013,Ava,31
AK,F,2013,Amelia,30
AK,F,2014,Emma,50
AK,F,2014,Olivia,47
AK,F,2014,Sophia,45
AK,F,2014,Aurora,36
AK,F,2014,Abigail,34
AK,F,2014,Isabella,34
AK,F,2014,Avery,32
AK,F,2014,Evelyn,32
AK,F,2014,Hannah,31
AK,F,2014,Amelia,30
AK,F,2015,Olivia,56
AK,F,2015,Emma,49
AK,F,2015,Aurora,46
AK,F,2015,Ava,41
AK,F,2015,Amelia,39
AK,F,2015,Abigail,34
AK,F,2015,Harper,29
AK,F,2015,Sophia,28
AK,F,2015,Elizabeth,27
AK,F,2015,Emily,27
AK,F,2016,Emma,47
AK,F,2016,Olivia,46
AK,F,2016,Amelia,35
AK,F,2016,Charlotte,34
AK,F,2016,Sophia,33
AK,F,2016,Abigail,32
AK,F,2016,Aurora,32
AK,F,2016,Ava,32
AK,F,2016,Elizabeth,32
AK,F,2016,Chloe,29
AK,F,2017,Emma,57
AK,F,2017,Olivia,56
AK,F,2017,Aurora,40
AK,F,2017,Isabella,39
AK,F,2017,Sophia,35
AK,F,2017,Evelyn,34
AK,F,2017,Amelia,33
AK,F,2017,Ava,33
AK,F,2017,Abigail,31
AK,F,2017,Charlotte,28
AK,F,2018,Aurora,46
AK,F,2018,Amelia,44
AK,F,2018,Charlotte,44
AK,F,2018,Olivia,43
AK,F,2018,Sophia,40
AK,F,2018,Emma,39
AK,F,2018,Evelyn,35
AK,F,2018,Harper,29
AK,F,2018,Mia,27
AK,F,2018,Ava,26
AK,F,2019,Emma,41
AK,F,2019,Evelyn,41
AK,F,2019,Amelia,40
AK,F,2019,Ava,39
AK,F,2019,Olivia,38
AK,F,2019,Aurora,33
AK,F,2019,Charlotte,31
AK,F,2019,Abigail,28
AK,F,2019,Elizabeth,28
AK,F,2019,Harper,27
AK,M,1920,John,21
AK,M,1920,William,19
AK,M,1920,Paul,16
AK,M,1920,George,15
AK,M,1920,James,14
AK,M,1920,Robert,12
AK,M,1920,Joseph,9
AK,M,1920,Thomas,9
AK,M,1920,Andrew,8
AK,M,1920,Henry,8
AK,M,1921,John,35
AK,M,1921,William,18
AK,M,1921,George,17
AK,M,1921,Joseph,17
AK,M,1921,Charles,11
AK,M,1921,Donald,11
AK,M,1921,Frank,10
AK,M,1921,Henry,9
AK,M,1921,Robert,9
AK,M,1921,Daniel,8
AK,M,1922,Robert,22
AK,M,1922,William,22
AK,M,1922,John,21
AK,M,1922,James,15
AK,M,1922,David,14
AK,M,1922,George,13
AK,M,1922,Richard,11
AK,M,1922,Edward,10
AK,M,1922,Walter,10
AK,M,1922,Charles,9
AK,M,1923,John,27
AK,M,1923,James,19
AK,M,1923,Robert,19
AK,M,1923,William,19
AK,M,1923,George,12
AK,M,1923,Edward,10
AK,M,1923,David,9
AK,M,1923,Joseph,9
AK,M,1923,Frank,8
AK,M,1923,Jack,8
AK,M,1924,John,36
AK,M,1924,William,21
AK,M,1924,James,20
AK,M,1924,Paul,18
AK,M,1924,Robert,17
AK,M,1924,Fred,13
AK,M,1924,George,13
AK,M,1924,Henry,10
AK,M,1924,Joseph,10
AK,M,1924,Frank,9
AK,M,1925,John,33
AK,M,1925,George,15
AK,M,1925,Robert,13
AK,M,1925,Richard,12
AK,M,1925,Harry,10
AK,M,1925,James,10
AK,M,1925,Charles,9
AK,M,1925,Edward,8
AK,M,1925,Joseph,8
AK,M,1925,Charlie,7
AK,M,1926,John,26
AK,M,1926,Robert,24
AK,M,1926,James,16
AK,M,1926,Paul,16
AK,M,1926,George,12
AK,M,1926,William,11
AK,M,1926,Andrew,10
AK,M,1926,Charles,8
AK,M,1926,Harry,8
AK,M,1926,Joseph,7
AK,M,1927,John,22
AK,M,1927,Robert,21
AK,M,1927,William,17
AK,M,1927,George,16
AK,M,1927,James,11
AK,M,1927,Andrew,8
AK,M,1927,Charles,8
AK,M,1927,David,8
AK,M,1927,Joseph,8
AK,M,1927,Paul,8
AK,M,1928,John,28
AK,M,1928,James,20
AK,M,1928,Robert,20
AK,M,1928,William,16
AK,M,1928,George,14
AK,M,1928,Joseph,12
AK,M,1928,Donald,9
AK,M,1928,Sam,9
AK,M,1928,Arthur,8
AK,M,1928,Harry,8
AK,M,1929,John,22
AK,M,1929,Robert,20
AK,M,1929,James,16
AK,M,1929,William,15
AK,M,1929,Charles,12
AK,M,1929,David,12
AK,M,1929,George,10
AK,M,1929,Nick,9
AK,M,1929,Harry,8
AK,M,1929,Andrew,7
AK,M,1930,John,25
AK,M,1930,Peter,21
AK,M,1930,Robert,20
AK,M,1930,William,20
AK,M,1930,George,16
AK,M,1930,Henry,15
AK,M,1930,Donald,12
AK,M,1930,Paul,10
AK,M,1930,Jack,9
AK,M,1930,James,9
AK,M,1931,John,31
AK,M,1931,William,18
AK,M,1931,Robert,17
AK,M,1931,George,15
AK,M,1931,James,14
AK,M,1931,Edward,11
AK,M,1931,Charles,10
AK,M,1931,Peter,9
AK,M,1931,Richard,9
AK,M,1931,Donald,8
AK,M,1932,John,23
AK,M,1932,William,20
AK,M,1932,James,15
AK,M,1932,Charles,14
AK,M,1932,George,13
AK,M,1932,Paul,13
AK,M,1932,David,12
AK,M,1932,Donald,12
AK,M,1932,Joseph,12
AK,M,1932,Robert,12
AK,M,1933,John,30
AK,M,1933,William,24
AK,M,1933,Robert,23
AK,M,1933,James,18
AK,M,1933,George,15
AK,M,1933,Frank,13
AK,M,1933,Edward,12
AK,M,1933,Paul,12
AK,M,1933,Arthur,10
AK,M,1933,Charles,10
AK,M,1934,John,25
AK,M,1934,Robert,21
AK,M,1934,William,19
AK,M,1934,David,13
AK,M,1934,James,13
AK,M,1934,Peter,12
AK,M,1934,Raymond,12
AK,M,1934,Albert,11
AK,M,1934,Andrew,10
AK,M,1934,Thomas,10
AK,M,1935,John,37
AK,M,1935,Richard,16
AK,M,1935,Robert,14
AK,M,1935,George,13
AK,M,1935,James,13
AK,M,1935,William,12
AK,M,1935,Donald,11
AK,M,1935,Edward,9
AK,M,1935,Paul,9
AK,M,1935,David,8
AK,M,1936,Robert,35
AK,M,1936,John,32
AK,M,1936,James,19
AK,M,1936,George,15
AK,M,1936,Richard,15
AK,M,1936,Donald,14
AK,M,1936,William,14
AK,M,1936,David,13
AK,M,1936,Thomas,13
AK,M,1936,Frank,11
AK,M,1937,Robert,26
AK,M,1937,William,24
AK,M,1937,George,21
AK,M,1937,John,18
AK,M,1937,David,17
AK,M,1937,James,16
AK,M,1937,Paul,14
AK,M,1937,Charles,13
AK,M,1937,Joseph,10
AK,M,1937,Peter,10
AK,M,1938,Robert,27
AK,M,1938,John,24
AK,M,1938,William,22
AK,M,1938,Edward,15
AK,M,1938,Richard,14
AK,M,1938,Albert,12
AK,M,1938,James,12
AK,M,1938,Peter,11
AK,M,1938,Charles,10
AK,M,1938,David,10
AK,M,1939,John,35
AK,M,1939,William,25
AK,M,1939,George,21
AK,M,1939,David,19
AK,M,1939,James,18
AK,M,1939,Richard,16
AK,M,1939,Robert,12
AK,M,1939,Michael,11
AK,M,1939,Peter,11
AK,M,1939,Arthur,10
AK,M,1940,John,43
AK,M,1940,James,26
AK,M,1940,William,26
AK,M,1940,Robert,19
AK,M,1940,David,18
AK,M,1940,George,15
AK,M,1940,Richard,15
AK,M,1940,Frank,14
AK,M,1940,Joseph,14
AK,M,1940,Thomas,13
AK,M,1941,Robert,40
AK,M,1941,John,37
AK,M,1941,William,32
AK,M,1941,David,25
AK,M,1941,James,25
AK,M,1941,Richard,24
AK,M,1941,Charles,21
AK,M,1941,Michael,20
AK,M,1941,George,16
AK,M,1941,Paul,15
AK,M,1942,John,46
AK,M,1942,Robert,39
AK,M,1942,James,22
AK,M,1942,William,22
AK,M,1942,David,20
AK,M,1942,Peter,19
AK,M,1942,Thomas,17
AK,M,1942,Charles,15
AK,M,1942,Richard,15
AK,M,1942,Joseph,13
AK,M,1943,John,36
AK,M,1943,James,34
AK,M,1943,David,32
AK,M,1943,William,31
AK,M,1943,Robert,30
AK,M,1943,Charles,22
AK,M,1943,George,20
AK,M,1943,Richard,15
AK,M,1943,Gary,13
AK,M,1943,Joseph,13
AK,M,1944,Robert,44
AK,M,1944,John,37
AK,M,1944,James,34
AK,M,1944,William,31
AK,M,1944,Richard,30
AK,M,1944,David,24
AK,M,1944,Michael,19
AK,M,1944,Charles,18
AK,M,1944,Peter,18
AK,M,1944,Paul,16
AK,M,1945,Robert,40
AK,M,1945,John,34
AK,M,1945,Richard,26
AK,M,1945,James,24
AK,M,1945,William,23
AK,M,1945,David,22
AK,M,1945,Michael,20
AK,M,1945,Joseph,19
AK,M,1945,Charles,16
AK,M,1945,George,15
AK,M,1946,John,59
AK,M,1946,James,39
AK,M,1946,Robert,38
AK,M,1946,David,29
AK,M,1946,Richard,24
AK,M,1946,Michael,23
AK,M,1946,William,23
AK,M,1946,Larry,21
AK,M,1946,George,19
AK,M,1946,Peter,19
AK,M,1947,John,75
AK,M,1947,James,60
AK,M,1947,William,52
AK,M,1947,Richard,45
AK,M,1947,Robert,42
AK,M,1947,Michael,37
AK,M,1947,David,31
AK,M,1947,Thomas,27
AK,M,1947,Charles,23
AK,M,1947,George,23
AK,M,1948,John,98
AK,M,1948,James,68
AK,M,1948,David,64
AK,M,1948,Robert,62
AK,M,1948,Michael,50
AK,M,1948,Richard,45
AK,M,1948,William,39
AK,M,1948,Charles,36
AK,M,1948,Thomas,30
AK,M,1948,Paul,22
AK,M,1949,John,97
AK,M,1949,Robert,77
AK,M,1949,James,65
AK,M,1949,Michael,63
AK,M,1949,William,58
AK,M,1949,David,55
AK,M,1949,Richard,46
AK,M,1949,Charles,44
AK,M,1949,George,31
AK,M,1949,Thomas,31
AK,M,1950,Robert,91
AK,M,1950,John,85
AK,M,1950,James,76
AK,M,1950,David,60
AK,M,1950,William,60
AK,M,1950,Michael,51
AK,M,1950,Richard,44
AK,M,1950,Thomas,43
AK,M,1950,Steven,33
AK,M,1950,Gary,28
AK,M,1951,Robert,102
AK,M,1951,John,100
AK,M,1951,James,90
AK,M,1951,David,87
AK,M,1951,Michael,80
AK,M,1951,Richard,70
AK,M,1951,William,70
AK,M,1951,Thomas,54
AK,M,1951,Steven,48
AK,M,1951,Charles,42
AK,M,1952,James,136
AK,M,1952,John,133
AK,M,1952,Robert,130
AK,M,1952,Michael,127
AK,M,1952,David,104
AK,M,1952,William,102
AK,M,1952,Richard,86
AK,M,1952,Thomas,70
AK,M,1952,Steven,59
AK,M,1952,Charles,50
AK,M,1953,David,161
AK,M,1953,Michael,152
AK,M,1953,John,146
AK,M,1953,Robert,139
AK,M,1953,James,134
AK,M,1953,Richard,103
AK,M,1953,William,102
AK,M,1953,Steven,68
AK,M,1953,Thomas,66
AK,M,1953,Charles,63
AK,M,1954,Michael,186
AK,M,1954,John,160
AK,M,1954,David,149
AK,M,1954,James,131
AK,M,1954,Robert,131
AK,M,1954,William,115
AK,M,1954,Richard,91
AK,M,1954,Steven,82
AK,M,1954,Mark,81
AK,M,1954,Gary,70
AK,M,1955,David,179
AK,M,1955,Michael,167
AK,M,1955,Robert,153
AK,M,1955,John,142
AK,M,1955,James,139
AK,M,1955,William,136
AK,M,1955,Richard,101
AK,M,1955,Mark,90
AK,M,1955,Thomas,82
AK,M,1955,Steven,75
AK,M,1956,Michael,163
AK,M,1956,James,162
AK,M,1956,Robert,151
AK,M,1956,David,146
AK,M,1956,John,144
AK,M,1956,William,104
AK,M,1956,Richard,95
AK,M,1956,Mark,75
AK,M,1956,Steven,70
AK,M,1956,Thomas,66
AK,M,1957,John,169
AK,M,1957,David,157
AK,M,1957,Michael,154
AK,M,1957,James,152
AK,M,1957,Robert,136
AK,M,1957,William,103
AK,M,1957,Richard,93
AK,M,1957,Mark,89
AK,M,1957,Steven,78
AK,M,1957,Thomas,76
AK,M,1958,Michael,151
AK,M,1958,James,143
AK,M,1958,David,129
AK,M,1958,John,128
AK,M,1958,Robert,127
AK,M,1958,William,94
AK,M,1958,Richard,84
AK,M,1958,Mark,67
AK,M,1958,Charles,65
AK,M,1958,Kenneth,59
AK,M,1959,John,139
AK,M,1959,James,132
AK,M,1959,Robert,131
AK,M,1959,Michael,121
AK,M,1959,David,118
AK,M,1959,William,95
AK,M,1959,Richard,90
AK,M,1959,Mark,69
AK,M,1959,Steven,54
AK,M,1959,Donald,52
AK,M,1960,David,152
AK,M,1960,Michael,140
AK,M,1960,Robert,136
AK,M,1960,John,125
AK,M,1960,James,124
AK,M,1960,Mark,92
AK,M,1960,Richard,86
AK,M,1960,William,74
AK,M,1960,Steven,73
AK,M,1960,Thomas,66
AK,M,1961,David,144
AK,M,1961,John,135
AK,M,1961,Michael,127
AK,M,1961,Robert,121
AK,M,1961,James,107
AK,M,1961,William,95
AK,M,1961,Mark,90
AK,M,1961,Thomas,63
AK,M,1961,Richard,60
AK,M,1961,Steven,56
AK,M,1962,John,157
AK,M,1962,Michael,143
AK,M,1962,David,142
AK,M,1962,Robert,131
AK,M,1962,James,119
AK,M,1962,William,91
AK,M,1962,Richard,86
AK,M,1962,Mark,70
AK,M,1962,Joseph,59
AK,M,1962,Thomas,57
AK,M,1963,David,145
AK,M,1963,Michael,142
AK,M,1963,Robert,133
AK,M,1963,James,122
AK,M,1963,John,121
AK,M,1963,William,96
AK,M,1963,Richard,78
AK,M,1963,Mark,74
AK,M,1963,Daniel,63
AK,M,1963,Thomas,59
AK,M,1964,John,151
AK,M,1964,Michael,144
AK,M,1964,David,137
AK,M,1964,Robert,125
AK,M,1964,James,118
AK,M,1964,William,82
AK,M,1964,Richard,80
AK,M,1964,Kenneth,71
AK,M,1964,Mark,68
AK,M,1964,Thomas,57
AK,M,1965,John,150
AK,M,1965,Michael,141
AK,M,1965,Robert,137
AK,M,1965,James,130
AK,M,1965,David,124
AK,M,1965,William,77
AK,M,1965,Richard,74
AK,M,1965,Mark,55
AK,M,1965,Daniel,52
AK,M,1965,Timothy,52
AK,M,1966,Michael,128
AK,M,1966,David,122
AK,M,1966,John,122
AK,M,1966,Robert,114
AK,M,1966,James,110
AK,M,1966,Richard,74
AK,M,1966,William,73
AK,M,1966,Mark,53
AK,M,1966,Scott,53
AK,M,1966,Steven,50
AK,M,1967,David,130
AK,M,1967,Michael,130
AK,M,1967,James,128
AK,M,1967,John,96
AK,M,1967,Robert,93
AK,M,1967,William,73
AK,M,1967,Richard,57
AK,M,1967,Mark,51
AK,M,1967,Thomas,48
AK,M,1967,Charles,42
AK,M,1968,John,149
AK,M,1968,David,132
AK,M,1968,Michael,121
AK,M,1968,Robert,114
AK,M,1968,James,106
AK,M,1968,Richard,73
AK,M,1968,William,62
AK,M,1968,Mark,57
AK,M,1968,Brian,56
AK,M,1968,Joseph,55
AK,M,1969,Michael,148
AK,M,1969,Robert,130
AK,M,1969,David,126
AK,M,1969,John,124
AK,M,1969,James,105
AK,M,1969,William,81
AK,M,1969,Mark,72
AK,M,1969,Christopher,65
AK,M,1969,Richard,65
AK,M,1969,Brian,58
AK,M,1970,Michael,165
AK,M,1970,John,133
AK,M,1970,David,131
AK,M,1970,James,114
AK,M,1970,Robert,111
AK,M,1970,Christopher,82
AK,M,1970,William,81
AK,M,1970,Richard,63
AK,M,1970,Thomas,61
AK,M,1970,Eric,60
AK,M,1971,John,136
AK,M,1971,Robert,135
AK,M,1971,Michael,130
AK,M,1971,David,109
AK,M,1971,James,106
AK,M,1971,William,92
AK,M,1971,Christopher,90
AK,M,1971,Jason,85
AK,M,1971,Brian,66
AK,M,1971,Scott,57
AK,M,1972,Michael,146
AK,M,1972,John,114
AK,M,1972,David,111
AK,M,1972,James,98
AK,M,1972,Christopher,89
AK,M,1972,Robert,86
AK,M,1972,Jason,78
AK,M,1972,William,70
AK,M,1972,Brian,63
AK,M,1972,Matthew,51
AK,M,1973,Michael,143
AK,M,1973,Jason,117
AK,M,1973,Christopher,81
AK,M,1973,James,78
AK,M,1973,David,75
AK,M,1973,William,66
AK,M,1973,Robert,65
AK,M,1973,Matthew,62
AK,M,1973,Brian,59
AK,M,1973,John,56
AK,M,1974,Michael,151
AK,M,1974,Jason,116
AK,M,1974,John,103
AK,M,1974,Robert,96
AK,M,1974,David,87
AK,M,1974,James,84
AK,M,1974,Christopher,83
AK,M,1974,William,72
AK,M,1974,Brian,63
AK,M,1974,Matthew,63
AK,M,1975,Michael,147
AK,M,1975,Jason,112
AK,M,1975,Robert,92
AK,M,1975,Christopher,90
AK,M,1975,David,87
AK,M,1975,James,85
AK,M,1975,John,82
AK,M,1975,Matthew,69
AK,M,1975,Brian,68
AK,M,1975,William,68
AK,M,1976,Jason,146
AK,M,1976,Michael,134
AK,M,1976,Christopher,112
AK,M,1976,David,101
AK,M,1976,James,92
AK,M,1976,John,87
AK,M,1976,Brian,79
AK,M,1976,Daniel,72
AK,M,1976,Robert,72
AK,M,1976,Matthew,60
AK,M,1977,Jason,133
AK,M,1977,Michael,133
AK,M,1977,Christopher,104
AK,M,1977,David,98
AK,M,1977,James,94
AK,M,1977,Robert,89
AK,M,1977,John,80
AK,M,1977,Brian,66
AK,M,1977,Daniel,65
AK,M,1977,Jeremy,64
AK,M,1978,Michael,149
AK,M,1978,Christopher,137
AK,M,1978,Jason,127
AK,M,1978,David,109
AK,M,1978,John,100
AK,M,1978,James,96
AK,M,1978,Robert,93
AK,M,1978,Joshua,87
AK,M,1978,Daniel,78
AK,M,1978,Joseph,72
AK,M,1979,Christopher,141
AK,M,1979,Michael,137
AK,M,1979,Jason,117
AK,M,1979,David,93
AK,M,1979,Matthew,90
AK,M,1979,Robert,90
AK,M,1979,James,89
AK,M,1979,Joshua,87
AK,M,1979,Daniel,84
AK,M,1979,John,81
AK,M,1980,Michael,145
AK,M,1980,Christopher,122
AK,M,1980,James,107
AK,M,1980,John,102
AK,M,1980,Joshua,102
AK,M,1980,Robert,99
AK,M,1980,David,98
AK,M,1980,Matthew,87
AK,M,1980,Jason,82
AK,M,1980,Justin,73
AK,M,1981,Michael,149
AK,M,1981,Christopher,135
AK,M,1981,David,126
AK,M,1981,Joshua,119
AK,M,1981,Matthew,108
AK,M,1981,James,96
AK,M,1981,Robert,95
AK,M,1981,Daniel,90
AK,M,1981,John,87
AK,M,1981,Jason,86
AK,M,1982,Michael,207
AK,M,1982,Christopher,166
AK,M,1982,Daniel,121
AK,M,1982,David,114
AK,M,1982,Joshua,114
AK,M,1982,Matthew,114
AK,M,1982,John,108
AK,M,1982,James,107
AK,M,1982,Jason,102
AK,M,1982,Robert,96
AK,M,1983,Christopher,190
AK,M,1983,Michael,163
AK,M,1983,Joshua,135
AK,M,1983,Matthew,135
AK,M,1983,David,123
AK,M,1983,Ryan,111
AK,M,1983,John,109
AK,M,1983,Robert,105
AK,M,1983,Daniel,104
AK,M,1983,William,99
AK,M,1984,Christopher,200
AK,M,1984,Michael,186
AK,M,1984,Matthew,159
AK,M,1984,Joshua,149
AK,M,1984,David,121
AK,M,1984,Daniel,118
AK,M,1984,Robert,113
AK,M,1984,Ryan,107
AK,M,1984,John,101
AK,M,1984,James,99
AK,M,1985,Michael,190
AK,M,1985,Christopher,180
AK,M,1985,Joshua,145
AK,M,1985,Matthew,136
AK,M,1985,Daniel,118
AK,M,1985,Ryan,117
AK,M,1985,David,116
AK,M,1985,John,110
AK,M,1985,James,107
AK,M,1985,Robert,94
AK,M,1986,Michael,170
AK,M,1986,Christopher,168
AK,M,1986,Matthew,128
AK,M,1986,Joshua,114
AK,M,1986,Ryan,113
AK,M,1986,David,106
AK,M,1986,Robert,104
AK,M,1986,James,103
AK,M,1986,Daniel,101
AK,M,1986,William,97
AK,M,1987,Christopher,174
AK,M,1987,Michael,173
AK,M,1987,Matthew,120
AK,M,1987,Ryan,105
AK,M,1987,Joshua,101
AK,M,1987,Robert,96
AK,M,1987,Justin,94
AK,M,1987,David,89
AK,M,1987,James,85
AK,M,1987,Andrew,83
AK,M,1988,Michael,181
AK,M,1988,Christopher,141
AK,M,1988,James,108
AK,M,1988,Joshua,108
AK,M,1988,David,100
AK,M,1988,Matthew,99
AK,M,1988,Joseph,94
AK,M,1988,Andrew,89
AK,M,1988,Kyle,84
AK,M,1988,Justin,82
AK,M,1989,Michael,159
AK,M,1989,Christopher,130
AK,M,1989,Joshua,123
AK,M,1989,Matthew,116
AK,M,1989,David,94
AK,M,1989,James,89
AK,M,1989,John,88
AK,M,1989,Andrew,87
AK,M,1989,Daniel,85
AK,M,1989,Robert,78
AK,M,1990,Michael,197
AK,M,1990,Christopher,152
AK,M,1990,Joshua,114
AK,M,1990,Matthew,100
AK,M,1990,David,99
AK,M,1990,Andrew,95
AK,M,1990,James,95
AK,M,1990,Jacob,87
AK,M,1990,Daniel,85
AK,M,1990,Ryan,83
AK,M,1991,Michael,149
AK,M,1991,Christopher,123
AK,M,1991,James,106
AK,M,1991,Joshua,104
AK,M,1991,Matthew,96
AK,M,1991,John,86
AK,M,1991,Daniel,85
AK,M,1991,David,84
AK,M,1991,Ryan,84
AK,M,1991,Kyle,81
AK,M,1992,Michael,159
AK,M,1992,Christopher,123
AK,M,1992,Joshua,98
AK,M,1992,Matthew,98
AK,M,1992,Tyler,98
AK,M,1992,Daniel,95
AK,M,1992,Jacob,87
AK,M,1992,James,83
AK,M,1992,Andrew,82
AK,M,1992,Robert,81
AK,M,1993,Michael,110
AK,M,1993,Tyler,103
AK,M,1993,Joshua,94
AK,M,1993,Jacob,85
AK,M,1993,Matthew,85
AK,M,1993,David,82
AK,M,1993,James,75
AK,M,1993,Christopher,74
AK,M,1993,John,74
AK,M,1993,Ryan,72
AK,M,1994,Michael,101
AK,M,1994,Jacob,95
AK,M,1994,Tyler,89
AK,M,1994,Christopher,85
AK,M,1994,Daniel,80
AK,M,1994,Matthew,75
AK,M,1994,James,73
AK,M,1994,Joshua,72
AK,M,1994,Brandon,70
AK,M,1994,John,68
AK,M,1995,Michael,88
AK,M,1995,Jacob,87
AK,M,1995,Brandon,74
AK,M,1995,Tyler,70
AK,M,1995,Matthew,65
AK,M,1995,Daniel,64
AK,M,1995,John,64
AK,M,1995,Joshua,64
AK,M,1995,Austin,63
AK,M,1995,Christopher,61
AK,M,1996,Michael,101
AK,M,1996,Jacob,100
AK,M,1996,John,78
AK,M,1996,David,71
AK,M,1996,James,70
AK,M,1996,Matthew,70
AK,M,1996,Christopher,69
AK,M,1996,William,68
AK,M,1996,Tyler,67
AK,M,1996,Daniel,66
AK,M,1997,Jacob,86
AK,M,1997,James,83
AK,M,1997,Michael,81
AK,M,1997,Joshua,75
AK,M,1997,Brandon,59
AK,M,1997,Joseph,59
AK,M,1997,John,58
AK,M,1997,Tyler,57
AK,M,1997,Zachary,56
AK,M,1997,Christopher,54
AK,M,1998,Michael,78
AK,M,1998,Jacob,74
AK,M,1998,Joshua,68
AK,M,1998,Brandon,64
AK,M,1998,David,62
AK,M,1998,Joseph,62
AK,M,1998,Matthew,56
AK,M,1998,Andrew,55
AK,M,1998,James,53
AK,M,1998,Austin,52
AK,M,1999,Jacob,96
AK,M,1999,Joshua,77
AK,M,1999,Michael,73
AK,M,1999,Tyler,59
AK,M,1999,Dylan,58
AK,M,1999,Joseph,56
AK,M,1999,Matthew,56
AK,M,1999,Alexander,55
AK,M,1999,Christopher,50
AK,M,1999,John,50
AK,M,2000,Michael,74
AK,M,2000,Jacob,68
AK,M,2000,William,65
AK,M,2000,Joshua,58
AK,M,2000,James,57
AK,M,2000,Andrew,54
AK,M,2000,Brandon,53
AK,M,2000,Matthew,53
AK,M,2000,Zachary,52
AK,M,2000,Daniel,50
AK,M,2001,Michael,68
AK,M,2001,Jacob,66
AK,M,2001,Tyler,62
AK,M,2001,Ethan,61
AK,M,2001,Joseph,57
AK,M,2001,William,53
AK,M,2001,Dylan,52
AK,M,2001,David,51
AK,M,2001,Joshua,48
AK,M,2001,Matthew,47
AK,M,2002,Jacob,75
AK,M,2002,Joshua,68
AK,M,2002,Michael,68
AK,M,2002,Ethan,56
AK,M,2002,Tyler,55
AK,M,2002,Joseph,51
AK,M,2002,Dylan,46
AK,M,2002,James,46
AK,M,2002,Matthew,43
AK,M,2002,William,41
AK,M,2003,Jacob,62
AK,M,2003,Joseph,60
AK,M,2003,Joshua,58
AK,M,2003,James,55
AK,M,2003,Ethan,52
AK,M,2003,Michael,52
AK,M,2003,Daniel,45
AK,M,2003,Dylan,45
AK,M,2003,Logan,43
AK,M,2003,Alexander,41
AK,M,2004,Ethan,65
AK,M,2004,Joseph,63
AK,M,2004,James,59
AK,M,2004,Jacob,54
AK,M,2004,Samuel,54
AK,M,2004,Tyler,54
AK,M,2004,Alexander,43
AK,M,2004,Joshua,43
AK,M,2004,Michael,43
AK,M,2004,Benjamin,42
AK,M,2005,Ethan,63
AK,M,2005,Jacob,58
AK,M,2005,Joshua,55
AK,M,2005,Michael,52
AK,M,2005,Joseph,49
AK,M,2005,William,49
AK,M,2005,Benjamin,45
AK,M,2005,John,44
AK,M,2005,Logan,44
AK,M,2005,Elijah,42
AK,M,2006,James,68
AK,M,2006,Jacob,55
AK,M,2006,Michael,55
AK,M,2006,Andrew,52
AK,M,2006,Ethan,52
AK,M,2006,Logan,51
AK,M,2006,Benjamin,47
AK,M,2006,William,46
AK,M,2006,Alexander,45
AK,M,2006,Aiden,43
AK,M,2007,Aiden,58
AK,M,2007,Ethan,53
AK,M,2007,Logan,53
AK,M,2007,Alexander,52
AK,M,2007,Michael,52
AK,M,2007,Jacob,49
AK,M,2007,William,49
AK,M,2007,Tyler,48
AK,M,2007,Noah,47
AK,M,2007,James,44
AK,M,2008,James,68
AK,M,2008,Jacob,60
AK,M,2008,Michael,58
AK,M,2008,Ethan,53
AK,M,2008,Tyler,50
AK,M,2008,Aiden,48
AK,M,2008,Joshua,47
AK,M,2008,Matthew,45
AK,M,2008,Noah,45
AK,M,2008,Joseph,44
AK,M,2009,Michael,58
AK,M,2009,Ethan,57
AK,M,2009,James,49
AK,M,2009,Logan,49
AK,M,2009,Samuel,49
AK,M,2009,Elijah,48
AK,M,2009,Joseph,47
AK,M,2009,William,47
AK,M,2009,David,45
AK,M,2009,Gabriel,45
AK,M,2010,William,57
AK,M,2010,James,51
AK,M,2010,Michael,51
AK,M,2010,Logan,50
AK,M,2010,Jacob,46
AK,M,2010,Ethan,43
AK,M,2010,Alexander,42
AK,M,2010,Joshua,41
AK,M,2010,Elijah,40
AK,M,2010,Liam,40
AK,M,2011,Mason,58
AK,M,2011,James,53
AK,M,2011,William,52
AK,M,2011,Liam,48
AK,M,2011,Ethan,45
AK,M,2011,Logan,45
AK,M,2011,Wyatt,45
AK,M,2011,Michael,43
AK,M,2011,Daniel,42
AK,M,2011,Elijah,40
AK,M,2012,James,52
AK,M,2012,Ethan,47
AK,M,2012,Liam,47
AK,M,2012,Gabriel,43
AK,M,2012,Jacob,43
AK,M,2012,William,42
AK,M,2012,Mason,41
AK,M,2012,Noah,41
AK,M,2012,Michael,39
AK,M,2012,Elijah,38
AK,M,2013,Liam,64
AK,M,2013,William,49
AK,M,2013,Mason,47
AK,M,2013,Noah,46
AK,M,2013,Wyatt,46
AK,M,2013,Ethan,44
AK,M,2013,Jacob,43
AK,M,2013,Logan,40
AK,M,2013,Elijah,39
AK,M,2013,Alexander,38
AK,M,2014,Liam,66
AK,M,2014,James,55
AK,M,2014,Noah,47
AK,M,2014,Wyatt,47
AK,M,2014,Gabriel,46
AK,M,2014,Lucas,40
AK,M,2014,Ethan,39
AK,M,2014,Alexander,38
AK,M,2014,Joseph,38
AK,M,2014,Benjamin,37
AK,M,2015,Liam,53
AK,M,2015,Noah,48
AK,M,2015,James,46
AK,M,2015,William,44
AK,M,2015,Oliver,41
AK,M,2015,Joseph,40
AK,M,2015,Gabriel,39
AK,M,2015,Owen,39
AK,M,2015,Alexander,37
AK,M,2015,Michael,37
AK,M,2016,James,47
AK,M,2016,Liam,46
AK,M,2016,Oliver,46
AK,M,2016,William,46
AK,M,2016,Joseph,41
AK,M,2016,Lucas,41
AK,M,2016,Noah,40
AK,M,2016,Owen,40
AK,M,2016,Logan,39
AK,M,2016,Mason,39
AK,M,2017,James,47
AK,M,2017,Liam,46
AK,M,2017,Wyatt,41
AK,M,2017,Oliver,38
AK,M,2017,William,38
AK,M,2017,Noah,37
AK,M,2017,Logan,36
AK,M,2017,Elijah,35
AK,M,2017,Benjamin,33
AK,M,2017,Mason,33
AK,M,2018,Oliver,53
AK,M,2018,Logan,44
AK,M,2018,Liam,42
AK,M,2018,Elijah,40
AK,M,2018,Michael,40
AK,M,2018,Benjamin,39
AK,M,2018,James,36
AK,M,2018,William,33
AK,M,2018,Grayson,31
AK,M,2018,Jackson,30
AK,M,2019,Liam,52
AK,M,2019,Oliver,46
AK,M,2019,Henry,41
AK,M,2019,James,40
AK,M,2019,Noah,38
AK,M,2019,William,34
AK,M,2019,Logan,32
AK,M,2019,Gabriel,31
AK,M,2019,Jackson,31
AK,M,2019,Samuel,30
