AL,F,1920,Mary,2360
AL,F,1920,Annie,965
AL,F,1920,Margaret,511
AL,F,1920,Willie,510
AL,F,1920,Mildred,478
AL,F,1920,Ruby,467
AL,F,1920,Ruth,467
AL,F,1920,Dorothy,460
AL,F,1920,Louise,427
AL,F,1920,Helen,387
AL,F,1921,Mary,2316
AL,F,1921,Annie,957
AL,F,1921,Dorothy,567
AL,F,1921,Willie,514
AL,F,1921,Margaret,489
AL,F,1921,Mildred,488
AL,F,1921,Ruby,468
AL,F,1921,Louise,456
AL,F,1921,Ruth,433
AL,F,1921,Frances,410
AL,F,1922,Mary,2383
AL,F,1922,Annie,1020
AL,F,1922,Dorothy,618
AL,F,1922,Willie,550
AL,F,1922,Margaret,530
AL,F,1922,Ruby,491
AL,F,1922,Mildred,459
AL,F,1922,Louise,421
AL,F,1922,Helen,410
AL,F,1922,Frances,396
AL,F,1923,Mary,2419
AL,F,1923,Annie,952
AL,F,1923,Dorothy,651
AL,F,1923,Willie,543
AL,F,1923,Margaret,516
AL,F,1923,Mildred,499
AL,F,1923,Ruby,478
AL,F,1923,Louise,444
AL,F,1923,Ruth,420
AL,F,1923,Helen,408
AL,F,1924,Mary,2597
AL,F,1924,Annie,1006
AL,F,1924,Dorothy,705
AL,F,1924,Margaret,568
AL,F,1924,Mildred,553
AL,F,1924,Ruby,540
AL,F,1924,Willie,527
AL,F,1924,Ruth,469
AL,F,1924,Helen,455
AL,F,1924,Louise,450
AL,F,1925,Mary,2694
AL,F,1925,Annie,1053
AL,F,1925,Dorothy,755
AL,F,1925,Willie,585
AL,F,1925,Mildred,525
AL,F,1925,Margaret,511
AL,F,1925,Ruby,474
AL,F,1925,Louise,466
AL,F,1925,Helen,445
AL,F,1925,Ruth,429
AL,F,1926,Mary,2533
AL,F,1926,Annie,972
AL,F,1926,Dorothy,839
AL,F,1926,Margaret,576
AL,F,1926,Willie,555
AL,F,1926,Mildred,517
AL,F,1926,Ruby,475
AL,F,1926,Frances,462
AL,F,1926,Louise,445
AL,F,1926,Helen,430
AL,F,1927,Mary,2613
AL,F,1927,Annie,950
AL,F,1927,Dorothy,872
AL,F,1927,Willie,572
AL,F,1927,Betty,561
AL,F,1927,Mildred,549
AL,F,1927,Margaret,517
AL,F,1927,Helen,472
AL,F,1927,Ruby,466
AL,F,1927,Frances,464
AL,F,1928,Mary,2501
AL,F,1928,Annie,934
AL,F,1928,Dorothy,901
AL,F,1928,Betty,762
AL,F,1928,Willie,535
AL,F,1928,Mildred,485
AL,F,1928,Margaret,476
AL,F,1928,Doris,441
AL,F,1928,Ruby,434
AL,F,1928,Helen,421
AL,F,1929,Mary,2341
AL,F,1929,Betty,907
AL,F,1929,Annie,892
AL,F,1929,Dorothy,862
AL,F,1929,Margaret,495
AL,F,1929,Willie,480
AL,F,1929,Helen,437
AL,F,1929,Doris,434
AL,F,1929,Mildred,415
AL,F,1929,Ruby,395
AL,F,1930,Mary,2398
AL,F,1930,Betty,1166
AL,F,1930,Dorothy,864
AL,F,1930,Annie,815
AL,F,1930,Doris,466
AL,F,1930,Willie,466
AL,F,1930,Mildred,421
AL,F,1930,Margaret,419
AL,F,1930,Helen,415
AL,F,1930,Ruby,402
AL,F,1931,Mary,2273
AL,F,1931,Betty,1313
AL,F,1931,Dorothy,787
AL,F,1931,Annie,755
AL,F,1931,Doris,463
AL,F,1931,Martha,418
AL,F,1931,Willie,415
AL,F,1931,Margaret,406
AL,F,1931,Helen,394
AL,F,1931,Ruby,390
AL,F,1932,Mary,2338
AL,F,1932,Betty,1351
AL,F,1932,Annie,806
AL,F,1932,Dorothy,787
AL,F,1932,Margaret,415
AL,F,1932,Martha,404
AL,F,1932,Helen,402
AL,F,1932,Willie,393
AL,F,1932,Doris,388
AL,F,1932,Barbara,354
AL,F,1933,Mary,2108
AL,F,1933,Betty,1254
AL,F,1933,Annie,762
AL,F,1933,Dorothy,732
AL,F,1933,Barbara,416
AL,F,1933,Margaret,407
AL,F,1933,Doris,403
AL,F,1933,Martha,392
AL,F,1933,Helen,366
AL,F,1933,Willie,355
AL,F,1934,Mary,2287
AL,F,1934,Betty,1506
AL,F,1934,Dorothy,832
AL,F,1934,Annie,786
AL,F,1934,Barbara,524
AL,F,1934,Martha,484
AL,F,1934,Doris,422
AL,F,1934,Margaret,412
AL,F,1934,Willie,387
AL,F,1934,Ruby,353
AL,F,1935,Mary,2214
AL,F,1935,Betty,1418
AL,F,1935,Annie,785
AL,F,1935,Dorothy,768
AL,F,1935,Shirley,718
AL,F,1935,Barbara,573
AL,F,1935,Martha,470
AL,F,1935,Doris,402
AL,F,1935,Margaret,368
AL,F,1935,Willie,362
AL,F,1936,Mary,2016
AL,F,1936,Betty,1266
AL,F,1936,Shirley,739
AL,F,1936,Annie,734
AL,F,1936,Dorothy,704
AL,F,1936,Barbara,617
AL,F,1936,Martha,467
AL,F,1936,Margaret,412
AL,F,1936,Doris,346
AL,F,1936,Willie,334
AL,F,1937,Mary,2155
AL,F,1937,Betty,1241
AL,F,1937,Barbara,765
AL,F,1937,Shirley,670
AL,F,1937,Annie,667
AL,F,1937,Dorothy,639
AL,F,1937,Martha,514
AL,F,1937,Margaret,389
AL,F,1937,Doris,345
AL,F,1937,Peggy,344
AL,F,1938,Mary,2191
AL,F,1938,Betty,1241
AL,F,1938,Barbara,801
AL,F,1938,Dorothy,732
AL,F,1938,Annie,731
AL,F,1938,Shirley,628
AL,F,1938,Martha,564
AL,F,1938,Margaret,415
AL,F,1938,Carolyn,382
AL,F,1938,Doris,381
AL,F,1939,Mary,2075
AL,F,1939,Betty,1195
AL,F,1939,Barbara,767
AL,F,1939,Annie,655
AL,F,1939,Dorothy,603
AL,F,1939,Shirley,590
AL,F,1939,Martha,573
AL,F,1939,Patricia,428
AL,F,1939,Carolyn,408
AL,F,1939,Margaret,408
AL,F,1940,Mary,2077
AL,F,1940,Betty,1158
AL,F,1940,Barbara,817
AL,F,1940,Dorothy,662
AL,F,1940,Annie,655
AL,F,1940,Shirley,572
AL,F,1940,Martha,535
AL,F,1940,Patricia,510
AL,F,1940,Margaret,419
AL,F,1940,Carolyn,408
AL,F,1941,Mary,2099
AL,F,1941,Betty,1009
AL,F,1941,Barbara,915
AL,F,1941,Dorothy,659
AL,F,1941,Linda,604
AL,F,1941,Annie,602
AL,F,1941,Patricia,602
AL,F,1941,Martha,561
AL,F,1941,Shirley,530
AL,F,1941,Carolyn,479
AL,F,1942,Mary,2354
AL,F,1942,Betty,1047
AL,F,1942,Barbara,1031
AL,F,1942,Dorothy,772
AL,F,1942,Linda,746
AL,F,1942,Patricia,683
AL,F,1942,Martha,661
AL,F,1942,Carolyn,645
AL,F,1942,Shirley,622
AL,F,1942,Annie,615
AL,F,1943,Mary,2306
AL,F,1943,Betty,1098
AL,F,1943,Barbara,1075
AL,F,1943,Linda,980
AL,F,1943,Patricia,858
AL,F,1943,Dorothy,730
AL,F,1943,Carolyn,697
AL,F,1943,Shirley,655
AL,F,1943,Martha,617
AL,F,1943,Annie,615
AL,F,1944,Mary,2080
AL,F,1944,Linda,1171
AL,F,1944,Barbara,988
AL,F,1944,Betty,965
AL,F,1944,Patricia,756
AL,F,1944,Carolyn,659
AL,F,1944,Dorothy,656
AL,F,1944,Shirley,626
AL,F,1944,Martha,618
AL,F,1944,Annie,568
AL,F,1945,Mary,2081
AL,F,1945,Linda,1168
AL,F,1945,Barbara,976
AL,F,1945,Betty,944
AL,F,1945,Patricia,838
AL,F,1945,Shirley,670
AL,F,1945,Carolyn,633
AL,F,1945,Dorothy,628
AL,F,1945,Annie,590
AL,F,1945,Martha,530
AL,F,1946,Mary,2106
AL,F,1946,Linda,1426
AL,F,1946,Barbara,1046
AL,F,1946,Betty,1045
AL,F,1946,Patricia,958
AL,F,1946,Carolyn,738
AL,F,1946,Shirley,687
AL,F,1946,Brenda,671
AL,F,1946,Sandra,646
AL,F,1946,Dorothy,636
AL,F,1947,Mary,2116
AL,F,1947,Linda,2059
AL,F,1947,Patricia,1209
AL,F,1947,Barbara,1148
AL,F,1947,Betty,959
AL,F,1947,Brenda,869
AL,F,1947,Carolyn,786
AL,F,1947,Sandra,741
AL,F,1947,Shirley,726
AL,F,1947,Judy,700
AL,F,1948,Mary,2074
AL,F,1948,Linda,2046
AL,F,1948,Barbara,1094
AL,F,1948,Patricia,1058
AL,F,1948,Brenda,1004
AL,F,1948,Betty,796
AL,F,1948,Shirley,710
AL,F,1948,Carolyn,685
AL,F,1948,Sandra,649
AL,F,1948,Judy,644
AL,F,1949,Mary,1975
AL,F,1949,Linda,1974
AL,F,1949,Patricia,1090
AL,F,1949,Brenda,1079
AL,F,1949,Barbara,1053
AL,F,1949,Betty,700
AL,F,1949,Shirley,699
AL,F,1949,Sandra,691
AL,F,1949,Carolyn,684
AL,F,1949,Judy,585
AL,F,1950,Mary,1840
AL,F,1950,Linda,1694
AL,F,1950,Brenda,1094
AL,F,1950,Patricia,1070
AL,F,1950,Barbara,945
AL,F,1950,Sandra,722
AL,F,1950,Betty,654
AL,F,1950,Shirley,630
AL,F,1950,Carolyn,570
AL,F,1950,Deborah,566
AL,F,1951,Mary,1708
AL,F,1951,Linda,1511
AL,F,1951,Patricia,1096
AL,F,1951,Brenda,1051
AL,F,1951,Deborah,898
AL,F,1951,Barbara,792
AL,F,1951,Betty,616
AL,F,1951,Sandra,609
AL,F,1951,Carolyn,591
AL,F,1951,Judy,583
AL,F,1952,Mary,1717
AL,F,1952,Linda,1393
AL,F,1952,Patricia,1096
AL,F,1952,Deborah,1035
AL,F,1952,Brenda,1029
AL,F,1952,Barbara,777
AL,F,1952,Shirley,601
AL,F,1952,Sandra,599
AL,F,1952,Betty,552
AL,F,1952,Carolyn,495
AL,F,1953,Mary,1501
AL,F,1953,Linda,1247
AL,F,1953,Deborah,1145
AL,F,1953,Patricia,1076
AL,F,1953,Brenda,941
AL,F,1953,Barbara,754
AL,F,1953,Shirley,580
AL,F,1953,Debra,575
AL,F,1953,Sandra,544
AL,F,1953,Donna,517
AL,F,1954,Mary,1451
AL,F,1954,Linda,1117
AL,F,1954,Deborah,1112
AL,F,1954,Patricia,982
AL,F,1954,Brenda,895
AL,F,1954,Debra,806
AL,F,1954,Barbara,729
AL,F,1954,Sandra,545
AL,F,1954,Donna,540
AL,F,1954,Shirley,524
AL,F,1955,Mary,1355
AL,F,1955,Linda,1085
AL,F,1955,Deborah,996
AL,F,1955,Patricia,919
AL,F,1955,Debra,887
AL,F,1955,Brenda,785
AL,F,1955,Barbara,680
AL,F,1955,Sandra,568
AL,F,1955,Donna,557
AL,F,1955,Susan,521
AL,F,1956,Mary,1246
AL,F,1956,Linda,974
AL,F,1956,Deborah,973
AL,F,1956,Debra,875
AL,F,1956,Patricia,843
AL,F,1956,Brenda,762
AL,F,1956,Sharon,618
AL,F,1956,Barbara,604
AL,F,1956,Donna,596
AL,F,1956,Cynthia,586
AL,F,1957,Mary,1224
AL,F,1957,Linda,889
AL,F,1957,Debra,849
AL,F,1957,Deborah,848
AL,F,1957,Brenda,819
AL,F,1957,Cynthia,805
AL,F,1957,Patricia,778
AL,F,1957,Donna,637
AL,F,1957,Sharon,614
AL,F,1957,Kathy,578
AL,F,1958,Mary,1043
AL,F,1958,Linda,783
AL,F,1958,Debra,758
AL,F,1958,Cynthia,755
AL,F,1958,Patricia,753
AL,F,1958,Deborah,706
AL,F,1958,Brenda,643
AL,F,1958,Donna,608
AL,F,1958,Susan,601
AL,F,1958,Kathy,592
AL,F,1959,Mary,1049
AL,F,1959,Donna,850
AL,F,1959,Linda,776
AL,F,1959,Cynthia,772
AL,F,1959,Debra,705
AL,F,1959,Patricia,684
AL,F,1959,Deborah,591
AL,F,1959,Brenda,590
AL,F,1959,Sandra,590
AL,F,1959,Pamela,562
AL,F,1960,Mary,981
AL,F,1960,Donna,784
AL,F,1960,Linda,727
AL,F,1960,Cynthia,723
AL,F,1960,Brenda,650
AL,F,1960,Lisa,615
AL,F,1960,Patricia,615
AL,F,1960,Debra,565
AL,F,1960,Teresa,551
AL,F,1960,Pamela,539
AL,F,1961,Mary,932
AL,F,1961,Lisa,736
AL,F,1961,Donna,684
AL,F,1961,Cynthia,657
AL,F,1961,Linda,608
AL,F,1961,Brenda,600
AL,F,1961,Teresa,577
AL,F,1961,Patricia,559
AL,F,1961,Sandra,552
AL,F,1961,Pamela,526
AL,F,1962,Mary,821
AL,F,1962,Lisa,778
AL,F,1962,Cynthia,690
AL,F,1962,Donna,613
AL,F,1962,Linda,547
AL,F,1962,Teresa,533
AL,F,1962,Brenda,509
AL,F,1962,Sandra,507
AL,F,1962,Sharon,499
AL,F,1962,Pamela,496
AL,F,1963,Lisa,854
AL,F,1963,Mary,781
AL,F,1963,Cynthia,630
AL,F,1963,Donna,601
AL,F,1963,Tammy,550
AL,F,1963,Teresa,525
AL,F,1963,Sandra,524
AL,F,1963,Pamela,518
AL,F,1963,Angela,486
AL,F,1963,Sharon,457
AL,F,1964,Lisa,825
AL,F,1964,Mary,800
AL,F,1964,Cynthia,614
AL,F,1964,Angela,571
AL,F,1964,Donna,552
AL,F,1964,Pamela,536
AL,F,1964,Tammy,511
AL,F,1964,Sharon,482
AL,F,1964,Teresa,472
AL,F,1964,Karen,460
AL,F,1965,Lisa,930
AL,F,1965,Mary,715
AL,F,1965,Angela,699
AL,F,1965,Cynthia,591
AL,F,1965,Kimberly,578
AL,F,1965,Donna,512
AL,F,1965,Tammy,497
AL,F,1965,Karen,488
AL,F,1965,Pamela,480
AL,F,1965,Sharon,459
AL,F,1966,Lisa,795
AL,F,1966,Mary,645
AL,F,1966,Angela,636
AL,F,1966,Kimberly,636
AL,F,1966,Tammy,542
AL,F,1966,Cynthia,474
AL,F,1966,Pamela,447
AL,F,1966,Donna,439
AL,F,1966,Sharon,390
AL,F,1966,Karen,355
AL,F,1967,Lisa,705
AL,F,1967,Kimberly,642
AL,F,1967,Angela,634
AL,F,1967,Mary,590
AL,F,1967,Tammy,510
AL,F,1967,Cynthia,441
AL,F,1967,Pamela,428
AL,F,1967,Sharon,395
AL,F,1967,Melissa,394
AL,F,1967,Donna,379
AL,F,1968,Lisa,695
AL,F,1968,Kimberly,647
AL,F,1968,Angela,621
AL,F,1968,Tammy,540
AL,F,1968,Mary,496
AL,F,1968,Melissa,403
AL,F,1968,Pamela,397
AL,F,1968,Jennifer,387
AL,F,1968,Cynthia,357
AL,F,1968,Donna,334
AL,F,1969,Kimberly,657
AL,F,1969,Angela,611
AL,F,1969,Lisa,524
AL,F,1969,Tammy,514
AL,F,1969,Mary,465
AL,F,1969,Jennifer,407
AL,F,1969,Pamela,396
AL,F,1969,Cynthia,380
AL,F,1969,Melissa,365
AL,F,1969,Tracy,358
AL,F,1970,Kimberly,735
AL,F,1970,Angela,711
AL,F,1970,Jennifer,603
AL,F,1970,Tammy,544
AL,F,1970,Lisa,460
AL,F,1970,Mary,455
AL,F,1970,Tracy,425
AL,F,1970,Pamela,407
AL,F,1970,Amy,399
AL,F,1970,Stephanie,373
AL,F,1971,Jennifer,727
AL,F,1971,Angela,719
AL,F,1971,Kimberly,657
AL,F,1971,Tammy,475
AL,F,1971,Mary,444
AL,F,1971,Amy,421
AL,F,1971,Lisa,387
AL,F,1971,Stephanie,375
AL,F,1971,Melissa,364
AL,F,1971,Pamela,358
AL,F,1972,Jennifer,816
AL,F,1972,Angela,671
AL,F,1972,Kimberly,603
AL,F,1972,Stephanie,440
AL,F,1972,Amy,432
AL,F,1972,Tammy,367
AL,F,1972,Mary,360
AL,F,1972,Melissa,341
AL,F,1972,Lisa,331
AL,F,1972,Tracy,304
AL,F,1973,Jennifer,882
AL,F,1973,Angela,548
AL,F,1973,Kimberly,545
AL,F,1973,Amy,469
AL,F,1973,Stephanie,457
AL,F,1973,Mary,320
AL,F,1973,Melissa,292
AL,F,1973,Tammy,287
AL,F,1973,Lisa,280
AL,F,1973,Tonya,269
AL,F,1974,Jennifer,987
AL,F,1974,Angela,562
AL,F,1974,Kimberly,523
AL,F,1974,Amy,493
AL,F,1974,Stephanie,396
AL,F,1974,Mary,339
AL,F,1974,Amanda,317
AL,F,1974,Heather,307
AL,F,1974,Christy,288
AL,F,1974,Melissa,286
AL,F,1975,Jennifer,880
AL,F,1975,Amy,545
AL,F,1975,Kimberly,516
AL,F,1975,Angela,501
AL,F,1975,Amanda,430
AL,F,1975,Heather,398
AL,F,1975,Stephanie,359
AL,F,1975,Melissa,312
AL,F,1975,April,263
AL,F,1975,Mary,254
AL,F,1976,Jennifer,905
AL,F,1976,Amy,579
AL,F,1976,Kimberly,483
AL,F,1976,Amanda,462
AL,F,1976,Angela,422
AL,F,1976,Heather,363
AL,F,1976,Stephanie,340
AL,F,1976,Melissa,321
AL,F,1976,Mary,290
AL,F,1976,Shannon,244
AL,F,1977,Jennifer,965
AL,F,1977,Amanda,584
AL,F,1977,Amy,539
AL,F,1977,Kimberly,440
AL,F,1977,Heather,409
AL,F,1977,Angela,396
AL,F,1977,Stephanie,367
AL,F,1977,Melissa,320
AL,F,1977,April,290
AL,F,1977,Jessica,277
AL,F,1978,Jennifer,800
AL,F,1978,Amanda,523
AL,F,1978,Amy,419
AL,F,1978,Kimberly,418
AL,F,1978,Heather,383
AL,F,1978,April,374
AL,F,1978,Melissa,359
AL,F,1978,Angela,355
AL,F,1978,Stephanie,331
AL,F,1978,Jessica,293
AL,F,1979,Jennifer,855
AL,F,1979,Amanda,823
AL,F,1979,Kimberly,464
AL,F,1979,April,461
AL,F,1979,Amy,404
AL,F,1979,Melissa,396
AL,F,1979,Stephanie,359
AL,F,1979,Angela,330
AL,F,1979,Heather,320
AL,F,1979,Jessica,320
AL,F,1980,Jennifer,923
AL,F,1980,Amanda,875
AL,F,1980,Kimberly,507
AL,F,1980,April,466
AL,F,1980,Jessica,464
AL,F,1980,Melissa,381
AL,F,1980,Tiffany,362
AL,F,1980,Stephanie,339
AL,F,1980,Amy,335
AL,F,1980,Mary,320
AL,F,1981,Jennifer,949
AL,F,1981,Amanda,694
AL,F,1981,Jessica,571
AL,F,1981,Kimberly,447
AL,F,1981,Tiffany,405
AL,F,1981,Stephanie,399
AL,F,1981,April,389
AL,F,1981,Amy,375
AL,F,1981,Crystal,335
AL,F,1981,Melissa,329
AL,F,1982,Jennifer,871
AL,F,1982,Jessica,700
AL,F,1982,Amanda,660
AL,F,1982,Tiffany,451
AL,F,1982,Crystal,437
AL,F,1982,Ashley,436
AL,F,1982,Kimberly,354
AL,F,1982,April,339
AL,F,1982,Stephanie,326
AL,F,1982,Amy,323
AL,F,1983,Jennifer,897
AL,F,1983,Ashley,750
AL,F,1983,Jessica,736
AL,F,1983,Amanda,647
AL,F,1983,Crystal,417
AL,F,1983,Tiffany,409
AL,F,1983,Stephanie,368
AL,F,1983,Heather,349
AL,F,1983,Kimberly,325
AL,F,1983,Amy,297
AL,F,1984,Ashley,816
AL,F,1984,Jessica,755
AL,F,1984,Jennifer,741
AL,F,1984,Amanda,595
AL,F,1984,Crystal,386
AL,F,1984,Tiffany,383
AL,F,1984,Heather,359
AL,F,1984,Kimberly,347
AL,F,1984,Stephanie,313
AL,F,1984,Elizabeth,279
AL,F,1985,Ashley,980
AL,F,1985,Jessica,834
AL,F,1985,Jennifer,609
AL,F,1985,Amanda,606
AL,F,1985,Kimberly,378
AL,F,1985,Brittany,351
AL,F,1985,Tiffany,351
AL,F,1985,Crystal,333
AL,F,1985,Heather,324
AL,F,1985,Stephanie,313
AL,F,1986,Ashley,929
AL,F,1986,Jessica,911
AL,F,1986,Amanda,567
AL,F,1986,Jennifer,479
AL,F,1986,Brittany,478
AL,F,1986,Tiffany,386
AL,F,1986,Heather,372
AL,F,1986,Kimberly,325
AL,F,1986,Amber,318
AL,F,1986,Whitney,294
AL,F,1987,Ashley,1011
AL,F,1987,Jessica,998
AL,F,1987,Amanda,556
AL,F,1987,Brittany,528
AL,F,1987,Jennifer,423
AL,F,1987,Tiffany,404
AL,F,1987,Amber,370
AL,F,1987,Heather,345
AL,F,1987,Kimberly,312
AL,F,1987,Whitney,307
AL,F,1988,Jessica,954
AL,F,1988,Ashley,901
AL,F,1988,Brittany,585
AL,F,1988,Amanda,506
AL,F,1988,Tiffany,502
AL,F,1988,Heather,335
AL,F,1988,Amber,324
AL,F,1988,Kayla,320
AL,F,1988,Jennifer,318
AL,F,1988,Sarah,314
AL,F,1989,Ashley,895
AL,F,1989,Jessica,863
AL,F,1989,Brittany,837
AL,F,1989,Tiffany,448
AL,F,1989,Amanda,411
AL,F,1989,Kayla,379
AL,F,1989,Amber,365
AL,F,1989,Sarah,335
AL,F,1989,Lauren,315
AL,F,1989,Jennifer,314
AL,F,1990,Ashley,823
AL,F,1990,Brittany,789
AL,F,1990,Jessica,772
AL,F,1990,Kayla,479
AL,F,1990,Amanda,405
AL,F,1990,Jasmine,369
AL,F,1990,Amber,367
AL,F,1990,Tiffany,352
AL,F,1990,Courtney,330
AL,F,1990,Lauren,313
AL,F,1991,Ashley,776
AL,F,1991,Jessica,698
AL,F,1991,Brittany,585
AL,F,1991,Kayla,524
AL,F,1991,Jasmine,370
AL,F,1991,Amber,357
AL,F,1991,Amanda,336
AL,F,1991,Lauren,326
AL,F,1991,Emily,318
AL,F,1991,Tiffany,306
AL,F,1992,Jessica,660
AL,F,1992,Ashley,645
AL,F,1992,Brittany,526
AL,F,1992,Kayla,391
AL,F,1992,Jasmine,356
AL,F,1992,Amber,335
AL,F,1992,Emily,328
AL,F,1992,Sarah,314
AL,F,1992,Courtney,302
AL,F,1992,Hannah,272
AL,F,1993,Ashley,650
AL,F,1993,Jessica,582
AL,F,1993,Brittany,511
AL,F,1993,Kayla,382
AL,F,1993,Amber,368
AL,F,1993,Taylor,368
AL,F,1993,Emily,337
AL,F,1993,Sarah,333
AL,F,1993,Jasmine,316
AL,F,1993,Hannah,296
AL,F,1994,Ashley,508
AL,F,1994,Jessica,476
AL,F,1994,Brittany,422
AL,F,1994,Kayla,362
AL,F,1994,Emily,352
AL,F,1994,Hannah,332
AL,F,1994,Amber,319
AL,F,1994,Sarah,316
AL,F,1994,Jasmine,309
AL,F,1994,Taylor,306
AL,F,1995,Jessica,451
AL,F,1995,Ashley,429
AL,F,1995,Hannah,391
AL,F,1995,Emily,349
AL,F,1995,Brittany,342
AL,F,1995,Kayla,323
AL,F,1995,Taylor,318
AL,F,1995,Amber,299
AL,F,1995,Jasmine,291
AL,F,1995,Mary,282
AL,F,1996,Hannah,394
AL,F,1996,Emily,384
AL,F,1996,Ashley,356
AL,F,1996,Jessica,354
AL,F,1996,Brittany,318
AL,F,1996,Taylor,305
AL,F,1996,Kayla,301
AL,F,1996,Alexis,289
AL,F,1996,Sarah,279
AL,F,1996,Mary,276
AL,F,1997,Hannah,426
AL,F,1997,Emily,383
AL,F,1997,Ashley,354
AL,F,1997,Sarah,346
AL,F,1997,Taylor,330
AL,F,1997,Madison,327
AL,F,1997,Jessica,324
AL,F,1997,Alexis,321
AL,F,1997,Anna,316
AL,F,1997,Kayla,278
AL,F,1998,Hannah,458
AL,F,1998,Alexis,389
AL,F,1998,Emily,378
AL,F,1998,Madison,343
AL,F,1998,Taylor,340
AL,F,1998,Sarah,326
AL,F,1998,Ashley,304
AL,F,1998,Anna,303
AL,F,1998,Lauren,261
AL,F,1998,Jessica,255
AL,F,1999,Hannah,475
AL,F,1999,Emily,382
AL,F,1999,Madison,367
AL,F,1999,Alexis,358
AL,F,1999,Anna,314
AL,F,1999,Taylor,313
AL,F,1999,Sarah,297
AL,F,1999,Mary,269
AL,F,1999,Elizabeth,241
AL,F,1999,Ashley,231
AL,F,2000,Hannah,443
AL,F,2000,Anna,386
AL,F,2000,Madison,382
AL,F,2000,Emily,371
AL,F,2000,Sarah,305
AL,F,2000,Alexis,284
AL,F,2000,Taylor,280
AL,F,2000,Mary,261
AL,F,2000,Elizabeth,242
AL,F,2000,Kayla,239
AL,F,2001,Madison,418
AL,F,2001,Hannah,414
AL,F,2001,Anna,378
AL,F,2001,Emily,370
AL,F,2001,Sarah,299
AL,F,2001,Alexis,287
AL,F,2001,Taylor,242
AL,F,2001,Mary,234
AL,F,2001,Destiny,227
AL,F,2001,Lauren,226
AL,F,2002,Madison,439
AL,F,2002,Hannah,405
AL,F,2002,Anna,399
AL,F,2002,Emily,308
AL,F,2002,Alexis,274
AL,F,2002,Mary,265
AL,F,2002,Sarah,253
AL,F,2002,Elizabeth,244
AL,F,2002,Emma,235
AL,F,2002,Lauren,219
AL,F,2003,Madison,408
AL,F,2003,Emma,407
AL,F,2003,Emily,352
AL,F,2003,Hannah,334
AL,F,2003,Anna,308
AL,F,2003,Sarah,240
AL,F,2003,Alexis,231
AL,F,2003,Olivia,221
AL,F,2003,Abigail,218
AL,F,2003,Elizabeth,208
AL,F,2004,Emma,388
AL,F,2004,Madison,382
AL,F,2004,Emily,335
AL,F,2004,Hannah,320
AL,F,2004,Anna,305
AL,F,2004,Alexis,229
AL,F,2004,Sarah,226
AL,F,2004,Olivia,219
AL,F,2004,Abigail,216
AL,F,2004,Elizabeth,204
AL,F,2005,Madison,403
AL,F,2005,Emma,399
AL,F,2005,Emily,335
AL,F,2005,Anna,307
AL,F,2005,Hannah,255
AL,F,2005,Abigail,238
AL,F,2005,Sarah,222
AL,F,2005,Mary,221
AL,F,2005,Chloe,200
AL,F,2005,Olivia,199
AL,F,2006,Madison,385
AL,F,2006,Emma,366
AL,F,2006,Anna,311
AL,F,2006,Emily,293
AL,F,2006,Hannah,256
AL,F,2006,Sarah,223
AL,F,2006,Elizabeth,217
AL,F,2006,Olivia,214
AL,F,2006,Abigail,212
AL,F,2006,Isabella,196
AL,F,2007,Emma,380
AL,F,2007,Madison,362
AL,F,2007,Emily,260
AL,F,2007,Hannah,260
AL,F,2007,Elizabeth,255
AL,F,2007,Ava,249
AL,F,2007,Addison,234
AL,F,2007,Anna,230
AL,F,2007,Olivia,222
AL,F,2007,Abigail,220
AL,F,2008,Emma,356
AL,F,2008,Madison,340
AL,F,2008,Addison,257
AL,F,2008,Ava,257
AL,F,2008,Emily,246
AL,F,2008,Anna,224
AL,F,2008,Hannah,224
AL,F,2008,Chloe,223
AL,F,2008,Isabella,212
AL,F,2008,Elizabeth,203
AL,F,2009,Emma,336
AL,F,2009,Madison,312
AL,F,2009,Isabella,272
AL,F,2009,Ava,252
AL,F,2009,Anna,233
AL,F,2009,Addison,231
AL,F,2009,Chloe,217
AL,F,2009,Olivia,217
AL,F,2009,Abigail,199
AL,F,2009,Emily,191
AL,F,2010,Emma,318
AL,F,2010,Isabella,254
AL,F,2010,Madison,251
AL,F,2010,Ava,218
AL,F,2010,Olivia,201
AL,F,2010,Chloe,192
AL,F,2010,Abigail,188
AL,F,2010,Elizabeth,186
AL,F,2010,Addison,184
AL,F,2010,Anna,183
AL,F,2011,Emma,282
AL,F,2011,Ava,277
AL,F,2011,Madison,256
AL,F,2011,Olivia,229
AL,F,2011,Isabella,223
AL,F,2011,Addison,200
AL,F,2011,Chloe,196
AL,F,2011,Elizabeth,196
AL,F,2011,Abigail,182
AL,F,2011,Anna,181
AL,F,2012,Emma,321
AL,F,2012,Ava,243
AL,F,2012,Olivia,228
AL,F,2012,Isabella,198
AL,F,2012,Madison,191
AL,F,2012,Abigail,183
AL,F,2012,Elizabeth,182
AL,F,2012,Ella,181
AL,F,2012,Chloe,169
AL,F,2012,Harper,166
AL,F,2013,Emma,332
AL,F,2013,Ava,260
AL,F,2013,Olivia,215
AL,F,2013,Madison,190
AL,F,2013,Isabella,181
AL,F,2013,Sophia,180
AL,F,2013,Elizabeth,170
AL,F,2013,Brooklyn,168
AL,F,2013,Chloe,163
AL,F,2013,Ella,161
AL,F,2014,Ava,291
AL,F,2014,Emma,289
AL,F,2014,Olivia,265
AL,F,2014,Isabella,192
AL,F,2014,Elizabeth,186
AL,F,2014,Madison,186
AL,F,2014,Harper,182
AL,F,2014,Ella,181
AL,F,2014,Abigail,173
AL,F,2014,Brooklyn,165
AL,F,2015,Ava,298
AL,F,2015,Emma,287
AL,F,2015,Olivia,260
AL,F,2015,Harper,214
AL,F,2015,Elizabeth,187
AL,F,2015,Madison,172
AL,F,2015,Amelia,148
AL,F,2015,Isabella,148
AL,F,2015,Skylar,147
AL,F,2015,Sophia,145
AL,F,2016,Ava,332
AL,F,2016,Emma,244
AL,F,2016,Olivia,239
AL,F,2016,Elizabeth,217
AL,F,2016,Harper,185
AL,F,2016,Madison,167
AL,F,2016,Amelia,160
AL,F,2016,Caroline,159
AL,F,2016,Isabella,157
AL,F,2016,Ella,156
AL,F,2017,Ava,359
AL,F,2017,Olivia,301
AL,F,2017,Emma,241
AL,F,2017,Harper,192
AL,F,2017,Amelia,191
AL,F,2017,Elizabeth,189
AL,F,2017,Charlotte,158
AL,F,2017,Avery,151
AL,F,2017,Ella,145
AL,F,2017,Evelyn,145
AL,F,2018,Ava,294
AL,F,2018,Olivia,260
AL,F,2018,Harper,204
AL,F,2018,Emma,203
AL,F,2018,Amelia,183
AL,F,2018,Elizabeth,175
AL,F,2018,Isabella,162
AL,F,2018,Charlotte,160
AL,F,2018,Abigail,151
AL,F,2018,Ella,141
AL,F,2019,Ava,295
AL,F,2019,Olivia,238
AL,F,2019,Emma,219
AL,F,2019,Amelia,201
AL,F,2019,Harper,180
AL,F,2019,Charlotte,176
AL,F,2019,Elizabeth,164
AL,F,2019,Ella,160
AL,F,2019,Isabella,152
AL,F,2019,Mary,152
AL,M,1920,James,2298
AL,M,1920,John,1441
AL,M,1920,William,1330
AL,M,1920,Robert,1009
AL,M,1920,Willie,850
AL,M,1920,George,611
AL,M,1920,Charles,576
AL,M,1920,Henry,485
AL,M,1920,Thomas,464
AL,M,1920,Joseph,362
AL,M,1921,James,2380
AL,M,1921,William,1466
AL,M,1921,John,1429
AL,M,1921,Robert,1030
AL,M,1921,Willie,807
AL,M,1921,George,626
AL,M,1921,Charles,548
AL,M,1921,Thomas,475
AL,M,1921,Henry,445
AL,M,1921,Joseph,383
AL,M,1922,James,2534
AL,M,1922,William,1571
AL,M,1922,John,1497
AL,M,1922,Robert,1004
AL,M,1922,Willie,903
AL,M,1922,Charles,598
AL,M,1922,George,586
AL,M,1922,Henry,469
AL,M,1922,Thomas,437
AL,M,1922,Joseph,365
AL,M,1923,James,2455
AL,M,1923,William,1337
AL,M,1923,John,1317
AL,M,1923,Robert,1014
AL,M,1923,Willie,823
AL,M,1923,Charles,609
AL,M,1923,George,571
AL,M,1923,Thomas,450
AL,M,1923,Henry,405
AL,M,1923,Joseph,355
AL,M,1924,James,2513
AL,M,1924,William,1437
AL,M,1924,John,1397
AL,M,1924,Robert,1075
AL,M,1924,Willie,849
AL,M,1924,Charles,662
AL,M,1924,George,642
AL,M,1924,Henry,448
AL,M,1924,Thomas,440
AL,M,1924,Joseph,338
AL,M,1925,James,2565
AL,M,1925,John,1462
AL,M,1925,William,1431
AL,M,1925,Robert,1092
AL,M,1925,Willie,924
AL,M,1925,Charles,668
AL,M,1925,George,614
AL,M,1925,Thomas,482
AL,M,1925,Henry,438
AL,M,1925,Joseph,366
AL,M,1926,James,2658
AL,M,1926,William,1601
AL,M,1926,John,1394
AL,M,1926,Robert,1156
AL,M,1926,Willie,971
AL,M,1926,Charles,720
AL,M,1926,George,623
AL,M,1926,Thomas,495
AL,M,1926,Henry,399
AL,M,1926,Joseph,330
AL,M,1927,James,2582
AL,M,1927,William,1522
AL,M,1927,John,1362
AL,M,1927,Robert,1173
AL,M,1927,Willie,989
AL,M,1927,Charles,895
AL,M,1927,George,675
AL,M,1927,Thomas,493
AL,M,1927,Henry,416
AL,M,1927,Joseph,353
AL,M,1928,James,2593
AL,M,1928,William,1421
AL,M,1928,John,1312
AL,M,1928,Robert,1153
AL,M,1928,Willie,948
AL,M,1928,Charles,837
AL,M,1928,George,588
AL,M,1928,Thomas,451
AL,M,1928,Henry,375
AL,M,1928,Edward,360
AL,M,1929,James,2434
AL,M,1929,William,1354
AL,M,1929,John,1278
AL,M,1929,Robert,1119
AL,M,1929,Willie,989
AL,M,1929,Charles,816
AL,M,1929,George,559
AL,M,1929,Thomas,495
AL,M,1929,Billy,432
AL,M,1929,Henry,365
AL,M,1930,James,2400
AL,M,1930,William,1399
AL,M,1930,John,1204
AL,M,1930,Robert,1127
AL,M,1930,Charles,930
AL,M,1930,Willie,927
AL,M,1930,Billy,542
AL,M,1930,Thomas,527
AL,M,1930,George,521
AL,M,1930,Henry,346
AL,M,1931,James,2248
AL,M,1931,William,1265
AL,M,1931,John,1092
AL,M,1931,Robert,1076
AL,M,1931,Charles,942
AL,M,1931,Willie,877
AL,M,1931,Billy,592
AL,M,1931,Thomas,475
AL,M,1931,George,471
AL,M,1931,Edward,324
AL,M,1932,James,2272
AL,M,1932,William,1416
AL,M,1932,John,1257
AL,M,1932,Robert,1157
AL,M,1932,Charles,1045
AL,M,1932,Willie,1004
AL,M,1932,Billy,677
AL,M,1932,George,497
AL,M,1932,Thomas,480
AL,M,1932,Bobby,357
AL,M,1933,James,2183
AL,M,1933,William,1208
AL,M,1933,John,1155
AL,M,1933,Robert,1045
AL,M,1933,Charles,980
AL,M,1933,Willie,808
AL,M,1933,Billy,652
AL,M,1933,George,480
AL,M,1933,Thomas,429
AL,M,1933,Bobby,418
AL,M,1934,James,2294
AL,M,1934,William,1306
AL,M,1934,John,1160
AL,M,1934,Robert,1151
AL,M,1934,Charles,1001
AL,M,1934,Willie,966
AL,M,1934,Billy,765
AL,M,1934,Bobby,510
AL,M,1934,George,480
AL,M,1934,Thomas,435
AL,M,1935,James,2288
AL,M,1935,William,1224
AL,M,1935,John,1181
AL,M,1935,Robert,1112
AL,M,1935,Charles,1027
AL,M,1935,Willie,972
AL,M,1935,Billy,775
AL,M,1935,Bobby,505
AL,M,1935,George,467
AL,M,1935,Thomas,454
AL,M,1936,James,2201
AL,M,1936,John,1139
AL,M,1936,William,1137
AL,M,1936,Robert,1109
AL,M,1936,Charles,1006
AL,M,1936,Willie,869
AL,M,1936,Billy,707
AL,M,1936,Bobby,568
AL,M,1936,Joe,510
AL,M,1936,George,472
AL,M,1937,James,2254
AL,M,1937,John,1250
AL,M,1937,William,1222
AL,M,1937,Robert,1112
AL,M,1937,Charles,1081
AL,M,1937,Willie,924
AL,M,1937,Billy,676
AL,M,1937,George,516
AL,M,1937,Bobby,487
AL,M,1937,Thomas,486
AL,M,1938,James,2247
AL,M,1938,John,1181
AL,M,1938,Robert,1168
AL,M,1938,William,1136
AL,M,1938,Charles,991
AL,M,1938,Willie,828
AL,M,1938,Billy,673
AL,M,1938,Bobby,555
AL,M,1938,Joe,474
AL,M,1938,George,469
AL,M,1939,James,2282
AL,M,1939,William,1201
AL,M,1939,John,1169
AL,M,1939,Robert,1163
AL,M,1939,Charles,1040
AL,M,1939,Willie,901
AL,M,1939,Billy,664
AL,M,1939,Bobby,547
AL,M,1939,Thomas,516
AL,M,1939,Joe,487
AL,M,1940,James,2283
AL,M,1940,John,1265
AL,M,1940,William,1261
AL,M,1940,Robert,1199
AL,M,1940,Charles,1078
AL,M,1940,Willie,860
AL,M,1940,Billy,614
AL,M,1940,Jerry,558
AL,M,1940,Bobby,516
AL,M,1940,Thomas,501
AL,M,1941,James,2404
AL,M,1941,William,1284
AL,M,1941,John,1206
AL,M,1941,Robert,1171
AL,M,1941,Charles,1090
AL,M,1941,Willie,931
AL,M,1941,Billy,679
AL,M,1941,Jerry,637
AL,M,1941,Bobby,511
AL,M,1941,George,507
AL,M,1942,James,2736
AL,M,1942,William,1434
AL,M,1942,Robert,1325
AL,M,1942,John,1321
AL,M,1942,Charles,1166
AL,M,1942,Willie,968
AL,M,1942,Jerry,744
AL,M,1942,Billy,646
AL,M,1942,Thomas,587
AL,M,1942,Bobby,534
AL,M,1943,James,2899
AL,M,1943,William,1521
AL,M,1943,John,1460
AL,M,1943,Robert,1325
AL,M,1943,Charles,1195
AL,M,1943,Willie,985
AL,M,1943,Jerry,805
AL,M,1943,Thomas,646
AL,M,1943,Billy,590
AL,M,1943,George,581
AL,M,1944,James,2650
AL,M,1944,William,1416
AL,M,1944,Robert,1382
AL,M,1944,John,1324
AL,M,1944,Charles,1126
AL,M,1944,Willie,969
AL,M,1944,Jerry,739
AL,M,1944,Thomas,587
AL,M,1944,Jimmy,546
AL,M,1944,Billy,541
AL,M,1945,James,2492
AL,M,1945,William,1340
AL,M,1945,John,1281
AL,M,1945,Robert,1261
AL,M,1945,Charles,1088
AL,M,1945,Willie,923
AL,M,1945,Jerry,698
AL,M,1945,Larry,573
AL,M,1945,Thomas,565
AL,M,1945,George,542
AL,M,1946,James,2710
AL,M,1946,John,1489
AL,M,1946,William,1440
AL,M,1946,Robert,1428
AL,M,1946,Charles,1211
AL,M,1946,Willie,961
AL,M,1946,Larry,838
AL,M,1946,Jerry,821
AL,M,1946,David,685
AL,M,1946,Thomas,671
AL,M,1947,James,3040
AL,M,1947,John,1671
AL,M,1947,William,1640
AL,M,1947,Robert,1580
AL,M,1947,Charles,1222
AL,M,1947,Larry,1120
AL,M,1947,Willie,1049
AL,M,1947,Jerry,887
AL,M,1947,Thomas,788
AL,M,1947,David,753
AL,M,1948,James,2771
AL,M,1948,John,1568
AL,M,1948,Robert,1541
AL,M,1948,William,1535
AL,M,1948,Charles,1191
AL,M,1948,Larry,1175
AL,M,1948,Willie,1000
AL,M,1948,David,827
AL,M,1948,Jerry,792
AL,M,1948,Thomas,701
AL,M,1949,James,2837
AL,M,1949,William,1475
AL,M,1949,John,1446
AL,M,1949,Robert,1425
AL,M,1949,Charles,1246
AL,M,1949,Larry,1160
AL,M,1949,Willie,981
AL,M,1949,David,851
AL,M,1949,Jerry,803
AL,M,1949,Thomas,773
AL,M,1950,James,2659
AL,M,1950,Robert,1420
AL,M,1950,John,1410
AL,M,1950,William,1379
AL,M,1950,Charles,1207
AL,M,1950,Larry,1178
AL,M,1950,Willie,953
AL,M,1950,David,857
AL,M,1950,Michael,782
AL,M,1950,Jerry,730
AL,M,1951,James,2526
AL,M,1951,Robert,1443
AL,M,1951,John,1386
AL,M,1951,William,1370
AL,M,1951,Charles,1191
AL,M,1951,Larry,1144
AL,M,1951,Michael,931
AL,M,1951,David,891
AL,M,1951,Willie,870
AL,M,1951,Thomas,674
AL,M,1952,James,2391
AL,M,1952,John,1409
AL,M,1952,William,1394
AL,M,1952,Robert,1338
AL,M,1952,Charles,1199
AL,M,1952,David,1060
AL,M,1952,Michael,1012
AL,M,1952,Larry,1008
AL,M,1952,Willie,879
AL,M,1952,Thomas,706
AL,M,1953,James,2450
AL,M,1953,William,1397
AL,M,1953,Robert,1375
AL,M,1953,John,1282
AL,M,1953,Michael,1192
AL,M,1953,Charles,1129
AL,M,1953,David,1096
AL,M,1953,Larry,963
AL,M,1953,Willie,744
AL,M,1953,Thomas,704
AL,M,1954,James,2262
AL,M,1954,William,1312
AL,M,1954,John,1306
AL,M,1954,Robert,1264
AL,M,1954,Michael,1257
AL,M,1954,Charles,1097
AL,M,1954,David,1090
AL,M,1954,Larry,899
AL,M,1954,Willie,743
AL,M,1954,Richard,667
AL,M,1955,James,2199
AL,M,1955,Michael,1337
AL,M,1955,John,1255
AL,M,1955,Robert,1240
AL,M,1955,William,1216
AL,M,1955,David,1207
AL,M,1955,Charles,949
AL,M,1955,Larry,805
AL,M,1955,Willie,766
AL,M,1955,Richard,642
AL,M,1956,James,2119
AL,M,1956,Michael,1342
AL,M,1956,John,1311
AL,M,1956,Robert,1295
AL,M,1956,William,1281
AL,M,1956,David,1121
AL,M,1956,Charles,904
AL,M,1956,Larry,735
AL,M,1956,Willie,703
AL,M,1956,Kenneth,640
AL,M,1957,James,2096
AL,M,1957,Michael,1404
AL,M,1957,William,1240
AL,M,1957,Robert,1205
AL,M,1957,John,1138
AL,M,1957,David,1108
AL,M,1957,Charles,918
AL,M,1957,Larry,730
AL,M,1957,Willie,667
AL,M,1957,Richard,638
AL,M,1958,James,1838
AL,M,1958,Michael,1447
AL,M,1958,William,1160
AL,M,1958,Robert,1146
AL,M,1958,David,1116
AL,M,1958,John,1099
AL,M,1958,Charles,851
AL,M,1958,Richard,603
AL,M,1958,Willie,598
AL,M,1958,Kenneth,587
AL,M,1959,James,1872
AL,M,1959,Michael,1333
AL,M,1959,David,1214
AL,M,1959,William,1102
AL,M,1959,John,1097
AL,M,1959,Robert,1082
AL,M,1959,Charles,828
AL,M,1959,Kenneth,645
AL,M,1959,Richard,589
AL,M,1959,Timothy,589
AL,M,1960,James,1869
AL,M,1960,Michael,1277
AL,M,1960,David,1186
AL,M,1960,John,1133
AL,M,1960,William,1110
AL,M,1960,Robert,1001
AL,M,1960,Charles,775
AL,M,1960,Kenneth,656
AL,M,1960,Timothy,634
AL,M,1960,Mark,564
AL,M,1961,James,1805
AL,M,1961,Michael,1287
AL,M,1961,John,1192
AL,M,1961,David,1175
AL,M,1961,Robert,1029
AL,M,1961,William,1005
AL,M,1961,Charles,785
AL,M,1961,Kenneth,643
AL,M,1961,Mark,618
AL,M,1961,Timothy,548
AL,M,1962,James,1647
AL,M,1962,Michael,1222
AL,M,1962,John,1160
AL,M,1962,David,1125
AL,M,1962,William,976
AL,M,1962,Robert,935
AL,M,1962,Charles,750
AL,M,1962,Mark,634
AL,M,1962,Kenneth,575
AL,M,1962,Timothy,533
AL,M,1963,James,1735
AL,M,1963,Michael,1210
AL,M,1963,John,1180
AL,M,1963,David,1073
AL,M,1963,Robert,971
AL,M,1963,William,966
AL,M,1963,Charles,672
AL,M,1963,Kenneth,643
AL,M,1963,Timothy,552
AL,M,1963,Mark,507
AL,M,1964,James,1696
AL,M,1964,John,1273
AL,M,1964,Michael,1151
AL,M,1964,David,1101
AL,M,1964,Robert,982
AL,M,1964,William,934
AL,M,1964,Charles,677
AL,M,1964,Kenneth,631
AL,M,1964,Timothy,582
AL,M,1964,Mark,530
AL,M,1965,James,1649
AL,M,1965,Michael,1124
AL,M,1965,John,1092
AL,M,1965,David,911
AL,M,1965,Robert,899
AL,M,1965,William,893
AL,M,1965,Charles,642
AL,M,1965,Timothy,579
AL,M,1965,Kenneth,546
AL,M,1965,Jeffrey,473
AL,M,1966,James,1494
AL,M,1966,Michael,1049
AL,M,1966,John,987
AL,M,1966,David,916
AL,M,1966,William,892
AL,M,1966,Robert,890
AL,M,1966,Timothy,663
AL,M,1966,Charles,598
AL,M,1966,Kenneth,504
AL,M,1966,Christopher,473
AL,M,1967,James,1450
AL,M,1967,Michael,1162
AL,M,1967,John,953
AL,M,1967,David,887
AL,M,1967,William,868
AL,M,1967,Robert,762
AL,M,1967,Timothy,598
AL,M,1967,Charles,554
AL,M,1967,Christopher,466
AL,M,1967,Mark,451
AL,M,1968,James,1416
AL,M,1968,Michael,1122
AL,M,1968,John,965
AL,M,1968,David,901
AL,M,1968,Robert,817
AL,M,1968,William,812
AL,M,1968,Timothy,584
AL,M,1968,Charles,573
AL,M,1968,Christopher,572
AL,M,1968,Mark,477
AL,M,1969,James,1391
AL,M,1969,Michael,1323
AL,M,1969,John,936
AL,M,1969,David,924
AL,M,1969,William,903
AL,M,1969,Robert,782
AL,M,1969,Christopher,693
AL,M,1969,Charles,538
AL,M,1969,Timothy,500
AL,M,1969,Anthony,453
AL,M,1970,James,1450
AL,M,1970,Michael,1416
AL,M,1970,John,1048
AL,M,1970,William,890
AL,M,1970,David,875
AL,M,1970,Robert,845
AL,M,1970,Christopher,827
AL,M,1970,Charles,598
AL,M,1970,Timothy,477
AL,M,1970,Anthony,442
AL,M,1971,Michael,1360
AL,M,1971,James,1328
AL,M,1971,Christopher,1081
AL,M,1971,John,902
AL,M,1971,William,848
AL,M,1971,Robert,773
AL,M,1971,David,750
AL,M,1971,Jason,566
AL,M,1971,Charles,537
AL,M,1971,Anthony,481
AL,M,1972,Michael,1225
AL,M,1972,Christopher,1214
AL,M,1972,James,1143
AL,M,1972,John,770
AL,M,1972,William,707
AL,M,1972,David,677
AL,M,1972,Robert,671
AL,M,1972,Jason,644
AL,M,1972,Brian,517
AL,M,1972,Charles,452
AL,M,1973,Christopher,1193
AL,M,1973,Michael,1174
AL,M,1973,James,1057
AL,M,1973,Jason,791
AL,M,1973,William,732
AL,M,1973,John,727
AL,M,1973,Robert,665
AL,M,1973,David,605
AL,M,1973,Brian,493
AL,M,1973,Charles,445
AL,M,1974,Christopher,1184
AL,M,1974,Michael,1147
AL,M,1974,James,1070
AL,M,1974,Jason,954
AL,M,1974,John,701
AL,M,1974,William,658
AL,M,1974,David,624
AL,M,1974,Robert,579
AL,M,1974,Brian,470
AL,M,1974,Anthony,391
AL,M,1975,Michael,1099
AL,M,1975,Christopher,1072
AL,M,1975,James,1005
AL,M,1975,Jason,863
AL,M,1975,William,671
AL,M,1975,John,669
AL,M,1975,Robert,546
AL,M,1975,David,539
AL,M,1975,Brian,402
AL,M,1975,Jeremy,390
AL,M,1976,Michael,1055
AL,M,1976,Christopher,1049
AL,M,1976,James,942
AL,M,1976,Jason,909
AL,M,1976,John,655
AL,M,1976,William,613
AL,M,1976,David,588
AL,M,1976,Robert,527
AL,M,1976,Jeremy,515
AL,M,1976,Brian,441
AL,M,1977,Christopher,1019
AL,M,1977,James,1000
AL,M,1977,Jason,970
AL,M,1977,Michael,961
AL,M,1977,William,652
AL,M,1977,John,649
AL,M,1977,David,621
AL,M,1977,Jeremy,590
AL,M,1977,Robert,566
AL,M,1977,Kevin,489
AL,M,1978,James,963
AL,M,1978,Christopher,958
AL,M,1978,Michael,933
AL,M,1978,Jason,855
AL,M,1978,John,641
AL,M,1978,William,639
AL,M,1978,Robert,595
AL,M,1978,David,589
AL,M,1978,Jeremy,531
AL,M,1978,Joshua,416
AL,M,1979,Christopher,1065
AL,M,1979,Michael,1010
AL,M,1979,James,979
AL,M,1979,Jason,890
AL,M,1979,John,643
AL,M,1979,Jeremy,622
AL,M,1979,William,612
AL,M,1979,David,593
AL,M,1979,Robert,567
AL,M,1979,Joshua,542
AL,M,1980,Christopher,951
AL,M,1980,Michael,932
AL,M,1980,James,923
AL,M,1980,Jason,822
AL,M,1980,Joshua,707
AL,M,1980,William,691
AL,M,1980,John,671
AL,M,1980,David,617
AL,M,1980,Jeremy,583
AL,M,1980,Robert,575
AL,M,1981,Christopher,978
AL,M,1981,James,897
AL,M,1981,Michael,858
AL,M,1981,Joshua,716
AL,M,1981,Jason,664
AL,M,1981,John,612
AL,M,1981,Jonathan,584
AL,M,1981,David,583
AL,M,1981,Matthew,569
AL,M,1981,William,561
AL,M,1982,Christopher,1077
AL,M,1982,James,916
AL,M,1982,Michael,855
AL,M,1982,Joshua,765
AL,M,1982,Jason,648
AL,M,1982,William,630
AL,M,1982,John,594
AL,M,1982,Matthew,576
AL,M,1982,David,561
AL,M,1982,Jonathan,549
AL,M,1983,Christopher,1061
AL,M,1983,Michael,860
AL,M,1983,James,789
AL,M,1983,Joshua,707
AL,M,1983,Matthew,653
AL,M,1983,William,631
AL,M,1983,John,621
AL,M,1983,Brandon,549
AL,M,1983,Jason,535
AL,M,1983,Robert,529
AL,M,1984,Christopher,1098
AL,M,1984,Michael,841
AL,M,1984,James,802
AL,M,1984,Joshua,787
AL,M,1984,Matthew,660
AL,M,1984,William,617
AL,M,1984,Brandon,588
AL,M,1984,John,580
AL,M,1984,Robert,494
AL,M,1984,David,489
AL,M,1985,Christopher,1104
AL,M,1985,Joshua,828
AL,M,1985,Michael,808
AL,M,1985,James,766
AL,M,1985,Brandon,651
AL,M,1985,William,611
AL,M,1985,Matthew,568
AL,M,1985,Jonathan,538
AL,M,1985,David,529
AL,M,1985,John,508
AL,M,1986,Christopher,958
AL,M,1986,James,843
AL,M,1986,Michael,813
AL,M,1986,Joshua,738
AL,M,1986,Brandon,653
AL,M,1986,William,642
AL,M,1986,Matthew,575
AL,M,1986,John,554
AL,M,1986,Justin,547
AL,M,1986,Jonathan,508
AL,M,1987,Christopher,913
AL,M,1987,Joshua,795
AL,M,1987,James,742
AL,M,1987,Justin,733
AL,M,1987,Michael,713
AL,M,1987,William,668
AL,M,1987,Matthew,622
AL,M,1987,Brandon,570
AL,M,1987,John,548
AL,M,1987,David,476
AL,M,1988,Justin,930
AL,M,1988,Christopher,921
AL,M,1988,Joshua,850
AL,M,1988,Michael,740
AL,M,1988,James,729
AL,M,1988,William,630
AL,M,1988,Matthew,604
AL,M,1988,Brandon,545
AL,M,1988,John,494
AL,M,1988,Robert,468
AL,M,1989,Christopher,922
AL,M,1989,Joshua,921
AL,M,1989,Justin,860
AL,M,1989,Michael,789
AL,M,1989,James,755
AL,M,1989,William,678
AL,M,1989,Matthew,604
AL,M,1989,Brandon,536
AL,M,1989,John,486
AL,M,1989,David,477
AL,M,1990,Christopher,939
AL,M,1990,Joshua,843
AL,M,1990,Justin,763
AL,M,1990,Michael,742
AL,M,1990,James,729
AL,M,1990,William,698
AL,M,1990,Matthew,607
AL,M,1990,John,582
AL,M,1990,Robert,478
AL,M,1990,Brandon,446
AL,M,1991,Christopher,844
AL,M,1991,Joshua,780
AL,M,1991,Michael,755
AL,M,1991,James,675
AL,M,1991,William,638
AL,M,1991,Justin,625
AL,M,1991,Brandon,519
AL,M,1991,John,518
AL,M,1991,Matthew,490
AL,M,1991,Robert,445
AL,M,1992,Christopher,746
AL,M,1992,Joshua,698
AL,M,1992,James,683
AL,M,1992,William,655
AL,M,1992,Michael,627
AL,M,1992,Brandon,559
AL,M,1992,Justin,547
AL,M,1992,John,475
AL,M,1992,Matthew,472
AL,M,1992,Jacob,423
AL,M,1993,Christopher,692
AL,M,1993,Michael,683
AL,M,1993,James,659
AL,M,1993,William,647
AL,M,1993,Joshua,617
AL,M,1993,Brandon,520
AL,M,1993,John,505
AL,M,1993,Justin,489
AL,M,1993,Matthew,486
AL,M,1993,Jacob,407
AL,M,1994,Christopher,673
AL,M,1994,William,627
AL,M,1994,James,608
AL,M,1994,Joshua,604
AL,M,1994,Michael,581
AL,M,1994,John,510
AL,M,1994,Justin,498
AL,M,1994,Brandon,490
AL,M,1994,Austin,460
AL,M,1994,Matthew,442
AL,M,1995,William,628
AL,M,1995,Christopher,605
AL,M,1995,James,554
AL,M,1995,Michael,543
AL,M,1995,Joshua,537
AL,M,1995,Austin,514
AL,M,1995,Jacob,497
AL,M,1995,Brandon,480
AL,M,1995,Matthew,464
AL,M,1995,Justin,455
AL,M,1996,William,628
AL,M,1996,Michael,581
AL,M,1996,Austin,556
AL,M,1996,Christopher,548
AL,M,1996,James,536
AL,M,1996,Joshua,520
AL,M,1996,Jacob,496
AL,M,1996,John,477
AL,M,1996,Matthew,453
AL,M,1996,Justin,417
AL,M,1997,William,594
AL,M,1997,Christopher,560
AL,M,1997,James,541
AL,M,1997,Jacob,530
AL,M,1997,Joshua,525
AL,M,1997,Austin,498
AL,M,1997,Michael,493
AL,M,1997,John,442
AL,M,1997,Matthew,442
AL,M,1997,Brandon,426
AL,M,1998,William,702
AL,M,1998,Jacob,597
AL,M,1998,Austin,594
AL,M,1998,Christopher,524
AL,M,1998,Joshua,521
AL,M,1998,James,496
AL,M,1998,Michael,442
AL,M,1998,John,428
AL,M,1998,Brandon,384
AL,M,1998,Matthew,383
AL,M,1999,William,671
AL,M,1999,Jacob,532
AL,M,1999,Christopher,505
AL,M,1999,Austin,504
AL,M,1999,John,469
AL,M,1999,Joshua,460
AL,M,1999,James,453
AL,M,1999,Michael,431
AL,M,1999,Andrew,381
AL,M,1999,Matthew,370
AL,M,2000,William,655
AL,M,2000,Jacob,613
AL,M,2000,Joshua,503
AL,M,2000,Christopher,452
AL,M,2000,Michael,452
AL,M,2000,James,443
AL,M,2000,John,425
AL,M,2000,Matthew,416
AL,M,2000,Austin,411
AL,M,2000,Tyler,391
AL,M,2001,William,618
AL,M,2001,Jacob,494
AL,M,2001,Joshua,448
AL,M,2001,James,427
AL,M,2001,Christopher,417
AL,M,2001,John,408
AL,M,2001,Michael,403
AL,M,2001,Matthew,351
AL,M,2001,Austin,318
AL,M,2001,Tyler,309
AL,M,2002,William,619
AL,M,2002,Jacob,456
AL,M,2002,Joshua,412
AL,M,2002,James,408
AL,M,2002,John,378
AL,M,2002,Christopher,377
AL,M,2002,Michael,370
AL,M,2002,Austin,324
AL,M,2002,Andrew,323
AL,M,2002,Matthew,320
AL,M,2003,William,616
AL,M,2003,Jacob,462
AL,M,2003,Joshua,443
AL,M,2003,James,410
AL,M,2003,John,390
AL,M,2003,Christopher,375
AL,M,2003,Michael,363
AL,M,2003,Matthew,324
AL,M,2003,Caleb,288
AL,M,2003,Austin,286
AL,M,2004,William,639
AL,M,2004,Jacob,463
AL,M,2004,John,422
AL,M,2004,Joshua,398
AL,M,2004,James,388
AL,M,2004,Christopher,347
AL,M,2004,Michael,347
AL,M,2004,Matthew,318
AL,M,2004,Ethan,311
AL,M,2004,Joseph,285
AL,M,2005,William,551
AL,M,2005,Joshua,399
AL,M,2005,James,397
AL,M,2005,John,387
AL,M,2005,Michael,382
AL,M,2005,Jacob,376
AL,M,2005,Christopher,339
AL,M,2005,Ethan,313
AL,M,2005,Matthew,286
AL,M,2005,Jackson,278
AL,M,2006,William,609
AL,M,2006,Jacob,432
AL,M,2006,James,422
AL,M,2006,Joshua,377
AL,M,2006,John,371
AL,M,2006,Michael,353
AL,M,2006,Jackson,346
AL,M,2006,Christopher,344
AL,M,2006,Ethan,304
AL,M,2006,Matthew,275
AL,M,2007,William,551
AL,M,2007,James,426
AL,M,2007,Christopher,397
AL,M,2007,John,377
AL,M,2007,Jacob,376
AL,M,2007,Joshua,343
AL,M,2007,Jackson,310
AL,M,2007,Michael,302
AL,M,2007,Ethan,274
AL,M,2007,Noah,245
AL,M,2008,William,536
AL,M,2008,John,372
AL,M,2008,James,369
AL,M,2008,Jacob,352
AL,M,2008,Joshua,326
AL,M,2008,Christopher,324
AL,M,2008,Michael,307
AL,M,2008,Jackson,302
AL,M,2008,Jayden,300
AL,M,2008,Ethan,255
AL,M,2009,William,508
AL,M,2009,James,343
AL,M,2009,Jacob,321
AL,M,2009,Jackson,308
AL,M,2009,John,305
AL,M,2009,Joshua,304
AL,M,2009,Christopher,300
AL,M,2009,Jayden,297
AL,M,2009,Michael,269
AL,M,2009,Ethan,265
AL,M,2010,William,496
AL,M,2010,James,336
AL,M,2010,John,305
AL,M,2010,Jacob,293
AL,M,2010,Jayden,285
AL,M,2010,Jackson,273
AL,M,2010,Noah,269
AL,M,2010,Elijah,261
AL,M,2010,Christopher,242
AL,M,2010,Ethan,239
AL,M,2011,William,445
AL,M,2011,James,300
AL,M,2011,Mason,300
AL,M,2011,Jacob,283
AL,M,2011,John,276
AL,M,2011,Noah,258
AL,M,2011,Jayden,257
AL,M,2011,Elijah,251
AL,M,2011,Aiden,232
AL,M,2011,Jackson,232
AL,M,2012,William,437
AL,M,2012,James,322
AL,M,2012,Mason,303
AL,M,2012,John,280
AL,M,2012,Jacob,263
AL,M,2012,Elijah,258
AL,M,2012,Aiden,250
AL,M,2012,Michael,233
AL,M,2012,Jayden,227
AL,M,2012,Noah,220
AL,M,2013,William,438
AL,M,2013,Mason,293
AL,M,2013,James,288
AL,M,2013,John,281
AL,M,2013,Elijah,247
AL,M,2013,Jackson,238
AL,M,2013,Noah,237
AL,M,2013,Aiden,224
AL,M,2013,Jacob,217
AL,M,2013,Christopher,207
AL,M,2014,William,430
AL,M,2014,James,343
AL,M,2014,John,333
AL,M,2014,Mason,286
AL,M,2014,Elijah,276
AL,M,2014,Noah,252
AL,M,2014,Jackson,235
AL,M,2014,Aiden,221
AL,M,2014,Jacob,207
AL,M,2014,Joshua,206
AL,M,2015,William,414
AL,M,2015,James,322
AL,M,2015,John,320
AL,M,2015,Mason,295
AL,M,2015,Elijah,279
AL,M,2015,Noah,251
AL,M,2015,Jackson,235
AL,M,2015,Carter,204
AL,M,2015,Michael,198
AL,M,2015,Samuel,195
AL,M,2016,William,431
AL,M,2016,James,349
AL,M,2016,John,324
AL,M,2016,Mason,291
AL,M,2016,Elijah,288
AL,M,2016,Noah,287
AL,M,2016,Jackson,231
AL,M,2016,Michael,207
AL,M,2016,Liam,195
AL,M,2016,Samuel,189
AL,M,2017,William,401
AL,M,2017,James,318
AL,M,2017,Elijah,303
AL,M,2017,John,297
AL,M,2017,Noah,254
AL,M,2017,Mason,241
AL,M,2017,Liam,213
AL,M,2017,Samuel,205
AL,M,2017,Jackson,197
AL,M,2017,Grayson,194
AL,M,2018,William,371
AL,M,2018,James,328
AL,M,2018,John,286
AL,M,2018,Elijah,280
AL,M,2018,Noah,243
AL,M,2018,Liam,216
AL,M,2018,Mason,199
AL,M,2018,Samuel,191
AL,M,2018,Carter,188
AL,M,2018,Grayson,186
AL,M,2019,William,376
AL,M,2019,James,289
AL,M,2019,John,284
AL,M,2019,Elijah,279
AL,M,2019,Noah,276
AL,M,2019,Liam,213
AL,M,2019,Jackson,206
AL,M,2019,Mason,185
AL,M,2019,Oliver,181
AL,M,2019,Grayson,177
