AZ,F,1920,Mary,281
AZ,F,1920,Maria,130
AZ,F,1920,Helen,89
AZ,F,1920,Dorothy,87
AZ,F,1920,Frances,79
AZ,F,1920,Ruth,74
AZ,F,1920,Virginia,71
AZ,F,1920,Margaret,70
AZ,F,1920,Alice,64
AZ,F,1920,Carmen,64
AZ,F,1921,Mary,266
AZ,F,1921,Maria,109
AZ,F,1921,Margaret,86
AZ,F,1921,Helen,83
AZ,F,1921,Alice,71
AZ,F,1921,Frances,70
AZ,F,1921,Dorothy,62
AZ,F,1921,Carmen,59
AZ,F,1921,Josephine,53
AZ,F,1921,Virginia,53
AZ,F,1922,Mary,252
AZ,F,1922,Maria,90
AZ,F,1922,Helen,79
AZ,F,1922,Margaret,72
AZ,F,1922,Betty,62
AZ,F,1922,Virginia,62
AZ,F,1922,Frances,58
AZ,F,1922,Ruth,58
AZ,F,1922,Dorothy,56
AZ,F,1922,Alice,54
AZ,F,1923,Mary,272
AZ,F,1923,Maria,118
AZ,F,1923,Helen,91
AZ,F,1923,Betty,80
AZ,F,1923,Carmen,74
AZ,F,1923,Margaret,69
AZ,F,1923,Virginia,67
AZ,F,1923,Alice,65
AZ,F,1923,Dorothy,64
AZ,F,1923,Ruth,61
AZ,F,1924,Mary,281
AZ,F,1924,Maria,129
AZ,F,1924,Betty,101
AZ,F,1924,Alice,87
AZ,F,1924,Helen,86
AZ,F,1924,Dorothy,84
AZ,F,1924,Margaret,80
AZ,F,1924,Carmen,66
AZ,F,1924,Frances,65
AZ,F,1924,Ruth,60
AZ,F,1925,Mary,293
AZ,F,1925,Maria,137
AZ,F,1925,Betty,125
AZ,F,1925,Helen,81
AZ,F,1925,Dorothy,75
AZ,F,1925,Alice,73
AZ,F,1925,Carmen,70
AZ,F,1925,Frances,63
AZ,F,1925,Margaret,61
AZ,F,1925,Virginia,61
AZ,F,1926,Mary,301
AZ,F,1926,Maria,150
AZ,F,1926,Betty,94
AZ,F,1926,Margaret,85
AZ,F,1926,Dorothy,82
AZ,F,1926,Frances,77
AZ,F,1926,Alice,75
AZ,F,1926,Carmen,71
AZ,F,1926,Helen,68
AZ,F,1926,Virginia,67
AZ,F,1927,Mary,310
AZ,F,1927,Maria,119
AZ,F,1927,Betty,100
AZ,F,1927,Helen,78
AZ,F,1927,Margaret,72
AZ,F,1927,Alice,67
AZ,F,1927,Frances,67
AZ,F,1927,Barbara,56
AZ,F,1927,Carmen,56
AZ,F,1927,Josephine,50
AZ,F,1928,Mary,283
AZ,F,1928,Betty,141
AZ,F,1928,Maria,140
AZ,F,1928,Dorothy,83
AZ,F,1928,Alice,82
AZ,F,1928,Helen,78
AZ,F,1928,Margaret,74
AZ,F,1928,Barbara,68
AZ,F,1928,Carmen,61
AZ,F,1928,Ruth,61
AZ,F,1929,Mary,303
AZ,F,1929,Maria,138
AZ,F,1929,Betty,136
AZ,F,1929,Barbara,95
AZ,F,1929,Helen,86
AZ,F,1929,Dorothy,77
AZ,F,1929,Alice,75
AZ,F,1929,Margaret,67
AZ,F,1929,Virginia,64
AZ,F,1929,Carmen,58
AZ,F,1930,Mary,286
AZ,F,1930,Betty,125
AZ,F,1930,Maria,125
AZ,F,1930,Helen,110
AZ,F,1930,Barbara,86
AZ,F,1930,Frances,71
AZ,F,1930,Patricia,71
AZ,F,1930,Margaret,70
AZ,F,1930,Dorothy,68
AZ,F,1930,Alice,63
AZ,F,1931,Mary,298
AZ,F,1931,Betty,131
AZ,F,1931,Barbara,90
AZ,F,1931,Alice,88
AZ,F,1931,Helen,80
AZ,F,1931,Margaret,71
AZ,F,1931,Dorothy,69
AZ,F,1931,Virginia,65
AZ,F,1931,Maria,64
AZ,F,1931,Frances,56
AZ,F,1932,Mary,288
AZ,F,1932,Betty,129
AZ,F,1932,Barbara,89
AZ,F,1932,Helen,84
AZ,F,1932,Alice,78
AZ,F,1932,Maria,75
AZ,F,1932,Margaret,72
AZ,F,1932,Virginia,53
AZ,F,1932,Dorothy,52
AZ,F,1932,Frances,51
AZ,F,1933,Mary,265
AZ,F,1933,Betty,123
AZ,F,1933,Barbara,89
AZ,F,1933,Helen,75
AZ,F,1933,Alice,71
AZ,F,1933,Margaret,60
AZ,F,1933,Virginia,56
AZ,F,1933,Frances,55
AZ,F,1933,Dorothy,48
AZ,F,1933,Carmen,47
AZ,F,1934,Mary,286
AZ,F,1934,Betty,106
AZ,F,1934,Barbara,101
AZ,F,1934,Helen,77
AZ,F,1934,Alice,71
AZ,F,1934,Margaret,65
AZ,F,1934,Frances,63
AZ,F,1934,Dorothy,58
AZ,F,1934,Shirley,55
AZ,F,1934,Maria,52
AZ,F,1935,Mary,310
AZ,F,1935,Betty,109
AZ,F,1935,Shirley,90
AZ,F,1935,Barbara,84
AZ,F,1935,Helen,81
AZ,F,1935,Alice,78
AZ,F,1935,Margaret,73
AZ,F,1935,Maria,62
AZ,F,1935,Frances,59
AZ,F,1935,Gloria,55
AZ,F,1936,Mary,298
AZ,F,1936,Betty,110
AZ,F,1936,Barbara,109
AZ,F,1936,Shirley,92
AZ,F,1936,Helen,78
AZ,F,1936,Virginia,68
AZ,F,1936,Frances,63
AZ,F,1936,Nancy,63
AZ,F,1936,Alice,59
AZ,F,1936,Gloria,59
AZ,F,1937,Mary,355
AZ,F,1937,Betty,139
AZ,F,1937,Barbara,123
AZ,F,1937,Helen,80
AZ,F,1937,Margaret,76
AZ,F,1937,Shirley,75
AZ,F,1937,Frances,68
AZ,F,1937,Gloria,66
AZ,F,1937,Patricia,66
AZ,F,1937,Virginia,65
AZ,F,1938,Mary,333
AZ,F,1938,Barbara,125
AZ,F,1938,Betty,100
AZ,F,1938,Patricia,86
AZ,F,1938,Alice,84
AZ,F,1938,Frances,83
AZ,F,1938,Margaret,79
AZ,F,1938,Shirley,79
AZ,F,1938,Helen,71
AZ,F,1938,Nancy,61
AZ,F,1939,Mary,347
AZ,F,1939,Barbara,140
AZ,F,1939,Betty,92
AZ,F,1939,Alice,84
AZ,F,1939,Patricia,76
AZ,F,1939,Margaret,74
AZ,F,1939,Maria,74
AZ,F,1939,Carol,72
AZ,F,1939,Helen,69
AZ,F,1939,Nancy,69
AZ,F,1940,Mary,319
AZ,F,1940,Barbara,129
AZ,F,1940,Betty,98
AZ,F,1940,Patricia,98
AZ,F,1940,Linda,87
AZ,F,1940,Margaret,84
AZ,F,1940,Carol,82
AZ,F,1940,Helen,72
AZ,F,1940,Alice,70
AZ,F,1940,Frances,70
AZ,F,1941,Mary,349
AZ,F,1941,Barbara,137
AZ,F,1941,Betty,113
AZ,F,1941,Linda,104
AZ,F,1941,Patricia,103
AZ,F,1941,Gloria,92
AZ,F,1941,Margaret,80
AZ,F,1941,Alice,76
AZ,F,1941,Sandra,75
AZ,F,1941,Nancy,74
AZ,F,1942,Mary,353
AZ,F,1942,Barbara,150
AZ,F,1942,Betty,121
AZ,F,1942,Linda,119
AZ,F,1942,Patricia,113
AZ,F,1942,Sharon,101
AZ,F,1942,Gloria,87
AZ,F,1942,Helen,84
AZ,F,1942,Virginia,83
AZ,F,1942,Nancy,82
AZ,F,1943,Mary,430
AZ,F,1943,Barbara,179
AZ,F,1943,Linda,170
AZ,F,1943,Patricia,154
AZ,F,1943,Sharon,152
AZ,F,1943,Betty,128
AZ,F,1943,Sandra,99
AZ,F,1943,Gloria,96
AZ,F,1943,Margaret,95
AZ,F,1943,Carol,94
AZ,F,1944,Mary,383
AZ,F,1944,Barbara,161
AZ,F,1944,Linda,155
AZ,F,1944,Patricia,145
AZ,F,1944,Margaret,125
AZ,F,1944,Carol,115
AZ,F,1944,Sandra,114
AZ,F,1944,Sharon,114
AZ,F,1944,Judy,109
AZ,F,1944,Gloria,106
AZ,F,1945,Mary,366
AZ,F,1945,Linda,173
AZ,F,1945,Barbara,143
AZ,F,1945,Patricia,143
AZ,F,1945,Sharon,116
AZ,F,1945,Carol,111
AZ,F,1945,Sandra,109
AZ,F,1945,Gloria,97
AZ,F,1945,Margaret,97
AZ,F,1945,Nancy,90
AZ,F,1946,Mary,386
AZ,F,1946,Linda,229
AZ,F,1946,Barbara,166
AZ,F,1946,Patricia,166
AZ,F,1946,Sandra,143
AZ,F,1946,Carol,127
AZ,F,1946,Sharon,127
AZ,F,1946,Gloria,119
AZ,F,1946,Susan,112
AZ,F,1946,Margaret,105
AZ,F,1947,Linda,456
AZ,F,1947,Mary,425
AZ,F,1947,Patricia,200
AZ,F,1947,Barbara,195
AZ,F,1947,Gloria,162
AZ,F,1947,Sandra,158
AZ,F,1947,Sharon,155
AZ,F,1947,Susan,136
AZ,F,1947,Nancy,120
AZ,F,1947,Margaret,106
AZ,F,1948,Linda,482
AZ,F,1948,Mary,442
AZ,F,1948,Barbara,214
AZ,F,1948,Patricia,197
AZ,F,1948,Susan,159
AZ,F,1948,Sharon,138
AZ,F,1948,Sandra,133
AZ,F,1948,Gloria,130
AZ,F,1948,Nancy,123
AZ,F,1948,Carol,118
AZ,F,1949,Linda,442
AZ,F,1949,Mary,412
AZ,F,1949,Patricia,216
AZ,F,1949,Barbara,183
AZ,F,1949,Susan,172
AZ,F,1949,Sandra,157
AZ,F,1949,Carol,136
AZ,F,1949,Gloria,123
AZ,F,1949,Margaret,121
AZ,F,1949,Karen,116
AZ,F,1950,Mary,415
AZ,F,1950,Linda,403
AZ,F,1950,Patricia,225
AZ,F,1950,Barbara,186
AZ,F,1950,Susan,142
AZ,F,1950,Sandra,141
AZ,F,1950,Deborah,135
AZ,F,1950,Carol,131
AZ,F,1950,Margaret,131
AZ,F,1950,Gloria,129
AZ,F,1951,Mary,439
AZ,F,1951,Linda,364
AZ,F,1951,Patricia,286
AZ,F,1951,Barbara,201
AZ,F,1951,Deborah,191
AZ,F,1951,Susan,182
AZ,F,1951,Sandra,150
AZ,F,1951,Gloria,139
AZ,F,1951,Karen,137
AZ,F,1951,Sharon,131
AZ,F,1952,Mary,469
AZ,F,1952,Linda,391
AZ,F,1952,Patricia,273
AZ,F,1952,Deborah,249
AZ,F,1952,Barbara,210
AZ,F,1952,Susan,209
AZ,F,1952,Karen,170
AZ,F,1952,Debra,139
AZ,F,1952,Gloria,133
AZ,F,1952,Pamela,124
AZ,F,1953,Mary,496
AZ,F,1953,Linda,352
AZ,F,1953,Patricia,314
AZ,F,1953,Deborah,287
AZ,F,1953,Debra,233
AZ,F,1953,Susan,215
AZ,F,1953,Barbara,179
AZ,F,1953,Sandra,158
AZ,F,1953,Pamela,150
AZ,F,1953,Gloria,138
AZ,F,1954,Mary,463
AZ,F,1954,Linda,293
AZ,F,1954,Patricia,276
AZ,F,1954,Deborah,264
AZ,F,1954,Susan,245
AZ,F,1954,Debra,223
AZ,F,1954,Barbara,191
AZ,F,1954,Sandra,168
AZ,F,1954,Cynthia,161
AZ,F,1954,Karen,149
AZ,F,1955,Mary,491
AZ,F,1955,Debra,292
AZ,F,1955,Linda,292
AZ,F,1955,Patricia,269
AZ,F,1955,Deborah,254
AZ,F,1955,Susan,245
AZ,F,1955,Cynthia,200
AZ,F,1955,Barbara,168
AZ,F,1955,Sandra,164
AZ,F,1955,Karen,162
AZ,F,1956,Mary,450
AZ,F,1956,Linda,305
AZ,F,1956,Patricia,275
AZ,F,1956,Debra,261
AZ,F,1956,Deborah,251
AZ,F,1956,Susan,225
AZ,F,1956,Cynthia,206
AZ,F,1956,Sandra,205
AZ,F,1956,Karen,202
AZ,F,1956,Barbara,201
AZ,F,1957,Mary,475
AZ,F,1957,Linda,293
AZ,F,1957,Patricia,289
AZ,F,1957,Susan,277
AZ,F,1957,Debra,266
AZ,F,1957,Cynthia,251
AZ,F,1957,Deborah,225
AZ,F,1957,Karen,216
AZ,F,1957,Barbara,194
AZ,F,1957,Sandra,178
AZ,F,1958,Mary,458
AZ,F,1958,Patricia,281
AZ,F,1958,Linda,279
AZ,F,1958,Susan,255
AZ,F,1958,Debra,218
AZ,F,1958,Cynthia,211
AZ,F,1958,Karen,202
AZ,F,1958,Deborah,180
AZ,F,1958,Barbara,168
AZ,F,1958,Kathy,164
AZ,F,1959,Mary,422
AZ,F,1959,Patricia,296
AZ,F,1959,Linda,275
AZ,F,1959,Susan,224
AZ,F,1959,Cynthia,222
AZ,F,1959,Debra,200
AZ,F,1959,Karen,197
AZ,F,1959,Lisa,185
AZ,F,1959,Donna,181
AZ,F,1959,Debbie,180
AZ,F,1960,Mary,410
AZ,F,1960,Lisa,251
AZ,F,1960,Patricia,245
AZ,F,1960,Linda,241
AZ,F,1960,Susan,213
AZ,F,1960,Sandra,205
AZ,F,1960,Debbie,199
AZ,F,1960,Karen,199
AZ,F,1960,Deborah,185
AZ,F,1960,Debra,184
AZ,F,1961,Mary,377
AZ,F,1961,Lisa,258
AZ,F,1961,Linda,256
AZ,F,1961,Patricia,244
AZ,F,1961,Susan,235
AZ,F,1961,Sandra,224
AZ,F,1961,Karen,214
AZ,F,1961,Cynthia,183
AZ,F,1961,Brenda,181
AZ,F,1961,Debbie,178
AZ,F,1962,Mary,360
AZ,F,1962,Lisa,327
AZ,F,1962,Patricia,263
AZ,F,1962,Linda,248
AZ,F,1962,Susan,225
AZ,F,1962,Karen,212
AZ,F,1962,Cynthia,207
AZ,F,1962,Lori,206
AZ,F,1962,Sandra,197
AZ,F,1962,Maria,186
AZ,F,1963,Lisa,383
AZ,F,1963,Mary,328
AZ,F,1963,Patricia,223
AZ,F,1963,Susan,216
AZ,F,1963,Linda,199
AZ,F,1963,Karen,195
AZ,F,1963,Lori,190
AZ,F,1963,Laura,182
AZ,F,1963,Sandra,181
AZ,F,1963,Maria,180
AZ,F,1964,Mary,368
AZ,F,1964,Lisa,345
AZ,F,1964,Patricia,222
AZ,F,1964,Susan,210
AZ,F,1964,Linda,199
AZ,F,1964,Karen,191
AZ,F,1964,Maria,188
AZ,F,1964,Elizabeth,176
AZ,F,1964,Kimberly,168
AZ,F,1964,Cynthia,164
AZ,F,1965,Lisa,399
AZ,F,1965,Mary,278
AZ,F,1965,Patricia,201
AZ,F,1965,Susan,196
AZ,F,1965,Kimberly,182
AZ,F,1965,Cynthia,175
AZ,F,1965,Karen,171
AZ,F,1965,Sandra,167
AZ,F,1965,Linda,158
AZ,F,1965,Maria,151
AZ,F,1966,Lisa,386
AZ,F,1966,Mary,246
AZ,F,1966,Kimberly,221
AZ,F,1966,Michelle,219
AZ,F,1966,Cynthia,171
AZ,F,1966,Patricia,161
AZ,F,1966,Sandra,153
AZ,F,1966,Susan,150
AZ,F,1966,Julie,148
AZ,F,1966,Maria,146
AZ,F,1967,Lisa,350
AZ,F,1967,Michelle,287
AZ,F,1967,Mary,220
AZ,F,1967,Kimberly,219
AZ,F,1967,Maria,168
AZ,F,1967,Patricia,165
AZ,F,1967,Stephanie,157
AZ,F,1967,Cynthia,155
AZ,F,1967,Julie,149
AZ,F,1967,Susan,147
AZ,F,1968,Michelle,344
AZ,F,1968,Lisa,339
AZ,F,1968,Kimberly,246
AZ,F,1968,Jennifer,213
AZ,F,1968,Mary,195
AZ,F,1968,Laura,164
AZ,F,1968,Patricia,154
AZ,F,1968,Maria,152
AZ,F,1968,Julie,150
AZ,F,1968,Tammy,149
AZ,F,1969,Lisa,353
AZ,F,1969,Michelle,344
AZ,F,1969,Jennifer,266
AZ,F,1969,Kimberly,227
AZ,F,1969,Mary,181
AZ,F,1969,Laura,160
AZ,F,1969,Melissa,159
AZ,F,1969,Stephanie,157
AZ,F,1969,Patricia,152
AZ,F,1969,Julie,151
AZ,F,1970,Jennifer,374
AZ,F,1970,Lisa,355
AZ,F,1970,Michelle,350
AZ,F,1970,Kimberly,273
AZ,F,1970,Melissa,212
AZ,F,1970,Amy,181
AZ,F,1970,Julie,178
AZ,F,1970,Maria,172
AZ,F,1970,Shannon,172
AZ,F,1970,Mary,169
AZ,F,1971,Jennifer,507
AZ,F,1971,Lisa,358
AZ,F,1971,Michelle,350
AZ,F,1971,Kimberly,249
AZ,F,1971,Christina,199
AZ,F,1971,Melissa,195
AZ,F,1971,Amy,191
AZ,F,1971,Julie,185
AZ,F,1971,Stephanie,179
AZ,F,1971,Shannon,175
AZ,F,1972,Jennifer,608
AZ,F,1972,Michelle,338
AZ,F,1972,Lisa,293
AZ,F,1972,Kimberly,219
AZ,F,1972,Stephanie,217
AZ,F,1972,Melissa,216
AZ,F,1972,Amy,196
AZ,F,1972,Christina,182
AZ,F,1972,Heather,174
AZ,F,1972,Shannon,174
AZ,F,1973,Jennifer,601
AZ,F,1973,Michelle,353
AZ,F,1973,Kimberly,244
AZ,F,1973,Lisa,244
AZ,F,1973,Amy,217
AZ,F,1973,Heather,214
AZ,F,1973,Stephanie,202
AZ,F,1973,Melissa,195
AZ,F,1973,Maria,193
AZ,F,1973,Christina,184
AZ,F,1974,Jennifer,642
AZ,F,1974,Michelle,356
AZ,F,1974,Heather,267
AZ,F,1974,Amy,256
AZ,F,1974,Lisa,256
AZ,F,1974,Stephanie,229
AZ,F,1974,Melissa,224
AZ,F,1974,Angela,207
AZ,F,1974,Kimberly,201
AZ,F,1974,Rebecca,193
AZ,F,1975,Jennifer,633
AZ,F,1975,Michelle,311
AZ,F,1975,Amy,288
AZ,F,1975,Melissa,273
AZ,F,1975,Heather,271
AZ,F,1975,Lisa,240
AZ,F,1975,Stephanie,225
AZ,F,1975,Angela,220
AZ,F,1975,Christina,210
AZ,F,1975,Rebecca,181
AZ,F,1976,Jennifer,631
AZ,F,1976,Melissa,336
AZ,F,1976,Amy,307
AZ,F,1976,Michelle,258
AZ,F,1976,Heather,244
AZ,F,1976,Jessica,233
AZ,F,1976,Lisa,225
AZ,F,1976,Angela,211
AZ,F,1976,Stephanie,205
AZ,F,1976,Christina,190
AZ,F,1977,Jennifer,660
AZ,F,1977,Melissa,319
AZ,F,1977,Jessica,301
AZ,F,1977,Michelle,268
AZ,F,1977,Heather,258
AZ,F,1977,Amy,252
AZ,F,1977,Christina,227
AZ,F,1977,Lisa,217
AZ,F,1977,Stephanie,213
AZ,F,1977,Sarah,205
AZ,F,1978,Jennifer,612
AZ,F,1978,Melissa,356
AZ,F,1978,Jessica,342
AZ,F,1978,Michelle,293
AZ,F,1978,Heather,256
AZ,F,1978,Christina,252
AZ,F,1978,Sarah,251
AZ,F,1978,Lisa,249
AZ,F,1978,Stephanie,239
AZ,F,1978,Amy,224
AZ,F,1979,Jennifer,643
AZ,F,1979,Melissa,468
AZ,F,1979,Jessica,346
AZ,F,1979,Amanda,287
AZ,F,1979,Michelle,282
AZ,F,1979,Sarah,267
AZ,F,1979,Heather,242
AZ,F,1979,Amy,234
AZ,F,1979,Christina,234
AZ,F,1979,Nicole,227
AZ,F,1980,Jennifer,748
AZ,F,1980,Jessica,463
AZ,F,1980,Melissa,422
AZ,F,1980,Amanda,350
AZ,F,1980,Sarah,334
AZ,F,1980,Michelle,302
AZ,F,1980,Stephanie,270
AZ,F,1980,Christina,269
AZ,F,1980,Nicole,269
AZ,F,1980,Amber,238
AZ,F,1981,Jennifer,713
AZ,F,1981,Jessica,552
AZ,F,1981,Melissa,399
AZ,F,1981,Amanda,374
AZ,F,1981,Stephanie,361
AZ,F,1981,Sarah,325
AZ,F,1981,Nicole,315
AZ,F,1981,Michelle,309
AZ,F,1981,Christina,276
AZ,F,1981,Amber,273
AZ,F,1982,Jennifer,652
AZ,F,1982,Jessica,595
AZ,F,1982,Sarah,394
AZ,F,1982,Stephanie,391
AZ,F,1982,Amanda,382
AZ,F,1982,Melissa,352
AZ,F,1982,Nicole,349
AZ,F,1982,Michelle,279
AZ,F,1982,Christina,278
AZ,F,1982,Elizabeth,264
AZ,F,1983,Jennifer,724
AZ,F,1983,Jessica,582
AZ,F,1983,Sarah,373
AZ,F,1983,Stephanie,365
AZ,F,1983,Melissa,359
AZ,F,1983,Amanda,348
AZ,F,1983,Nicole,335
AZ,F,1983,Ashley,330
AZ,F,1983,Michelle,286
AZ,F,1983,Crystal,271
AZ,F,1984,Jennifer,671
AZ,F,1984,Jessica,670
AZ,F,1984,Amanda,403
AZ,F,1984,Ashley,392
AZ,F,1984,Sarah,387
AZ,F,1984,Stephanie,372
AZ,F,1984,Melissa,326
AZ,F,1984,Nicole,323
AZ,F,1984,Michelle,292
AZ,F,1984,Heather,290
AZ,F,1985,Jessica,701
AZ,F,1985,Ashley,647
AZ,F,1985,Jennifer,573
AZ,F,1985,Amanda,450
AZ,F,1985,Stephanie,439
AZ,F,1985,Nicole,398
AZ,F,1985,Sarah,380
AZ,F,1985,Melissa,344
AZ,F,1985,Amber,322
AZ,F,1985,Christina,295
AZ,F,1986,Jessica,738
AZ,F,1986,Ashley,663
AZ,F,1986,Amanda,584
AZ,F,1986,Jennifer,517
AZ,F,1986,Sarah,424
AZ,F,1986,Stephanie,421
AZ,F,1986,Nicole,367
AZ,F,1986,Melissa,332
AZ,F,1986,Brittany,309
AZ,F,1986,Heather,298
AZ,F,1987,Jessica,875
AZ,F,1987,Ashley,803
AZ,F,1987,Amanda,598
AZ,F,1987,Jennifer,476
AZ,F,1987,Sarah,410
AZ,F,1987,Stephanie,402
AZ,F,1987,Nicole,361
AZ,F,1987,Danielle,344
AZ,F,1987,Brittany,322
AZ,F,1987,Amber,307
AZ,F,1988,Jessica,791
AZ,F,1988,Ashley,774
AZ,F,1988,Amanda,577
AZ,F,1988,Sarah,448
AZ,F,1988,Jennifer,404
AZ,F,1988,Stephanie,390
AZ,F,1988,Brittany,383
AZ,F,1988,Samantha,360
AZ,F,1988,Nicole,335
AZ,F,1988,Danielle,330
AZ,F,1989,Jessica,774
AZ,F,1989,Ashley,768
AZ,F,1989,Amanda,595
AZ,F,1989,Brittany,549
AZ,F,1989,Sarah,404
AZ,F,1989,Stephanie,400
AZ,F,1989,Samantha,383
AZ,F,1989,Nicole,376
AZ,F,1989,Jennifer,325
AZ,F,1989,Danielle,295
AZ,F,1990,Jessica,746
AZ,F,1990,Ashley,651
AZ,F,1990,Amanda,518
AZ,F,1990,Brittany,483
AZ,F,1990,Stephanie,412
AZ,F,1990,Samantha,385
AZ,F,1990,Sarah,371
AZ,F,1990,Nicole,328
AZ,F,1990,Jennifer,290
AZ,F,1990,Elizabeth,286
AZ,F,1991,Ashley,665
AZ,F,1991,Jessica,664
AZ,F,1991,Amanda,440
AZ,F,1991,Samantha,419
AZ,F,1991,Sarah,391
AZ,F,1991,Stephanie,391
AZ,F,1991,Brittany,379
AZ,F,1991,Elizabeth,291
AZ,F,1991,Jennifer,281
AZ,F,1991,Megan,272
AZ,F,1992,Jessica,663
AZ,F,1992,Ashley,595
AZ,F,1992,Samantha,430
AZ,F,1992,Amanda,376
AZ,F,1992,Sarah,359
AZ,F,1992,Stephanie,358
AZ,F,1992,Brittany,292
AZ,F,1992,Chelsea,270
AZ,F,1992,Danielle,266
AZ,F,1992,Elizabeth,264
AZ,F,1993,Jessica,641
AZ,F,1993,Ashley,546
AZ,F,1993,Samantha,385
AZ,F,1993,Amanda,346
AZ,F,1993,Sarah,340
AZ,F,1993,Taylor,324
AZ,F,1993,Brittany,298
AZ,F,1993,Alexis,282
AZ,F,1993,Elizabeth,280
AZ,F,1993,Emily,267
AZ,F,1994,Jessica,595
AZ,F,1994,Ashley,469
AZ,F,1994,Samantha,361
AZ,F,1994,Taylor,348
AZ,F,1994,Sarah,327
AZ,F,1994,Nicole,311
AZ,F,1994,Emily,303
AZ,F,1994,Alexis,297
AZ,F,1994,Amanda,286
AZ,F,1994,Jennifer,267
AZ,F,1995,Jessica,542
AZ,F,1995,Ashley,390
AZ,F,1995,Samantha,387
AZ,F,1995,Taylor,335
AZ,F,1995,Alexis,315
AZ,F,1995,Sarah,295
AZ,F,1995,Amanda,276
AZ,F,1995,Emily,276
AZ,F,1995,Stephanie,256
AZ,F,1995,Kayla,253
AZ,F,1996,Jessica,446
AZ,F,1996,Ashley,388
AZ,F,1996,Samantha,367
AZ,F,1996,Alexis,359
AZ,F,1996,Taylor,324
AZ,F,1996,Emily,323
AZ,F,1996,Sarah,313
AZ,F,1996,Alyssa,277
AZ,F,1996,Hannah,274
AZ,F,1996,Madison,274
AZ,F,1997,Jessica,388
AZ,F,1997,Alexis,373
AZ,F,1997,Ashley,350
AZ,F,1997,Samantha,347
AZ,F,1997,Emily,341
AZ,F,1997,Sarah,329
AZ,F,1997,Taylor,328
AZ,F,1997,Hannah,307
AZ,F,1997,Jennifer,285
AZ,F,1997,Alyssa,284
AZ,F,1998,Alexis,408
AZ,F,1998,Samantha,390
AZ,F,1998,Jessica,382
AZ,F,1998,Emily,364
AZ,F,1998,Ashley,360
AZ,F,1998,Alyssa,346
AZ,F,1998,Sarah,324
AZ,F,1998,Taylor,310
AZ,F,1998,Hannah,292
AZ,F,1998,Madison,290
AZ,F,1999,Samantha,417
AZ,F,1999,Alexis,406
AZ,F,1999,Emily,400
AZ,F,1999,Ashley,379
AZ,F,1999,Alyssa,340
AZ,F,1999,Jessica,333
AZ,F,1999,Hannah,331
AZ,F,1999,Taylor,307
AZ,F,1999,Jennifer,297
AZ,F,1999,Madison,291
AZ,F,2000,Emily,408
AZ,F,2000,Ashley,400
AZ,F,2000,Samantha,397
AZ,F,2000,Alexis,380
AZ,F,2000,Jessica,365
AZ,F,2000,Hannah,364
AZ,F,2000,Madison,332
AZ,F,2000,Alyssa,315
AZ,F,2000,Jennifer,278
AZ,F,2000,Brianna,272
AZ,F,2001,Ashley,377
AZ,F,2001,Emily,375
AZ,F,2001,Alexis,368
AZ,F,2001,Madison,351
AZ,F,2001,Samantha,341
AZ,F,2001,Jessica,326
AZ,F,2001,Hannah,324
AZ,F,2001,Alyssa,284
AZ,F,2001,Elizabeth,276
AZ,F,2001,Brianna,267
AZ,F,2002,Emily,404
AZ,F,2002,Ashley,360
AZ,F,2002,Alexis,354
AZ,F,2002,Samantha,346
AZ,F,2002,Madison,329
AZ,F,2002,Alyssa,315
AZ,F,2002,Hannah,300
AZ,F,2002,Jennifer,282
AZ,F,2002,Emma,275
AZ,F,2002,Isabella,269
AZ,F,2003,Emily,432
AZ,F,2003,Emma,389
AZ,F,2003,Ashley,370
AZ,F,2003,Alexis,339
AZ,F,2003,Alyssa,337
AZ,F,2003,Samantha,335
AZ,F,2003,Isabella,327
AZ,F,2003,Madison,322
AZ,F,2003,Abigail,294
AZ,F,2003,Hannah,282
AZ,F,2004,Emily,446
AZ,F,2004,Isabella,384
AZ,F,2004,Emma,361
AZ,F,2004,Ashley,357
AZ,F,2004,Madison,357
AZ,F,2004,Alexis,318
AZ,F,2004,Samantha,316
AZ,F,2004,Abigail,290
AZ,F,2004,Alyssa,284
AZ,F,2004,Elizabeth,275
AZ,F,2005,Emily,511
AZ,F,2005,Mia,429
AZ,F,2005,Ashley,409
AZ,F,2005,Isabella,375
AZ,F,2005,Emma,351
AZ,F,2005,Samantha,342
AZ,F,2005,Abigail,285
AZ,F,2005,Madison,277
AZ,F,2005,Sophia,277
AZ,F,2005,Elizabeth,274
AZ,F,2006,Mia,505
AZ,F,2006,Emily,492
AZ,F,2006,Isabella,443
AZ,F,2006,Ashley,397
AZ,F,2006,Emma,387
AZ,F,2006,Madison,323
AZ,F,2006,Ava,307
AZ,F,2006,Sophia,304
AZ,F,2006,Samantha,295
AZ,F,2006,Alexis,289
AZ,F,2007,Isabella,452
AZ,F,2007,Emily,428
AZ,F,2007,Mia,419
AZ,F,2007,Sophia,381
AZ,F,2007,Ashley,370
AZ,F,2007,Emma,342
AZ,F,2007,Madison,320
AZ,F,2007,Ava,312
AZ,F,2007,Samantha,300
AZ,F,2007,Elizabeth,297
AZ,F,2008,Isabella,469
AZ,F,2008,Sophia,424
AZ,F,2008,Emma,378
AZ,F,2008,Emily,364
AZ,F,2008,Mia,345
AZ,F,2008,Abigail,311
AZ,F,2008,Ava,304
AZ,F,2008,Samantha,304
AZ,F,2008,Madison,300
AZ,F,2008,Elizabeth,298
AZ,F,2009,Isabella,540
AZ,F,2009,Sophia,418
AZ,F,2009,Emma,373
AZ,F,2009,Mia,366
AZ,F,2009,Emily,312
AZ,F,2009,Olivia,298
AZ,F,2009,Abigail,292
AZ,F,2009,Madison,292
AZ,F,2009,Ava,273
AZ,F,2009,Samantha,265
AZ,F,2010,Isabella,556
AZ,F,2010,Sophia,516
AZ,F,2010,Mia,376
AZ,F,2010,Emma,336
AZ,F,2010,Olivia,307
AZ,F,2010,Emily,292
AZ,F,2010,Abigail,281
AZ,F,2010,Ava,278
AZ,F,2010,Madison,236
AZ,F,2010,Natalie,223
AZ,F,2011,Sophia,558
AZ,F,2011,Isabella,512
AZ,F,2011,Emma,371
AZ,F,2011,Emily,350
AZ,F,2011,Mia,347
AZ,F,2011,Olivia,301
AZ,F,2011,Ava,262
AZ,F,2011,Abigail,254
AZ,F,2011,Victoria,222
AZ,F,2011,Elizabeth,218
AZ,F,2012,Sophia,591
AZ,F,2012,Isabella,490
AZ,F,2012,Emma,395
AZ,F,2012,Mia,375
AZ,F,2012,Olivia,358
AZ,F,2012,Emily,311
AZ,F,2012,Ava,290
AZ,F,2012,Abigail,267
AZ,F,2012,Madison,211
AZ,F,2012,Sofia,210
AZ,F,2013,Sophia,613
AZ,F,2013,Isabella,452
AZ,F,2013,Emma,437
AZ,F,2013,Mia,420
AZ,F,2013,Olivia,364
AZ,F,2013,Emily,282
AZ,F,2013,Sofia,251
AZ,F,2013,Abigail,246
AZ,F,2013,Ava,245
AZ,F,2013,Madison,210
AZ,F,2014,Sophia,493
AZ,F,2014,Emma,437
AZ,F,2014,Mia,434
AZ,F,2014,Isabella,411
AZ,F,2014,Olivia,393
AZ,F,2014,Sofia,284
AZ,F,2014,Emily,274
AZ,F,2014,Abigail,273
AZ,F,2014,Ava,273
AZ,F,2014,Victoria,264
AZ,F,2015,Sophia,476
AZ,F,2015,Mia,465
AZ,F,2015,Emma,453
AZ,F,2015,Olivia,421
AZ,F,2015,Isabella,388
AZ,F,2015,Emily,300
AZ,F,2015,Sofia,299
AZ,F,2015,Ava,285
AZ,F,2015,Victoria,259
AZ,F,2015,Abigail,257
AZ,F,2016,Emma,453
AZ,F,2016,Sophia,432
AZ,F,2016,Mia,422
AZ,F,2016,Olivia,422
AZ,F,2016,Isabella,377
AZ,F,2016,Ava,287
AZ,F,2016,Emily,283
AZ,F,2016,Sofia,278
AZ,F,2016,Abigail,264
AZ,F,2016,Charlotte,250
AZ,F,2017,Emma,450
AZ,F,2017,Isabella,409
AZ,F,2017,Olivia,401
AZ,F,2017,Mia,385
AZ,F,2017,Sophia,379
AZ,F,2017,Ava,265
AZ,F,2017,Evelyn,265
AZ,F,2017,Emily,253
AZ,F,2017,Amelia,251
AZ,F,2017,Charlotte,243
AZ,F,2018,Emma,459
AZ,F,2018,Olivia,417
AZ,F,2018,Mia,370
AZ,F,2018,Isabella,369
AZ,F,2018,Sophia,361
AZ,F,2018,Mila,257
AZ,F,2018,Camila,247
AZ,F,2018,Charlotte,239
AZ,F,2018,Amelia,237
AZ,F,2018,Emily,233
AZ,F,2019,Olivia,435
AZ,F,2019,Emma,382
AZ,F,2019,Sophia,346
AZ,F,2019,Isabella,336
AZ,F,2019,Mia,330
AZ,F,2019,Luna,263
AZ,F,2019,Ava,260
AZ,F,2019,Camila,257
AZ,F,2019,Charlotte,249
AZ,F,2019,Evelyn,241
AZ,M,1920,John,172
AZ,M,1920,Robert,140
AZ,M,1920,Frank,134
AZ,M,1920,William,132
AZ,M,1920,Manuel,126
AZ,M,1920,Jose,102
AZ,M,1920,Joe,97
AZ,M,1920,George,85
AZ,M,1920,James,76
AZ,M,1920,Charles,75
AZ,M,1921,John,149
AZ,M,1921,Robert,143
AZ,M,1921,William,116
AZ,M,1921,James,114
AZ,M,1921,Manuel,113
AZ,M,1921,Joe,107
AZ,M,1921,Frank,104
AZ,M,1921,George,81
AZ,M,1921,Jose,78
AZ,M,1921,Edward,75
AZ,M,1922,John,165
AZ,M,1922,Robert,129
AZ,M,1922,William,123
AZ,M,1922,James,101
AZ,M,1922,Jose,97
AZ,M,1922,Joe,94
AZ,M,1922,Manuel,89
AZ,M,1922,Frank,88
AZ,M,1922,George,77
AZ,M,1922,Charles,71
AZ,M,1923,John,159
AZ,M,1923,William,140
AZ,M,1923,Robert,131
AZ,M,1923,Manuel,110
AZ,M,1923,Joe,99
AZ,M,1923,Jose,95
AZ,M,1923,Frank,94
AZ,M,1923,James,72
AZ,M,1923,George,65
AZ,M,1923,David,60
AZ,M,1924,John,171
AZ,M,1924,Robert,157
AZ,M,1924,William,132
AZ,M,1924,James,114
AZ,M,1924,Frank,104
AZ,M,1924,Jose,100
AZ,M,1924,Manuel,92
AZ,M,1924,Joe,82
AZ,M,1924,Charles,80
AZ,M,1924,Henry,68
AZ,M,1925,John,177
AZ,M,1925,Robert,155
AZ,M,1925,William,116
AZ,M,1925,Joe,110
AZ,M,1925,Manuel,107
AZ,M,1925,James,101
AZ,M,1925,Frank,87
AZ,M,1925,Jose,83
AZ,M,1925,George,82
AZ,M,1925,Charles,61
AZ,M,1926,Robert,154
AZ,M,1926,John,144
AZ,M,1926,James,120
AZ,M,1926,Frank,117
AZ,M,1926,William,115
AZ,M,1926,Manuel,90
AZ,M,1926,George,86
AZ,M,1926,Jose,86
AZ,M,1926,Joe,85
AZ,M,1926,Jesus,75
AZ,M,1927,John,198
AZ,M,1927,Robert,151
AZ,M,1927,Frank,136
AZ,M,1927,Manuel,118
AZ,M,1927,Joe,111
AZ,M,1927,William,107
AZ,M,1927,Jose,106
AZ,M,1927,James,100
AZ,M,1927,Richard,78
AZ,M,1927,George,75
AZ,M,1928,John,176
AZ,M,1928,Robert,175
AZ,M,1928,Manuel,124
AZ,M,1928,Jose,122
AZ,M,1928,Joe,114
AZ,M,1928,William,113
AZ,M,1928,Frank,108
AZ,M,1928,James,105
AZ,M,1928,George,98
AZ,M,1928,Richard,80
AZ,M,1929,Robert,191
AZ,M,1929,John,145
AZ,M,1929,William,125
AZ,M,1929,Joe,119
AZ,M,1929,Manuel,119
AZ,M,1929,Jose,115
AZ,M,1929,James,108
AZ,M,1929,Frank,103
AZ,M,1929,George,93
AZ,M,1929,Richard,86
AZ,M,1930,Robert,195
AZ,M,1930,John,151
AZ,M,1930,James,138
AZ,M,1930,William,132
AZ,M,1930,Frank,130
AZ,M,1930,Joe,122
AZ,M,1930,Richard,119
AZ,M,1930,Manuel,111
AZ,M,1930,Jose,102
AZ,M,1930,George,101
AZ,M,1931,Robert,205
AZ,M,1931,John,146
AZ,M,1931,James,123
AZ,M,1931,Frank,108
AZ,M,1931,Joe,107
AZ,M,1931,Manuel,104
AZ,M,1931,Richard,96
AZ,M,1931,William,90
AZ,M,1931,Jose,82
AZ,M,1931,Charles,79
AZ,M,1932,Robert,165
AZ,M,1932,John,150
AZ,M,1932,James,132
AZ,M,1932,Frank,114
AZ,M,1932,William,114
AZ,M,1932,Joe,110
AZ,M,1932,Richard,105
AZ,M,1932,Manuel,84
AZ,M,1932,George,82
AZ,M,1932,Charles,81
AZ,M,1933,Robert,146
AZ,M,1933,John,139
AZ,M,1933,James,117
AZ,M,1933,Frank,102
AZ,M,1933,Joe,99
AZ,M,1933,William,92
AZ,M,1933,Richard,86
AZ,M,1933,Charles,81
AZ,M,1933,Manuel,72
AZ,M,1933,David,67
AZ,M,1934,Robert,159
AZ,M,1934,John,140
AZ,M,1934,James,115
AZ,M,1934,William,105
AZ,M,1934,Richard,104
AZ,M,1934,Frank,92
AZ,M,1934,Joe,87
AZ,M,1934,Manuel,82
AZ,M,1934,Charles,78
AZ,M,1934,David,72
AZ,M,1935,Robert,166
AZ,M,1935,John,150
AZ,M,1935,Richard,127
AZ,M,1935,James,123
AZ,M,1935,William,117
AZ,M,1935,Frank,114
AZ,M,1935,Joe,90
AZ,M,1935,Charles,83
AZ,M,1935,Donald,72
AZ,M,1935,David,70
AZ,M,1936,Robert,199
AZ,M,1936,John,177
AZ,M,1936,Richard,145
AZ,M,1936,James,134
AZ,M,1936,William,116
AZ,M,1936,Frank,110
AZ,M,1936,Joe,98
AZ,M,1936,Manuel,93
AZ,M,1936,Charles,92
AZ,M,1936,David,85
AZ,M,1937,Robert,198
AZ,M,1937,John,170
AZ,M,1937,James,149
AZ,M,1937,Joe,140
AZ,M,1937,William,140
AZ,M,1937,Richard,124
AZ,M,1937,Frank,101
AZ,M,1937,Charles,99
AZ,M,1937,David,83
AZ,M,1937,George,77
AZ,M,1938,Robert,232
AZ,M,1938,John,167
AZ,M,1938,James,156
AZ,M,1938,Richard,138
AZ,M,1938,William,130
AZ,M,1938,Frank,120
AZ,M,1938,Joe,120
AZ,M,1938,David,101
AZ,M,1938,Charles,94
AZ,M,1938,Manuel,82
AZ,M,1939,Robert,214
AZ,M,1939,James,179
AZ,M,1939,John,162
AZ,M,1939,Richard,131
AZ,M,1939,William,122
AZ,M,1939,Frank,102
AZ,M,1939,Joe,101
AZ,M,1939,Charles,99
AZ,M,1939,David,99
AZ,M,1939,George,74
AZ,M,1940,Robert,242
AZ,M,1940,John,189
AZ,M,1940,James,172
AZ,M,1940,Richard,151
AZ,M,1940,Charles,137
AZ,M,1940,William,132
AZ,M,1940,Frank,119
AZ,M,1940,David,115
AZ,M,1940,Joe,112
AZ,M,1940,George,89
AZ,M,1941,Robert,264
AZ,M,1941,John,199
AZ,M,1941,James,166
AZ,M,1941,Richard,162
AZ,M,1941,William,137
AZ,M,1941,Charles,126
AZ,M,1941,Joe,118
AZ,M,1941,David,111
AZ,M,1941,Frank,109
AZ,M,1941,Thomas,89
AZ,M,1942,Robert,274
AZ,M,1942,John,231
AZ,M,1942,James,229
AZ,M,1942,William,171
AZ,M,1942,Richard,163
AZ,M,1942,David,142
AZ,M,1942,Frank,132
AZ,M,1942,Charles,117
AZ,M,1942,Joe,111
AZ,M,1942,Jerry,100
AZ,M,1943,Robert,312
AZ,M,1943,John,273
AZ,M,1943,James,258
AZ,M,1943,Richard,224
AZ,M,1943,William,198
AZ,M,1943,David,175
AZ,M,1943,Frank,159
AZ,M,1943,Joe,151
AZ,M,1943,Charles,141
AZ,M,1943,Larry,128
AZ,M,1944,Robert,328
AZ,M,1944,James,299
AZ,M,1944,John,297
AZ,M,1944,Richard,245
AZ,M,1944,David,219
AZ,M,1944,William,194
AZ,M,1944,Frank,159
AZ,M,1944,Joe,151
AZ,M,1944,George,140
AZ,M,1944,Charles,131
AZ,M,1945,Robert,316
AZ,M,1945,John,284
AZ,M,1945,Richard,252
AZ,M,1945,James,230
AZ,M,1945,William,214
AZ,M,1945,David,193
AZ,M,1945,Frank,133
AZ,M,1945,Joe,133
AZ,M,1945,Charles,128
AZ,M,1945,Larry,126
AZ,M,1946,Robert,371
AZ,M,1946,John,309
AZ,M,1946,Richard,279
AZ,M,1946,James,273
AZ,M,1946,William,220
AZ,M,1946,David,211
AZ,M,1946,Michael,175
AZ,M,1946,Joe,149
AZ,M,1946,Charles,143
AZ,M,1946,Frank,139
AZ,M,1947,Robert,413
AZ,M,1947,John,363
AZ,M,1947,Richard,331
AZ,M,1947,David,320
AZ,M,1947,James,306
AZ,M,1947,William,259
AZ,M,1947,Michael,242
AZ,M,1947,Larry,163
AZ,M,1947,Charles,159
AZ,M,1947,Frank,151
AZ,M,1948,Robert,421
AZ,M,1948,John,369
AZ,M,1948,David,325
AZ,M,1948,Richard,300
AZ,M,1948,James,292
AZ,M,1948,William,264
AZ,M,1948,Michael,248
AZ,M,1948,Thomas,159
AZ,M,1948,Charles,158
AZ,M,1948,Larry,154
AZ,M,1949,John,430
AZ,M,1949,Robert,429
AZ,M,1949,James,374
AZ,M,1949,David,360
AZ,M,1949,Richard,297
AZ,M,1949,William,266
AZ,M,1949,Michael,261
AZ,M,1949,Thomas,174
AZ,M,1949,Larry,160
AZ,M,1949,Charles,157
AZ,M,1950,Robert,419
AZ,M,1950,John,383
AZ,M,1950,David,363
AZ,M,1950,James,350
AZ,M,1950,Michael,315
AZ,M,1950,Richard,303
AZ,M,1950,William,284
AZ,M,1950,Thomas,192
AZ,M,1950,Charles,182
AZ,M,1950,Larry,181
AZ,M,1951,Robert,467
AZ,M,1951,John,440
AZ,M,1951,Michael,400
AZ,M,1951,David,368
AZ,M,1951,James,365
AZ,M,1951,Richard,326
AZ,M,1951,William,286
AZ,M,1951,Charles,196
AZ,M,1951,Thomas,195
AZ,M,1951,Gary,194
AZ,M,1952,Robert,523
AZ,M,1952,John,471
AZ,M,1952,David,464
AZ,M,1952,Michael,436
AZ,M,1952,James,402
AZ,M,1952,Richard,372
AZ,M,1952,William,349
AZ,M,1952,Thomas,206
AZ,M,1952,Charles,182
AZ,M,1952,Gary,181
AZ,M,1953,David,543
AZ,M,1953,Robert,524
AZ,M,1953,Michael,489
AZ,M,1953,John,465
AZ,M,1953,James,406
AZ,M,1953,Richard,396
AZ,M,1953,William,335
AZ,M,1953,Thomas,249
AZ,M,1953,Gary,215
AZ,M,1953,Steven,214
AZ,M,1954,Robert,587
AZ,M,1954,Michael,511
AZ,M,1954,David,500
AZ,M,1954,John,435
AZ,M,1954,James,422
AZ,M,1954,Richard,415
AZ,M,1954,William,334
AZ,M,1954,Steven,223
AZ,M,1954,Gary,218
AZ,M,1954,Daniel,217
AZ,M,1955,David,612
AZ,M,1955,Robert,526
AZ,M,1955,Michael,524
AZ,M,1955,John,453
AZ,M,1955,James,403
AZ,M,1955,Richard,367
AZ,M,1955,William,340
AZ,M,1955,Mark,260
AZ,M,1955,Steven,237
AZ,M,1955,Thomas,223
AZ,M,1956,David,611
AZ,M,1956,Robert,562
AZ,M,1956,Michael,537
AZ,M,1956,John,461
AZ,M,1956,James,437
AZ,M,1956,Richard,370
AZ,M,1956,William,346
AZ,M,1956,Mark,277
AZ,M,1956,Steven,263
AZ,M,1956,Daniel,254
AZ,M,1957,David,653
AZ,M,1957,Michael,583
AZ,M,1957,Robert,581
AZ,M,1957,James,463
AZ,M,1957,John,462
AZ,M,1957,Richard,422
AZ,M,1957,William,331
AZ,M,1957,Mark,321
AZ,M,1957,Steven,275
AZ,M,1957,Thomas,257
AZ,M,1958,Robert,609
AZ,M,1958,David,605
AZ,M,1958,Michael,584
AZ,M,1958,John,482
AZ,M,1958,James,434
AZ,M,1958,Richard,389
AZ,M,1958,William,341
AZ,M,1958,Mark,313
AZ,M,1958,Steven,239
AZ,M,1958,Charles,226
AZ,M,1959,David,635
AZ,M,1959,Michael,576
AZ,M,1959,Robert,572
AZ,M,1959,John,503
AZ,M,1959,Richard,431
AZ,M,1959,James,420
AZ,M,1959,Mark,375
AZ,M,1959,William,309
AZ,M,1959,Daniel,227
AZ,M,1959,Steven,218
AZ,M,1960,David,711
AZ,M,1960,Robert,600
AZ,M,1960,Michael,597
AZ,M,1960,John,549
AZ,M,1960,James,502
AZ,M,1960,Mark,483
AZ,M,1960,Richard,435
AZ,M,1960,William,304
AZ,M,1960,Thomas,238
AZ,M,1960,Steven,237
AZ,M,1961,David,711
AZ,M,1961,Robert,630
AZ,M,1961,Michael,582
AZ,M,1961,John,577
AZ,M,1961,James,485
AZ,M,1961,Mark,444
AZ,M,1961,Richard,395
AZ,M,1961,William,282
AZ,M,1961,Daniel,247
AZ,M,1961,Steven,238
AZ,M,1962,David,707
AZ,M,1962,Michael,603
AZ,M,1962,John,594
AZ,M,1962,Robert,592
AZ,M,1962,James,460
AZ,M,1962,Mark,439
AZ,M,1962,Richard,392
AZ,M,1962,William,285
AZ,M,1962,Scott,254
AZ,M,1962,Daniel,245
AZ,M,1963,David,681
AZ,M,1963,Michael,605
AZ,M,1963,Robert,579
AZ,M,1963,John,545
AZ,M,1963,James,451
AZ,M,1963,Richard,375
AZ,M,1963,Mark,356
AZ,M,1963,William,296
AZ,M,1963,Scott,237
AZ,M,1963,Steven,230
AZ,M,1964,David,619
AZ,M,1964,Michael,606
AZ,M,1964,Robert,554
AZ,M,1964,John,552
AZ,M,1964,James,474
AZ,M,1964,Mark,327
AZ,M,1964,Richard,316
AZ,M,1964,William,286
AZ,M,1964,Daniel,241
AZ,M,1964,Thomas,215
AZ,M,1965,Michael,599
AZ,M,1965,David,591
AZ,M,1965,John,517
AZ,M,1965,Robert,504
AZ,M,1965,James,409
AZ,M,1965,Richard,354
AZ,M,1965,William,285
AZ,M,1965,Mark,275
AZ,M,1965,Daniel,232
AZ,M,1965,Steven,210
AZ,M,1966,Michael,552
AZ,M,1966,David,550
AZ,M,1966,John,487
AZ,M,1966,Robert,477
AZ,M,1966,James,400
AZ,M,1966,Richard,331
AZ,M,1966,William,264
AZ,M,1966,Mark,242
AZ,M,1966,Daniel,214
AZ,M,1966,Christopher,209
AZ,M,1967,Michael,631
AZ,M,1967,David,581
AZ,M,1967,Robert,476
AZ,M,1967,John,462
AZ,M,1967,James,428
AZ,M,1967,Richard,332
AZ,M,1967,Mark,294
AZ,M,1967,William,252
AZ,M,1967,Christopher,224
AZ,M,1967,Daniel,217
AZ,M,1968,Michael,619
AZ,M,1968,David,582
AZ,M,1968,Robert,502
AZ,M,1968,John,447
AZ,M,1968,James,402
AZ,M,1968,Richard,335
AZ,M,1968,Mark,282
AZ,M,1968,William,266
AZ,M,1968,Christopher,246
AZ,M,1968,Brian,234
AZ,M,1969,Michael,721
AZ,M,1969,David,637
AZ,M,1969,Robert,547
AZ,M,1969,John,491
AZ,M,1969,James,483
AZ,M,1969,Richard,326
AZ,M,1969,Christopher,275
AZ,M,1969,Mark,264
AZ,M,1969,William,256
AZ,M,1969,Daniel,230
AZ,M,1970,Michael,755
AZ,M,1970,David,604
AZ,M,1970,Robert,579
AZ,M,1970,James,467
AZ,M,1970,John,462
AZ,M,1970,Richard,390
AZ,M,1970,Christopher,341
AZ,M,1970,William,332
AZ,M,1970,Steven,273
AZ,M,1970,Jason,270
AZ,M,1971,Michael,756
AZ,M,1971,David,551
AZ,M,1971,John,488
AZ,M,1971,Robert,488
AZ,M,1971,James,485
AZ,M,1971,Christopher,469
AZ,M,1971,Jason,375
AZ,M,1971,Richard,333
AZ,M,1971,William,304
AZ,M,1971,Brian,284
AZ,M,1972,Michael,800
AZ,M,1972,Christopher,525
AZ,M,1972,David,519
AZ,M,1972,Robert,510
AZ,M,1972,James,485
AZ,M,1972,Jason,427
AZ,M,1972,John,414
AZ,M,1972,Brian,327
AZ,M,1972,Daniel,289
AZ,M,1972,William,288
AZ,M,1973,Michael,749
AZ,M,1973,Christopher,542
AZ,M,1973,Jason,495
AZ,M,1973,David,494
AZ,M,1973,Robert,470
AZ,M,1973,James,427
AZ,M,1973,John,417
AZ,M,1973,Daniel,351
AZ,M,1973,Brian,328
AZ,M,1973,Richard,298
AZ,M,1974,Michael,807
AZ,M,1974,Jason,583
AZ,M,1974,Christopher,545
AZ,M,1974,David,481
AZ,M,1974,Robert,480
AZ,M,1974,James,422
AZ,M,1974,John,384
AZ,M,1974,Brian,365
AZ,M,1974,Daniel,328
AZ,M,1974,Matthew,283
AZ,M,1975,Michael,714
AZ,M,1975,Jason,612
AZ,M,1975,David,507
AZ,M,1975,Christopher,501
AZ,M,1975,Robert,456
AZ,M,1975,Daniel,358
AZ,M,1975,John,352
AZ,M,1975,James,340
AZ,M,1975,Brian,314
AZ,M,1975,Matthew,292
AZ,M,1976,Michael,768
AZ,M,1976,Jason,600
AZ,M,1976,Christopher,547
AZ,M,1976,David,462
AZ,M,1976,Robert,430
AZ,M,1976,James,362
AZ,M,1976,John,362
AZ,M,1976,Daniel,348
AZ,M,1976,Brian,316
AZ,M,1976,Matthew,304
AZ,M,1977,Michael,716
AZ,M,1977,Jason,617
AZ,M,1977,Christopher,532
AZ,M,1977,David,518
AZ,M,1977,Robert,447
AZ,M,1977,James,385
AZ,M,1977,Daniel,375
AZ,M,1977,John,349
AZ,M,1977,Brian,342
AZ,M,1977,Matthew,318
AZ,M,1978,Michael,827
AZ,M,1978,Christopher,599
AZ,M,1978,Jason,584
AZ,M,1978,David,514
AZ,M,1978,Robert,430
AZ,M,1978,James,402
AZ,M,1978,Matthew,375
AZ,M,1978,Daniel,369
AZ,M,1978,Brian,337
AZ,M,1978,John,320
AZ,M,1979,Michael,855
AZ,M,1979,Christopher,656
AZ,M,1979,Jason,636
AZ,M,1979,David,569
AZ,M,1979,Robert,473
AZ,M,1979,James,442
AZ,M,1979,Joshua,418
AZ,M,1979,Matthew,414
AZ,M,1979,Daniel,407
AZ,M,1979,John,368
AZ,M,1980,Michael,942
AZ,M,1980,Christopher,611
AZ,M,1980,David,588
AZ,M,1980,Jason,583
AZ,M,1980,Joshua,537
AZ,M,1980,Robert,512
AZ,M,1980,Daniel,456
AZ,M,1980,James,444
AZ,M,1980,Matthew,424
AZ,M,1980,Justin,400
AZ,M,1981,Michael,956
AZ,M,1981,Christopher,679
AZ,M,1981,David,587
AZ,M,1981,Joshua,541
AZ,M,1981,Matthew,516
AZ,M,1981,Daniel,494
AZ,M,1981,Jason,483
AZ,M,1981,Robert,464
AZ,M,1981,John,424
AZ,M,1981,Justin,423
AZ,M,1982,Michael,925
AZ,M,1982,Christopher,794
AZ,M,1982,David,582
AZ,M,1982,Matthew,572
AZ,M,1982,Daniel,542
AZ,M,1982,Joshua,539
AZ,M,1982,Jason,495
AZ,M,1982,Robert,484
AZ,M,1982,James,450
AZ,M,1982,Justin,406
AZ,M,1983,Michael,990
AZ,M,1983,Christopher,860
AZ,M,1983,Matthew,634
AZ,M,1983,Daniel,573
AZ,M,1983,David,573
AZ,M,1983,Joshua,518
AZ,M,1983,Robert,451
AZ,M,1983,Jason,419
AZ,M,1983,Ryan,412
AZ,M,1983,James,407
AZ,M,1984,Michael,1045
AZ,M,1984,Christopher,853
AZ,M,1984,Matthew,635
AZ,M,1984,Daniel,607
AZ,M,1984,David,600
AZ,M,1984,Joshua,539
AZ,M,1984,Robert,449
AZ,M,1984,Ryan,440
AZ,M,1984,James,413
AZ,M,1984,Joseph,409
AZ,M,1985,Michael,979
AZ,M,1985,Christopher,922
AZ,M,1985,Daniel,697
AZ,M,1985,Matthew,670
AZ,M,1985,David,661
AZ,M,1985,Joshua,644
AZ,M,1985,Robert,508
AZ,M,1985,Ryan,474
AZ,M,1985,Joseph,439
AZ,M,1985,Andrew,429
AZ,M,1986,Michael,996
AZ,M,1986,Christopher,875
AZ,M,1986,Matthew,695
AZ,M,1986,Daniel,638
AZ,M,1986,David,568
AZ,M,1986,Joshua,552
AZ,M,1986,Ryan,508
AZ,M,1986,James,488
AZ,M,1986,Robert,468
AZ,M,1986,Andrew,458
AZ,M,1987,Michael,943
AZ,M,1987,Christopher,863
AZ,M,1987,Matthew,683
AZ,M,1987,Daniel,655
AZ,M,1987,David,626
AZ,M,1987,Andrew,549
AZ,M,1987,Joshua,544
AZ,M,1987,Ryan,535
AZ,M,1987,Robert,499
AZ,M,1987,James,431
AZ,M,1988,Michael,1025
AZ,M,1988,Christopher,770
AZ,M,1988,Matthew,675
AZ,M,1988,Joshua,649
AZ,M,1988,Daniel,626
AZ,M,1988,David,601
AZ,M,1988,Andrew,527
AZ,M,1988,Robert,515
AZ,M,1988,Justin,501
AZ,M,1988,Ryan,476
AZ,M,1989,Michael,1039
AZ,M,1989,Christopher,841
AZ,M,1989,Joshua,676
AZ,M,1989,Daniel,651
AZ,M,1989,Matthew,642
AZ,M,1989,David,559
AZ,M,1989,Andrew,489
AZ,M,1989,Robert,488
AZ,M,1989,Ryan,476
AZ,M,1989,Nicholas,455
AZ,M,1990,Michael,1011
AZ,M,1990,Christopher,765
AZ,M,1990,Joshua,657
AZ,M,1990,Daniel,635
AZ,M,1990,Matthew,604
AZ,M,1990,David,562
AZ,M,1990,Andrew,517
AZ,M,1990,Ryan,463
AZ,M,1990,Anthony,439
AZ,M,1990,Joseph,423
AZ,M,1991,Michael,894
AZ,M,1991,Christopher,758
AZ,M,1991,Joshua,610
AZ,M,1991,Matthew,592
AZ,M,1991,Daniel,550
AZ,M,1991,David,521
AZ,M,1991,Andrew,461
AZ,M,1991,Ryan,450
AZ,M,1991,Anthony,436
AZ,M,1991,Joseph,427
AZ,M,1992,Michael,848
AZ,M,1992,Christopher,639
AZ,M,1992,Joshua,566
AZ,M,1992,Daniel,548
AZ,M,1992,David,520
AZ,M,1992,Matthew,517
AZ,M,1992,Andrew,496
AZ,M,1992,Jacob,481
AZ,M,1992,Ryan,464
AZ,M,1992,Brandon,456
AZ,M,1993,Michael,735
AZ,M,1993,Christopher,591
AZ,M,1993,Daniel,573
AZ,M,1993,Tyler,558
AZ,M,1993,Joshua,544
AZ,M,1993,Jacob,518
AZ,M,1993,Matthew,500
AZ,M,1993,David,479
AZ,M,1993,Ryan,449
AZ,M,1993,Joseph,433
AZ,M,1994,Michael,689
AZ,M,1994,Daniel,570
AZ,M,1994,Tyler,539
AZ,M,1994,Jacob,517
AZ,M,1994,Joshua,516
AZ,M,1994,Matthew,505
AZ,M,1994,David,504
AZ,M,1994,Christopher,497
AZ,M,1994,Brandon,475
AZ,M,1994,Austin,440
AZ,M,1995,Michael,671
AZ,M,1995,Jacob,589
AZ,M,1995,Daniel,569
AZ,M,1995,Tyler,549
AZ,M,1995,Christopher,548
AZ,M,1995,Joshua,510
AZ,M,1995,Jose,491
AZ,M,1995,Nicholas,482
AZ,M,1995,Austin,470
AZ,M,1995,Matthew,451
AZ,M,1996,Michael,694
AZ,M,1996,Jacob,612
AZ,M,1996,Daniel,593
AZ,M,1996,Jose,537
AZ,M,1996,Tyler,532
AZ,M,1996,Joshua,490
AZ,M,1996,Matthew,481
AZ,M,1996,Christopher,472
AZ,M,1996,Anthony,462
AZ,M,1996,Nicholas,449
AZ,M,1997,Jacob,697
AZ,M,1997,Michael,629
AZ,M,1997,Daniel,577
AZ,M,1997,Jose,543
AZ,M,1997,Christopher,503
AZ,M,1997,Anthony,497
AZ,M,1997,Matthew,491
AZ,M,1997,Tyler,481
AZ,M,1997,Joshua,465
AZ,M,1997,Andrew,461
AZ,M,1998,Jacob,791
AZ,M,1998,Michael,649
AZ,M,1998,Jose,615
AZ,M,1998,Daniel,561
AZ,M,1998,Anthony,484
AZ,M,1998,Christopher,479
AZ,M,1998,Joshua,456
AZ,M,1998,David,450
AZ,M,1998,Matthew,445
AZ,M,1998,Joseph,441
AZ,M,1999,Jacob,746
AZ,M,1999,Michael,622
AZ,M,1999,Jose,600
AZ,M,1999,Daniel,543
AZ,M,1999,Christopher,500
AZ,M,1999,Joshua,493
AZ,M,1999,David,470
AZ,M,1999,Anthony,461
AZ,M,1999,Matthew,455
AZ,M,1999,Nicholas,445
AZ,M,2000,Jacob,682
AZ,M,2000,Michael,621
AZ,M,2000,Daniel,571
AZ,M,2000,Jose,542
AZ,M,2000,Anthony,495
AZ,M,2000,Joshua,492
AZ,M,2000,Jesus,479
AZ,M,2000,Matthew,477
AZ,M,2000,David,469
AZ,M,2000,Andrew,442
AZ,M,2001,Jacob,657
AZ,M,2001,Michael,601
AZ,M,2001,Jose,560
AZ,M,2001,Anthony,507
AZ,M,2001,Matthew,495
AZ,M,2001,Jesus,488
AZ,M,2001,Joshua,488
AZ,M,2001,Daniel,465
AZ,M,2001,Christopher,433
AZ,M,2001,Andrew,428
AZ,M,2002,Jacob,643
AZ,M,2002,Jose,640
AZ,M,2002,Michael,607
AZ,M,2002,Daniel,540
AZ,M,2002,Joshua,526
AZ,M,2002,Anthony,505
AZ,M,2002,Jesus,478
AZ,M,2002,Matthew,458
AZ,M,2002,David,456
AZ,M,2002,Joseph,456
AZ,M,2003,Jacob,676
AZ,M,2003,Jose,632
AZ,M,2003,Daniel,566
AZ,M,2003,Anthony,559
AZ,M,2003,Michael,549
AZ,M,2003,Angel,542
AZ,M,2003,Jesus,537
AZ,M,2003,Joshua,490
AZ,M,2003,Andrew,449
AZ,M,2003,David,447
AZ,M,2004,Jose,626
AZ,M,2004,Jacob,598
AZ,M,2004,Anthony,583
AZ,M,2004,Daniel,577
AZ,M,2004,Angel,541
AZ,M,2004,Michael,490
AZ,M,2004,Jesus,479
AZ,M,2004,Joshua,461
AZ,M,2004,David,455
AZ,M,2004,Joseph,445
AZ,M,2005,Angel,619
AZ,M,2005,Jacob,596
AZ,M,2005,Jose,588
AZ,M,2005,Daniel,536
AZ,M,2005,Michael,536
AZ,M,2005,Anthony,523
AZ,M,2005,Jesus,511
AZ,M,2005,Joshua,489
AZ,M,2005,David,484
AZ,M,2005,Gabriel,435
AZ,M,2006,Angel,643
AZ,M,2006,Daniel,615
AZ,M,2006,Jacob,603
AZ,M,2006,Anthony,598
AZ,M,2006,Jose,577
AZ,M,2006,Jesus,537
AZ,M,2006,Michael,530
AZ,M,2006,Joshua,479
AZ,M,2006,Luis,477
AZ,M,2006,Gabriel,454
AZ,M,2007,Angel,657
AZ,M,2007,Jose,593
AZ,M,2007,Daniel,591
AZ,M,2007,Anthony,564
AZ,M,2007,Jacob,555
AZ,M,2007,David,521
AZ,M,2007,Luis,506
AZ,M,2007,Ethan,478
AZ,M,2007,Jesus,461
AZ,M,2007,Michael,461
AZ,M,2008,Anthony,576
AZ,M,2008,Daniel,521
AZ,M,2008,Angel,516
AZ,M,2008,Alexander,486
AZ,M,2008,Jacob,482
AZ,M,2008,Michael,477
AZ,M,2008,Ethan,449
AZ,M,2008,Jose,442
AZ,M,2008,Joshua,428
AZ,M,2008,Jesus,423
AZ,M,2009,Jacob,496
AZ,M,2009,Daniel,491
AZ,M,2009,Alexander,481
AZ,M,2009,Angel,474
AZ,M,2009,Anthony,469
AZ,M,2009,Ethan,397
AZ,M,2009,David,392
AZ,M,2009,Michael,379
AZ,M,2009,Jose,366
AZ,M,2009,Aiden,365
AZ,M,2010,Jacob,544
AZ,M,2010,Anthony,437
AZ,M,2010,Daniel,437
AZ,M,2010,Alexander,407
AZ,M,2010,Angel,397
AZ,M,2010,Michael,385
AZ,M,2010,Jayden,352
AZ,M,2010,Gabriel,351
AZ,M,2010,Ethan,350
AZ,M,2010,Noah,340
AZ,M,2011,Jacob,421
AZ,M,2011,Anthony,401
AZ,M,2011,Daniel,397
AZ,M,2011,Michael,372
AZ,M,2011,Ethan,364
AZ,M,2011,Angel,360
AZ,M,2011,Alexander,347
AZ,M,2011,Noah,346
AZ,M,2011,Aiden,345
AZ,M,2011,Mason,344
AZ,M,2012,Jacob,395
AZ,M,2012,Liam,384
AZ,M,2012,Daniel,381
AZ,M,2012,Ethan,377
AZ,M,2012,Anthony,371
AZ,M,2012,Alexander,369
AZ,M,2012,Michael,360
AZ,M,2012,Noah,360
AZ,M,2012,Mason,355
AZ,M,2012,Aiden,348
AZ,M,2013,Jacob,389
AZ,M,2013,Noah,389
AZ,M,2013,Liam,388
AZ,M,2013,Alexander,370
AZ,M,2013,Daniel,361
AZ,M,2013,Aiden,354
AZ,M,2013,Michael,336
AZ,M,2013,Anthony,326
AZ,M,2013,Mason,324
AZ,M,2013,Jayden,314
AZ,M,2014,Noah,478
AZ,M,2014,Liam,439
AZ,M,2014,Alexander,398
AZ,M,2014,Daniel,364
AZ,M,2014,Jacob,362
AZ,M,2014,Sebastian,341
AZ,M,2014,Ethan,337
AZ,M,2014,Michael,330
AZ,M,2014,Elijah,310
AZ,M,2014,Anthony,308
AZ,M,2015,Noah,447
AZ,M,2015,Liam,415
AZ,M,2015,Alexander,370
AZ,M,2015,Michael,350
AZ,M,2015,Ethan,342
AZ,M,2015,Daniel,331
AZ,M,2015,Jacob,324
AZ,M,2015,Aiden,318
AZ,M,2015,Sebastian,318
AZ,M,2015,Julian,306
AZ,M,2016,Noah,427
AZ,M,2016,Liam,426
AZ,M,2016,Daniel,346
AZ,M,2016,Sebastian,346
AZ,M,2016,Alexander,321
AZ,M,2016,Michael,321
AZ,M,2016,Julian,305
AZ,M,2016,Oliver,290
AZ,M,2016,Jacob,289
AZ,M,2016,Benjamin,286
AZ,M,2017,Liam,409
AZ,M,2017,Noah,392
AZ,M,2017,Sebastian,347
AZ,M,2017,Alexander,332
AZ,M,2017,Daniel,299
AZ,M,2017,Julian,299
AZ,M,2017,Oliver,292
AZ,M,2017,Benjamin,275
AZ,M,2017,Elijah,273
AZ,M,2017,Logan,272
AZ,M,2018,Liam,463
AZ,M,2018,Noah,380
AZ,M,2018,Sebastian,354
AZ,M,2018,Oliver,299
AZ,M,2018,Benjamin,296
AZ,M,2018,Mateo,295
AZ,M,2018,Alexander,289
AZ,M,2018,Daniel,286
AZ,M,2018,Elijah,282
AZ,M,2018,Julian,281
AZ,M,2019,Liam,442
AZ,M,2019,Noah,416
AZ,M,2019,Sebastian,329
AZ,M,2019,Elijah,307
AZ,M,2019,Mateo,306
AZ,M,2019,Oliver,303
AZ,M,2019,Benjamin,278
AZ,M,2019,Daniel,271
AZ,M,2019,Alexander,269
AZ,M,2019,Julian,256
