CA,F,1920,Mary,1554
CA,F,1920,Dorothy,1091
CA,F,1920,Margaret,720
CA,F,1920,Helen,719
CA,F,1920,Virginia,633
CA,F,1920,Betty,599
CA,F,1920,Ruth,545
CA,F,1920,Barbara,522
CA,F,1920,Frances,514
CA,F,1920,Evelyn,386
CA,F,1921,Mary,1697
CA,F,1921,Dorothy,1162
CA,F,1921,Betty,780
CA,F,1921,Helen,743
CA,F,1921,Margaret,715
CA,F,1921,Virginia,684
CA,F,1921,Barbara,653
CA,F,1921,Ruth,541
CA,F,1921,Frances,477
CA,F,1921,Marjorie,444
CA,F,1922,Mary,1733
CA,F,1922,Dorothy,1067
CA,F,1922,Betty,954
CA,F,1922,Margaret,737
CA,F,1922,Helen,711
CA,F,1922,Barbara,708
CA,F,1922,Virginia,696
CA,F,1922,Frances,501
CA,F,1922,Ruth,491
CA,F,1922,Marjorie,434
CA,F,1923,Mary,1829
CA,F,1923,Betty,1169
CA,F,1923,Dorothy,1167
CA,F,1923,Barbara,874
CA,F,1923,Margaret,805
CA,F,1923,Helen,736
CA,F,1923,Virginia,717
CA,F,1923,Ruth,577
CA,F,1923,Frances,529
CA,F,1923,Patricia,488
CA,F,1924,Mary,1958
CA,F,1924,Betty,1464
CA,F,1924,Dorothy,1173
CA,F,1924,Barbara,1014
CA,F,1924,Helen,820
CA,F,1924,Margaret,818
CA,F,1924,Virginia,785
CA,F,1924,Patricia,655
CA,F,1924,Ruth,617
CA,F,1924,Frances,495
CA,F,1925,Mary,1890
CA,F,1925,Betty,1530
CA,F,1925,Barbara,1073
CA,F,1925,Dorothy,1053
CA,F,1925,Helen,757
CA,F,1925,Virginia,754
CA,F,1925,Margaret,727
CA,F,1925,Patricia,727
CA,F,1925,Ruth,589
CA,F,1925,Gloria,545
CA,F,1926,Mary,1721
CA,F,1926,Betty,1358
CA,F,1926,Barbara,1307
CA,F,1926,Dorothy,975
CA,F,1926,Margaret,725
CA,F,1926,Helen,718
CA,F,1926,Patricia,718
CA,F,1926,Virginia,626
CA,F,1926,Ruth,585
CA,F,1926,Shirley,499
CA,F,1927,Mary,1816
CA,F,1927,Barbara,1410
CA,F,1927,Betty,1333
CA,F,1927,Dorothy,919
CA,F,1927,Patricia,802
CA,F,1927,Helen,683
CA,F,1927,Margaret,613
CA,F,1927,Shirley,589
CA,F,1927,Virginia,574
CA,F,1927,Gloria,513
CA,F,1928,Mary,1787
CA,F,1928,Barbara,1463
CA,F,1928,Betty,1222
CA,F,1928,Dorothy,883
CA,F,1928,Patricia,829
CA,F,1928,Helen,634
CA,F,1928,Shirley,613
CA,F,1928,Virginia,607
CA,F,1928,Margaret,573
CA,F,1928,Beverly,523
CA,F,1929,Mary,1717
CA,F,1929,Barbara,1378
CA,F,1929,Betty,1236
CA,F,1929,Patricia,857
CA,F,1929,Dorothy,757
CA,F,1929,Shirley,597
CA,F,1929,Helen,559
CA,F,1929,Dolores,557
CA,F,1929,Margaret,547
CA,F,1929,Virginia,546
CA,F,1930,Mary,1848
CA,F,1930,Barbara,1412
CA,F,1930,Betty,1172
CA,F,1930,Patricia,865
CA,F,1930,Dorothy,834
CA,F,1930,Shirley,713
CA,F,1930,Joan,603
CA,F,1930,Dolores,589
CA,F,1930,Virginia,589
CA,F,1930,Beverly,582
CA,F,1931,Mary,1627
CA,F,1931,Barbara,1479
CA,F,1931,Betty,1053
CA,F,1931,Patricia,928
CA,F,1931,Dorothy,723
CA,F,1931,Joan,690
CA,F,1931,Shirley,673
CA,F,1931,Marilyn,601
CA,F,1931,Beverly,580
CA,F,1931,Margaret,551
CA,F,1932,Barbara,1656
CA,F,1932,Mary,1498
CA,F,1932,Patricia,1009
CA,F,1932,Betty,875
CA,F,1932,Joan,779
CA,F,1932,Shirley,607
CA,F,1932,Dorothy,606
CA,F,1932,Beverly,598
CA,F,1932,Margaret,540
CA,F,1932,Marilyn,518
CA,F,1933,Barbara,1515
CA,F,1933,Mary,1470
CA,F,1933,Patricia,962
CA,F,1933,Betty,763
CA,F,1933,Joan,730
CA,F,1933,Shirley,594
CA,F,1933,Dorothy,517
CA,F,1933,Beverly,514
CA,F,1933,Margaret,483
CA,F,1933,Nancy,479
CA,F,1934,Mary,1590
CA,F,1934,Barbara,1479
CA,F,1934,Patricia,1018
CA,F,1934,Shirley,1006
CA,F,1934,Joan,731
CA,F,1934,Betty,703
CA,F,1934,Carol,559
CA,F,1934,Nancy,554
CA,F,1934,Dorothy,516
CA,F,1934,Margaret,483
CA,F,1935,Barbara,1522
CA,F,1935,Mary,1484
CA,F,1935,Shirley,1167
CA,F,1935,Patricia,1116
CA,F,1935,Joan,702
CA,F,1935,Carol,669
CA,F,1935,Betty,662
CA,F,1935,Nancy,549
CA,F,1935,Marilyn,518
CA,F,1935,Beverly,476
CA,F,1936,Mary,1541
CA,F,1936,Barbara,1438
CA,F,1936,Patricia,1132
CA,F,1936,Carol,873
CA,F,1936,Shirley,865
CA,F,1936,Joan,736
CA,F,1936,Nancy,607
CA,F,1936,Betty,593
CA,F,1936,Beverly,548
CA,F,1936,Marilyn,546
CA,F,1937,Mary,1712
CA,F,1937,Barbara,1601
CA,F,1937,Patricia,1252
CA,F,1937,Carol,1015
CA,F,1937,Shirley,733
CA,F,1937,Nancy,677
CA,F,1937,Betty,661
CA,F,1937,Joan,627
CA,F,1937,Donna,601
CA,F,1937,Beverly,576
CA,F,1938,Mary,1874
CA,F,1938,Barbara,1728
CA,F,1938,Patricia,1425
CA,F,1938,Carol,1050
CA,F,1938,Nancy,773
CA,F,1938,Betty,694
CA,F,1938,Shirley,674
CA,F,1938,Joan,651
CA,F,1938,Donna,610
CA,F,1938,Marilyn,600
CA,F,1939,Mary,1699
CA,F,1939,Barbara,1620
CA,F,1939,Patricia,1509
CA,F,1939,Carol,1109
CA,F,1939,Linda,847
CA,F,1939,Nancy,830
CA,F,1939,Sharon,793
CA,F,1939,Joan,712
CA,F,1939,Judith,702
CA,F,1939,Betty,658
CA,F,1940,Mary,1821
CA,F,1940,Patricia,1676
CA,F,1940,Barbara,1597
CA,F,1940,Linda,1568
CA,F,1940,Carol,1079
CA,F,1940,Judith,1035
CA,F,1940,Sharon,915
CA,F,1940,Nancy,890
CA,F,1940,Sandra,837
CA,F,1940,Judy,734
CA,F,1941,Mary,1952
CA,F,1941,Linda,1930
CA,F,1941,Patricia,1823
CA,F,1941,Barbara,1774
CA,F,1941,Carol,1338
CA,F,1941,Sharon,1195
CA,F,1941,Judith,1119
CA,F,1941,Nancy,994
CA,F,1941,Sandra,977
CA,F,1941,Judy,973
CA,F,1942,Linda,2461
CA,F,1942,Mary,2440
CA,F,1942,Barbara,2212
CA,F,1942,Patricia,2155
CA,F,1942,Sharon,1828
CA,F,1942,Carol,1673
CA,F,1942,Sandra,1330
CA,F,1942,Nancy,1259
CA,F,1942,Judith,1224
CA,F,1942,Judy,1119
CA,F,1943,Mary,2928
CA,F,1943,Linda,2816
CA,F,1943,Patricia,2431
CA,F,1943,Barbara,2270
CA,F,1943,Sharon,2194
CA,F,1943,Carol,1937
CA,F,1943,Sandra,1553
CA,F,1943,Judith,1402
CA,F,1943,Susan,1380
CA,F,1943,Nancy,1314
CA,F,1944,Linda,3002
CA,F,1944,Mary,2975
CA,F,1944,Patricia,2338
CA,F,1944,Barbara,2186
CA,F,1944,Carol,2089
CA,F,1944,Sharon,2059
CA,F,1944,Sandra,1646
CA,F,1944,Susan,1596
CA,F,1944,Judith,1383
CA,F,1944,Nancy,1374
CA,F,1945,Linda,3192
CA,F,1945,Mary,3019
CA,F,1945,Patricia,2314
CA,F,1945,Barbara,2222
CA,F,1945,Carol,2138
CA,F,1945,Susan,1991
CA,F,1945,Sharon,1905
CA,F,1945,Sandra,1653
CA,F,1945,Nancy,1392
CA,F,1945,Donna,1307
CA,F,1946,Linda,3777
CA,F,1946,Mary,3147
CA,F,1946,Patricia,2877
CA,F,1946,Susan,2689
CA,F,1946,Barbara,2573
CA,F,1946,Sharon,2421
CA,F,1946,Carol,2152
CA,F,1946,Sandra,2095
CA,F,1946,Nancy,1779
CA,F,1946,Kathleen,1652
CA,F,1947,Linda,6759
CA,F,1947,Mary,3460
CA,F,1947,Patricia,3145
CA,F,1947,Susan,2831
CA,F,1947,Barbara,2700
CA,F,1947,Sharon,2203
CA,F,1947,Carol,2201
CA,F,1947,Sandra,2167
CA,F,1947,Nancy,2133
CA,F,1947,Kathleen,2000
CA,F,1948,Linda,6604
CA,F,1948,Mary,3425
CA,F,1948,Susan,3338
CA,F,1948,Patricia,2882
CA,F,1948,Barbara,2473
CA,F,1948,Kathleen,2110
CA,F,1948,Sandra,2108
CA,F,1948,Nancy,1969
CA,F,1948,Carol,1954
CA,F,1948,Sharon,1886
CA,F,1949,Linda,6272
CA,F,1949,Mary,3220
CA,F,1949,Susan,3180
CA,F,1949,Patricia,2925
CA,F,1949,Kathleen,2348
CA,F,1949,Barbara,2295
CA,F,1949,Nancy,2063
CA,F,1949,Sandra,2030
CA,F,1949,Sharon,1860
CA,F,1949,Carol,1779
CA,F,1950,Linda,5388
CA,F,1950,Susan,3261
CA,F,1950,Mary,3131
CA,F,1950,Patricia,3049
CA,F,1950,Kathleen,2311
CA,F,1950,Barbara,2270
CA,F,1950,Nancy,2076
CA,F,1950,Sandra,2018
CA,F,1950,Deborah,1992
CA,F,1950,Karen,1867
CA,F,1951,Linda,4884
CA,F,1951,Patricia,3546
CA,F,1951,Susan,3346
CA,F,1951,Mary,3187
CA,F,1951,Deborah,2736
CA,F,1951,Kathleen,2417
CA,F,1951,Karen,2155
CA,F,1951,Barbara,2137
CA,F,1951,Nancy,2044
CA,F,1951,Sandra,1816
CA,F,1952,Linda,4773
CA,F,1952,Patricia,3482
CA,F,1952,Deborah,3447
CA,F,1952,Susan,3424
CA,F,1952,Mary,3420
CA,F,1952,Kathleen,2388
CA,F,1952,Karen,2374
CA,F,1952,Debra,2352
CA,F,1952,Nancy,2268
CA,F,1952,Barbara,2161
CA,F,1953,Linda,4452
CA,F,1953,Deborah,3857
CA,F,1953,Susan,3752
CA,F,1953,Mary,3399
CA,F,1953,Patricia,3325
CA,F,1953,Debra,3295
CA,F,1953,Karen,2461
CA,F,1953,Cynthia,2287
CA,F,1953,Kathleen,2232
CA,F,1953,Pamela,2221
CA,F,1954,Linda,4155
CA,F,1954,Susan,3934
CA,F,1954,Debra,3784
CA,F,1954,Deborah,3728
CA,F,1954,Mary,3717
CA,F,1954,Patricia,3303
CA,F,1954,Karen,2664
CA,F,1954,Cynthia,2464
CA,F,1954,Pamela,2184
CA,F,1954,Nancy,2100
CA,F,1955,Debra,3968
CA,F,1955,Susan,3898
CA,F,1955,Linda,3750
CA,F,1955,Mary,3394
CA,F,1955,Deborah,3325
CA,F,1955,Patricia,3043
CA,F,1955,Karen,2832
CA,F,1955,Cynthia,2364
CA,F,1955,Nancy,2293
CA,F,1955,Pamela,2191
CA,F,1956,Susan,3770
CA,F,1956,Debra,3755
CA,F,1956,Linda,3689
CA,F,1956,Mary,3411
CA,F,1956,Deborah,3314
CA,F,1956,Karen,3249
CA,F,1956,Patricia,3005
CA,F,1956,Cynthia,2736
CA,F,1956,Pamela,2143
CA,F,1956,Nancy,2098
CA,F,1957,Susan,3633
CA,F,1957,Linda,3548
CA,F,1957,Mary,3463
CA,F,1957,Cynthia,3355
CA,F,1957,Debra,3322
CA,F,1957,Karen,3304
CA,F,1957,Deborah,2634
CA,F,1957,Patricia,2539
CA,F,1957,Nancy,2083
CA,F,1957,Pamela,1946
CA,F,1958,Susan,3504
CA,F,1958,Karen,3230
CA,F,1958,Mary,3159
CA,F,1958,Linda,3103
CA,F,1958,Cynthia,2672
CA,F,1958,Debra,2659
CA,F,1958,Patricia,2623
CA,F,1958,Lisa,2314
CA,F,1958,Julie,2210
CA,F,1958,Deborah,2199
CA,F,1959,Mary,3195
CA,F,1959,Karen,3134
CA,F,1959,Susan,3122
CA,F,1959,Linda,3102
CA,F,1959,Lisa,2679
CA,F,1959,Cynthia,2533
CA,F,1959,Patricia,2529
CA,F,1959,Debra,2290
CA,F,1959,Deborah,2138
CA,F,1959,Donna,2060
CA,F,1960,Karen,3168
CA,F,1960,Susan,3145
CA,F,1960,Lisa,3117
CA,F,1960,Mary,3102
CA,F,1960,Linda,2882
CA,F,1960,Cynthia,2332
CA,F,1960,Patricia,2319
CA,F,1960,Sandra,2100
CA,F,1960,Debra,2015
CA,F,1960,Lori,2001
CA,F,1961,Lisa,3767
CA,F,1961,Susan,3133
CA,F,1961,Karen,3043
CA,F,1961,Linda,2742
CA,F,1961,Mary,2715
CA,F,1961,Sandra,2184
CA,F,1961,Patricia,2146
CA,F,1961,Julie,2135
CA,F,1961,Cynthia,2131
CA,F,1961,Lori,2089
CA,F,1962,Lisa,3972
CA,F,1962,Karen,3004
CA,F,1962,Susan,2952
CA,F,1962,Mary,2756
CA,F,1962,Linda,2485
CA,F,1962,Cynthia,2264
CA,F,1962,Julie,2150
CA,F,1962,Lori,2002
CA,F,1962,Patricia,1993
CA,F,1962,Deborah,1976
CA,F,1963,Lisa,4939
CA,F,1963,Susan,2838
CA,F,1963,Karen,2801
CA,F,1963,Mary,2610
CA,F,1963,Linda,2218
CA,F,1963,Laura,2094
CA,F,1963,Cynthia,2086
CA,F,1963,Julie,2057
CA,F,1963,Patricia,2034
CA,F,1963,Lori,2009
CA,F,1964,Lisa,4806
CA,F,1964,Mary,2710
CA,F,1964,Karen,2557
CA,F,1964,Susan,2535
CA,F,1964,Kimberly,2175
CA,F,1964,Patricia,2137
CA,F,1964,Laura,2131
CA,F,1964,Cynthia,2097
CA,F,1964,Julie,2055
CA,F,1964,Linda,1859
CA,F,1965,Lisa,4925
CA,F,1965,Karen,2715
CA,F,1965,Kimberly,2537
CA,F,1965,Mary,2239
CA,F,1965,Julie,2023
CA,F,1965,Patricia,2020
CA,F,1965,Susan,2009
CA,F,1965,Cynthia,1942
CA,F,1965,Michelle,1930
CA,F,1965,Laura,1731
CA,F,1966,Lisa,4928
CA,F,1966,Michelle,3298
CA,F,1966,Kimberly,2809
CA,F,1966,Karen,2065
CA,F,1966,Jennifer,1917
CA,F,1966,Julie,1880
CA,F,1966,Mary,1853
CA,F,1966,Susan,1825
CA,F,1966,Cynthia,1783
CA,F,1966,Patricia,1705
CA,F,1967,Lisa,4623
CA,F,1967,Michelle,3712
CA,F,1967,Kimberly,2855
CA,F,1967,Julie,1981
CA,F,1967,Jennifer,1902
CA,F,1967,Karen,1749
CA,F,1967,Susan,1644
CA,F,1967,Cynthia,1640
CA,F,1967,Laura,1637
CA,F,1967,Mary,1620
CA,F,1968,Lisa,4497
CA,F,1968,Michelle,3833
CA,F,1968,Jennifer,2907
CA,F,1968,Kimberly,2639
CA,F,1968,Laura,1981
CA,F,1968,Julie,1792
CA,F,1968,Christine,1629
CA,F,1968,Karen,1537
CA,F,1968,Patricia,1498
CA,F,1968,Maria,1497
CA,F,1969,Lisa,4171
CA,F,1969,Michelle,3829
CA,F,1969,Jennifer,3477
CA,F,1969,Kimberly,2834
CA,F,1969,Julie,2082
CA,F,1969,Laura,1863
CA,F,1969,Christine,1597
CA,F,1969,Maria,1559
CA,F,1969,Christina,1533
CA,F,1969,Patricia,1524
CA,F,1970,Jennifer,4696
CA,F,1970,Michelle,3738
CA,F,1970,Lisa,3704
CA,F,1970,Kimberly,2702
CA,F,1970,Julie,1883
CA,F,1970,Maria,1711
CA,F,1970,Laura,1680
CA,F,1970,Shannon,1650
CA,F,1970,Christine,1640
CA,F,1970,Heather,1609
CA,F,1971,Jennifer,5457
CA,F,1971,Michelle,3318
CA,F,1971,Lisa,2938
CA,F,1971,Kimberly,2244
CA,F,1971,Maria,1643
CA,F,1971,Julie,1540
CA,F,1971,Heather,1520
CA,F,1971,Shannon,1436
CA,F,1971,Christina,1407
CA,F,1971,Amy,1404
CA,F,1972,Jennifer,6064
CA,F,1972,Michelle,2881
CA,F,1972,Lisa,2430
CA,F,1972,Kimberly,1915
CA,F,1972,Maria,1666
CA,F,1972,Nicole,1546
CA,F,1972,Heather,1517
CA,F,1972,Amy,1462
CA,F,1972,Julie,1405
CA,F,1972,Christina,1403
CA,F,1973,Jennifer,5648
CA,F,1973,Michelle,2613
CA,F,1973,Lisa,2082
CA,F,1973,Maria,1750
CA,F,1973,Kimberly,1717
CA,F,1973,Heather,1675
CA,F,1973,Amy,1613
CA,F,1973,Melissa,1446
CA,F,1973,Christina,1424
CA,F,1973,Stephanie,1360
CA,F,1974,Jennifer,5675
CA,F,1974,Michelle,2593
CA,F,1974,Heather,1921
CA,F,1974,Maria,1921
CA,F,1974,Amy,1855
CA,F,1974,Lisa,1838
CA,F,1974,Kimberly,1674
CA,F,1974,Melissa,1520
CA,F,1974,Christina,1465
CA,F,1974,Elizabeth,1453
CA,F,1975,Jennifer,5322
CA,F,1975,Michelle,2339
CA,F,1975,Amy,2227
CA,F,1975,Maria,1983
CA,F,1975,Heather,1961
CA,F,1975,Melissa,1702
CA,F,1975,Christina,1675
CA,F,1975,Lisa,1635
CA,F,1975,Kimberly,1498
CA,F,1975,Elizabeth,1460
CA,F,1976,Jennifer,5571
CA,F,1976,Amy,2218
CA,F,1976,Michelle,2120
CA,F,1976,Maria,1922
CA,F,1976,Melissa,1901
CA,F,1976,Heather,1856
CA,F,1976,Jessica,1794
CA,F,1976,Lisa,1729
CA,F,1976,Christina,1684
CA,F,1976,Elizabeth,1630
CA,F,1977,Jennifer,5543
CA,F,1977,Michelle,2238
CA,F,1977,Jessica,2227
CA,F,1977,Melissa,2191
CA,F,1977,Sarah,1897
CA,F,1977,Maria,1867
CA,F,1977,Heather,1806
CA,F,1977,Elizabeth,1762
CA,F,1977,Christina,1755
CA,F,1977,Lisa,1735
CA,F,1978,Jennifer,5294
CA,F,1978,Melissa,2449
CA,F,1978,Jessica,2418
CA,F,1978,Michelle,2308
CA,F,1978,Sarah,2140
CA,F,1978,Christina,2020
CA,F,1978,Nicole,1935
CA,F,1978,Maria,1910
CA,F,1978,Elizabeth,1794
CA,F,1978,Heather,1750
CA,F,1979,Jennifer,5461
CA,F,1979,Melissa,3006
CA,F,1979,Jessica,2542
CA,F,1979,Michelle,2430
CA,F,1979,Nicole,2212
CA,F,1979,Sarah,2117
CA,F,1979,Maria,2030
CA,F,1979,Christina,2008
CA,F,1979,Elizabeth,1927
CA,F,1979,Lisa,1750
CA,F,1980,Jennifer,5612
CA,F,1980,Melissa,2985
CA,F,1980,Jessica,2928
CA,F,1980,Sarah,2578
CA,F,1980,Michelle,2432
CA,F,1980,Maria,2246
CA,F,1980,Nicole,2239
CA,F,1980,Elizabeth,2214
CA,F,1980,Christina,2089
CA,F,1980,Amanda,1878
CA,F,1981,Jennifer,5628
CA,F,1981,Jessica,3746
CA,F,1981,Melissa,2845
CA,F,1981,Sarah,2835
CA,F,1981,Michelle,2462
CA,F,1981,Nicole,2350
CA,F,1981,Elizabeth,2312
CA,F,1981,Maria,2239
CA,F,1981,Amanda,2114
CA,F,1981,Christina,2081
CA,F,1982,Jennifer,5813
CA,F,1982,Jessica,4250
CA,F,1982,Sarah,2791
CA,F,1982,Melissa,2733
CA,F,1982,Michelle,2464
CA,F,1982,Nicole,2406
CA,F,1982,Elizabeth,2312
CA,F,1982,Amanda,2236
CA,F,1982,Christina,2146
CA,F,1982,Maria,2094
CA,F,1983,Jennifer,5829
CA,F,1983,Jessica,4508
CA,F,1983,Nicole,2645
CA,F,1983,Melissa,2622
CA,F,1983,Sarah,2608
CA,F,1983,Elizabeth,2381
CA,F,1983,Michelle,2362
CA,F,1983,Stephanie,2323
CA,F,1983,Christina,2279
CA,F,1983,Ashley,2257
CA,F,1984,Jennifer,5519
CA,F,1984,Jessica,5009
CA,F,1984,Ashley,2967
CA,F,1984,Nicole,2671
CA,F,1984,Melissa,2557
CA,F,1984,Sarah,2504
CA,F,1984,Stephanie,2459
CA,F,1984,Amanda,2294
CA,F,1984,Elizabeth,2291
CA,F,1984,Michelle,2235
CA,F,1985,Jessica,5537
CA,F,1985,Jennifer,4966
CA,F,1985,Ashley,3927
CA,F,1985,Amanda,3167
CA,F,1985,Nicole,2889
CA,F,1985,Stephanie,2620
CA,F,1985,Melissa,2500
CA,F,1985,Elizabeth,2497
CA,F,1985,Christina,2453
CA,F,1985,Sarah,2415
CA,F,1986,Jessica,5964
CA,F,1986,Ashley,4414
CA,F,1986,Jennifer,4307
CA,F,1986,Amanda,3493
CA,F,1986,Sarah,3035
CA,F,1986,Nicole,2727
CA,F,1986,Stephanie,2706
CA,F,1986,Melissa,2424
CA,F,1986,Elizabeth,2385
CA,F,1986,Christina,2278
CA,F,1987,Jessica,6846
CA,F,1987,Ashley,4979
CA,F,1987,Jennifer,4284
CA,F,1987,Amanda,3875
CA,F,1987,Stephanie,3094
CA,F,1987,Sarah,2933
CA,F,1987,Nicole,2548
CA,F,1987,Melissa,2534
CA,F,1987,Elizabeth,2401
CA,F,1987,Christina,2173
CA,F,1988,Jessica,6492
CA,F,1988,Ashley,4760
CA,F,1988,Jennifer,3874
CA,F,1988,Amanda,3796
CA,F,1988,Stephanie,3255
CA,F,1988,Sarah,3011
CA,F,1988,Elizabeth,2714
CA,F,1988,Nicole,2603
CA,F,1988,Melissa,2535
CA,F,1988,Brittany,2422
CA,F,1989,Jessica,6536
CA,F,1989,Ashley,4509
CA,F,1989,Amanda,3853
CA,F,1989,Jennifer,3527
CA,F,1989,Stephanie,3430
CA,F,1989,Elizabeth,3066
CA,F,1989,Brittany,3017
CA,F,1989,Sarah,2996
CA,F,1989,Samantha,2600
CA,F,1989,Nicole,2498
CA,F,1990,Jessica,6638
CA,F,1990,Ashley,4537
CA,F,1990,Stephanie,4001
CA,F,1990,Amanda,3857
CA,F,1990,Jennifer,3612
CA,F,1990,Elizabeth,3172
CA,F,1990,Sarah,2844
CA,F,1990,Brittany,2738
CA,F,1990,Samantha,2720
CA,F,1990,Michelle,2453
CA,F,1991,Jessica,6951
CA,F,1991,Ashley,4233
CA,F,1991,Stephanie,4008
CA,F,1991,Jennifer,3578
CA,F,1991,Amanda,3229
CA,F,1991,Elizabeth,3124
CA,F,1991,Samantha,2756
CA,F,1991,Sarah,2747
CA,F,1991,Melissa,2578
CA,F,1991,Maria,2383
CA,F,1992,Jessica,6340
CA,F,1992,Ashley,3967
CA,F,1992,Stephanie,3778
CA,F,1992,Jennifer,3382
CA,F,1992,Elizabeth,2893
CA,F,1992,Amanda,2796
CA,F,1992,Sarah,2712
CA,F,1992,Samantha,2528
CA,F,1992,Michelle,2373
CA,F,1992,Nicole,2360
CA,F,1993,Jessica,5551
CA,F,1993,Ashley,3590
CA,F,1993,Stephanie,3399
CA,F,1993,Jennifer,3004
CA,F,1993,Elizabeth,2626
CA,F,1993,Sarah,2550
CA,F,1993,Samantha,2545
CA,F,1993,Amanda,2400
CA,F,1993,Maria,2225
CA,F,1993,Vanessa,2212
CA,F,1994,Jessica,5306
CA,F,1994,Ashley,3203
CA,F,1994,Stephanie,2979
CA,F,1994,Jennifer,2940
CA,F,1994,Samantha,2440
CA,F,1994,Elizabeth,2389
CA,F,1994,Sarah,2273
CA,F,1994,Amanda,2187
CA,F,1994,Emily,2183
CA,F,1994,Nicole,2136
CA,F,1995,Jessica,4620
CA,F,1995,Ashley,2903
CA,F,1995,Stephanie,2859
CA,F,1995,Jennifer,2696
CA,F,1995,Samantha,2424
CA,F,1995,Emily,2341
CA,F,1995,Sarah,2271
CA,F,1995,Elizabeth,2245
CA,F,1995,Amanda,2026
CA,F,1995,Maria,2001
CA,F,1996,Jessica,3839
CA,F,1996,Ashley,2697
CA,F,1996,Stephanie,2639
CA,F,1996,Jennifer,2529
CA,F,1996,Emily,2473
CA,F,1996,Samantha,2469
CA,F,1996,Sarah,2284
CA,F,1996,Vanessa,2164
CA,F,1996,Elizabeth,2161
CA,F,1996,Maria,2144
CA,F,1997,Jessica,3218
CA,F,1997,Jennifer,2817
CA,F,1997,Ashley,2633
CA,F,1997,Emily,2538
CA,F,1997,Samantha,2495
CA,F,1997,Sarah,2172
CA,F,1997,Stephanie,2171
CA,F,1997,Elizabeth,2000
CA,F,1997,Vanessa,2000
CA,F,1997,Alexis,1953
CA,F,1998,Jessica,2846
CA,F,1998,Ashley,2721
CA,F,1998,Emily,2671
CA,F,1998,Samantha,2669
CA,F,1998,Jennifer,2560
CA,F,1998,Sarah,2137
CA,F,1998,Alexis,2074
CA,F,1998,Vanessa,1973
CA,F,1998,Alyssa,1962
CA,F,1998,Stephanie,1951
CA,F,1999,Emily,2825
CA,F,1999,Samantha,2787
CA,F,1999,Jennifer,2675
CA,F,1999,Ashley,2609
CA,F,1999,Jessica,2511
CA,F,1999,Alyssa,2088
CA,F,1999,Alexis,2001
CA,F,1999,Sarah,1984
CA,F,1999,Elizabeth,1864
CA,F,1999,Vanessa,1787
CA,F,2000,Emily,2958
CA,F,2000,Ashley,2831
CA,F,2000,Samantha,2579
CA,F,2000,Jessica,2484
CA,F,2000,Jennifer,2263
CA,F,2000,Alyssa,2005
CA,F,2000,Alexis,1864
CA,F,2000,Sarah,1855
CA,F,2000,Hannah,1854
CA,F,2000,Elizabeth,1848
CA,F,2001,Emily,2928
CA,F,2001,Ashley,2716
CA,F,2001,Samantha,2535
CA,F,2001,Jessica,2244
CA,F,2001,Alyssa,2059
CA,F,2001,Jennifer,2027
CA,F,2001,Natalie,1724
CA,F,2001,Elizabeth,1705
CA,F,2001,Alexis,1700
CA,F,2001,Jasmine,1655
CA,F,2002,Emily,3019
CA,F,2002,Ashley,2684
CA,F,2002,Samantha,2540
CA,F,2002,Jessica,2005
CA,F,2002,Jennifer,1987
CA,F,2002,Isabella,1887
CA,F,2002,Alyssa,1874
CA,F,2002,Elizabeth,1711
CA,F,2002,Jasmine,1666
CA,F,2002,Natalie,1646
CA,F,2003,Emily,3416
CA,F,2003,Ashley,2731
CA,F,2003,Samantha,2578
CA,F,2003,Isabella,2192
CA,F,2003,Alyssa,1927
CA,F,2003,Emma,1843
CA,F,2003,Natalie,1827
CA,F,2003,Jessica,1762
CA,F,2003,Jennifer,1699
CA,F,2003,Elizabeth,1670
CA,F,2004,Emily,3416
CA,F,2004,Ashley,2927
CA,F,2004,Samantha,2490
CA,F,2004,Isabella,2448
CA,F,2004,Natalie,1946
CA,F,2004,Alyssa,1814
CA,F,2004,Emma,1757
CA,F,2004,Sophia,1718
CA,F,2004,Jessica,1710
CA,F,2004,Jasmine,1662
CA,F,2005,Emily,3283
CA,F,2005,Ashley,2785
CA,F,2005,Samantha,2504
CA,F,2005,Isabella,2355
CA,F,2005,Mia,2186
CA,F,2005,Natalie,2058
CA,F,2005,Sophia,1896
CA,F,2005,Emma,1642
CA,F,2005,Alyssa,1625
CA,F,2005,Madison,1529
CA,F,2006,Emily,3104
CA,F,2006,Isabella,2801
CA,F,2006,Ashley,2605
CA,F,2006,Mia,2453
CA,F,2006,Samantha,2349
CA,F,2006,Natalie,2227
CA,F,2006,Sophia,1983
CA,F,2006,Emma,1546
CA,F,2006,Abigail,1482
CA,F,2006,Ava,1473
CA,F,2007,Emily,2964
CA,F,2007,Isabella,2936
CA,F,2007,Sophia,2604
CA,F,2007,Ashley,2525
CA,F,2007,Samantha,2378
CA,F,2007,Mia,2063
CA,F,2007,Natalie,1917
CA,F,2007,Emma,1635
CA,F,2007,Alyssa,1562
CA,F,2007,Jocelyn,1517
CA,F,2008,Isabella,2788
CA,F,2008,Emily,2781
CA,F,2008,Sophia,2569
CA,F,2008,Samantha,2260
CA,F,2008,Ashley,2042
CA,F,2008,Natalie,1881
CA,F,2008,Mia,1850
CA,F,2008,Emma,1744
CA,F,2008,Abigail,1575
CA,F,2008,Ava,1468
CA,F,2009,Isabella,3162
CA,F,2009,Sophia,2662
CA,F,2009,Emily,2540
CA,F,2009,Mia,2106
CA,F,2009,Samantha,1833
CA,F,2009,Natalie,1741
CA,F,2009,Emma,1714
CA,F,2009,Ashley,1623
CA,F,2009,Abigail,1562
CA,F,2009,Olivia,1561
CA,F,2010,Isabella,3370
CA,F,2010,Sophia,3361
CA,F,2010,Emily,2392
CA,F,2010,Mia,2018
CA,F,2010,Emma,1783
CA,F,2010,Samantha,1675
CA,F,2010,Olivia,1637
CA,F,2010,Abigail,1622
CA,F,2010,Natalie,1478
CA,F,2010,Ava,1411
CA,F,2011,Sophia,3569
CA,F,2011,Isabella,3062
CA,F,2011,Emily,2401
CA,F,2011,Mia,2309
CA,F,2011,Emma,2118
CA,F,2011,Olivia,1796
CA,F,2011,Sofia,1575
CA,F,2011,Abigail,1561
CA,F,2011,Samantha,1549
CA,F,2011,Natalie,1493
CA,F,2012,Sophia,3644
CA,F,2012,Isabella,3111
CA,F,2012,Emma,2452
CA,F,2012,Emily,2440
CA,F,2012,Mia,2330
CA,F,2012,Olivia,1911
CA,F,2012,Sofia,1688
CA,F,2012,Abigail,1647
CA,F,2012,Samantha,1458
CA,F,2012,Ava,1418
CA,F,2013,Sophia,3468
CA,F,2013,Isabella,2794
CA,F,2013,Mia,2603
CA,F,2013,Emma,2489
CA,F,2013,Emily,2295
CA,F,2013,Olivia,2163
CA,F,2013,Sofia,1981
CA,F,2013,Abigail,1501
CA,F,2013,Camila,1493
CA,F,2013,Samantha,1412
CA,F,2014,Sophia,3182
CA,F,2014,Isabella,2729
CA,F,2014,Emma,2687
CA,F,2014,Mia,2637
CA,F,2014,Olivia,2425
CA,F,2014,Emily,2274
CA,F,2014,Sofia,2110
CA,F,2014,Victoria,1705
CA,F,2014,Abigail,1536
CA,F,2014,Camila,1483
CA,F,2015,Sophia,2956
CA,F,2015,Mia,2866
CA,F,2015,Emma,2722
CA,F,2015,Olivia,2530
CA,F,2015,Isabella,2407
CA,F,2015,Emily,2140
CA,F,2015,Sofia,2025
CA,F,2015,Abigail,1764
CA,F,2015,Victoria,1580
CA,F,2015,Ava,1548
CA,F,2016,Mia,2799
CA,F,2016,Sophia,2757
CA,F,2016,Emma,2608
CA,F,2016,Olivia,2549
CA,F,2016,Isabella,2362
CA,F,2016,Emily,1959
CA,F,2016,Sofia,1907
CA,F,2016,Camila,1650
CA,F,2016,Ava,1615
CA,F,2016,Abigail,1599
CA,F,2017,Emma,2740
CA,F,2017,Mia,2601
CA,F,2017,Olivia,2488
CA,F,2017,Sophia,2440
CA,F,2017,Isabella,2351
CA,F,2017,Emily,1809
CA,F,2017,Camila,1790
CA,F,2017,Sofia,1684
CA,F,2017,Abigail,1549
CA,F,2017,Ava,1527
CA,F,2018,Emma,2741
CA,F,2018,Mia,2497
CA,F,2018,Olivia,2464
CA,F,2018,Isabella,2200
CA,F,2018,Sophia,2154
CA,F,2018,Camila,2084
CA,F,2018,Sofia,1506
CA,F,2018,Emily,1503
CA,F,2018,Victoria,1460
CA,F,2018,Luna,1439
CA,F,2019,Olivia,2592
CA,F,2019,Emma,2385
CA,F,2019,Mia,2351
CA,F,2019,Sophia,2088
CA,F,2019,Camila,2056
CA,F,2019,Isabella,2005
CA,F,2019,Luna,1494
CA,F,2019,Emily,1459
CA,F,2019,Ava,1405
CA,F,2019,Sofia,1401
CA,M,1920,Robert,1821
CA,M,1920,John,1309
CA,M,1920,William,1211
CA,M,1920,George,899
CA,M,1920,James,834
CA,M,1920,Charles,662
CA,M,1920,Frank,631
CA,M,1920,Richard,555
CA,M,1920,Jack,544
CA,M,1920,Edward,460
CA,M,1921,Robert,1875
CA,M,1921,John,1489
CA,M,1921,William,1416
CA,M,1921,George,890
CA,M,1921,James,866
CA,M,1921,Frank,690
CA,M,1921,Jack,650
CA,M,1921,Richard,629
CA,M,1921,Charles,584
CA,M,1921,Donald,532
CA,M,1922,Robert,2115
CA,M,1922,John,1509
CA,M,1922,William,1429
CA,M,1922,George,959
CA,M,1922,James,925
CA,M,1922,Richard,736
CA,M,1922,Charles,709
CA,M,1922,Frank,694
CA,M,1922,Jack,674
CA,M,1922,Donald,572
CA,M,1923,Robert,2259
CA,M,1923,John,1673
CA,M,1923,William,1616
CA,M,1923,James,1060
CA,M,1923,George,970
CA,M,1923,Richard,880
CA,M,1923,Donald,753
CA,M,1923,Frank,710
CA,M,1923,Charles,699
CA,M,1923,Jack,656
CA,M,1924,Robert,2584
CA,M,1924,John,1731
CA,M,1924,William,1594
CA,M,1924,James,1208
CA,M,1924,George,1058
CA,M,1924,Richard,1016
CA,M,1924,Frank,787
CA,M,1924,Donald,773
CA,M,1924,Charles,767
CA,M,1924,Jack,755
CA,M,1925,Robert,2508
CA,M,1925,John,1703
CA,M,1925,William,1590
CA,M,1925,James,1251
CA,M,1925,Richard,1153
CA,M,1925,George,1042
CA,M,1925,Donald,863
CA,M,1925,Charles,794
CA,M,1925,Frank,772
CA,M,1925,Jack,751
CA,M,1926,Robert,2485
CA,M,1926,John,1648
CA,M,1926,William,1491
CA,M,1926,Richard,1331
CA,M,1926,James,1126
CA,M,1926,Donald,982
CA,M,1926,George,950
CA,M,1926,Charles,797
CA,M,1926,Frank,725
CA,M,1926,Jack,671
CA,M,1927,Robert,2491
CA,M,1927,John,1615
CA,M,1927,William,1465
CA,M,1927,Richard,1260
CA,M,1927,James,1170
CA,M,1927,Donald,1047
CA,M,1927,George,941
CA,M,1927,Charles,810
CA,M,1927,Frank,737
CA,M,1927,Jack,712
CA,M,1928,Robert,2385
CA,M,1928,John,1512
CA,M,1928,Richard,1501
CA,M,1928,William,1368
CA,M,1928,Donald,1171
CA,M,1928,James,1122
CA,M,1928,George,902
CA,M,1928,Charles,797
CA,M,1928,Frank,719
CA,M,1928,Jack,652
CA,M,1929,Robert,2424
CA,M,1929,John,1528
CA,M,1929,Richard,1443
CA,M,1929,William,1350
CA,M,1929,Donald,1199
CA,M,1929,James,1080
CA,M,1929,George,823
CA,M,1929,Charles,730
CA,M,1929,Jack,633
CA,M,1929,Frank,625
CA,M,1930,Robert,2460
CA,M,1930,Richard,1598
CA,M,1930,John,1557
CA,M,1930,William,1321
CA,M,1930,Donald,1281
CA,M,1930,James,1169
CA,M,1930,Charles,842
CA,M,1930,George,777
CA,M,1930,Frank,682
CA,M,1930,David,638
CA,M,1931,Robert,2415
CA,M,1931,Richard,1604
CA,M,1931,John,1546
CA,M,1931,William,1317
CA,M,1931,Donald,1288
CA,M,1931,James,1182
CA,M,1931,Charles,825
CA,M,1931,George,800
CA,M,1931,Jack,639
CA,M,1931,David,637
CA,M,1932,Robert,2308
CA,M,1932,John,1622
CA,M,1932,Richard,1574
CA,M,1932,William,1242
CA,M,1932,James,1197
CA,M,1932,Donald,1192
CA,M,1932,Charles,847
CA,M,1932,George,709
CA,M,1932,Ronald,649
CA,M,1932,David,631
CA,M,1933,Robert,2136
CA,M,1933,Richard,1548
CA,M,1933,John,1450
CA,M,1933,James,1239
CA,M,1933,William,1187
CA,M,1933,Donald,1157
CA,M,1933,Charles,728
CA,M,1933,George,672
CA,M,1933,Ronald,671
CA,M,1933,David,657
CA,M,1934,Robert,2197
CA,M,1934,Richard,1774
CA,M,1934,John,1479
CA,M,1934,James,1267
CA,M,1934,William,1217
CA,M,1934,Donald,1181
CA,M,1934,Charles,748
CA,M,1934,Ronald,720
CA,M,1934,George,687
CA,M,1934,David,647
CA,M,1935,Robert,2261
CA,M,1935,Richard,1738
CA,M,1935,John,1533
CA,M,1935,James,1286
CA,M,1935,William,1250
CA,M,1935,Donald,1138
CA,M,1935,Charles,772
CA,M,1935,Ronald,756
CA,M,1935,David,709
CA,M,1935,George,675
CA,M,1936,Robert,2545
CA,M,1936,Richard,1837
CA,M,1936,John,1745
CA,M,1936,James,1405
CA,M,1936,William,1220
CA,M,1936,Donald,1137
CA,M,1936,David,834
CA,M,1936,Charles,798
CA,M,1936,Ronald,789
CA,M,1936,George,691
CA,M,1937,Robert,2886
CA,M,1937,Richard,1975
CA,M,1937,John,1844
CA,M,1937,James,1546
CA,M,1937,William,1402
CA,M,1937,David,1140
CA,M,1937,Donald,1111
CA,M,1937,Ronald,974
CA,M,1937,Charles,931
CA,M,1937,George,713
CA,M,1938,Robert,2928
CA,M,1938,John,2010
CA,M,1938,Richard,1975
CA,M,1938,James,1776
CA,M,1938,William,1565
CA,M,1938,Ronald,1201
CA,M,1938,David,1194
CA,M,1938,Donald,1123
CA,M,1938,Charles,975
CA,M,1938,Gary,880
CA,M,1939,Robert,2856
CA,M,1939,Richard,2123
CA,M,1939,John,2027
CA,M,1939,James,1870
CA,M,1939,William,1528
CA,M,1939,David,1398
CA,M,1939,Ronald,1153
CA,M,1939,Donald,997
CA,M,1939,Charles,959
CA,M,1939,Gary,932
CA,M,1940,Robert,3120
CA,M,1940,John,2420
CA,M,1940,Richard,2219
CA,M,1940,James,2101
CA,M,1940,William,1798
CA,M,1940,David,1554
CA,M,1940,Gary,1183
CA,M,1940,Ronald,1160
CA,M,1940,Michael,1124
CA,M,1940,Charles,1050
CA,M,1941,Robert,3373
CA,M,1941,John,2627
CA,M,1941,Richard,2486
CA,M,1941,James,2361
CA,M,1941,William,1968
CA,M,1941,David,1771
CA,M,1941,Gary,1491
CA,M,1941,Ronald,1400
CA,M,1941,Michael,1379
CA,M,1941,Charles,1141
CA,M,1942,Robert,4018
CA,M,1942,John,3419
CA,M,1942,James,3272
CA,M,1942,Richard,2950
CA,M,1942,William,2540
CA,M,1942,David,2304
CA,M,1942,Michael,1959
CA,M,1942,Gary,1793
CA,M,1942,Ronald,1740
CA,M,1942,Charles,1428
CA,M,1943,Robert,4659
CA,M,1943,John,3880
CA,M,1943,James,3598
CA,M,1943,Richard,3409
CA,M,1943,William,2818
CA,M,1943,David,2504
CA,M,1943,Michael,2417
CA,M,1943,Ronald,1913
CA,M,1943,Gary,1760
CA,M,1943,Charles,1582
CA,M,1944,Robert,4631
CA,M,1944,John,4223
CA,M,1944,James,3907
CA,M,1944,Richard,3558
CA,M,1944,William,2895
CA,M,1944,Michael,2795
CA,M,1944,David,2590
CA,M,1944,Ronald,1955
CA,M,1944,Gary,1944
CA,M,1944,Charles,1717
CA,M,1945,Robert,4974
CA,M,1945,John,4352
CA,M,1945,James,3964
CA,M,1945,Richard,3725
CA,M,1945,Michael,3203
CA,M,1945,William,2878
CA,M,1945,David,2822
CA,M,1945,Gary,1893
CA,M,1945,Ronald,1677
CA,M,1945,Charles,1564
CA,M,1946,Robert,5518
CA,M,1946,John,5095
CA,M,1946,Richard,4682
CA,M,1946,James,4429
CA,M,1946,Michael,4164
CA,M,1946,William,3343
CA,M,1946,David,3313
CA,M,1946,Gary,2227
CA,M,1946,Ronald,2191
CA,M,1946,Dennis,2007
CA,M,1947,Robert,6180
CA,M,1947,John,5845
CA,M,1947,Michael,4781
CA,M,1947,James,4757
CA,M,1947,Richard,4514
CA,M,1947,David,4063
CA,M,1947,William,3612
CA,M,1947,Ronald,2501
CA,M,1947,Gary,2264
CA,M,1947,Larry,2224
CA,M,1948,Robert,5887
CA,M,1948,John,5424
CA,M,1948,Michael,4771
CA,M,1948,James,4655
CA,M,1948,David,4120
CA,M,1948,Richard,3999
CA,M,1948,William,3430
CA,M,1948,Ronald,2345
CA,M,1948,Thomas,2326
CA,M,1948,Gary,2204
CA,M,1949,Robert,5956
CA,M,1949,Michael,5364
CA,M,1949,John,5348
CA,M,1949,James,4655
CA,M,1949,David,4507
CA,M,1949,Richard,4170
CA,M,1949,William,3422
CA,M,1949,Steven,2451
CA,M,1949,Thomas,2432
CA,M,1949,Gary,2209
CA,M,1950,Robert,6036
CA,M,1950,Michael,5533
CA,M,1950,John,5347
CA,M,1950,David,4853
CA,M,1950,James,4631
CA,M,1950,Richard,4236
CA,M,1950,William,3462
CA,M,1950,Steven,2859
CA,M,1950,Thomas,2595
CA,M,1950,Gary,2568
CA,M,1951,Michael,6189
CA,M,1951,Robert,6169
CA,M,1951,John,5578
CA,M,1951,David,4945
CA,M,1951,James,4758
CA,M,1951,Richard,4510
CA,M,1951,William,3711
CA,M,1951,Steven,3323
CA,M,1951,Gary,2957
CA,M,1951,Thomas,2750
CA,M,1952,Michael,7066
CA,M,1952,Robert,6572
CA,M,1952,John,5897
CA,M,1952,David,5848
CA,M,1952,James,5150
CA,M,1952,Richard,5022
CA,M,1952,William,3805
CA,M,1952,Steven,3642
CA,M,1952,Gary,3130
CA,M,1952,Thomas,2893
CA,M,1953,Michael,7852
CA,M,1953,Robert,6752
CA,M,1953,David,6384
CA,M,1953,John,5956
CA,M,1953,James,5253
CA,M,1953,Richard,5228
CA,M,1953,Steven,3954
CA,M,1953,William,3858
CA,M,1953,Gary,2940
CA,M,1953,Mark,2878
CA,M,1954,Michael,8085
CA,M,1954,Robert,6815
CA,M,1954,David,6471
CA,M,1954,John,5957
CA,M,1954,James,5216
CA,M,1954,Richard,5057
CA,M,1954,Steven,4242
CA,M,1954,William,3943
CA,M,1954,Mark,3517
CA,M,1954,Thomas,2912
CA,M,1955,Michael,7863
CA,M,1955,David,7384
CA,M,1955,Robert,6901
CA,M,1955,John,6028
CA,M,1955,James,5152
CA,M,1955,Richard,4867
CA,M,1955,Steven,4201
CA,M,1955,Mark,4105
CA,M,1955,William,3913
CA,M,1955,Thomas,2770
CA,M,1956,Michael,8260
CA,M,1956,David,7117
CA,M,1956,Robert,7096
CA,M,1956,John,6196
CA,M,1956,James,5383
CA,M,1956,Richard,4968
CA,M,1956,Mark,4629
CA,M,1956,Steven,4180
CA,M,1956,William,3802
CA,M,1956,Thomas,2874
CA,M,1957,Michael,8243
CA,M,1957,David,7469
CA,M,1957,Robert,6839
CA,M,1957,John,6311
CA,M,1957,James,5479
CA,M,1957,Richard,4851
CA,M,1957,Mark,4850
CA,M,1957,Steven,3855
CA,M,1957,William,3736
CA,M,1957,Thomas,2809
CA,M,1958,Michael,7633
CA,M,1958,David,7453
CA,M,1958,Robert,6691
CA,M,1958,John,6080
CA,M,1958,James,5315
CA,M,1958,Mark,4781
CA,M,1958,Richard,4608
CA,M,1958,Steven,3484
CA,M,1958,William,3404
CA,M,1958,Thomas,2626
CA,M,1959,David,7619
CA,M,1959,Michael,7456
CA,M,1959,Robert,6512
CA,M,1959,John,6164
CA,M,1959,Mark,5304
CA,M,1959,James,5019
CA,M,1959,Richard,4458
CA,M,1959,Steven,3435
CA,M,1959,William,3212
CA,M,1959,Thomas,2493
CA,M,1960,David,7922
CA,M,1960,Michael,7392
CA,M,1960,John,6530
CA,M,1960,Robert,6430
CA,M,1960,Mark,5543
CA,M,1960,James,5137
CA,M,1960,Richard,4192
CA,M,1960,Steven,3588
CA,M,1960,William,3257
CA,M,1960,Daniel,2541
CA,M,1961,David,8115
CA,M,1961,Michael,7925
CA,M,1961,John,6841
CA,M,1961,Robert,6625
CA,M,1961,Mark,5514
CA,M,1961,James,5178
CA,M,1961,Richard,4009
CA,M,1961,Steven,3415
CA,M,1961,William,3152
CA,M,1961,Daniel,2624
CA,M,1962,David,7949
CA,M,1962,Michael,7882
CA,M,1962,John,6810
CA,M,1962,Robert,6685
CA,M,1962,James,5125
CA,M,1962,Mark,5092
CA,M,1962,Richard,4122
CA,M,1962,Steven,3285
CA,M,1962,William,3044
CA,M,1962,Scott,3010
CA,M,1963,Michael,7820
CA,M,1963,David,7609
CA,M,1963,John,7033
CA,M,1963,Robert,6826
CA,M,1963,James,5099
CA,M,1963,Mark,4840
CA,M,1963,Richard,4327
CA,M,1963,William,3140
CA,M,1963,Steven,3118
CA,M,1963,Scott,2906
CA,M,1964,Michael,7986
CA,M,1964,David,7536
CA,M,1964,John,7326
CA,M,1964,Robert,6817
CA,M,1964,James,5398
CA,M,1964,Richard,4185
CA,M,1964,Mark,4131
CA,M,1964,William,3113
CA,M,1964,Steven,3110
CA,M,1964,Kevin,2651
CA,M,1965,Michael,7836
CA,M,1965,David,6817
CA,M,1965,John,6368
CA,M,1965,Robert,6242
CA,M,1965,James,5056
CA,M,1965,Richard,3983
CA,M,1965,Mark,3596
CA,M,1965,Steven,3026
CA,M,1965,William,2801
CA,M,1965,Daniel,2639
CA,M,1966,Michael,7687
CA,M,1966,David,6759
CA,M,1966,Robert,5891
CA,M,1966,John,5752
CA,M,1966,James,4911
CA,M,1966,Richard,3718
CA,M,1966,Mark,3301
CA,M,1966,Steven,2995
CA,M,1966,William,2670
CA,M,1966,Christopher,2552
CA,M,1967,Michael,8133
CA,M,1967,David,6929
CA,M,1967,John,5650
CA,M,1967,Robert,5579
CA,M,1967,James,4683
CA,M,1967,Richard,3632
CA,M,1967,Mark,3253
CA,M,1967,Steven,2887
CA,M,1967,William,2745
CA,M,1967,Christopher,2669
CA,M,1968,Michael,8080
CA,M,1968,David,6484
CA,M,1968,Robert,5890
CA,M,1968,John,5571
CA,M,1968,James,4651
CA,M,1968,Richard,3526
CA,M,1968,Mark,3263
CA,M,1968,Steven,2842
CA,M,1968,Christopher,2837
CA,M,1968,Brian,2694
CA,M,1969,Michael,8245
CA,M,1969,David,6566
CA,M,1969,Robert,6025
CA,M,1969,John,5328
CA,M,1969,James,4551
CA,M,1969,Richard,3353
CA,M,1969,Christopher,3235
CA,M,1969,Mark,2989
CA,M,1969,Brian,2847
CA,M,1969,Steven,2783
CA,M,1970,Michael,8196
CA,M,1970,David,6377
CA,M,1970,Robert,5667
CA,M,1970,John,5187
CA,M,1970,James,4611
CA,M,1970,Jason,4052
CA,M,1970,Christopher,3602
CA,M,1970,Richard,3251
CA,M,1970,Eric,2817
CA,M,1970,Mark,2805
CA,M,1971,Michael,6823
CA,M,1971,David,5242
CA,M,1971,Robert,4617
CA,M,1971,John,4290
CA,M,1971,Jason,4266
CA,M,1971,James,3802
CA,M,1971,Christopher,3709
CA,M,1971,Richard,2692
CA,M,1971,Brian,2492
CA,M,1971,Daniel,2427
CA,M,1972,Michael,6346
CA,M,1972,David,4635
CA,M,1972,Jason,4042
CA,M,1972,Christopher,4017
CA,M,1972,Robert,3971
CA,M,1972,John,3541
CA,M,1972,James,3343
CA,M,1972,Brian,2940
CA,M,1972,Daniel,2501
CA,M,1972,Richard,2317
CA,M,1973,Michael,5880
CA,M,1973,Jason,4407
CA,M,1973,David,4175
CA,M,1973,Christopher,3530
CA,M,1973,Robert,3490
CA,M,1973,John,3175
CA,M,1973,James,2908
CA,M,1973,Brian,2816
CA,M,1973,Daniel,2751
CA,M,1973,Matthew,2236
CA,M,1974,Michael,6061
CA,M,1974,Jason,4781
CA,M,1974,David,4350
CA,M,1974,Christopher,3770
CA,M,1974,Robert,3454
CA,M,1974,John,3018
CA,M,1974,Brian,2937
CA,M,1974,Daniel,2913
CA,M,1974,James,2892
CA,M,1974,Matthew,2530
CA,M,1975,Michael,6215
CA,M,1975,Jason,4386
CA,M,1975,David,4141
CA,M,1975,Christopher,3727
CA,M,1975,Robert,3439
CA,M,1975,Daniel,2887
CA,M,1975,John,2843
CA,M,1975,James,2836
CA,M,1975,Matthew,2594
CA,M,1975,Brian,2568
CA,M,1976,Michael,6181
CA,M,1976,David,4349
CA,M,1976,Jason,4348
CA,M,1976,Christopher,3761
CA,M,1976,Robert,3366
CA,M,1976,Daniel,3161
CA,M,1976,James,2851
CA,M,1976,John,2835
CA,M,1976,Matthew,2743
CA,M,1976,Brian,2676
CA,M,1977,Michael,6322
CA,M,1977,David,4425
CA,M,1977,Jason,4425
CA,M,1977,Christopher,3956
CA,M,1977,Robert,3363
CA,M,1977,Daniel,3329
CA,M,1977,Brian,2940
CA,M,1977,James,2936
CA,M,1977,Matthew,2877
CA,M,1977,John,2815
CA,M,1978,Michael,6492
CA,M,1978,David,4581
CA,M,1978,Jason,4304
CA,M,1978,Christopher,4063
CA,M,1978,Daniel,3432
CA,M,1978,Robert,3309
CA,M,1978,James,3062
CA,M,1978,Matthew,3032
CA,M,1978,John,2927
CA,M,1978,Brian,2768
CA,M,1979,Michael,6586
CA,M,1979,David,4875
CA,M,1979,Christopher,4717
CA,M,1979,Jason,4066
CA,M,1979,Daniel,3552
CA,M,1979,Robert,3459
CA,M,1979,John,3022
CA,M,1979,Matthew,3011
CA,M,1979,James,2978
CA,M,1979,Ryan,2897
CA,M,1980,Michael,6907
CA,M,1980,David,5085
CA,M,1980,Christopher,4782
CA,M,1980,Daniel,4148
CA,M,1980,Jason,4103
CA,M,1980,Robert,3479
CA,M,1980,Matthew,3379
CA,M,1980,Joshua,3137
CA,M,1980,James,3023
CA,M,1980,John,3022
CA,M,1981,Michael,7150
CA,M,1981,Christopher,5178
CA,M,1981,David,4937
CA,M,1981,Daniel,4334
CA,M,1981,Matthew,3884
CA,M,1981,Robert,3734
CA,M,1981,Jason,3712
CA,M,1981,Joshua,3383
CA,M,1981,John,3217
CA,M,1981,Jose,3198
CA,M,1982,Michael,7160
CA,M,1982,Christopher,6065
CA,M,1982,David,5129
CA,M,1982,Daniel,4597
CA,M,1982,Matthew,4133
CA,M,1982,Robert,3657
CA,M,1982,Jason,3599
CA,M,1982,Joshua,3227
CA,M,1982,James,3208
CA,M,1982,John,3132
CA,M,1983,Michael,7398
CA,M,1983,Christopher,6352
CA,M,1983,David,5000
CA,M,1983,Daniel,4749
CA,M,1983,Matthew,4697
CA,M,1983,Robert,3579
CA,M,1983,Jason,3373
CA,M,1983,Ryan,3348
CA,M,1983,Joshua,3280
CA,M,1983,Joseph,3098
CA,M,1984,Michael,7478
CA,M,1984,Christopher,6486
CA,M,1984,David,5115
CA,M,1984,Daniel,5022
CA,M,1984,Matthew,4676
CA,M,1984,Robert,3523
CA,M,1984,Joshua,3405
CA,M,1984,Ryan,3397
CA,M,1984,James,3160
CA,M,1984,John,3080
CA,M,1985,Michael,7215
CA,M,1985,Christopher,6721
CA,M,1985,Daniel,5457
CA,M,1985,David,5252
CA,M,1985,Matthew,4511
CA,M,1985,Robert,3698
CA,M,1985,Joshua,3664
CA,M,1985,Ryan,3575
CA,M,1985,Andrew,3415
CA,M,1985,James,3224
CA,M,1986,Michael,7260
CA,M,1986,Christopher,6453
CA,M,1986,Daniel,5434
CA,M,1986,David,5298
CA,M,1986,Matthew,4699
CA,M,1986,Andrew,3943
CA,M,1986,Robert,3728
CA,M,1986,Ryan,3508
CA,M,1986,Joshua,3417
CA,M,1986,Anthony,3113
CA,M,1987,Michael,7453
CA,M,1987,Christopher,6514
CA,M,1987,Daniel,5407
CA,M,1987,David,5304
CA,M,1987,Matthew,4695
CA,M,1987,Andrew,4380
CA,M,1987,Joshua,3762
CA,M,1987,Robert,3556
CA,M,1987,Anthony,3435
CA,M,1987,Ryan,3425
CA,M,1988,Michael,7761
CA,M,1988,Christopher,6463
CA,M,1988,Daniel,5404
CA,M,1988,David,5158
CA,M,1988,Matthew,4852
CA,M,1988,Andrew,4562
CA,M,1988,Joshua,3942
CA,M,1988,Robert,3638
CA,M,1988,Anthony,3598
CA,M,1988,Jose,3544
CA,M,1989,Michael,7856
CA,M,1989,Christopher,6489
CA,M,1989,Daniel,5608
CA,M,1989,David,5354
CA,M,1989,Matthew,4744
CA,M,1989,Andrew,4413
CA,M,1989,Joshua,4290
CA,M,1989,Jose,4178
CA,M,1989,Anthony,3776
CA,M,1989,Robert,3732
CA,M,1990,Michael,8245
CA,M,1990,Christopher,6619
CA,M,1990,Daniel,5767
CA,M,1990,David,5347
CA,M,1990,Jose,4913
CA,M,1990,Matthew,4884
CA,M,1990,Andrew,4546
CA,M,1990,Joshua,4302
CA,M,1990,Jonathan,4116
CA,M,1990,Anthony,4022
CA,M,1991,Michael,7572
CA,M,1991,Christopher,5764
CA,M,1991,Daniel,5479
CA,M,1991,Jose,5038
CA,M,1991,David,4856
CA,M,1991,Matthew,4456
CA,M,1991,Andrew,4296
CA,M,1991,Joshua,4292
CA,M,1991,Anthony,4197
CA,M,1991,Jonathan,4108
CA,M,1992,Michael,6639
CA,M,1992,Daniel,5364
CA,M,1992,Christopher,5233
CA,M,1992,Jose,5063
CA,M,1992,David,4842
CA,M,1992,Andrew,4152
CA,M,1992,Matthew,4075
CA,M,1992,Anthony,4038
CA,M,1992,Jonathan,3902
CA,M,1992,Joshua,3763
CA,M,1993,Michael,5847
CA,M,1993,Daniel,5229
CA,M,1993,Jose,5023
CA,M,1993,Christopher,4668
CA,M,1993,David,4407
CA,M,1993,Andrew,3944
CA,M,1993,Anthony,3878
CA,M,1993,Matthew,3811
CA,M,1993,Joshua,3709
CA,M,1993,Kevin,3609
CA,M,1994,Daniel,5117
CA,M,1994,Michael,5098
CA,M,1994,Jose,4770
CA,M,1994,Christopher,4266
CA,M,1994,David,4062
CA,M,1994,Anthony,3928
CA,M,1994,Andrew,3783
CA,M,1994,Matthew,3567
CA,M,1994,Joshua,3561
CA,M,1994,Kevin,3386
CA,M,1995,Daniel,5004
CA,M,1995,Michael,4782
CA,M,1995,Jose,4571
CA,M,1995,Christopher,4099
CA,M,1995,David,4030
CA,M,1995,Anthony,3951
CA,M,1995,Andrew,3684
CA,M,1995,Matthew,3540
CA,M,1995,Joshua,3507
CA,M,1995,Jonathan,3251
CA,M,1996,Daniel,4704
CA,M,1996,Jose,4645
CA,M,1996,Michael,4353
CA,M,1996,David,4001
CA,M,1996,Christopher,3945
CA,M,1996,Anthony,3897
CA,M,1996,Andrew,3580
CA,M,1996,Joshua,3372
CA,M,1996,Matthew,3371
CA,M,1996,Jonathan,3367
CA,M,1997,Daniel,4453
CA,M,1997,Michael,4311
CA,M,1997,Jose,4156
CA,M,1997,Anthony,3907
CA,M,1997,David,3731
CA,M,1997,Christopher,3723
CA,M,1997,Andrew,3561
CA,M,1997,Matthew,3259
CA,M,1997,Jonathan,3252
CA,M,1997,Jacob,3245
CA,M,1998,Daniel,4318
CA,M,1998,Jose,4281
CA,M,1998,Michael,4132
CA,M,1998,Anthony,3884
CA,M,1998,Jacob,3567
CA,M,1998,David,3476
CA,M,1998,Matthew,3456
CA,M,1998,Andrew,3433
CA,M,1998,Christopher,3387
CA,M,1998,Joshua,3255
CA,M,1999,Daniel,4354
CA,M,1999,Jose,3870
CA,M,1999,Anthony,3808
CA,M,1999,Michael,3759
CA,M,1999,Andrew,3598
CA,M,1999,David,3484
CA,M,1999,Jacob,3477
CA,M,1999,Matthew,3321
CA,M,1999,Christopher,3252
CA,M,1999,Joshua,3144
CA,M,2000,Daniel,4342
CA,M,2000,Anthony,3839
CA,M,2000,Jose,3804
CA,M,2000,Andrew,3600
CA,M,2000,Michael,3572
CA,M,2000,Jacob,3520
CA,M,2000,Joshua,3356
CA,M,2000,Christopher,3337
CA,M,2000,David,3280
CA,M,2000,Matthew,3254
CA,M,2001,Daniel,4165
CA,M,2001,Anthony,3827
CA,M,2001,Andrew,3447
CA,M,2001,Jose,3425
CA,M,2001,Jacob,3384
CA,M,2001,David,3344
CA,M,2001,Michael,3295
CA,M,2001,Joshua,3215
CA,M,2001,Matthew,3082
CA,M,2001,Christopher,3033
CA,M,2002,Daniel,4132
CA,M,2002,Anthony,3772
CA,M,2002,Andrew,3556
CA,M,2002,Jose,3555
CA,M,2002,Jacob,3385
CA,M,2002,Joshua,3382
CA,M,2002,Michael,3237
CA,M,2002,David,3194
CA,M,2002,Matthew,3093
CA,M,2002,Christopher,2904
CA,M,2003,Daniel,4033
CA,M,2003,Anthony,3935
CA,M,2003,Andrew,3457
CA,M,2003,Jose,3377
CA,M,2003,Jacob,3369
CA,M,2003,David,3354
CA,M,2003,Joshua,3221
CA,M,2003,Angel,3220
CA,M,2003,Michael,3108
CA,M,2003,Matthew,2985
CA,M,2004,Daniel,4169
CA,M,2004,Anthony,3807
CA,M,2004,Andrew,3492
CA,M,2004,Jose,3385
CA,M,2004,Jacob,3337
CA,M,2004,Joshua,3301
CA,M,2004,David,3267
CA,M,2004,Angel,3211
CA,M,2004,Michael,2869
CA,M,2004,Matthew,2864
CA,M,2005,Daniel,3914
CA,M,2005,Anthony,3748
CA,M,2005,Angel,3518
CA,M,2005,David,3274
CA,M,2005,Joshua,3217
CA,M,2005,Jose,3197
CA,M,2005,Andrew,3167
CA,M,2005,Jacob,3114
CA,M,2005,Matthew,2878
CA,M,2005,Michael,2774
CA,M,2006,Daniel,3830
CA,M,2006,Anthony,3776
CA,M,2006,Angel,3689
CA,M,2006,Jacob,3198
CA,M,2006,David,3156
CA,M,2006,Andrew,3126
CA,M,2006,Jose,3096
CA,M,2006,Joshua,3031
CA,M,2006,Christopher,2874
CA,M,2006,Matthew,2755
CA,M,2007,Daniel,3869
CA,M,2007,Anthony,3787
CA,M,2007,Angel,3500
CA,M,2007,David,3123
CA,M,2007,Jacob,3122
CA,M,2007,Andrew,3037
CA,M,2007,Christopher,2980
CA,M,2007,Joshua,2883
CA,M,2007,Jose,2849
CA,M,2007,Diego,2622
CA,M,2008,Daniel,3754
CA,M,2008,Anthony,3640
CA,M,2008,Angel,3172
CA,M,2008,Jacob,3028
CA,M,2008,David,2916
CA,M,2008,Alexander,2887
CA,M,2008,Andrew,2828
CA,M,2008,Joshua,2762
CA,M,2008,Christopher,2609
CA,M,2008,Jose,2572
CA,M,2009,Daniel,3394
CA,M,2009,Anthony,3088
CA,M,2009,Angel,3006
CA,M,2009,Jacob,2975
CA,M,2009,Alexander,2884
CA,M,2009,Ethan,2675
CA,M,2009,David,2624
CA,M,2009,Andrew,2587
CA,M,2009,Matthew,2425
CA,M,2009,Joshua,2411
CA,M,2010,Jacob,3355
CA,M,2010,Daniel,3137
CA,M,2010,Anthony,2860
CA,M,2010,Alexander,2601
CA,M,2010,Angel,2536
CA,M,2010,Ethan,2465
CA,M,2010,Jayden,2443
CA,M,2010,David,2422
CA,M,2010,Andrew,2382
CA,M,2010,Nathan,2274
CA,M,2011,Jacob,3171
CA,M,2011,Daniel,2910
CA,M,2011,Jayden,2753
CA,M,2011,Anthony,2694
CA,M,2011,Matthew,2466
CA,M,2011,Alexander,2460
CA,M,2011,Ethan,2390
CA,M,2011,David,2300
CA,M,2011,Andrew,2287
CA,M,2011,Nathan,2249
CA,M,2012,Jacob,2980
CA,M,2012,Jayden,2871
CA,M,2012,Daniel,2687
CA,M,2012,Ethan,2674
CA,M,2012,Matthew,2654
CA,M,2012,Noah,2516
CA,M,2012,Anthony,2429
CA,M,2012,Alexander,2428
CA,M,2012,Nathan,2236
CA,M,2012,Andrew,2152
CA,M,2013,Jacob,2889
CA,M,2013,Ethan,2667
CA,M,2013,Daniel,2603
CA,M,2013,Jayden,2581
CA,M,2013,Matthew,2564
CA,M,2013,Noah,2554
CA,M,2013,Alexander,2382
CA,M,2013,Anthony,2239
CA,M,2013,Nathan,2086
CA,M,2013,David,2046
CA,M,2014,Noah,2781
CA,M,2014,Jacob,2717
CA,M,2014,Ethan,2568
CA,M,2014,Daniel,2565
CA,M,2014,Alexander,2500
CA,M,2014,Matthew,2485
CA,M,2014,Jayden,2378
CA,M,2014,Anthony,2086
CA,M,2014,Sebastian,2036
CA,M,2014,David,2024
CA,M,2015,Noah,2773
CA,M,2015,Jacob,2561
CA,M,2015,Ethan,2477
CA,M,2015,Daniel,2474
CA,M,2015,Matthew,2440
CA,M,2015,Alexander,2322
CA,M,2015,Jayden,2134
CA,M,2015,Sebastian,2079
CA,M,2015,Liam,2030
CA,M,2015,David,1948
CA,M,2016,Noah,2694
CA,M,2016,Matthew,2418
CA,M,2016,Ethan,2337
CA,M,2016,Daniel,2300
CA,M,2016,Jacob,2273
CA,M,2016,Sebastian,2273
CA,M,2016,Alexander,2220
CA,M,2016,Liam,2047
CA,M,2016,Julian,2046
CA,M,2016,Benjamin,1921
CA,M,2017,Noah,2527
CA,M,2017,Sebastian,2274
CA,M,2017,Liam,2187
CA,M,2017,Ethan,2149
CA,M,2017,Matthew,2134
CA,M,2017,Daniel,2091
CA,M,2017,Jacob,2063
CA,M,2017,Mateo,2013
CA,M,2017,Alexander,2006
CA,M,2017,Julian,1944
CA,M,2018,Noah,2567
CA,M,2018,Liam,2411
CA,M,2018,Sebastian,2213
CA,M,2018,Mateo,2100
CA,M,2018,Ethan,2057
CA,M,2018,Daniel,1996
CA,M,2018,Julian,1936
CA,M,2018,Alexander,1906
CA,M,2018,Benjamin,1768
CA,M,2018,Jacob,1713
CA,M,2019,Noah,2668
CA,M,2019,Liam,2387
CA,M,2019,Mateo,2209
CA,M,2019,Sebastian,2143
CA,M,2019,Ethan,2090
CA,M,2019,Julian,1850
CA,M,2019,Alexander,1825
CA,M,2019,Benjamin,1742
CA,M,2019,Daniel,1739
CA,M,2019,Lucas,1708
