DE,F,1920,Mary,165
DE,F,1920,Dorothy,106
DE,F,1920,Margaret,81
DE,F,1920,Elizabeth,77
DE,F,1920,Helen,76
DE,F,1920,Anna,54
DE,F,1920,Mildred,53
DE,F,1920,Eleanor,45
DE,F,1920,Alice,44
DE,F,1920,Frances,42
DE,F,1921,Mary,141
DE,F,1921,Helen,107
DE,F,1921,Dorothy,81
DE,F,1921,Margaret,79
DE,F,1921,Elizabeth,64
DE,F,1921,Ruth,58
DE,F,1921,Anna,54
DE,F,1921,Frances,44
DE,F,1921,Mildred,43
DE,F,1921,Alice,40
DE,F,1922,Mary,162
DE,F,1922,Dorothy,93
DE,F,1922,Helen,82
DE,F,1922,Elizabeth,74
DE,F,1922,Margaret,70
DE,F,1922,Ruth,62
DE,F,1922,Anna,44
DE,F,1922,Betty,41
DE,F,1922,Frances,36
DE,F,1922,Doris,34
DE,F,1923,Mary,149
DE,F,1923,Dorothy,85
DE,F,1923,Helen,85
DE,F,1923,Elizabeth,76
DE,F,1923,Margaret,72
DE,F,1923,Betty,49
DE,F,1923,Ruth,49
DE,F,1923,Anna,44
DE,F,1923,Mildred,42
DE,F,1923,Doris,38
DE,F,1924,Mary,132
DE,F,1924,Dorothy,76
DE,F,1924,Elizabeth,63
DE,F,1924,Helen,59
DE,F,1924,Betty,51
DE,F,1924,Margaret,47
DE,F,1924,Ruth,44
DE,F,1924,Frances,43
DE,F,1924,Doris,39
DE,F,1924,Jean,33
DE,F,1925,Mary,101
DE,F,1925,Elizabeth,71
DE,F,1925,Betty,69
DE,F,1925,Helen,66
DE,F,1925,Dorothy,63
DE,F,1925,Doris,53
DE,F,1925,Margaret,48
DE,F,1925,Ruth,44
DE,F,1925,Marie,42
DE,F,1925,Anna,35
DE,F,1926,Mary,115
DE,F,1926,Betty,73
DE,F,1926,Margaret,64
DE,F,1926,Elizabeth,61
DE,F,1926,Doris,57
DE,F,1926,Helen,57
DE,F,1926,Dorothy,52
DE,F,1926,Ruth,42
DE,F,1926,Marie,38
DE,F,1926,Alice,33
DE,F,1927,Mary,120
DE,F,1927,Dorothy,69
DE,F,1927,Betty,62
DE,F,1927,Elizabeth,57
DE,F,1927,Margaret,51
DE,F,1927,Helen,45
DE,F,1927,Ruth,44
DE,F,1927,Anna,43
DE,F,1927,Doris,43
DE,F,1927,Frances,34
DE,F,1928,Mary,116
DE,F,1928,Betty,70
DE,F,1928,Margaret,66
DE,F,1928,Dorothy,63
DE,F,1928,Doris,58
DE,F,1928,Helen,50
DE,F,1928,Elizabeth,46
DE,F,1928,Ruth,36
DE,F,1928,Anna,35
DE,F,1928,Barbara,34
DE,F,1929,Mary,115
DE,F,1929,Betty,93
DE,F,1929,Dorothy,69
DE,F,1929,Elizabeth,64
DE,F,1929,Doris,59
DE,F,1929,Helen,53
DE,F,1929,Ruth,45
DE,F,1929,Barbara,37
DE,F,1929,Margaret,36
DE,F,1929,Marie,36
DE,F,1930,Mary,105
DE,F,1930,Betty,67
DE,F,1930,Dorothy,67
DE,F,1930,Helen,64
DE,F,1930,Doris,61
DE,F,1930,Margaret,52
DE,F,1930,Elizabeth,45
DE,F,1930,Ruth,41
DE,F,1930,Dolores,35
DE,F,1930,Jean,35
DE,F,1931,Mary,101
DE,F,1931,Betty,73
DE,F,1931,Joan,58
DE,F,1931,Margaret,58
DE,F,1931,Jean,51
DE,F,1931,Dorothy,48
DE,F,1931,Helen,48
DE,F,1931,Doris,45
DE,F,1931,Elizabeth,43
DE,F,1931,Barbara,42
DE,F,1932,Mary,96
DE,F,1932,Betty,64
DE,F,1932,Barbara,62
DE,F,1932,Joan,51
DE,F,1932,Doris,50
DE,F,1932,Margaret,45
DE,F,1932,Dorothy,42
DE,F,1932,Helen,38
DE,F,1932,Patricia,38
DE,F,1932,Ruth,36
DE,F,1933,Mary,71
DE,F,1933,Betty,56
DE,F,1933,Dorothy,53
DE,F,1933,Joan,52
DE,F,1933,Barbara,51
DE,F,1933,Margaret,44
DE,F,1933,Doris,43
DE,F,1933,Elizabeth,35
DE,F,1933,Patricia,34
DE,F,1933,Helen,33
DE,F,1934,Mary,93
DE,F,1934,Barbara,67
DE,F,1934,Betty,64
DE,F,1934,Joan,52
DE,F,1934,Shirley,51
DE,F,1934,Patricia,47
DE,F,1934,Margaret,46
DE,F,1934,Dorothy,41
DE,F,1934,Elizabeth,38
DE,F,1934,Doris,32
DE,F,1935,Mary,92
DE,F,1935,Shirley,89
DE,F,1935,Barbara,59
DE,F,1935,Patricia,52
DE,F,1935,Joan,45
DE,F,1935,Doris,44
DE,F,1935,Betty,42
DE,F,1935,Margaret,42
DE,F,1935,Dorothy,38
DE,F,1935,Ruth,36
DE,F,1936,Mary,102
DE,F,1936,Barbara,76
DE,F,1936,Joan,57
DE,F,1936,Shirley,55
DE,F,1936,Patricia,51
DE,F,1936,Betty,49
DE,F,1936,Dorothy,39
DE,F,1936,Margaret,39
DE,F,1936,Phyllis,32
DE,F,1936,Nancy,30
DE,F,1937,Mary,98
DE,F,1937,Barbara,79
DE,F,1937,Patricia,56
DE,F,1937,Joan,50
DE,F,1937,Betty,49
DE,F,1937,Doris,37
DE,F,1937,Dorothy,37
DE,F,1937,Nancy,37
DE,F,1937,Janet,34
DE,F,1937,Margaret,34
DE,F,1938,Barbara,109
DE,F,1938,Mary,96
DE,F,1938,Patricia,58
DE,F,1938,Shirley,49
DE,F,1938,Doris,43
DE,F,1938,Margaret,43
DE,F,1938,Betty,37
DE,F,1938,Nancy,34
DE,F,1938,Joan,33
DE,F,1938,Dorothy,30
DE,F,1939,Mary,98
DE,F,1939,Barbara,82
DE,F,1939,Patricia,68
DE,F,1939,Joyce,48
DE,F,1939,Dorothy,46
DE,F,1939,Margaret,45
DE,F,1939,Shirley,40
DE,F,1939,Nancy,39
DE,F,1939,Betty,38
DE,F,1939,Carol,34
DE,F,1940,Mary,115
DE,F,1940,Barbara,81
DE,F,1940,Patricia,80
DE,F,1940,Margaret,50
DE,F,1940,Joyce,49
DE,F,1940,Nancy,46
DE,F,1940,Joan,41
DE,F,1940,Dorothy,38
DE,F,1940,Elizabeth,34
DE,F,1940,Betty,33
DE,F,1941,Mary,111
DE,F,1941,Barbara,105
DE,F,1941,Patricia,83
DE,F,1941,Margaret,74
DE,F,1941,Joan,51
DE,F,1941,Nancy,51
DE,F,1941,Carol,47
DE,F,1941,Joyce,47
DE,F,1941,Sandra,45
DE,F,1941,Judith,39
DE,F,1942,Mary,123
DE,F,1942,Barbara,122
DE,F,1942,Patricia,89
DE,F,1942,Carol,67
DE,F,1942,Margaret,56
DE,F,1942,Joan,53
DE,F,1942,Nancy,50
DE,F,1942,Carolyn,43
DE,F,1942,Sandra,42
DE,F,1942,Betty,41
DE,F,1943,Mary,133
DE,F,1943,Barbara,130
DE,F,1943,Patricia,91
DE,F,1943,Margaret,68
DE,F,1943,Nancy,61
DE,F,1943,Joyce,52
DE,F,1943,Sandra,51
DE,F,1943,Elizabeth,50
DE,F,1943,Carol,49
DE,F,1943,Ruth,47
DE,F,1944,Mary,135
DE,F,1944,Barbara,116
DE,F,1944,Patricia,103
DE,F,1944,Carol,79
DE,F,1944,Nancy,69
DE,F,1944,Joyce,53
DE,F,1944,Sandra,53
DE,F,1944,Linda,49
DE,F,1944,Margaret,48
DE,F,1944,Joan,45
DE,F,1945,Mary,139
DE,F,1945,Barbara,109
DE,F,1945,Carol,86
DE,F,1945,Patricia,84
DE,F,1945,Sandra,57
DE,F,1945,Nancy,54
DE,F,1945,Linda,51
DE,F,1945,Margaret,51
DE,F,1945,Shirley,48
DE,F,1945,Elizabeth,44
DE,F,1946,Barbara,140
DE,F,1946,Mary,125
DE,F,1946,Patricia,105
DE,F,1946,Sandra,85
DE,F,1946,Carol,80
DE,F,1946,Nancy,75
DE,F,1946,Linda,64
DE,F,1946,Margaret,58
DE,F,1946,Susan,54
DE,F,1946,Sharon,52
DE,F,1947,Linda,176
DE,F,1947,Mary,138
DE,F,1947,Patricia,136
DE,F,1947,Barbara,117
DE,F,1947,Carol,98
DE,F,1947,Margaret,90
DE,F,1947,Sandra,86
DE,F,1947,Nancy,84
DE,F,1947,Susan,82
DE,F,1947,Kathleen,58
DE,F,1948,Linda,164
DE,F,1948,Mary,145
DE,F,1948,Barbara,123
DE,F,1948,Patricia,100
DE,F,1948,Susan,77
DE,F,1948,Sandra,74
DE,F,1948,Sharon,74
DE,F,1948,Nancy,70
DE,F,1948,Carol,69
DE,F,1948,Margaret,63
DE,F,1949,Linda,159
DE,F,1949,Mary,135
DE,F,1949,Barbara,119
DE,F,1949,Patricia,95
DE,F,1949,Nancy,81
DE,F,1949,Susan,81
DE,F,1949,Sandra,80
DE,F,1949,Deborah,71
DE,F,1949,Sharon,66
DE,F,1949,Diane,59
DE,F,1950,Linda,169
DE,F,1950,Mary,149
DE,F,1950,Patricia,120
DE,F,1950,Barbara,118
DE,F,1950,Sharon,92
DE,F,1950,Deborah,85
DE,F,1950,Susan,78
DE,F,1950,Carol,74
DE,F,1950,Nancy,68
DE,F,1950,Diane,57
DE,F,1951,Linda,160
DE,F,1951,Patricia,159
DE,F,1951,Deborah,143
DE,F,1951,Mary,132
DE,F,1951,Barbara,106
DE,F,1951,Susan,105
DE,F,1951,Nancy,85
DE,F,1951,Diane,79
DE,F,1951,Kathleen,68
DE,F,1951,Carol,64
DE,F,1952,Linda,171
DE,F,1952,Deborah,139
DE,F,1952,Mary,136
DE,F,1952,Patricia,124
DE,F,1952,Barbara,113
DE,F,1952,Susan,113
DE,F,1952,Nancy,86
DE,F,1952,Karen,80
DE,F,1952,Sharon,77
DE,F,1952,Diane,75
DE,F,1953,Deborah,162
DE,F,1953,Mary,161
DE,F,1953,Linda,140
DE,F,1953,Patricia,137
DE,F,1953,Susan,124
DE,F,1953,Barbara,92
DE,F,1953,Karen,83
DE,F,1953,Nancy,83
DE,F,1953,Sharon,78
DE,F,1953,Carol,65
DE,F,1954,Deborah,179
DE,F,1954,Mary,165
DE,F,1954,Linda,157
DE,F,1954,Patricia,145
DE,F,1954,Susan,114
DE,F,1954,Barbara,104
DE,F,1954,Karen,90
DE,F,1954,Nancy,90
DE,F,1954,Diane,84
DE,F,1954,Carol,77
DE,F,1955,Mary,190
DE,F,1955,Deborah,164
DE,F,1955,Linda,153
DE,F,1955,Patricia,140
DE,F,1955,Susan,124
DE,F,1955,Debra,104
DE,F,1955,Karen,101
DE,F,1955,Nancy,100
DE,F,1955,Donna,95
DE,F,1955,Barbara,90
DE,F,1956,Deborah,174
DE,F,1956,Mary,165
DE,F,1956,Linda,159
DE,F,1956,Patricia,138
DE,F,1956,Karen,135
DE,F,1956,Susan,120
DE,F,1956,Sharon,108
DE,F,1956,Donna,107
DE,F,1956,Barbara,101
DE,F,1956,Carol,90
DE,F,1957,Deborah,183
DE,F,1957,Mary,166
DE,F,1957,Susan,151
DE,F,1957,Karen,144
DE,F,1957,Patricia,143
DE,F,1957,Linda,137
DE,F,1957,Donna,127
DE,F,1957,Cynthia,111
DE,F,1957,Sharon,102
DE,F,1957,Cheryl,91
DE,F,1958,Mary,158
DE,F,1958,Susan,152
DE,F,1958,Karen,141
DE,F,1958,Deborah,130
DE,F,1958,Patricia,128
DE,F,1958,Linda,121
DE,F,1958,Cynthia,100
DE,F,1958,Barbara,99
DE,F,1958,Sharon,99
DE,F,1958,Donna,94
DE,F,1959,Mary,166
DE,F,1959,Donna,143
DE,F,1959,Karen,141
DE,F,1959,Susan,136
DE,F,1959,Deborah,120
DE,F,1959,Linda,119
DE,F,1959,Patricia,109
DE,F,1959,Barbara,86
DE,F,1959,Cynthia,86
DE,F,1959,Lisa,84
DE,F,1960,Donna,141
DE,F,1960,Mary,131
DE,F,1960,Karen,120
DE,F,1960,Lisa,113
DE,F,1960,Susan,113
DE,F,1960,Linda,108
DE,F,1960,Patricia,104
DE,F,1960,Deborah,98
DE,F,1960,Sharon,87
DE,F,1960,Carol,79
DE,F,1961,Mary,142
DE,F,1961,Lisa,139
DE,F,1961,Donna,129
DE,F,1961,Susan,125
DE,F,1961,Karen,122
DE,F,1961,Linda,108
DE,F,1961,Deborah,93
DE,F,1961,Patricia,87
DE,F,1961,Sharon,81
DE,F,1961,Robin,76
DE,F,1962,Lisa,161
DE,F,1962,Mary,139
DE,F,1962,Karen,120
DE,F,1962,Susan,112
DE,F,1962,Donna,97
DE,F,1962,Linda,89
DE,F,1962,Patricia,86
DE,F,1962,Deborah,81
DE,F,1962,Pamela,79
DE,F,1962,Robin,74
DE,F,1963,Lisa,194
DE,F,1963,Karen,135
DE,F,1963,Mary,130
DE,F,1963,Susan,114
DE,F,1963,Donna,113
DE,F,1963,Patricia,90
DE,F,1963,Deborah,89
DE,F,1963,Linda,89
DE,F,1963,Sharon,89
DE,F,1963,Cynthia,68
DE,F,1964,Lisa,174
DE,F,1964,Mary,128
DE,F,1964,Karen,109
DE,F,1964,Donna,107
DE,F,1964,Patricia,102
DE,F,1964,Susan,93
DE,F,1964,Kimberly,88
DE,F,1964,Deborah,85
DE,F,1964,Linda,80
DE,F,1964,Sharon,75
DE,F,1965,Lisa,194
DE,F,1965,Kimberly,113
DE,F,1965,Karen,111
DE,F,1965,Mary,98
DE,F,1965,Susan,84
DE,F,1965,Donna,83
DE,F,1965,Dawn,76
DE,F,1965,Deborah,71
DE,F,1965,Patricia,70
DE,F,1965,Christine,57
DE,F,1966,Lisa,187
DE,F,1966,Kimberly,130
DE,F,1966,Mary,93
DE,F,1966,Karen,78
DE,F,1966,Michelle,78
DE,F,1966,Dawn,74
DE,F,1966,Donna,72
DE,F,1966,Susan,72
DE,F,1966,Deborah,68
DE,F,1966,Patricia,65
DE,F,1967,Lisa,156
DE,F,1967,Kimberly,132
DE,F,1967,Michelle,97
DE,F,1967,Susan,75
DE,F,1967,Karen,72
DE,F,1967,Mary,66
DE,F,1967,Elizabeth,65
DE,F,1967,Patricia,65
DE,F,1967,Christine,64
DE,F,1967,Dawn,63
DE,F,1968,Lisa,122
DE,F,1968,Kimberly,113
DE,F,1968,Michelle,104
DE,F,1968,Jennifer,83
DE,F,1968,Susan,82
DE,F,1968,Karen,80
DE,F,1968,Dawn,71
DE,F,1968,Donna,67
DE,F,1968,Laura,65
DE,F,1968,Patricia,64
DE,F,1969,Kimberly,128
DE,F,1969,Lisa,128
DE,F,1969,Jennifer,109
DE,F,1969,Dawn,86
DE,F,1969,Michelle,85
DE,F,1969,Susan,67
DE,F,1969,Amy,61
DE,F,1969,Tammy,60
DE,F,1969,Melissa,59
DE,F,1969,Karen,57
DE,F,1970,Jennifer,134
DE,F,1970,Michelle,126
DE,F,1970,Kimberly,117
DE,F,1970,Lisa,108
DE,F,1970,Dawn,100
DE,F,1970,Christine,61
DE,F,1970,Laura,61
DE,F,1970,Patricia,61
DE,F,1970,Tracy,61
DE,F,1970,Kelly,60
DE,F,1971,Jennifer,178
DE,F,1971,Kimberly,103
DE,F,1971,Lisa,102
DE,F,1971,Michelle,93
DE,F,1971,Dawn,76
DE,F,1971,Amy,73
DE,F,1971,Karen,63
DE,F,1971,Melissa,58
DE,F,1971,Tammy,53
DE,F,1971,Angela,48
DE,F,1972,Jennifer,191
DE,F,1972,Kimberly,84
DE,F,1972,Lisa,78
DE,F,1972,Michelle,78
DE,F,1972,Amy,75
DE,F,1972,Dawn,63
DE,F,1972,Stephanie,62
DE,F,1972,Mary,54
DE,F,1972,Melissa,52
DE,F,1972,Angela,48
DE,F,1973,Jennifer,182
DE,F,1973,Amy,93
DE,F,1973,Michelle,86
DE,F,1973,Heather,77
DE,F,1973,Lisa,76
DE,F,1973,Kimberly,72
DE,F,1973,Dawn,49
DE,F,1973,Karen,48
DE,F,1973,Angela,45
DE,F,1973,Rebecca,41
DE,F,1974,Jennifer,207
DE,F,1974,Amy,81
DE,F,1974,Heather,79
DE,F,1974,Michelle,75
DE,F,1974,Kimberly,58
DE,F,1974,Melissa,56
DE,F,1974,Nicole,52
DE,F,1974,Lisa,51
DE,F,1974,Stephanie,51
DE,F,1974,Kelly,50
DE,F,1975,Jennifer,151
DE,F,1975,Amy,87
DE,F,1975,Kimberly,73
DE,F,1975,Heather,71
DE,F,1975,Melissa,64
DE,F,1975,Michelle,60
DE,F,1975,Angela,58
DE,F,1975,Nicole,51
DE,F,1975,Christine,47
DE,F,1975,Rebecca,46
DE,F,1976,Jennifer,173
DE,F,1976,Amy,92
DE,F,1976,Heather,68
DE,F,1976,Kimberly,68
DE,F,1976,Melissa,62
DE,F,1976,Michelle,56
DE,F,1976,Nicole,55
DE,F,1976,Christina,53
DE,F,1976,Angela,50
DE,F,1976,Kelly,46
DE,F,1977,Jennifer,170
DE,F,1977,Heather,73
DE,F,1977,Amy,70
DE,F,1977,Melissa,70
DE,F,1977,Michelle,66
DE,F,1977,Kelly,64
DE,F,1977,Kimberly,58
DE,F,1977,Nicole,56
DE,F,1977,Angela,53
DE,F,1977,Jessica,50
DE,F,1978,Jennifer,170
DE,F,1978,Kelly,80
DE,F,1978,Melissa,76
DE,F,1978,Heather,72
DE,F,1978,Michelle,67
DE,F,1978,Kimberly,63
DE,F,1978,Elizabeth,58
DE,F,1978,Jessica,57
DE,F,1978,Angela,54
DE,F,1978,Nicole,54
DE,F,1979,Jennifer,167
DE,F,1979,Melissa,85
DE,F,1979,Heather,61
DE,F,1979,Nicole,56
DE,F,1979,Amanda,54
DE,F,1979,Angela,54
DE,F,1979,Jessica,52
DE,F,1979,Amy,51
DE,F,1979,Michelle,49
DE,F,1979,Kelly,48
DE,F,1980,Jennifer,169
DE,F,1980,Jessica,80
DE,F,1980,Melissa,79
DE,F,1980,Amanda,66
DE,F,1980,Heather,65
DE,F,1980,Elizabeth,61
DE,F,1980,Sarah,60
DE,F,1980,Stephanie,60
DE,F,1980,Christina,57
DE,F,1980,Erin,56
DE,F,1981,Jennifer,162
DE,F,1981,Jessica,87
DE,F,1981,Melissa,84
DE,F,1981,Amy,68
DE,F,1981,Kimberly,68
DE,F,1981,Stephanie,68
DE,F,1981,Heather,67
DE,F,1981,Amanda,66
DE,F,1981,Sarah,62
DE,F,1981,Nicole,59
DE,F,1982,Jennifer,171
DE,F,1982,Jessica,108
DE,F,1982,Amanda,72
DE,F,1982,Lauren,66
DE,F,1982,Stephanie,65
DE,F,1982,Melissa,59
DE,F,1982,Sarah,58
DE,F,1982,Erin,57
DE,F,1982,Kelly,56
DE,F,1982,Heather,54
DE,F,1983,Jennifer,128
DE,F,1983,Jessica,106
DE,F,1983,Ashley,96
DE,F,1983,Amanda,87
DE,F,1983,Heather,71
DE,F,1983,Sarah,70
DE,F,1983,Stephanie,70
DE,F,1983,Melissa,66
DE,F,1983,Lauren,65
DE,F,1983,Elizabeth,58
DE,F,1984,Jennifer,148
DE,F,1984,Jessica,122
DE,F,1984,Ashley,117
DE,F,1984,Amanda,94
DE,F,1984,Lauren,77
DE,F,1984,Stephanie,75
DE,F,1984,Nicole,69
DE,F,1984,Danielle,62
DE,F,1984,Heather,60
DE,F,1984,Megan,58
DE,F,1985,Jessica,128
DE,F,1985,Jennifer,127
DE,F,1985,Ashley,121
DE,F,1985,Amanda,114
DE,F,1985,Lauren,89
DE,F,1985,Stephanie,78
DE,F,1985,Nicole,65
DE,F,1985,Sarah,63
DE,F,1985,Heather,60
DE,F,1985,Megan,56
DE,F,1986,Ashley,168
DE,F,1986,Jessica,158
DE,F,1986,Amanda,114
DE,F,1986,Jennifer,106
DE,F,1986,Sarah,90
DE,F,1986,Heather,86
DE,F,1986,Lauren,79
DE,F,1986,Megan,68
DE,F,1986,Stephanie,67
DE,F,1986,Amber,57
DE,F,1987,Jessica,190
DE,F,1987,Ashley,178
DE,F,1987,Amanda,136
DE,F,1987,Jennifer,92
DE,F,1987,Sarah,85
DE,F,1987,Lauren,81
DE,F,1987,Stephanie,66
DE,F,1987,Danielle,64
DE,F,1987,Brittany,61
DE,F,1987,Heather,60
DE,F,1988,Ashley,163
DE,F,1988,Jessica,158
DE,F,1988,Amanda,143
DE,F,1988,Brittany,91
DE,F,1988,Sarah,90
DE,F,1988,Lauren,83
DE,F,1988,Samantha,83
DE,F,1988,Jennifer,81
DE,F,1988,Megan,73
DE,F,1988,Stephanie,68
DE,F,1989,Ashley,161
DE,F,1989,Jessica,137
DE,F,1989,Amanda,136
DE,F,1989,Brittany,117
DE,F,1989,Lauren,106
DE,F,1989,Sarah,83
DE,F,1989,Samantha,80
DE,F,1989,Stephanie,75
DE,F,1989,Jennifer,73
DE,F,1989,Heather,71
DE,F,1990,Jessica,156
DE,F,1990,Brittany,133
DE,F,1990,Ashley,131
DE,F,1990,Amanda,113
DE,F,1990,Samantha,89
DE,F,1990,Lauren,88
DE,F,1990,Stephanie,75
DE,F,1990,Sarah,74
DE,F,1990,Amber,65
DE,F,1990,Megan,58
DE,F,1991,Ashley,151
DE,F,1991,Amanda,125
DE,F,1991,Jessica,120
DE,F,1991,Brittany,93
DE,F,1991,Samantha,89
DE,F,1991,Megan,85
DE,F,1991,Sarah,85
DE,F,1991,Lauren,77
DE,F,1991,Emily,71
DE,F,1991,Jennifer,64
DE,F,1992,Jessica,109
DE,F,1992,Ashley,106
DE,F,1992,Amanda,105
DE,F,1992,Samantha,90
DE,F,1992,Brittany,85
DE,F,1992,Emily,77
DE,F,1992,Sarah,77
DE,F,1992,Taylor,77
DE,F,1992,Lauren,66
DE,F,1992,Megan,64
DE,F,1993,Jessica,107
DE,F,1993,Ashley,104
DE,F,1993,Emily,99
DE,F,1993,Brittany,82
DE,F,1993,Lauren,74
DE,F,1993,Amanda,71
DE,F,1993,Taylor,70
DE,F,1993,Samantha,68
DE,F,1993,Sarah,64
DE,F,1993,Rachel,56
DE,F,1994,Jessica,107
DE,F,1994,Ashley,92
DE,F,1994,Sarah,90
DE,F,1994,Taylor,81
DE,F,1994,Amanda,80
DE,F,1994,Emily,79
DE,F,1994,Samantha,79
DE,F,1994,Megan,69
DE,F,1994,Lauren,64
DE,F,1994,Alexis,57
DE,F,1995,Sarah,79
DE,F,1995,Emily,78
DE,F,1995,Jessica,76
DE,F,1995,Alexis,74
DE,F,1995,Ashley,72
DE,F,1995,Samantha,71
DE,F,1995,Taylor,68
DE,F,1995,Amanda,58
DE,F,1995,Victoria,55
DE,F,1995,Megan,54
DE,F,1996,Emily,85
DE,F,1996,Taylor,82
DE,F,1996,Sarah,67
DE,F,1996,Samantha,59
DE,F,1996,Jessica,58
DE,F,1996,Rachel,55
DE,F,1996,Ashley,54
DE,F,1996,Alexis,53
DE,F,1996,Megan,52
DE,F,1996,Elizabeth,50
DE,F,1997,Emily,86
DE,F,1997,Sarah,85
DE,F,1997,Taylor,85
DE,F,1997,Alexis,70
DE,F,1997,Jessica,60
DE,F,1997,Samantha,59
DE,F,1997,Lauren,58
DE,F,1997,Rachel,58
DE,F,1997,Hannah,54
DE,F,1997,Brianna,53
DE,F,1998,Emily,92
DE,F,1998,Taylor,86
DE,F,1998,Madison,69
DE,F,1998,Samantha,66
DE,F,1998,Sarah,66
DE,F,1998,Alexis,65
DE,F,1998,Hannah,57
DE,F,1998,Jessica,56
DE,F,1998,Kayla,53
DE,F,1998,Ashley,46
DE,F,1999,Emily,79
DE,F,1999,Alexis,76
DE,F,1999,Sarah,75
DE,F,1999,Madison,69
DE,F,1999,Taylor,61
DE,F,1999,Kayla,59
DE,F,1999,Elizabeth,56
DE,F,1999,Samantha,56
DE,F,1999,Jessica,53
DE,F,1999,Hannah,52
DE,F,2000,Emily,80
DE,F,2000,Sarah,76
DE,F,2000,Kayla,65
DE,F,2000,Madison,64
DE,F,2000,Alexis,61
DE,F,2000,Lauren,60
DE,F,2000,Hannah,58
DE,F,2000,Taylor,58
DE,F,2000,Morgan,47
DE,F,2000,Jessica,44
DE,F,2001,Madison,89
DE,F,2001,Emily,65
DE,F,2001,Alexis,64
DE,F,2001,Hannah,63
DE,F,2001,Abigail,60
DE,F,2001,Olivia,55
DE,F,2001,Sarah,53
DE,F,2001,Samantha,48
DE,F,2001,Taylor,48
DE,F,2001,Kayla,43
DE,F,2002,Emily,70
DE,F,2002,Madison,64
DE,F,2002,Hannah,57
DE,F,2002,Olivia,55
DE,F,2002,Alexis,53
DE,F,2002,Sarah,53
DE,F,2002,Kayla,48
DE,F,2002,Ashley,46
DE,F,2002,Elizabeth,46
DE,F,2002,Rachel,46
DE,F,2003,Emily,87
DE,F,2003,Madison,71
DE,F,2003,Emma,65
DE,F,2003,Hannah,65
DE,F,2003,Abigail,63
DE,F,2003,Olivia,56
DE,F,2003,Sarah,54
DE,F,2003,Kayla,52
DE,F,2003,Alexis,43
DE,F,2003,Grace,43
DE,F,2004,Madison,68
DE,F,2004,Olivia,68
DE,F,2004,Emily,65
DE,F,2004,Alexis,53
DE,F,2004,Elizabeth,52
DE,F,2004,Emma,52
DE,F,2004,Samantha,52
DE,F,2004,Hannah,48
DE,F,2004,Grace,43
DE,F,2004,Sarah,43
DE,F,2005,Madison,68
DE,F,2005,Emily,63
DE,F,2005,Sarah,59
DE,F,2005,Emma,56
DE,F,2005,Abigail,50
DE,F,2005,Alexis,50
DE,F,2005,Samantha,50
DE,F,2005,Olivia,49
DE,F,2005,Ava,47
DE,F,2005,Natalie,45
DE,F,2006,Madison,74
DE,F,2006,Emily,68
DE,F,2006,Ava,65
DE,F,2006,Emma,53
DE,F,2006,Olivia,49
DE,F,2006,Isabella,47
DE,F,2006,Grace,46
DE,F,2006,Kayla,46
DE,F,2006,Elizabeth,44
DE,F,2006,Hannah,41
DE,F,2007,Ava,67
DE,F,2007,Sophia,67
DE,F,2007,Emily,65
DE,F,2007,Madison,58
DE,F,2007,Abigail,50
DE,F,2007,Isabella,48
DE,F,2007,Emma,47
DE,F,2007,Olivia,43
DE,F,2007,Alyssa,41
DE,F,2007,Hannah,39
DE,F,2008,Ava,70
DE,F,2008,Olivia,69
DE,F,2008,Madison,61
DE,F,2008,Abigail,57
DE,F,2008,Emma,56
DE,F,2008,Emily,50
DE,F,2008,Isabella,50
DE,F,2008,Sophia,47
DE,F,2008,Brianna,40
DE,F,2008,Alexis,39
DE,F,2009,Isabella,70
DE,F,2009,Sophia,59
DE,F,2009,Olivia,58
DE,F,2009,Abigail,51
DE,F,2009,Ava,50
DE,F,2009,Emma,49
DE,F,2009,Madison,45
DE,F,2009,Samantha,37
DE,F,2009,Emily,34
DE,F,2009,Elizabeth,32
DE,F,2010,Sophia,73
DE,F,2010,Isabella,67
DE,F,2010,Ava,64
DE,F,2010,Olivia,45
DE,F,2010,Emily,40
DE,F,2010,Madison,38
DE,F,2010,Abigail,35
DE,F,2010,Emma,33
DE,F,2010,Leah,33
DE,F,2010,Mia,33
DE,F,2011,Sophia,70
DE,F,2011,Olivia,60
DE,F,2011,Ava,59
DE,F,2011,Emma,56
DE,F,2011,Emily,49
DE,F,2011,Abigail,44
DE,F,2011,Madison,43
DE,F,2011,Aubrey,41
DE,F,2011,Isabella,40
DE,F,2011,Chloe,35
DE,F,2012,Sophia,67
DE,F,2012,Isabella,65
DE,F,2012,Emma,63
DE,F,2012,Olivia,53
DE,F,2012,Ava,51
DE,F,2012,Emily,38
DE,F,2012,Madison,37
DE,F,2012,Aubrey,31
DE,F,2012,Lillian,31
DE,F,2012,Abigail,29
DE,F,2013,Ava,58
DE,F,2013,Olivia,56
DE,F,2013,Emma,51
DE,F,2013,Emily,48
DE,F,2013,Sophia,47
DE,F,2013,Abigail,46
DE,F,2013,Isabella,41
DE,F,2013,Aubrey,37
DE,F,2013,Madison,35
DE,F,2013,Charlotte,31
DE,F,2014,Sophia,71
DE,F,2014,Ava,65
DE,F,2014,Emma,53
DE,F,2014,Olivia,52
DE,F,2014,Isabella,45
DE,F,2014,Emily,44
DE,F,2014,Mia,41
DE,F,2014,Madison,37
DE,F,2014,Charlotte,33
DE,F,2014,Avery,30
DE,F,2015,Ava,69
DE,F,2015,Olivia,59
DE,F,2015,Sophia,57
DE,F,2015,Abigail,48
DE,F,2015,Emma,44
DE,F,2015,Mia,42
DE,F,2015,Madison,41
DE,F,2015,Grace,36
DE,F,2015,Savannah,36
DE,F,2015,Charlotte,34
DE,F,2016,Olivia,66
DE,F,2016,Ava,65
DE,F,2016,Emma,53
DE,F,2016,Charlotte,51
DE,F,2016,Sophia,45
DE,F,2016,Isabella,42
DE,F,2016,Elizabeth,38
DE,F,2016,Harper,38
DE,F,2016,Riley,32
DE,F,2016,Aubrey,30
DE,F,2017,Ava,56
DE,F,2017,Olivia,56
DE,F,2017,Charlotte,49
DE,F,2017,Isabella,45
DE,F,2017,Emma,44
DE,F,2017,Sophia,38
DE,F,2017,Harper,32
DE,F,2017,Abigail,30
DE,F,2017,Aria,29
DE,F,2017,Elizabeth,29
DE,F,2018,Ava,49
DE,F,2018,Isabella,47
DE,F,2018,Charlotte,43
DE,F,2018,Olivia,43
DE,F,2018,Sophia,40
DE,F,2018,Emma,39
DE,F,2018,Harper,37
DE,F,2018,Amelia,35
DE,F,2018,Mia,35
DE,F,2018,Avery,32
DE,F,2019,Emma,53
DE,F,2019,Olivia,51
DE,F,2019,Charlotte,48
DE,F,2019,Ava,46
DE,F,2019,Sophia,45
DE,F,2019,Isabella,42
DE,F,2019,Harper,35
DE,F,2019,Abigail,34
DE,F,2019,Emily,29
DE,F,2019,Layla,27
DE,M,1920,William,167
DE,M,1920,John,160
DE,M,1920,Joseph,97
DE,M,1920,Charles,95
DE,M,1920,James,90
DE,M,1920,Robert,79
DE,M,1920,George,76
DE,M,1920,Edward,52
DE,M,1920,Thomas,40
DE,M,1920,Walter,39
DE,M,1921,William,155
DE,M,1921,John,151
DE,M,1921,James,110
DE,M,1921,Joseph,84
DE,M,1921,Robert,78
DE,M,1921,Charles,77
DE,M,1921,George,52
DE,M,1921,Edward,48
DE,M,1921,Walter,43
DE,M,1921,Francis,42
DE,M,1922,William,167
DE,M,1922,John,130
DE,M,1922,James,89
DE,M,1922,Charles,82
DE,M,1922,George,79
DE,M,1922,Robert,76
DE,M,1922,Joseph,73
DE,M,1922,Edward,56
DE,M,1922,Paul,40
DE,M,1922,Walter,40
DE,M,1923,William,158
DE,M,1923,John,123
DE,M,1923,James,87
DE,M,1923,Charles,86
DE,M,1923,Robert,83
DE,M,1923,Joseph,73
DE,M,1923,George,58
DE,M,1923,Edward,52
DE,M,1923,Francis,41
DE,M,1923,Walter,39
DE,M,1924,William,138
DE,M,1924,John,126
DE,M,1924,James,96
DE,M,1924,Robert,87
DE,M,1924,Charles,81
DE,M,1924,Joseph,76
DE,M,1924,George,65
DE,M,1924,Edward,48
DE,M,1924,Thomas,45
DE,M,1924,Richard,37
DE,M,1925,William,135
DE,M,1925,John,113
DE,M,1925,James,93
DE,M,1925,Robert,87
DE,M,1925,Joseph,69
DE,M,1925,Charles,65
DE,M,1925,George,63
DE,M,1925,Edward,47
DE,M,1925,Francis,41
DE,M,1925,Paul,35
DE,M,1926,William,155
DE,M,1926,John,126
DE,M,1926,Robert,93
DE,M,1926,James,91
DE,M,1926,Joseph,76
DE,M,1926,Charles,75
DE,M,1926,George,58
DE,M,1926,Edward,51
DE,M,1926,Richard,37
DE,M,1926,Thomas,34
DE,M,1927,William,149
DE,M,1927,John,104
DE,M,1927,James,101
DE,M,1927,Robert,96
DE,M,1927,Charles,83
DE,M,1927,Joseph,61
DE,M,1927,George,56
DE,M,1927,Edward,47
DE,M,1927,Harry,34
DE,M,1927,Thomas,34
DE,M,1928,William,148
DE,M,1928,John,118
DE,M,1928,Robert,103
DE,M,1928,James,93
DE,M,1928,Joseph,74
DE,M,1928,Charles,73
DE,M,1928,George,55
DE,M,1928,Thomas,46
DE,M,1928,Edward,39
DE,M,1928,Donald,33
DE,M,1929,John,136
DE,M,1929,William,127
DE,M,1929,Robert,106
DE,M,1929,James,94
DE,M,1929,Joseph,72
DE,M,1929,Charles,71
DE,M,1929,George,58
DE,M,1929,Richard,50
DE,M,1929,Donald,47
DE,M,1929,Frank,33
DE,M,1930,William,137
DE,M,1930,John,130
DE,M,1930,James,114
DE,M,1930,Robert,105
DE,M,1930,Charles,72
DE,M,1930,Richard,64
DE,M,1930,Joseph,60
DE,M,1930,George,59
DE,M,1930,Edward,52
DE,M,1930,Donald,47
DE,M,1931,William,132
DE,M,1931,John,127
DE,M,1931,Robert,125
DE,M,1931,James,108
DE,M,1931,Charles,77
DE,M,1931,Donald,52
DE,M,1931,George,51
DE,M,1931,Joseph,51
DE,M,1931,Richard,47
DE,M,1931,Thomas,38
DE,M,1932,William,124
DE,M,1932,Robert,113
DE,M,1932,John,103
DE,M,1932,James,101
DE,M,1932,Richard,69
DE,M,1932,Donald,65
DE,M,1932,Joseph,64
DE,M,1932,Charles,61
DE,M,1932,George,56
DE,M,1932,Edward,40
DE,M,1933,William,119
DE,M,1933,John,117
DE,M,1933,Robert,112
DE,M,1933,James,101
DE,M,1933,Charles,74
DE,M,1933,Donald,71
DE,M,1933,Richard,57
DE,M,1933,George,52
DE,M,1933,Joseph,51
DE,M,1933,Edward,38
DE,M,1934,John,136
DE,M,1934,William,116
DE,M,1934,James,113
DE,M,1934,Robert,113
DE,M,1934,Richard,69
DE,M,1934,Charles,68
DE,M,1934,Joseph,64
DE,M,1934,Donald,55
DE,M,1934,George,40
DE,M,1934,Edward,32
DE,M,1935,William,139
DE,M,1935,John,125
DE,M,1935,Robert,117
DE,M,1935,James,110
DE,M,1935,Charles,75
DE,M,1935,Richard,65
DE,M,1935,Donald,58
DE,M,1935,George,56
DE,M,1935,Joseph,44
DE,M,1935,Ronald,32
DE,M,1936,Robert,119
DE,M,1936,John,118
DE,M,1936,James,112
DE,M,1936,William,107
DE,M,1936,Richard,63
DE,M,1936,Charles,60
DE,M,1936,Donald,52
DE,M,1936,Joseph,48
DE,M,1936,Thomas,47
DE,M,1936,George,44
DE,M,1937,William,144
DE,M,1937,Robert,137
DE,M,1937,John,128
DE,M,1937,James,121
DE,M,1937,Charles,91
DE,M,1937,Donald,73
DE,M,1937,Richard,71
DE,M,1937,George,61
DE,M,1937,Joseph,59
DE,M,1937,Edward,49
DE,M,1938,William,143
DE,M,1938,Robert,139
DE,M,1938,John,126
DE,M,1938,James,108
DE,M,1938,Charles,82
DE,M,1938,Richard,65
DE,M,1938,Donald,62
DE,M,1938,George,61
DE,M,1938,Joseph,51
DE,M,1938,Edward,37
DE,M,1939,John,148
DE,M,1939,Robert,130
DE,M,1939,William,123
DE,M,1939,James,110
DE,M,1939,Charles,87
DE,M,1939,Richard,69
DE,M,1939,David,62
DE,M,1939,Joseph,62
DE,M,1939,George,55
DE,M,1939,Thomas,45
DE,M,1940,William,142
DE,M,1940,Robert,137
DE,M,1940,John,128
DE,M,1940,James,124
DE,M,1940,Charles,85
DE,M,1940,Richard,84
DE,M,1940,Joseph,67
DE,M,1940,George,59
DE,M,1940,Thomas,55
DE,M,1940,Donald,47
DE,M,1941,John,164
DE,M,1941,Robert,146
DE,M,1941,William,134
DE,M,1941,James,126
DE,M,1941,Richard,87
DE,M,1941,Charles,78
DE,M,1941,George,74
DE,M,1941,Thomas,62
DE,M,1941,David,55
DE,M,1941,Joseph,55
DE,M,1942,John,188
DE,M,1942,William,180
DE,M,1942,Robert,162
DE,M,1942,James,151
DE,M,1942,Richard,96
DE,M,1942,Charles,92
DE,M,1942,David,75
DE,M,1942,Joseph,75
DE,M,1942,Thomas,74
DE,M,1942,George,68
DE,M,1943,William,206
DE,M,1943,John,204
DE,M,1943,Robert,174
DE,M,1943,James,173
DE,M,1943,Charles,95
DE,M,1943,Joseph,95
DE,M,1943,Richard,95
DE,M,1943,Thomas,85
DE,M,1943,Ronald,84
DE,M,1943,David,72
DE,M,1944,William,196
DE,M,1944,James,174
DE,M,1944,Robert,173
DE,M,1944,John,172
DE,M,1944,Richard,103
DE,M,1944,Charles,96
DE,M,1944,Joseph,90
DE,M,1944,David,89
DE,M,1944,Thomas,82
DE,M,1944,Donald,64
DE,M,1945,Robert,201
DE,M,1945,John,194
DE,M,1945,William,174
DE,M,1945,James,147
DE,M,1945,Richard,98
DE,M,1945,Joseph,86
DE,M,1945,Charles,82
DE,M,1945,Thomas,79
DE,M,1945,David,78
DE,M,1945,George,61
DE,M,1946,John,229
DE,M,1946,Robert,215
DE,M,1946,William,206
DE,M,1946,James,183
DE,M,1946,Richard,155
DE,M,1946,David,119
DE,M,1946,Charles,109
DE,M,1946,Joseph,97
DE,M,1946,Thomas,75
DE,M,1946,Donald,70
DE,M,1947,William,236
DE,M,1947,John,226
DE,M,1947,Robert,217
DE,M,1947,James,206
DE,M,1947,David,126
DE,M,1947,Richard,126
DE,M,1947,Charles,118
DE,M,1947,Thomas,109
DE,M,1947,Joseph,103
DE,M,1947,George,90
DE,M,1948,James,213
DE,M,1948,Robert,211
DE,M,1948,John,209
DE,M,1948,William,206
DE,M,1948,Charles,126
DE,M,1948,Richard,125
DE,M,1948,David,121
DE,M,1948,Thomas,108
DE,M,1948,Joseph,83
DE,M,1948,Michael,75
DE,M,1949,John,244
DE,M,1949,James,211
DE,M,1949,William,193
DE,M,1949,Robert,187
DE,M,1949,Richard,130
DE,M,1949,Thomas,120
DE,M,1949,Charles,118
DE,M,1949,David,114
DE,M,1949,Joseph,103
DE,M,1949,Michael,97
DE,M,1950,William,233
DE,M,1950,John,224
DE,M,1950,Robert,223
DE,M,1950,James,168
DE,M,1950,David,125
DE,M,1950,Richard,111
DE,M,1950,Michael,106
DE,M,1950,Thomas,96
DE,M,1950,Joseph,95
DE,M,1950,Charles,92
DE,M,1951,John,241
DE,M,1951,Robert,222
DE,M,1951,William,215
DE,M,1951,James,201
DE,M,1951,Michael,145
DE,M,1951,Richard,141
DE,M,1951,David,139
DE,M,1951,Thomas,118
DE,M,1951,Joseph,107
DE,M,1951,Charles,104
DE,M,1952,William,227
DE,M,1952,Robert,223
DE,M,1952,John,220
DE,M,1952,James,183
DE,M,1952,David,180
DE,M,1952,Richard,174
DE,M,1952,Michael,167
DE,M,1952,Joseph,130
DE,M,1952,Thomas,123
DE,M,1952,Charles,116
DE,M,1953,John,284
DE,M,1953,Robert,250
DE,M,1953,James,229
DE,M,1953,William,206
DE,M,1953,David,188
DE,M,1953,Michael,181
DE,M,1953,Richard,153
DE,M,1953,Thomas,108
DE,M,1953,Joseph,97
DE,M,1953,Charles,85
DE,M,1954,John,278
DE,M,1954,Robert,255
DE,M,1954,James,240
DE,M,1954,William,228
DE,M,1954,Michael,199
DE,M,1954,David,194
DE,M,1954,Richard,146
DE,M,1954,Thomas,141
DE,M,1954,Charles,115
DE,M,1954,Joseph,114
DE,M,1955,John,268
DE,M,1955,David,262
DE,M,1955,James,253
DE,M,1955,Michael,227
DE,M,1955,William,223
DE,M,1955,Robert,220
DE,M,1955,Joseph,152
DE,M,1955,Richard,151
DE,M,1955,Thomas,115
DE,M,1955,Charles,110
DE,M,1956,John,304
DE,M,1956,Robert,251
DE,M,1956,James,247
DE,M,1956,Michael,239
DE,M,1956,David,237
DE,M,1956,William,205
DE,M,1956,Richard,185
DE,M,1956,Thomas,139
DE,M,1956,Joseph,131
DE,M,1956,Mark,124
DE,M,1957,John,289
DE,M,1957,James,265
DE,M,1957,Robert,261
DE,M,1957,Michael,258
DE,M,1957,David,253
DE,M,1957,William,240
DE,M,1957,Richard,192
DE,M,1957,Mark,162
DE,M,1957,Charles,143
DE,M,1957,Joseph,127
DE,M,1958,Michael,311
DE,M,1958,John,268
DE,M,1958,James,262
DE,M,1958,William,259
DE,M,1958,David,250
DE,M,1958,Robert,246
DE,M,1958,Mark,169
DE,M,1958,Richard,144
DE,M,1958,Thomas,142
DE,M,1958,Joseph,120
DE,M,1959,John,278
DE,M,1959,David,260
DE,M,1959,Michael,258
DE,M,1959,James,242
DE,M,1959,Robert,236
DE,M,1959,William,220
DE,M,1959,Richard,170
DE,M,1959,Mark,165
DE,M,1959,Thomas,133
DE,M,1959,Joseph,125
DE,M,1960,David,274
DE,M,1960,Michael,269
DE,M,1960,John,239
DE,M,1960,Robert,238
DE,M,1960,James,228
DE,M,1960,William,176
DE,M,1960,Mark,161
DE,M,1960,Thomas,131
DE,M,1960,Richard,127
DE,M,1960,Joseph,107
DE,M,1961,John,288
DE,M,1961,David,249
DE,M,1961,Michael,235
DE,M,1961,Robert,228
DE,M,1961,James,221
DE,M,1961,William,220
DE,M,1961,Mark,176
DE,M,1961,Richard,153
DE,M,1961,Joseph,123
DE,M,1961,Thomas,109
DE,M,1962,John,268
DE,M,1962,David,251
DE,M,1962,Michael,246
DE,M,1962,Robert,232
DE,M,1962,James,211
DE,M,1962,William,187
DE,M,1962,Mark,167
DE,M,1962,Thomas,132
DE,M,1962,Richard,114
DE,M,1962,Joseph,103
DE,M,1963,David,266
DE,M,1963,John,254
DE,M,1963,Michael,252
DE,M,1963,Robert,240
DE,M,1963,James,214
DE,M,1963,William,189
DE,M,1963,Mark,178
DE,M,1963,Richard,140
DE,M,1963,Joseph,129
DE,M,1963,Thomas,122
DE,M,1964,John,274
DE,M,1964,Michael,261
DE,M,1964,Robert,255
DE,M,1964,David,248
DE,M,1964,James,237
DE,M,1964,William,175
DE,M,1964,Mark,151
DE,M,1964,Richard,134
DE,M,1964,Jeffrey,111
DE,M,1964,Thomas,107
DE,M,1965,John,245
DE,M,1965,David,238
DE,M,1965,Michael,235
DE,M,1965,Robert,223
DE,M,1965,James,212
DE,M,1965,William,203
DE,M,1965,Thomas,119
DE,M,1965,Richard,115
DE,M,1965,Charles,104
DE,M,1965,Mark,104
DE,M,1966,Michael,251
DE,M,1966,Robert,230
DE,M,1966,John,229
DE,M,1966,David,213
DE,M,1966,James,213
DE,M,1966,William,158
DE,M,1966,Mark,119
DE,M,1966,Joseph,109
DE,M,1966,Richard,108
DE,M,1966,Christopher,106
DE,M,1967,Michael,255
DE,M,1967,John,234
DE,M,1967,James,231
DE,M,1967,David,209
DE,M,1967,Robert,204
DE,M,1967,William,172
DE,M,1967,Mark,119
DE,M,1967,Joseph,109
DE,M,1967,Richard,104
DE,M,1967,Christopher,101
DE,M,1968,Michael,239
DE,M,1968,Robert,223
DE,M,1968,John,222
DE,M,1968,James,191
DE,M,1968,David,187
DE,M,1968,William,133
DE,M,1968,Christopher,112
DE,M,1968,Mark,111
DE,M,1968,Thomas,111
DE,M,1968,Richard,106
DE,M,1969,Michael,252
DE,M,1969,John,206
DE,M,1969,Robert,201
DE,M,1969,David,196
DE,M,1969,William,175
DE,M,1969,James,170
DE,M,1969,Christopher,126
DE,M,1969,Brian,113
DE,M,1969,Mark,104
DE,M,1969,Richard,104
DE,M,1970,Michael,246
DE,M,1970,John,223
DE,M,1970,Robert,209
DE,M,1970,James,208
DE,M,1970,David,204
DE,M,1970,William,175
DE,M,1970,Christopher,131
DE,M,1970,Joseph,115
DE,M,1970,Mark,114
DE,M,1970,Richard,111
DE,M,1971,Michael,275
DE,M,1971,John,195
DE,M,1971,David,186
DE,M,1971,James,175
DE,M,1971,Robert,166
DE,M,1971,William,130
DE,M,1971,Brian,123
DE,M,1971,Christopher,122
DE,M,1971,Joseph,93
DE,M,1971,Thomas,92
DE,M,1972,Michael,191
DE,M,1972,John,177
DE,M,1972,Christopher,155
DE,M,1972,Robert,155
DE,M,1972,James,152
DE,M,1972,David,143
DE,M,1972,William,137
DE,M,1972,Brian,129
DE,M,1972,Joseph,82
DE,M,1972,Charles,75
DE,M,1973,Michael,193
DE,M,1973,Christopher,154
DE,M,1973,James,139
DE,M,1973,David,129
DE,M,1973,William,128
DE,M,1973,Brian,123
DE,M,1973,Robert,123
DE,M,1973,John,116
DE,M,1973,Jason,82
DE,M,1973,Thomas,80
DE,M,1974,Michael,178
DE,M,1974,John,147
DE,M,1974,Christopher,146
DE,M,1974,James,131
DE,M,1974,David,128
DE,M,1974,Brian,126
DE,M,1974,Robert,120
DE,M,1974,William,119
DE,M,1974,Jason,93
DE,M,1974,Matthew,70
DE,M,1975,Michael,195
DE,M,1975,Christopher,135
DE,M,1975,James,134
DE,M,1975,David,131
DE,M,1975,Robert,123
DE,M,1975,John,115
DE,M,1975,William,98
DE,M,1975,Brian,92
DE,M,1975,Jason,91
DE,M,1975,Matthew,87
DE,M,1976,Michael,221
DE,M,1976,Christopher,147
DE,M,1976,John,124
DE,M,1976,David,121
DE,M,1976,Jason,118
DE,M,1976,James,117
DE,M,1976,Robert,114
DE,M,1976,Brian,99
DE,M,1976,William,81
DE,M,1976,Matthew,78
DE,M,1977,Michael,217
DE,M,1977,Jason,144
DE,M,1977,John,137
DE,M,1977,Christopher,125
DE,M,1977,Robert,119
DE,M,1977,James,118
DE,M,1977,David,114
DE,M,1977,Brian,108
DE,M,1977,Matthew,100
DE,M,1977,William,94
DE,M,1978,Michael,204
DE,M,1978,Christopher,140
DE,M,1978,John,133
DE,M,1978,Robert,124
DE,M,1978,James,123
DE,M,1978,David,122
DE,M,1978,Matthew,114
DE,M,1978,Jason,111
DE,M,1978,Brian,100
DE,M,1978,William,91
DE,M,1979,Michael,230
DE,M,1979,James,133
DE,M,1979,Robert,133
DE,M,1979,Christopher,126
DE,M,1979,David,123
DE,M,1979,John,117
DE,M,1979,Jason,116
DE,M,1979,William,113
DE,M,1979,Matthew,97
DE,M,1979,Brian,95
DE,M,1980,Michael,231
DE,M,1980,Jason,145
DE,M,1980,John,142
DE,M,1980,James,138
DE,M,1980,Robert,128
DE,M,1980,Christopher,127
DE,M,1980,William,121
DE,M,1980,Matthew,112
DE,M,1980,David,107
DE,M,1980,Brian,96
DE,M,1981,Michael,268
DE,M,1981,James,140
DE,M,1981,Christopher,136
DE,M,1981,Matthew,136
DE,M,1981,John,122
DE,M,1981,Jason,120
DE,M,1981,David,111
DE,M,1981,Robert,107
DE,M,1981,William,103
DE,M,1981,Brian,101
DE,M,1982,Michael,232
DE,M,1982,Christopher,158
DE,M,1982,Robert,127
DE,M,1982,James,125
DE,M,1982,John,125
DE,M,1982,Matthew,124
DE,M,1982,David,117
DE,M,1982,Jason,104
DE,M,1982,Joseph,101
DE,M,1982,William,91
DE,M,1983,Michael,241
DE,M,1983,Christopher,165
DE,M,1983,Matthew,145
DE,M,1983,Robert,140
DE,M,1983,David,133
DE,M,1983,John,118
DE,M,1983,James,112
DE,M,1983,William,108
DE,M,1983,Brian,107
DE,M,1983,Joseph,96
DE,M,1984,Michael,213
DE,M,1984,Matthew,184
DE,M,1984,Christopher,170
DE,M,1984,John,145
DE,M,1984,David,124
DE,M,1984,Joshua,99
DE,M,1984,Robert,96
DE,M,1984,William,96
DE,M,1984,James,94
DE,M,1984,Joseph,93
DE,M,1985,Michael,213
DE,M,1985,Matthew,159
DE,M,1985,Christopher,128
DE,M,1985,James,126
DE,M,1985,David,123
DE,M,1985,John,120
DE,M,1985,Robert,114
DE,M,1985,Joseph,110
DE,M,1985,William,107
DE,M,1985,Andrew,106
DE,M,1986,Michael,196
DE,M,1986,Christopher,164
DE,M,1986,Matthew,160
DE,M,1986,Andrew,108
DE,M,1986,John,106
DE,M,1986,James,104
DE,M,1986,Ryan,104
DE,M,1986,Joseph,103
DE,M,1986,Robert,102
DE,M,1986,David,99
DE,M,1987,Michael,236
DE,M,1987,Christopher,174
DE,M,1987,Matthew,149
DE,M,1987,David,129
DE,M,1987,James,126
DE,M,1987,John,119
DE,M,1987,Andrew,114
DE,M,1987,Robert,113
DE,M,1987,Daniel,104
DE,M,1987,Justin,100
DE,M,1988,Michael,241
DE,M,1988,Matthew,163
DE,M,1988,Christopher,159
DE,M,1988,John,126
DE,M,1988,Joshua,126
DE,M,1988,Andrew,124
DE,M,1988,David,118
DE,M,1988,James,115
DE,M,1988,Robert,104
DE,M,1988,Daniel,103
DE,M,1989,Michael,245
DE,M,1989,Christopher,188
DE,M,1989,Matthew,172
DE,M,1989,Joshua,140
DE,M,1989,James,128
DE,M,1989,Andrew,127
DE,M,1989,David,124
DE,M,1989,Robert,118
DE,M,1989,Joseph,116
DE,M,1989,Ryan,108
DE,M,1990,Michael,229
DE,M,1990,Christopher,182
DE,M,1990,Matthew,158
DE,M,1990,Robert,144
DE,M,1990,Andrew,140
DE,M,1990,John,138
DE,M,1990,Joshua,135
DE,M,1990,David,130
DE,M,1990,Daniel,127
DE,M,1990,James,114
DE,M,1991,Michael,222
DE,M,1991,Christopher,142
DE,M,1991,Matthew,138
DE,M,1991,Joshua,135
DE,M,1991,Robert,126
DE,M,1991,Ryan,111
DE,M,1991,Andrew,106
DE,M,1991,James,105
DE,M,1991,David,100
DE,M,1991,Nicholas,99
DE,M,1992,Michael,191
DE,M,1992,Matthew,144
DE,M,1992,Christopher,128
DE,M,1992,James,115
DE,M,1992,Andrew,108
DE,M,1992,Tyler,107
DE,M,1992,Brandon,102
DE,M,1992,Joshua,101
DE,M,1992,John,98
DE,M,1992,Robert,97
DE,M,1993,Michael,165
DE,M,1993,Matthew,136
DE,M,1993,Christopher,130
DE,M,1993,John,113
DE,M,1993,James,106
DE,M,1993,Andrew,100
DE,M,1993,Brandon,100
DE,M,1993,William,97
DE,M,1993,Ryan,96
DE,M,1993,Zachary,95
DE,M,1994,Michael,144
DE,M,1994,Matthew,121
DE,M,1994,Christopher,120
DE,M,1994,Tyler,105
DE,M,1994,James,102
DE,M,1994,Ryan,98
DE,M,1994,Joseph,97
DE,M,1994,William,93
DE,M,1994,Joshua,92
DE,M,1994,Brandon,90
DE,M,1995,Michael,128
DE,M,1995,Matthew,111
DE,M,1995,Tyler,106
DE,M,1995,Brandon,102
DE,M,1995,John,97
DE,M,1995,Zachary,93
DE,M,1995,Andrew,88
DE,M,1995,Kyle,87
DE,M,1995,James,85
DE,M,1995,Ryan,83
DE,M,1996,Michael,127
DE,M,1996,Matthew,119
DE,M,1996,Christopher,99
DE,M,1996,Tyler,97
DE,M,1996,Ryan,89
DE,M,1996,Zachary,85
DE,M,1996,Brandon,80
DE,M,1996,John,80
DE,M,1996,Joshua,79
DE,M,1996,Nicholas,78
DE,M,1997,Michael,148
DE,M,1997,Matthew,114
DE,M,1997,Tyler,100
DE,M,1997,Joshua,90
DE,M,1997,Christopher,86
DE,M,1997,Nicholas,86
DE,M,1997,Andrew,85
DE,M,1997,Jacob,83
DE,M,1997,Zachary,81
DE,M,1997,Ryan,77
DE,M,1998,Michael,122
DE,M,1998,Tyler,101
DE,M,1998,Matthew,100
DE,M,1998,Joshua,95
DE,M,1998,Christopher,91
DE,M,1998,Ryan,86
DE,M,1998,William,85
DE,M,1998,Nicholas,84
DE,M,1998,James,78
DE,M,1998,Jacob,76
DE,M,1999,Michael,114
DE,M,1999,Joshua,108
DE,M,1999,Ryan,103
DE,M,1999,Matthew,101
DE,M,1999,Andrew,97
DE,M,1999,Nicholas,96
DE,M,1999,Tyler,95
DE,M,1999,Jacob,89
DE,M,1999,Zachary,87
DE,M,1999,John,82
DE,M,2000,Michael,139
DE,M,2000,Matthew,105
DE,M,2000,Jacob,99
DE,M,2000,Joshua,95
DE,M,2000,Nicholas,94
DE,M,2000,Christopher,87
DE,M,2000,William,86
DE,M,2000,John,85
DE,M,2000,Ryan,80
DE,M,2000,Joseph,79
DE,M,2001,Michael,107
DE,M,2001,Jacob,95
DE,M,2001,Matthew,88
DE,M,2001,Zachary,78
DE,M,2001,Ryan,76
DE,M,2001,Christopher,75
DE,M,2001,James,73
DE,M,2001,Joshua,73
DE,M,2001,Nicholas,73
DE,M,2001,John,70
DE,M,2002,Matthew,100
DE,M,2002,Nicholas,88
DE,M,2002,Michael,84
DE,M,2002,Jacob,78
DE,M,2002,John,78
DE,M,2002,Ryan,76
DE,M,2002,William,76
DE,M,2002,Andrew,75
DE,M,2002,Joshua,72
DE,M,2002,Joseph,71
DE,M,2003,Michael,98
DE,M,2003,Andrew,87
DE,M,2003,Matthew,87
DE,M,2003,Ryan,84
DE,M,2003,John,82
DE,M,2003,Joshua,77
DE,M,2003,Jacob,76
DE,M,2003,Christopher,72
DE,M,2003,Joseph,68
DE,M,2003,James,67
DE,M,2004,Ryan,102
DE,M,2004,Michael,97
DE,M,2004,Joshua,83
DE,M,2004,Matthew,81
DE,M,2004,Nicholas,80
DE,M,2004,Anthony,72
DE,M,2004,William,68
DE,M,2004,Jacob,67
DE,M,2004,Tyler,67
DE,M,2004,Joseph,65
DE,M,2005,Michael,89
DE,M,2005,Matthew,77
DE,M,2005,Ryan,75
DE,M,2005,Joshua,74
DE,M,2005,Jacob,73
DE,M,2005,Anthony,72
DE,M,2005,Nicholas,72
DE,M,2005,Alexander,68
DE,M,2005,Andrew,66
DE,M,2005,William,66
DE,M,2006,Ryan,74
DE,M,2006,Michael,72
DE,M,2006,Jacob,67
DE,M,2006,John,67
DE,M,2006,Matthew,67
DE,M,2006,Nicholas,63
DE,M,2006,Christopher,60
DE,M,2006,Joshua,60
DE,M,2006,Anthony,58
DE,M,2006,Ethan,58
DE,M,2007,Michael,73
DE,M,2007,Ryan,69
DE,M,2007,Alexander,67
DE,M,2007,Christopher,66
DE,M,2007,Joshua,64
DE,M,2007,John,63
DE,M,2007,Matthew,62
DE,M,2007,Jacob,61
DE,M,2007,Anthony,60
DE,M,2007,James,58
DE,M,2008,Michael,89
DE,M,2008,William,70
DE,M,2008,Jacob,69
DE,M,2008,Christopher,65
DE,M,2008,Joshua,64
DE,M,2008,Jayden,62
DE,M,2008,Anthony,60
DE,M,2008,James,59
DE,M,2008,John,58
DE,M,2008,Matthew,58
DE,M,2009,Alexander,69
DE,M,2009,Michael,67
DE,M,2009,James,64
DE,M,2009,Jayden,64
DE,M,2009,Ethan,60
DE,M,2009,William,59
DE,M,2009,Matthew,57
DE,M,2009,Logan,54
DE,M,2009,Aiden,53
DE,M,2009,Chase,51
DE,M,2010,Michael,68
DE,M,2010,William,62
DE,M,2010,Alexander,58
DE,M,2010,James,57
DE,M,2010,Anthony,56
DE,M,2010,Joshua,54
DE,M,2010,Mason,54
DE,M,2010,Gavin,52
DE,M,2010,Jacob,52
DE,M,2010,Ryan,51
DE,M,2011,Michael,64
DE,M,2011,Mason,61
DE,M,2011,Ryan,61
DE,M,2011,William,61
DE,M,2011,Noah,56
DE,M,2011,Ethan,55
DE,M,2011,Jacob,54
DE,M,2011,Aiden,52
DE,M,2011,Anthony,52
DE,M,2011,Jayden,50
DE,M,2012,Michael,60
DE,M,2012,Anthony,55
DE,M,2012,Liam,53
DE,M,2012,Mason,53
DE,M,2012,Alexander,52
DE,M,2012,Christopher,52
DE,M,2012,Ethan,51
DE,M,2012,William,51
DE,M,2012,Elijah,48
DE,M,2012,Logan,48
DE,M,2013,Michael,62
DE,M,2013,Mason,60
DE,M,2013,Liam,58
DE,M,2013,Aiden,51
DE,M,2013,William,50
DE,M,2013,Jackson,49
DE,M,2013,Joseph,49
DE,M,2013,Alexander,48
DE,M,2013,Noah,47
DE,M,2013,John,46
DE,M,2014,Liam,68
DE,M,2014,Michael,59
DE,M,2014,Mason,58
DE,M,2014,Logan,57
DE,M,2014,Jacob,56
DE,M,2014,William,52
DE,M,2014,James,51
DE,M,2014,Caleb,47
DE,M,2014,Carter,47
DE,M,2014,Jackson,45
DE,M,2015,Liam,60
DE,M,2015,Mason,60
DE,M,2015,Noah,60
DE,M,2015,Jackson,53
DE,M,2015,Michael,51
DE,M,2015,William,46
DE,M,2015,Aiden,45
DE,M,2015,Alexander,45
DE,M,2015,Benjamin,45
DE,M,2015,Anthony,44
DE,M,2016,Liam,63
DE,M,2016,Michael,62
DE,M,2016,Mason,56
DE,M,2016,Noah,50
DE,M,2016,Alexander,49
DE,M,2016,Logan,47
DE,M,2016,Jacob,46
DE,M,2016,William,46
DE,M,2016,Benjamin,44
DE,M,2016,Carter,44
DE,M,2017,Noah,58
DE,M,2017,Logan,56
DE,M,2017,Liam,54
DE,M,2017,Mason,52
DE,M,2017,Michael,50
DE,M,2017,Benjamin,42
DE,M,2017,James,41
DE,M,2017,Joseph,40
DE,M,2017,William,40
DE,M,2017,Cameron,36
DE,M,2018,Liam,63
DE,M,2018,Noah,59
DE,M,2018,Mason,49
DE,M,2018,Logan,47
DE,M,2018,James,44
DE,M,2018,John,42
DE,M,2018,Alexander,41
DE,M,2018,William,40
DE,M,2018,Carter,38
DE,M,2018,Carson,36
DE,M,2019,Noah,69
DE,M,2019,Liam,59
DE,M,2019,Benjamin,42
DE,M,2019,Mason,40
DE,M,2019,Colton,39
DE,M,2019,Jackson,39
DE,M,2019,Anthony,35
DE,M,2019,James,34
DE,M,2019,John,34
DE,M,2019,Carter,33
