HI,F,1920,Mary,102
HI,F,1920,Helen,76
HI,F,1920,Dorothy,72
HI,F,1920,Alice,68
HI,F,1920,Margaret,61
HI,F,1920,Mildred,49
HI,F,1920,Florence,48
HI,F,1920,Frances,44
HI,F,1920,Elizabeth,42
HI,F,1920,Betty,41
HI,F,1921,Mary,121
HI,F,1921,Margaret,88
HI,F,1921,Dorothy,76
HI,F,1921,Elizabeth,69
HI,F,1921,Florence,52
HI,F,1921,Helen,52
HI,F,1921,Alice,49
HI,F,1921,Violet,42
HI,F,1921,Gladys,40
HI,F,1921,Rose,40
HI,F,1922,Mary,101
HI,F,1922,Helen,91
HI,F,1922,Margaret,87
HI,F,1922,Dorothy,77
HI,F,1922,Beatrice,59
HI,F,1922,Alice,57
HI,F,1922,Elizabeth,55
HI,F,1922,Betty,54
HI,F,1922,Florence,51
HI,F,1922,Violet,51
HI,F,1923,Mary,103
HI,F,1923,Dorothy,95
HI,F,1923,Helen,93
HI,F,1923,Alice,79
HI,F,1923,Margaret,79
HI,F,1923,Florence,57
HI,F,1923,Rose,57
HI,F,1923,Elizabeth,56
HI,F,1923,Betty,50
HI,F,1923,Lillian,49
HI,F,1924,Mary,119
HI,F,1924,Helen,85
HI,F,1924,Dorothy,83
HI,F,1924,Margaret,79
HI,F,1924,Elizabeth,61
HI,F,1924,Alice,60
HI,F,1924,Betty,59
HI,F,1924,Florence,54
HI,F,1924,Rose,53
HI,F,1924,Mildred,49
HI,F,1925,Mary,100
HI,F,1925,Helen,94
HI,F,1925,Margaret,88
HI,F,1925,Dorothy,84
HI,F,1925,Betty,79
HI,F,1925,Alice,61
HI,F,1925,Mildred,60
HI,F,1925,Gladys,48
HI,F,1925,Beatrice,47
HI,F,1925,Violet,45
HI,F,1926,Mary,113
HI,F,1926,Helen,91
HI,F,1926,Dorothy,82
HI,F,1926,Betty,74
HI,F,1926,Alice,68
HI,F,1926,Margaret,60
HI,F,1926,Mildred,60
HI,F,1926,Violet,58
HI,F,1926,Elizabeth,53
HI,F,1926,Jean,42
HI,F,1927,Helen,102
HI,F,1927,Mary,95
HI,F,1927,Dorothy,84
HI,F,1927,Margaret,80
HI,F,1927,Alice,79
HI,F,1927,Betty,76
HI,F,1927,Mildred,66
HI,F,1927,Florence,62
HI,F,1927,Jane,53
HI,F,1927,Gladys,50
HI,F,1928,Helen,114
HI,F,1928,Mary,111
HI,F,1928,Betty,97
HI,F,1928,Margaret,95
HI,F,1928,Dorothy,90
HI,F,1928,Alice,86
HI,F,1928,Mildred,76
HI,F,1928,Florence,58
HI,F,1928,Rose,58
HI,F,1928,Elizabeth,55
HI,F,1929,Helen,109
HI,F,1929,Mary,108
HI,F,1929,Alice,90
HI,F,1929,Dorothy,89
HI,F,1929,Betty,84
HI,F,1929,Mildred,72
HI,F,1929,Elizabeth,68
HI,F,1929,Margaret,67
HI,F,1929,Doris,59
HI,F,1929,Lillian,52
HI,F,1930,Mary,122
HI,F,1930,Helen,96
HI,F,1930,Betty,88
HI,F,1930,Alice,79
HI,F,1930,Margaret,74
HI,F,1930,Mildred,71
HI,F,1930,Dorothy,63
HI,F,1930,Nancy,60
HI,F,1930,Jane,58
HI,F,1930,Rose,57
HI,F,1931,Mary,114
HI,F,1931,Betty,105
HI,F,1931,Alice,87
HI,F,1931,Helen,87
HI,F,1931,Dorothy,78
HI,F,1931,Florence,73
HI,F,1931,Margaret,62
HI,F,1931,Jane,59
HI,F,1931,Mildred,59
HI,F,1931,Elizabeth,48
HI,F,1932,Mary,102
HI,F,1932,Betty,82
HI,F,1932,Dorothy,78
HI,F,1932,Barbara,73
HI,F,1932,Helen,73
HI,F,1932,Jane,70
HI,F,1932,Florence,68
HI,F,1932,Alice,65
HI,F,1932,Mildred,65
HI,F,1932,Nancy,60
HI,F,1933,Mary,92
HI,F,1933,Barbara,81
HI,F,1933,Dorothy,81
HI,F,1933,Helen,71
HI,F,1933,Betty,69
HI,F,1933,Jane,62
HI,F,1933,Jean,60
HI,F,1933,Alice,58
HI,F,1933,Margaret,58
HI,F,1933,Janet,57
HI,F,1934,Helen,80
HI,F,1934,Mary,71
HI,F,1934,Barbara,67
HI,F,1934,Betty,67
HI,F,1934,Jean,65
HI,F,1934,Janet,62
HI,F,1934,Florence,59
HI,F,1934,Lillian,57
HI,F,1934,Shirley,57
HI,F,1934,Jane,56
HI,F,1935,Shirley,147
HI,F,1935,Jane,83
HI,F,1935,Mary,81
HI,F,1935,Betty,74
HI,F,1935,Barbara,66
HI,F,1935,Jean,65
HI,F,1935,Helen,62
HI,F,1935,Dorothy,55
HI,F,1935,Mildred,48
HI,F,1935,Margaret,47
HI,F,1936,Shirley,92
HI,F,1936,Jane,77
HI,F,1936,Barbara,75
HI,F,1936,Jean,72
HI,F,1936,Helen,61
HI,F,1936,Mary,59
HI,F,1936,Betty,58
HI,F,1936,Eleanor,49
HI,F,1936,Mildred,48
HI,F,1936,Nancy,47
HI,F,1937,Barbara,88
HI,F,1937,Jane,77
HI,F,1937,Betty,73
HI,F,1937,Shirley,71
HI,F,1937,Mary,69
HI,F,1937,Patricia,59
HI,F,1937,Jean,58
HI,F,1937,Janet,53
HI,F,1937,Helen,48
HI,F,1937,Frances,47
HI,F,1938,Barbara,83
HI,F,1938,Patricia,79
HI,F,1938,Jean,74
HI,F,1938,Jane,69
HI,F,1938,Mary,63
HI,F,1938,Betty,52
HI,F,1938,Nancy,51
HI,F,1938,Shirley,50
HI,F,1938,Carol,49
HI,F,1938,Janet,49
HI,F,1939,Barbara,93
HI,F,1939,Mary,90
HI,F,1939,Patricia,81
HI,F,1939,Jane,72
HI,F,1939,Jean,72
HI,F,1939,Carol,64
HI,F,1939,Shirley,55
HI,F,1939,Joyce,53
HI,F,1939,Elizabeth,51
HI,F,1939,Janet,51
HI,F,1940,Barbara,90
HI,F,1940,Patricia,90
HI,F,1940,Jane,84
HI,F,1940,Carol,78
HI,F,1940,Jean,77
HI,F,1940,Mary,66
HI,F,1940,Elizabeth,55
HI,F,1940,Janet,54
HI,F,1940,Betty,52
HI,F,1940,Judith,52
HI,F,1941,Patricia,138
HI,F,1941,Barbara,105
HI,F,1941,Jean,79
HI,F,1941,Carol,69
HI,F,1941,Linda,69
HI,F,1941,Jane,64
HI,F,1941,Judith,62
HI,F,1941,Janet,58
HI,F,1941,Mary,52
HI,F,1941,Elaine,51
HI,F,1942,Patricia,117
HI,F,1942,Barbara,103
HI,F,1942,Carol,77
HI,F,1942,Mary,69
HI,F,1942,Jean,67
HI,F,1942,Linda,63
HI,F,1942,Karen,59
HI,F,1942,Jane,56
HI,F,1942,Sandra,54
HI,F,1942,Betty,53
HI,F,1943,Patricia,144
HI,F,1943,Carol,131
HI,F,1943,Barbara,95
HI,F,1943,Linda,91
HI,F,1943,Sandra,80
HI,F,1943,Mary,73
HI,F,1943,Karen,69
HI,F,1943,Carolyn,62
HI,F,1943,Shirley,61
HI,F,1943,Jean,60
HI,F,1944,Patricia,185
HI,F,1944,Carol,128
HI,F,1944,Barbara,119
HI,F,1944,Linda,103
HI,F,1944,Sandra,93
HI,F,1944,Karen,90
HI,F,1944,Mary,82
HI,F,1944,Sharon,76
HI,F,1944,Shirley,67
HI,F,1944,Judith,61
HI,F,1945,Carol,126
HI,F,1945,Patricia,126
HI,F,1945,Sharon,114
HI,F,1945,Karen,109
HI,F,1945,Sandra,100
HI,F,1945,Mary,89
HI,F,1945,Barbara,87
HI,F,1945,Linda,76
HI,F,1945,Susan,68
HI,F,1945,Gail,67
HI,F,1946,Patricia,143
HI,F,1946,Sharon,134
HI,F,1946,Sandra,114
HI,F,1946,Karen,113
HI,F,1946,Linda,109
HI,F,1946,Carol,101
HI,F,1946,Susan,91
HI,F,1946,Barbara,86
HI,F,1946,Mary,76
HI,F,1946,Gail,72
HI,F,1947,Linda,167
HI,F,1947,Patricia,161
HI,F,1947,Karen,136
HI,F,1947,Sharon,136
HI,F,1947,Sandra,131
HI,F,1947,Susan,108
HI,F,1947,Carol,107
HI,F,1947,Barbara,96
HI,F,1947,Mary,96
HI,F,1947,Kathleen,86
HI,F,1948,Linda,204
HI,F,1948,Sharon,148
HI,F,1948,Patricia,138
HI,F,1948,Susan,133
HI,F,1948,Sandra,123
HI,F,1948,Karen,111
HI,F,1948,Carol,108
HI,F,1948,Barbara,105
HI,F,1948,Kathleen,102
HI,F,1948,Cynthia,101
HI,F,1949,Linda,176
HI,F,1949,Susan,142
HI,F,1949,Patricia,131
HI,F,1949,Sharon,129
HI,F,1949,Sandra,119
HI,F,1949,Karen,115
HI,F,1949,Carol,93
HI,F,1949,Mary,87
HI,F,1949,Barbara,85
HI,F,1949,Diane,75
HI,F,1950,Linda,179
HI,F,1950,Susan,144
HI,F,1950,Sharon,142
HI,F,1950,Karen,126
HI,F,1950,Patricia,126
HI,F,1950,Sandra,103
HI,F,1950,Carol,102
HI,F,1950,Mary,96
HI,F,1950,Cynthia,89
HI,F,1950,Gail,82
HI,F,1951,Linda,164
HI,F,1951,Karen,126
HI,F,1951,Patricia,120
HI,F,1951,Susan,109
HI,F,1951,Sharon,102
HI,F,1951,Sandra,94
HI,F,1951,Mary,85
HI,F,1951,Gail,83
HI,F,1951,Debra,82
HI,F,1951,Kathleen,82
HI,F,1952,Linda,151
HI,F,1952,Karen,140
HI,F,1952,Debra,132
HI,F,1952,Susan,130
HI,F,1952,Patricia,116
HI,F,1952,Deborah,110
HI,F,1952,Sandra,106
HI,F,1952,Sharon,100
HI,F,1952,Diane,95
HI,F,1952,Kathleen,91
HI,F,1953,Debra,158
HI,F,1953,Susan,155
HI,F,1953,Linda,131
HI,F,1953,Karen,124
HI,F,1953,Patricia,117
HI,F,1953,Deborah,112
HI,F,1953,Sharon,105
HI,F,1953,Sandra,98
HI,F,1953,Kathleen,88
HI,F,1953,Diane,85
HI,F,1954,Debra,151
HI,F,1954,Susan,132
HI,F,1954,Karen,111
HI,F,1954,Patricia,107
HI,F,1954,Sandra,107
HI,F,1954,Cynthia,102
HI,F,1954,Linda,97
HI,F,1954,Sharon,94
HI,F,1954,Deborah,92
HI,F,1954,Kathleen,91
HI,F,1955,Susan,152
HI,F,1955,Debra,151
HI,F,1955,Karen,124
HI,F,1955,Linda,110
HI,F,1955,Donna,108
HI,F,1955,Patricia,107
HI,F,1955,Cynthia,99
HI,F,1955,Sandra,90
HI,F,1955,Deborah,87
HI,F,1955,Cheryl,82
HI,F,1956,Susan,127
HI,F,1956,Debra,120
HI,F,1956,Donna,115
HI,F,1956,Cynthia,113
HI,F,1956,Karen,111
HI,F,1956,Deborah,100
HI,F,1956,Linda,100
HI,F,1956,Patricia,97
HI,F,1956,Mary,95
HI,F,1956,Sharon,92
HI,F,1957,Karen,145
HI,F,1957,Debra,123
HI,F,1957,Cynthia,121
HI,F,1957,Donna,121
HI,F,1957,Susan,120
HI,F,1957,Linda,96
HI,F,1957,Patricia,93
HI,F,1957,Sandra,92
HI,F,1957,Cheryl,90
HI,F,1957,Mary,85
HI,F,1958,Susan,127
HI,F,1958,Karen,124
HI,F,1958,Cynthia,115
HI,F,1958,Mary,114
HI,F,1958,Donna,101
HI,F,1958,Debra,100
HI,F,1958,Sandra,97
HI,F,1958,Lori,89
HI,F,1958,Linda,87
HI,F,1958,Patricia,80
HI,F,1959,Susan,134
HI,F,1959,Donna,125
HI,F,1959,Karen,112
HI,F,1959,Lori,97
HI,F,1959,Debra,94
HI,F,1959,Linda,93
HI,F,1959,Mary,89
HI,F,1959,Lisa,81
HI,F,1959,Kathleen,79
HI,F,1959,Sandra,78
HI,F,1960,Susan,150
HI,F,1960,Donna,134
HI,F,1960,Karen,115
HI,F,1960,Sandra,115
HI,F,1960,Lisa,111
HI,F,1960,Lori,105
HI,F,1960,Linda,92
HI,F,1960,Mary,82
HI,F,1960,Cynthia,78
HI,F,1960,Laurie,78
HI,F,1961,Lisa,183
HI,F,1961,Donna,120
HI,F,1961,Lori,115
HI,F,1961,Susan,112
HI,F,1961,Mary,102
HI,F,1961,Sandra,96
HI,F,1961,Karen,93
HI,F,1961,Deborah,87
HI,F,1961,Cheryl,86
HI,F,1961,Linda,84
HI,F,1962,Lisa,169
HI,F,1962,Karen,128
HI,F,1962,Donna,106
HI,F,1962,Susan,99
HI,F,1962,Lori,88
HI,F,1962,Linda,86
HI,F,1962,Deborah,83
HI,F,1962,Mary,82
HI,F,1962,Cheryl,78
HI,F,1962,Sandra,76
HI,F,1963,Lisa,198
HI,F,1963,Karen,105
HI,F,1963,Lori,101
HI,F,1963,Susan,99
HI,F,1963,Mary,92
HI,F,1963,Sandra,85
HI,F,1963,Donna,80
HI,F,1963,Cynthia,77
HI,F,1963,Cheryl,72
HI,F,1963,Tammy,72
HI,F,1964,Lisa,180
HI,F,1964,Mary,99
HI,F,1964,Susan,96
HI,F,1964,Donna,92
HI,F,1964,Laura,86
HI,F,1964,Tammy,83
HI,F,1964,Sandra,77
HI,F,1964,Cheryl,76
HI,F,1964,Karen,76
HI,F,1964,Lori,71
HI,F,1965,Lisa,183
HI,F,1965,Susan,97
HI,F,1965,Lori,86
HI,F,1965,Karen,84
HI,F,1965,Kimberly,73
HI,F,1965,Wendy,72
HI,F,1965,Donna,66
HI,F,1965,Sandra,66
HI,F,1965,Patricia,64
HI,F,1965,Tammy,61
HI,F,1966,Lisa,180
HI,F,1966,Michelle,115
HI,F,1966,Kimberly,84
HI,F,1966,Susan,78
HI,F,1966,Michele,75
HI,F,1966,Karen,66
HI,F,1966,Lori,65
HI,F,1966,Sandra,64
HI,F,1966,Mary,63
HI,F,1966,Tammy,62
HI,F,1967,Lisa,160
HI,F,1967,Michelle,131
HI,F,1967,Kimberly,93
HI,F,1967,Christine,79
HI,F,1967,Karen,66
HI,F,1967,Donna,64
HI,F,1967,Susan,64
HI,F,1967,Tammy,63
HI,F,1967,Lori,61
HI,F,1967,Jennifer,58
HI,F,1968,Michelle,154
HI,F,1968,Lisa,134
HI,F,1968,Kimberly,80
HI,F,1968,Jennifer,76
HI,F,1968,Christine,75
HI,F,1968,Laura,65
HI,F,1968,Tammy,61
HI,F,1968,Michele,60
HI,F,1968,Wendy,55
HI,F,1968,Susan,53
HI,F,1969,Michelle,172
HI,F,1969,Lisa,148
HI,F,1969,Kimberly,121
HI,F,1969,Jennifer,112
HI,F,1969,Michele,68
HI,F,1969,Christine,66
HI,F,1969,Tammy,62
HI,F,1969,Wendy,62
HI,F,1969,Denise,55
HI,F,1969,Mary,53
HI,F,1970,Michelle,157
HI,F,1970,Jennifer,132
HI,F,1970,Lisa,132
HI,F,1970,Kimberly,126
HI,F,1970,Shannon,68
HI,F,1970,Julie,66
HI,F,1970,Christine,61
HI,F,1970,Dawn,60
HI,F,1970,Denise,59
HI,F,1970,Cheryl,54
HI,F,1971,Jennifer,166
HI,F,1971,Michelle,139
HI,F,1971,Kimberly,103
HI,F,1971,Lisa,102
HI,F,1971,Cheryl,78
HI,F,1971,Dawn,62
HI,F,1971,Christine,54
HI,F,1971,Shannon,53
HI,F,1971,Melissa,50
HI,F,1971,Tammy,50
HI,F,1972,Jennifer,179
HI,F,1972,Michelle,128
HI,F,1972,Lisa,116
HI,F,1972,Kimberly,99
HI,F,1972,Nicole,65
HI,F,1972,Cheryl,58
HI,F,1972,Wendy,54
HI,F,1972,Christine,52
HI,F,1972,Melissa,51
HI,F,1972,Dawn,50
HI,F,1973,Jennifer,233
HI,F,1973,Michelle,118
HI,F,1973,Kimberly,116
HI,F,1973,Lisa,91
HI,F,1973,Melissa,62
HI,F,1973,Christine,53
HI,F,1973,Nicole,52
HI,F,1973,Heather,49
HI,F,1973,Melanie,48
HI,F,1973,Christina,47
HI,F,1974,Jennifer,203
HI,F,1974,Michelle,104
HI,F,1974,Kimberly,97
HI,F,1974,Lisa,83
HI,F,1974,Melissa,63
HI,F,1974,Heather,60
HI,F,1974,Shannon,59
HI,F,1974,Angela,58
HI,F,1974,Lori,57
HI,F,1974,Christina,54
HI,F,1975,Jennifer,215
HI,F,1975,Michelle,111
HI,F,1975,Kimberly,91
HI,F,1975,Melissa,76
HI,F,1975,Christina,63
HI,F,1975,Jessica,63
HI,F,1975,Lisa,61
HI,F,1975,Angela,55
HI,F,1975,Christine,53
HI,F,1975,Nicole,53
HI,F,1976,Jennifer,232
HI,F,1976,Michelle,111
HI,F,1976,Kimberly,83
HI,F,1976,Lisa,75
HI,F,1976,Christina,72
HI,F,1976,Jessica,68
HI,F,1976,Nicole,67
HI,F,1976,Melissa,65
HI,F,1976,Dawn,62
HI,F,1976,Jamie,60
HI,F,1977,Jennifer,210
HI,F,1977,Michelle,111
HI,F,1977,Jessica,92
HI,F,1977,Melissa,72
HI,F,1977,Nicole,70
HI,F,1977,Kelly,67
HI,F,1977,Christina,65
HI,F,1977,Angela,59
HI,F,1977,Jamie,58
HI,F,1977,Malia,58
HI,F,1978,Jennifer,206
HI,F,1978,Michelle,108
HI,F,1978,Jessica,86
HI,F,1978,Melissa,77
HI,F,1978,Christina,73
HI,F,1978,Nicole,71
HI,F,1978,Kimberly,62
HI,F,1978,Christine,60
HI,F,1978,Heather,60
HI,F,1978,Malia,54
HI,F,1979,Jennifer,209
HI,F,1979,Nicole,102
HI,F,1979,Michelle,96
HI,F,1979,Melissa,93
HI,F,1979,Jessica,78
HI,F,1979,Kimberly,68
HI,F,1979,Christina,65
HI,F,1979,Lisa,61
HI,F,1979,Angela,57
HI,F,1979,Sarah,52
HI,F,1980,Jennifer,219
HI,F,1980,Michelle,126
HI,F,1980,Melissa,95
HI,F,1980,Nicole,92
HI,F,1980,Jessica,83
HI,F,1980,Tiffany,76
HI,F,1980,Sarah,75
HI,F,1980,Kimberly,70
HI,F,1980,Christina,59
HI,F,1980,Crystal,58
HI,F,1981,Jennifer,243
HI,F,1981,Jessica,116
HI,F,1981,Nicole,110
HI,F,1981,Melissa,92
HI,F,1981,Kimberly,84
HI,F,1981,Michelle,80
HI,F,1981,Tiffany,78
HI,F,1981,Erin,69
HI,F,1981,Sarah,69
HI,F,1981,Crystal,56
HI,F,1982,Jennifer,215
HI,F,1982,Jessica,131
HI,F,1982,Nicole,109
HI,F,1982,Crystal,94
HI,F,1982,Melissa,83
HI,F,1982,Michelle,82
HI,F,1982,Tiffany,78
HI,F,1982,Elizabeth,68
HI,F,1982,Kimberly,66
HI,F,1982,Sarah,60
HI,F,1983,Jennifer,219
HI,F,1983,Jessica,161
HI,F,1983,Ashley,133
HI,F,1983,Melissa,111
HI,F,1983,Nicole,109
HI,F,1983,Tiffany,93
HI,F,1983,Michelle,85
HI,F,1983,Stephanie,82
HI,F,1983,Erin,81
HI,F,1983,Crystal,77
HI,F,1984,Jennifer,200
HI,F,1984,Ashley,168
HI,F,1984,Jessica,157
HI,F,1984,Nicole,126
HI,F,1984,Tiffany,94
HI,F,1984,Heather,74
HI,F,1984,Michelle,74
HI,F,1984,Melissa,73
HI,F,1984,Crystal,71
HI,F,1984,Amanda,69
HI,F,1985,Ashley,165
HI,F,1985,Jennifer,163
HI,F,1985,Jessica,142
HI,F,1985,Nicole,131
HI,F,1985,Tiffany,80
HI,F,1985,Michelle,76
HI,F,1985,Melissa,71
HI,F,1985,Amanda,70
HI,F,1985,Rachel,70
HI,F,1985,Sarah,70
HI,F,1986,Ashley,209
HI,F,1986,Jessica,135
HI,F,1986,Nicole,133
HI,F,1986,Jennifer,129
HI,F,1986,Amanda,88
HI,F,1986,Michelle,83
HI,F,1986,Tiffany,82
HI,F,1986,Sarah,74
HI,F,1986,Stephanie,63
HI,F,1986,Christina,61
HI,F,1987,Ashley,213
HI,F,1987,Jessica,159
HI,F,1987,Nicole,118
HI,F,1987,Jennifer,110
HI,F,1987,Amanda,99
HI,F,1987,Sarah,88
HI,F,1987,Michelle,74
HI,F,1987,Lauren,70
HI,F,1987,Stephanie,67
HI,F,1987,Rachel,65
HI,F,1988,Ashley,168
HI,F,1988,Jessica,159
HI,F,1988,Nicole,120
HI,F,1988,Jennifer,106
HI,F,1988,Sarah,91
HI,F,1988,Amanda,89
HI,F,1988,Samantha,72
HI,F,1988,Tiffany,72
HI,F,1988,Chelsea,68
HI,F,1988,Lauren,68
HI,F,1989,Ashley,155
HI,F,1989,Jessica,138
HI,F,1989,Nicole,137
HI,F,1989,Brittany,112
HI,F,1989,Sarah,86
HI,F,1989,Chelsea,83
HI,F,1989,Stephanie,80
HI,F,1989,Amanda,78
HI,F,1989,Jennifer,75
HI,F,1989,Michelle,75
HI,F,1990,Ashley,186
HI,F,1990,Jessica,144
HI,F,1990,Nicole,122
HI,F,1990,Brittany,109
HI,F,1990,Jennifer,95
HI,F,1990,Sarah,94
HI,F,1990,Amanda,88
HI,F,1990,Michelle,88
HI,F,1990,Chelsea,84
HI,F,1990,Lauren,84
HI,F,1991,Ashley,157
HI,F,1991,Jessica,139
HI,F,1991,Nicole,110
HI,F,1991,Chelsea,85
HI,F,1991,Kayla,81
HI,F,1991,Sarah,78
HI,F,1991,Brittany,77
HI,F,1991,Samantha,75
HI,F,1991,Jennifer,71
HI,F,1991,Amanda,68
HI,F,1992,Ashley,150
HI,F,1992,Jessica,108
HI,F,1992,Nicole,104
HI,F,1992,Sarah,88
HI,F,1992,Chelsea,83
HI,F,1992,Jennifer,80
HI,F,1992,Brittany,77
HI,F,1992,Amanda,69
HI,F,1992,Kayla,69
HI,F,1992,Samantha,63
HI,F,1993,Ashley,114
HI,F,1993,Jessica,105
HI,F,1993,Nicole,90
HI,F,1993,Jasmine,85
HI,F,1993,Kayla,85
HI,F,1993,Taylor,80
HI,F,1993,Samantha,70
HI,F,1993,Brittany,67
HI,F,1993,Lauren,66
HI,F,1993,Sarah,66
HI,F,1994,Ashley,109
HI,F,1994,Jessica,86
HI,F,1994,Nicole,80
HI,F,1994,Taylor,79
HI,F,1994,Jasmine,77
HI,F,1994,Rachel,71
HI,F,1994,Alyssa,66
HI,F,1994,Lauren,66
HI,F,1994,Sarah,64
HI,F,1994,Samantha,63
HI,F,1995,Jessica,103
HI,F,1995,Taylor,100
HI,F,1995,Ashley,82
HI,F,1995,Rachel,82
HI,F,1995,Kayla,77
HI,F,1995,Nicole,67
HI,F,1995,Courtney,58
HI,F,1995,Sarah,54
HI,F,1995,Lauren,52
HI,F,1995,Emily,50
HI,F,1996,Taylor,109
HI,F,1996,Kayla,90
HI,F,1996,Ashley,83
HI,F,1996,Jessica,74
HI,F,1996,Rachel,62
HI,F,1996,Sarah,60
HI,F,1996,Samantha,59
HI,F,1996,Kiana,56
HI,F,1996,Emily,53
HI,F,1996,Megan,53
HI,F,1997,Taylor,89
HI,F,1997,Kayla,73
HI,F,1997,Jessica,61
HI,F,1997,Rachel,57
HI,F,1997,Alyssa,54
HI,F,1997,Ashley,52
HI,F,1997,Jasmine,52
HI,F,1997,Sarah,52
HI,F,1997,Samantha,49
HI,F,1997,Nicole,48
HI,F,1998,Taylor,77
HI,F,1998,Kayla,65
HI,F,1998,Ashley,64
HI,F,1998,Jessica,62
HI,F,1998,Alyssa,57
HI,F,1998,Emily,55
HI,F,1998,Sarah,49
HI,F,1998,Rachel,48
HI,F,1998,Kiana,47
HI,F,1998,Alexis,46
HI,F,1999,Taylor,75
HI,F,1999,Kayla,67
HI,F,1999,Jasmine,56
HI,F,1999,Ashley,52
HI,F,1999,Alyssa,50
HI,F,1999,Sarah,50
HI,F,1999,Emily,48
HI,F,1999,Jessica,42
HI,F,1999,Lauren,41
HI,F,1999,Madison,40
HI,F,2000,Kayla,63
HI,F,2000,Taylor,63
HI,F,2000,Alyssa,61
HI,F,2000,Ashley,59
HI,F,2000,Kiana,52
HI,F,2000,Nicole,46
HI,F,2000,Alexis,45
HI,F,2000,Emily,43
HI,F,2000,Jasmine,40
HI,F,2000,Jessica,40
HI,F,2001,Taylor,65
HI,F,2001,Kayla,64
HI,F,2001,Madison,47
HI,F,2001,Alyssa,46
HI,F,2001,Sarah,45
HI,F,2001,Alexis,42
HI,F,2001,Ashley,42
HI,F,2001,Emily,41
HI,F,2001,Chloe,39
HI,F,2001,Elizabeth,35
HI,F,2002,Kayla,74
HI,F,2002,Taylor,57
HI,F,2002,Emma,49
HI,F,2002,Jasmine,49
HI,F,2002,Madison,49
HI,F,2002,Emily,45
HI,F,2002,Malia,45
HI,F,2002,Ashley,42
HI,F,2002,Kiana,42
HI,F,2002,Alyssa,41
HI,F,2003,Emma,59
HI,F,2003,Alyssa,53
HI,F,2003,Kayla,51
HI,F,2003,Taylor,50
HI,F,2003,Mia,49
HI,F,2003,Emily,47
HI,F,2003,Madison,45
HI,F,2003,Sarah,43
HI,F,2003,Isabella,41
HI,F,2003,Alexis,39
HI,F,2004,Emma,61
HI,F,2004,Isabella,54
HI,F,2004,Emily,53
HI,F,2004,Kayla,52
HI,F,2004,Chloe,45
HI,F,2004,Madison,44
HI,F,2004,Taylor,43
HI,F,2004,Mia,41
HI,F,2004,Sarah,41
HI,F,2004,Alyssa,40
HI,F,2005,Emma,53
HI,F,2005,Mia,49
HI,F,2005,Madison,46
HI,F,2005,Kayla,43
HI,F,2005,Taylor,43
HI,F,2005,Alyssa,42
HI,F,2005,Samantha,40
HI,F,2005,Sophia,39
HI,F,2005,Isabella,37
HI,F,2005,Trinity,37
HI,F,2006,Isabella,58
HI,F,2006,Emma,49
HI,F,2006,Madison,49
HI,F,2006,Hailey,48
HI,F,2006,Ava,45
HI,F,2006,Kayla,44
HI,F,2006,Malia,44
HI,F,2006,Mia,43
HI,F,2006,Emily,41
HI,F,2006,Jasmine,40
HI,F,2007,Sophia,59
HI,F,2007,Ava,52
HI,F,2007,Chloe,51
HI,F,2007,Isabella,49
HI,F,2007,Emma,48
HI,F,2007,Madison,42
HI,F,2007,Mia,40
HI,F,2007,Maya,39
HI,F,2007,Hailey,36
HI,F,2007,Emily,34
HI,F,2008,Chloe,65
HI,F,2008,Isabella,59
HI,F,2008,Madison,48
HI,F,2008,Sophia,48
HI,F,2008,Mia,47
HI,F,2008,Ava,42
HI,F,2008,Lily,41
HI,F,2008,Hailey,40
HI,F,2008,Emma,39
HI,F,2008,Olivia,38
HI,F,2009,Isabella,81
HI,F,2009,Sophia,66
HI,F,2009,Mia,51
HI,F,2009,Ava,48
HI,F,2009,Chloe,46
HI,F,2009,Madison,44
HI,F,2009,Olivia,42
HI,F,2009,Taylor,36
HI,F,2009,Emma,34
HI,F,2009,Faith,34
HI,F,2010,Isabella,70
HI,F,2010,Sophia,60
HI,F,2010,Chloe,59
HI,F,2010,Ava,46
HI,F,2010,Emma,43
HI,F,2010,Olivia,43
HI,F,2010,Mia,40
HI,F,2010,Hailey,39
HI,F,2010,Madison,39
HI,F,2010,Lily,38
HI,F,2011,Sophia,68
HI,F,2011,Olivia,65
HI,F,2011,Chloe,55
HI,F,2011,Emma,54
HI,F,2011,Isabella,54
HI,F,2011,Ava,52
HI,F,2011,Mia,45
HI,F,2011,Lily,44
HI,F,2011,Alexis,34
HI,F,2011,Maya,31
HI,F,2012,Sophia,94
HI,F,2012,Emma,62
HI,F,2012,Isabella,59
HI,F,2012,Ava,55
HI,F,2012,Mia,52
HI,F,2012,Chloe,47
HI,F,2012,Olivia,46
HI,F,2012,Lily,36
HI,F,2012,Madison,36
HI,F,2012,Abigail,31
HI,F,2013,Olivia,65
HI,F,2013,Sophia,61
HI,F,2013,Ava,55
HI,F,2013,Emma,54
HI,F,2013,Mia,49
HI,F,2013,Chloe,48
HI,F,2013,Aria,44
HI,F,2013,Isabella,44
HI,F,2013,Madison,39
HI,F,2013,Lily,38
HI,F,2014,Emma,71
HI,F,2014,Mia,58
HI,F,2014,Sophia,54
HI,F,2014,Aria,49
HI,F,2014,Ava,49
HI,F,2014,Lily,49
HI,F,2014,Isabella,44
HI,F,2014,Olivia,43
HI,F,2014,Chloe,40
HI,F,2014,Abigail,34
HI,F,2015,Mia,73
HI,F,2015,Emma,67
HI,F,2015,Olivia,62
HI,F,2015,Aria,59
HI,F,2015,Ava,59
HI,F,2015,Isabella,57
HI,F,2015,Sophia,54
HI,F,2015,Mila,43
HI,F,2015,Chloe,41
HI,F,2015,Madison,40
HI,F,2016,Olivia,57
HI,F,2016,Mia,55
HI,F,2016,Emma,53
HI,F,2016,Isabella,50
HI,F,2016,Ava,47
HI,F,2016,Riley,46
HI,F,2016,Aria,45
HI,F,2016,Amelia,42
HI,F,2016,Sophia,42
HI,F,2016,Grace,35
HI,F,2017,Emma,73
HI,F,2017,Olivia,65
HI,F,2017,Aria,51
HI,F,2017,Ava,47
HI,F,2017,Chloe,46
HI,F,2017,Isabella,39
HI,F,2017,Mila,39
HI,F,2017,Sophia,36
HI,F,2017,Mia,34
HI,F,2017,Maya,33
HI,F,2018,Emma,65
HI,F,2018,Isabella,60
HI,F,2018,Aria,54
HI,F,2018,Mila,51
HI,F,2018,Olivia,50
HI,F,2018,Mia,49
HI,F,2018,Ava,44
HI,F,2018,Sophia,42
HI,F,2018,Charlotte,40
HI,F,2018,Ella,36
HI,F,2019,Olivia,48
HI,F,2019,Ava,46
HI,F,2019,Emma,46
HI,F,2019,Amelia,44
HI,F,2019,Aria,44
HI,F,2019,Mia,43
HI,F,2019,Isabella,39
HI,F,2019,Sophia,33
HI,F,2019,Mila,32
HI,F,2019,Ella,30
HI,M,1920,John,88
HI,M,1920,Robert,74
HI,M,1920,William,74
HI,M,1920,George,71
HI,M,1920,Joseph,69
HI,M,1920,James,63
HI,M,1920,Richard,59
HI,M,1920,David,46
HI,M,1920,Edward,46
HI,M,1920,Albert,45
HI,M,1921,George,99
HI,M,1921,John,99
HI,M,1921,William,86
HI,M,1921,James,73
HI,M,1921,Henry,67
HI,M,1921,Robert,67
HI,M,1921,Joseph,66
HI,M,1921,Richard,59
HI,M,1921,Harry,52
HI,M,1921,Edward,48
HI,M,1922,John,89
HI,M,1922,William,88
HI,M,1922,George,85
HI,M,1922,Robert,83
HI,M,1922,Joseph,78
HI,M,1922,James,75
HI,M,1922,Richard,71
HI,M,1922,Edward,69
HI,M,1922,Charles,61
HI,M,1922,Albert,49
HI,M,1923,George,110
HI,M,1923,John,108
HI,M,1923,William,91
HI,M,1923,Robert,88
HI,M,1923,Joseph,81
HI,M,1923,James,80
HI,M,1923,Richard,68
HI,M,1923,Edward,65
HI,M,1923,Henry,52
HI,M,1923,Charles,48
HI,M,1924,John,116
HI,M,1924,William,114
HI,M,1924,George,110
HI,M,1924,Joseph,104
HI,M,1924,Robert,104
HI,M,1924,James,95
HI,M,1924,Richard,87
HI,M,1924,Henry,66
HI,M,1924,Edward,61
HI,M,1924,Charles,58
HI,M,1925,George,126
HI,M,1925,William,109
HI,M,1925,John,106
HI,M,1925,Robert,95
HI,M,1925,James,92
HI,M,1925,Richard,91
HI,M,1925,Joseph,90
HI,M,1925,Albert,66
HI,M,1925,Henry,58
HI,M,1925,Edward,55
HI,M,1926,George,127
HI,M,1926,Richard,108
HI,M,1926,James,104
HI,M,1926,John,104
HI,M,1926,Robert,104
HI,M,1926,William,90
HI,M,1926,Joseph,80
HI,M,1926,Edward,70
HI,M,1926,Henry,60
HI,M,1926,Charles,55
HI,M,1927,George,173
HI,M,1927,Robert,114
HI,M,1927,James,113
HI,M,1927,John,112
HI,M,1927,Richard,110
HI,M,1927,William,110
HI,M,1927,Joseph,86
HI,M,1927,Henry,73
HI,M,1927,Thomas,69
HI,M,1927,Walter,64
HI,M,1928,George,232
HI,M,1928,James,152
HI,M,1928,Richard,143
HI,M,1928,William,126
HI,M,1928,Henry,117
HI,M,1928,John,111
HI,M,1928,Robert,111
HI,M,1928,Edward,81
HI,M,1928,Charles,78
HI,M,1928,Joseph,73
HI,M,1929,George,193
HI,M,1929,James,151
HI,M,1929,Richard,129
HI,M,1929,Robert,121
HI,M,1929,William,118
HI,M,1929,John,109
HI,M,1929,Henry,101
HI,M,1929,Herbert,95
HI,M,1929,Joseph,87
HI,M,1929,Edward,78
HI,M,1930,George,190
HI,M,1930,Richard,145
HI,M,1930,James,144
HI,M,1930,Robert,115
HI,M,1930,Henry,99
HI,M,1930,William,98
HI,M,1930,John,92
HI,M,1930,Joseph,91
HI,M,1930,Edward,78
HI,M,1930,Raymond,74
HI,M,1931,George,167
HI,M,1931,Robert,145
HI,M,1931,James,137
HI,M,1931,Richard,128
HI,M,1931,William,104
HI,M,1931,John,90
HI,M,1931,Joseph,85
HI,M,1931,Thomas,81
HI,M,1931,Henry,78
HI,M,1931,Edward,72
HI,M,1932,George,199
HI,M,1932,Richard,157
HI,M,1932,Robert,146
HI,M,1932,James,142
HI,M,1932,John,110
HI,M,1932,William,107
HI,M,1932,Charles,87
HI,M,1932,Thomas,87
HI,M,1932,Henry,84
HI,M,1932,Edward,79
HI,M,1933,George,151
HI,M,1933,Richard,144
HI,M,1933,Robert,133
HI,M,1933,James,121
HI,M,1933,John,99
HI,M,1933,Charles,92
HI,M,1933,William,87
HI,M,1933,Thomas,79
HI,M,1933,Joseph,75
HI,M,1933,Kenneth,73
HI,M,1934,Richard,146
HI,M,1934,George,132
HI,M,1934,James,123
HI,M,1934,Robert,112
HI,M,1934,John,100
HI,M,1934,William,99
HI,M,1934,Donald,81
HI,M,1934,Thomas,78
HI,M,1934,Charles,72
HI,M,1934,Joseph,72
HI,M,1935,Richard,146
HI,M,1935,George,143
HI,M,1935,Robert,138
HI,M,1935,James,120
HI,M,1935,William,103
HI,M,1935,John,99
HI,M,1935,Edward,94
HI,M,1935,Donald,77
HI,M,1935,Stanley,75
HI,M,1935,Thomas,74
HI,M,1936,Richard,142
HI,M,1936,Robert,132
HI,M,1936,George,128
HI,M,1936,James,122
HI,M,1936,William,89
HI,M,1936,John,86
HI,M,1936,Donald,72
HI,M,1936,Stanley,72
HI,M,1936,Kenneth,69
HI,M,1936,Joseph,68
HI,M,1937,Robert,166
HI,M,1937,Richard,137
HI,M,1937,George,134
HI,M,1937,James,123
HI,M,1937,John,105
HI,M,1937,William,92
HI,M,1937,Ronald,81
HI,M,1937,Stanley,79
HI,M,1937,Joseph,76
HI,M,1937,Edward,73
HI,M,1938,Robert,201
HI,M,1938,James,131
HI,M,1938,George,123
HI,M,1938,Richard,122
HI,M,1938,John,107
HI,M,1938,Kenneth,92
HI,M,1938,William,91
HI,M,1938,Edward,84
HI,M,1938,Stanley,83
HI,M,1938,Thomas,81
HI,M,1939,Robert,162
HI,M,1939,James,157
HI,M,1939,Richard,150
HI,M,1939,John,116
HI,M,1939,George,103
HI,M,1939,Roy,101
HI,M,1939,William,97
HI,M,1939,Kenneth,92
HI,M,1939,Stanley,83
HI,M,1939,Edward,79
HI,M,1940,Robert,169
HI,M,1940,James,140
HI,M,1940,Richard,140
HI,M,1940,George,124
HI,M,1940,John,117
HI,M,1940,Roy,112
HI,M,1940,Kenneth,109
HI,M,1940,William,88
HI,M,1940,Stanley,81
HI,M,1940,Edward,80
HI,M,1941,Robert,189
HI,M,1941,Richard,165
HI,M,1941,James,139
HI,M,1941,John,131
HI,M,1941,William,120
HI,M,1941,George,112
HI,M,1941,Ronald,100
HI,M,1941,Kenneth,97
HI,M,1941,Roy,96
HI,M,1941,Stanley,92
HI,M,1942,Robert,182
HI,M,1942,Richard,151
HI,M,1942,James,148
HI,M,1942,Ronald,121
HI,M,1942,William,121
HI,M,1942,George,112
HI,M,1942,John,107
HI,M,1942,Kenneth,96
HI,M,1942,David,87
HI,M,1942,Thomas,87
HI,M,1943,Robert,206
HI,M,1943,Ronald,166
HI,M,1943,James,159
HI,M,1943,Richard,148
HI,M,1943,John,135
HI,M,1943,George,119
HI,M,1943,Dennis,118
HI,M,1943,William,116
HI,M,1943,Michael,115
HI,M,1943,Roy,104
HI,M,1944,Robert,200
HI,M,1944,Dennis,149
HI,M,1944,James,149
HI,M,1944,Ronald,148
HI,M,1944,Richard,147
HI,M,1944,John,142
HI,M,1944,William,126
HI,M,1944,Thomas,109
HI,M,1944,George,103
HI,M,1944,Michael,102
HI,M,1945,Robert,196
HI,M,1945,James,158
HI,M,1945,John,152
HI,M,1945,Michael,141
HI,M,1945,Dennis,138
HI,M,1945,Ronald,135
HI,M,1945,Richard,134
HI,M,1945,William,115
HI,M,1945,Gary,108
HI,M,1945,George,103
HI,M,1946,Robert,197
HI,M,1946,John,171
HI,M,1946,Michael,165
HI,M,1946,Dennis,160
HI,M,1946,James,160
HI,M,1946,Ronald,144
HI,M,1946,William,130
HI,M,1946,Richard,125
HI,M,1946,Gary,120
HI,M,1946,Wayne,115
HI,M,1947,Robert,215
HI,M,1947,Michael,196
HI,M,1947,John,185
HI,M,1947,Dennis,173
HI,M,1947,James,171
HI,M,1947,Richard,165
HI,M,1947,Ronald,164
HI,M,1947,Glenn,152
HI,M,1947,William,150
HI,M,1947,Wayne,149
HI,M,1948,Michael,225
HI,M,1948,Robert,212
HI,M,1948,John,181
HI,M,1948,James,177
HI,M,1948,Dennis,154
HI,M,1948,David,152
HI,M,1948,Ronald,151
HI,M,1948,William,148
HI,M,1948,Richard,145
HI,M,1948,Glenn,123
HI,M,1949,Michael,251
HI,M,1949,Robert,208
HI,M,1949,John,173
HI,M,1949,James,166
HI,M,1949,William,146
HI,M,1949,Richard,141
HI,M,1949,Dennis,139
HI,M,1949,Wayne,133
HI,M,1949,Glenn,129
HI,M,1949,David,126
HI,M,1950,Michael,219
HI,M,1950,Robert,193
HI,M,1950,John,181
HI,M,1950,James,150
HI,M,1950,William,144
HI,M,1950,Richard,130
HI,M,1950,Wayne,128
HI,M,1950,Glenn,122
HI,M,1950,Dennis,121
HI,M,1950,David,118
HI,M,1951,Michael,241
HI,M,1951,Robert,186
HI,M,1951,John,170
HI,M,1951,James,156
HI,M,1951,David,147
HI,M,1951,Wayne,143
HI,M,1951,Gary,137
HI,M,1951,Glenn,136
HI,M,1951,William,130
HI,M,1951,Richard,109
HI,M,1952,Michael,235
HI,M,1952,Robert,200
HI,M,1952,John,185
HI,M,1952,James,160
HI,M,1952,David,153
HI,M,1952,Richard,142
HI,M,1952,William,135
HI,M,1952,Wayne,119
HI,M,1952,Gary,113
HI,M,1952,Steven,102
HI,M,1953,Michael,287
HI,M,1953,Robert,196
HI,M,1953,David,190
HI,M,1953,James,174
HI,M,1953,John,171
HI,M,1953,William,149
HI,M,1953,Richard,138
HI,M,1953,Gary,132
HI,M,1953,Wayne,118
HI,M,1953,Steven,116
HI,M,1954,Michael,289
HI,M,1954,Robert,211
HI,M,1954,John,193
HI,M,1954,David,171
HI,M,1954,Gary,164
HI,M,1954,William,153
HI,M,1954,James,148
HI,M,1954,Richard,143
HI,M,1954,Brian,99
HI,M,1954,Steven,99
HI,M,1955,Michael,309
HI,M,1955,David,218
HI,M,1955,Robert,215
HI,M,1955,John,187
HI,M,1955,William,181
HI,M,1955,James,161
HI,M,1955,Mark,132
HI,M,1955,Gary,126
HI,M,1955,Richard,120
HI,M,1955,Brian,114
HI,M,1956,Michael,305
HI,M,1956,Robert,234
HI,M,1956,John,230
HI,M,1956,David,198
HI,M,1956,James,190
HI,M,1956,William,169
HI,M,1956,Mark,167
HI,M,1956,Richard,128
HI,M,1956,Paul,112
HI,M,1956,Brian,108
HI,M,1957,Michael,325
HI,M,1957,Robert,229
HI,M,1957,John,220
HI,M,1957,David,200
HI,M,1957,James,198
HI,M,1957,Richard,163
HI,M,1957,Mark,160
HI,M,1957,William,155
HI,M,1957,Thomas,106
HI,M,1957,Paul,103
HI,M,1958,Michael,309
HI,M,1958,John,217
HI,M,1958,Robert,205
HI,M,1958,David,204
HI,M,1958,James,195
HI,M,1958,Mark,172
HI,M,1958,William,140
HI,M,1958,Richard,137
HI,M,1958,Thomas,98
HI,M,1958,Paul,93
HI,M,1959,Michael,260
HI,M,1959,David,257
HI,M,1959,Robert,221
HI,M,1959,John,202
HI,M,1959,James,166
HI,M,1959,William,158
HI,M,1959,Mark,147
HI,M,1959,Richard,131
HI,M,1959,Steven,106
HI,M,1959,Brian,102
HI,M,1960,David,245
HI,M,1960,Michael,245
HI,M,1960,John,234
HI,M,1960,Robert,197
HI,M,1960,Mark,177
HI,M,1960,James,174
HI,M,1960,William,139
HI,M,1960,Richard,127
HI,M,1960,Brian,119
HI,M,1960,Steven,114
HI,M,1961,Michael,283
HI,M,1961,John,232
HI,M,1961,David,226
HI,M,1961,Mark,211
HI,M,1961,Robert,198
HI,M,1961,James,191
HI,M,1961,William,145
HI,M,1961,Kevin,134
HI,M,1961,Richard,122
HI,M,1961,Brian,119
HI,M,1962,Michael,288
HI,M,1962,David,248
HI,M,1962,John,218
HI,M,1962,Robert,209
HI,M,1962,Mark,199
HI,M,1962,James,181
HI,M,1962,William,138
HI,M,1962,Kevin,124
HI,M,1962,Brian,115
HI,M,1962,Richard,113
HI,M,1963,Michael,268
HI,M,1963,David,253
HI,M,1963,John,239
HI,M,1963,James,215
HI,M,1963,Robert,211
HI,M,1963,Mark,159
HI,M,1963,William,136
HI,M,1963,Paul,130
HI,M,1963,Richard,115
HI,M,1963,Kevin,110
HI,M,1964,Michael,306
HI,M,1964,David,262
HI,M,1964,John,246
HI,M,1964,James,207
HI,M,1964,Robert,203
HI,M,1964,Mark,165
HI,M,1964,William,147
HI,M,1964,Richard,134
HI,M,1964,Brian,101
HI,M,1964,Kevin,101
HI,M,1965,Michael,242
HI,M,1965,John,234
HI,M,1965,Robert,204
HI,M,1965,David,203
HI,M,1965,James,197
HI,M,1965,Mark,140
HI,M,1965,Paul,120
HI,M,1965,Kevin,119
HI,M,1965,William,118
HI,M,1965,Richard,115
HI,M,1966,Michael,234
HI,M,1966,David,191
HI,M,1966,John,183
HI,M,1966,Robert,176
HI,M,1966,James,141
HI,M,1966,Richard,115
HI,M,1966,William,115
HI,M,1966,Mark,111
HI,M,1966,Kevin,104
HI,M,1966,Joseph,101
HI,M,1967,Michael,254
HI,M,1967,David,200
HI,M,1967,John,180
HI,M,1967,Robert,172
HI,M,1967,James,147
HI,M,1967,Mark,121
HI,M,1967,William,120
HI,M,1967,Kevin,106
HI,M,1967,Richard,106
HI,M,1967,Scott,103
HI,M,1968,Michael,252
HI,M,1968,David,184
HI,M,1968,John,182
HI,M,1968,James,155
HI,M,1968,Robert,153
HI,M,1968,Mark,139
HI,M,1968,William,115
HI,M,1968,Christopher,110
HI,M,1968,Kevin,107
HI,M,1968,Scott,91
HI,M,1969,Michael,252
HI,M,1969,David,214
HI,M,1969,Robert,200
HI,M,1969,John,184
HI,M,1969,James,158
HI,M,1969,Mark,130
HI,M,1969,Jason,120
HI,M,1969,Kevin,117
HI,M,1969,Richard,117
HI,M,1969,Scott,107
HI,M,1970,Michael,267
HI,M,1970,David,217
HI,M,1970,John,185
HI,M,1970,James,173
HI,M,1970,Robert,170
HI,M,1970,Jason,167
HI,M,1970,William,140
HI,M,1970,Mark,136
HI,M,1970,Kevin,127
HI,M,1970,Christopher,119
HI,M,1971,Michael,236
HI,M,1971,David,190
HI,M,1971,Jason,178
HI,M,1971,John,152
HI,M,1971,Christopher,148
HI,M,1971,Robert,146
HI,M,1971,James,141
HI,M,1971,Scott,114
HI,M,1971,Chad,107
HI,M,1971,William,100
HI,M,1972,Michael,234
HI,M,1972,Jason,166
HI,M,1972,Christopher,165
HI,M,1972,David,159
HI,M,1972,John,154
HI,M,1972,Robert,146
HI,M,1972,James,132
HI,M,1972,Richard,101
HI,M,1972,Chad,100
HI,M,1972,Brian,97
HI,M,1973,Michael,217
HI,M,1973,Jason,179
HI,M,1973,John,172
HI,M,1973,David,155
HI,M,1973,Christopher,144
HI,M,1973,Robert,136
HI,M,1973,Ryan,109
HI,M,1973,James,106
HI,M,1973,Brian,105
HI,M,1973,William,97
HI,M,1974,Michael,232
HI,M,1974,Jason,223
HI,M,1974,Christopher,177
HI,M,1974,David,153
HI,M,1974,John,133
HI,M,1974,Robert,129
HI,M,1974,James,121
HI,M,1974,Daniel,108
HI,M,1974,Ryan,97
HI,M,1974,William,96
HI,M,1975,Michael,233
HI,M,1975,Jason,221
HI,M,1975,Christopher,192
HI,M,1975,David,152
HI,M,1975,John,147
HI,M,1975,James,126
HI,M,1975,Robert,118
HI,M,1975,Ryan,106
HI,M,1975,William,102
HI,M,1975,Daniel,93
HI,M,1976,Michael,230
HI,M,1976,Jason,182
HI,M,1976,Christopher,175
HI,M,1976,David,167
HI,M,1976,John,142
HI,M,1976,Ryan,132
HI,M,1976,James,131
HI,M,1976,Robert,127
HI,M,1976,Brandon,108
HI,M,1976,Daniel,94
HI,M,1977,Michael,207
HI,M,1977,Jason,193
HI,M,1977,Christopher,188
HI,M,1977,David,155
HI,M,1977,Ryan,144
HI,M,1977,James,140
HI,M,1977,Robert,123
HI,M,1977,John,121
HI,M,1977,Brandon,103
HI,M,1977,Kevin,103
HI,M,1978,Jason,203
HI,M,1978,Michael,198
HI,M,1978,Christopher,185
HI,M,1978,David,166
HI,M,1978,Ryan,137
HI,M,1978,James,126
HI,M,1978,Daniel,120
HI,M,1978,Matthew,113
HI,M,1978,Robert,112
HI,M,1978,Joshua,104
HI,M,1979,Michael,234
HI,M,1979,Jason,215
HI,M,1979,Christopher,210
HI,M,1979,David,159
HI,M,1979,Ryan,140
HI,M,1979,James,133
HI,M,1979,John,129
HI,M,1979,Robert,128
HI,M,1979,Joshua,121
HI,M,1979,Daniel,99
HI,M,1980,Michael,227
HI,M,1980,Jason,203
HI,M,1980,Christopher,183
HI,M,1980,David,166
HI,M,1980,James,139
HI,M,1980,Ryan,137
HI,M,1980,Robert,134
HI,M,1980,Jonathan,131
HI,M,1980,Justin,131
HI,M,1980,Brandon,122
HI,M,1981,Michael,212
HI,M,1981,Christopher,200
HI,M,1981,Jason,194
HI,M,1981,David,164
HI,M,1981,Jonathan,152
HI,M,1981,Justin,150
HI,M,1981,Ryan,149
HI,M,1981,Brandon,148
HI,M,1981,Joshua,145
HI,M,1981,Robert,131
HI,M,1982,Christopher,265
HI,M,1982,Michael,250
HI,M,1982,David,195
HI,M,1982,Jason,180
HI,M,1982,Justin,157
HI,M,1982,Ryan,152
HI,M,1982,Matthew,146
HI,M,1982,Joshua,145
HI,M,1982,Brandon,141
HI,M,1982,Jonathan,130
HI,M,1983,Christopher,267
HI,M,1983,Michael,252
HI,M,1983,Justin,170
HI,M,1983,Jason,168
HI,M,1983,Matthew,165
HI,M,1983,Ryan,164
HI,M,1983,Joshua,153
HI,M,1983,David,145
HI,M,1983,Brandon,140
HI,M,1983,James,130
HI,M,1984,Christopher,242
HI,M,1984,Michael,240
HI,M,1984,Joshua,185
HI,M,1984,Matthew,185
HI,M,1984,Justin,160
HI,M,1984,Ryan,157
HI,M,1984,David,153
HI,M,1984,Daniel,142
HI,M,1984,Jason,138
HI,M,1984,Brandon,134
HI,M,1985,Christopher,239
HI,M,1985,Michael,224
HI,M,1985,Joshua,179
HI,M,1985,Justin,155
HI,M,1985,Matthew,144
HI,M,1985,David,137
HI,M,1985,Daniel,131
HI,M,1985,Brandon,126
HI,M,1985,Jason,124
HI,M,1985,Ryan,124
HI,M,1986,Michael,246
HI,M,1986,Christopher,217
HI,M,1986,Ryan,174
HI,M,1986,Matthew,171
HI,M,1986,Joshua,165
HI,M,1986,Justin,152
HI,M,1986,Brandon,151
HI,M,1986,David,121
HI,M,1986,James,120
HI,M,1986,Robert,106
HI,M,1987,Christopher,232
HI,M,1987,Michael,190
HI,M,1987,Matthew,180
HI,M,1987,Joshua,172
HI,M,1987,Justin,168
HI,M,1987,Ryan,146
HI,M,1987,Brandon,132
HI,M,1987,Daniel,119
HI,M,1987,James,118
HI,M,1987,David,116
HI,M,1988,Michael,199
HI,M,1988,Joshua,191
HI,M,1988,Christopher,188
HI,M,1988,Matthew,163
HI,M,1988,Justin,157
HI,M,1988,Ryan,137
HI,M,1988,Brandon,126
HI,M,1988,James,120
HI,M,1988,David,117
HI,M,1988,Andrew,111
HI,M,1989,Joshua,221
HI,M,1989,Michael,212
HI,M,1989,Christopher,187
HI,M,1989,Matthew,145
HI,M,1989,Justin,136
HI,M,1989,Ryan,127
HI,M,1989,Daniel,116
HI,M,1989,Andrew,110
HI,M,1989,David,110
HI,M,1989,Jonathan,109
HI,M,1990,Joshua,212
HI,M,1990,Michael,205
HI,M,1990,Christopher,181
HI,M,1990,Justin,169
HI,M,1990,Matthew,143
HI,M,1990,Jordan,135
HI,M,1990,Ryan,125
HI,M,1990,Brandon,120
HI,M,1990,James,120
HI,M,1990,Daniel,117
HI,M,1991,Joshua,194
HI,M,1991,Michael,185
HI,M,1991,Matthew,155
HI,M,1991,Christopher,152
HI,M,1991,Ryan,142
HI,M,1991,Justin,139
HI,M,1991,Nicholas,116
HI,M,1991,Jordan,115
HI,M,1991,Andrew,112
HI,M,1991,David,107
HI,M,1992,Joshua,182
HI,M,1992,Michael,175
HI,M,1992,Christopher,149
HI,M,1992,Matthew,140
HI,M,1992,Brandon,128
HI,M,1992,Ryan,128
HI,M,1992,Jordan,122
HI,M,1992,David,120
HI,M,1992,Justin,117
HI,M,1992,Daniel,106
HI,M,1993,Joshua,179
HI,M,1993,Michael,157
HI,M,1993,Matthew,145
HI,M,1993,Christopher,132
HI,M,1993,Brandon,130
HI,M,1993,Tyler,119
HI,M,1993,Justin,118
HI,M,1993,Ryan,118
HI,M,1993,Nicholas,102
HI,M,1993,Joseph,101
HI,M,1994,Joshua,155
HI,M,1994,Tyler,146
HI,M,1994,Michael,142
HI,M,1994,Brandon,122
HI,M,1994,Justin,120
HI,M,1994,Jacob,117
HI,M,1994,Ryan,109
HI,M,1994,Christopher,104
HI,M,1994,Daniel,102
HI,M,1994,Nicholas,102
HI,M,1995,Joshua,145
HI,M,1995,Michael,140
HI,M,1995,Tyler,116
HI,M,1995,Matthew,114
HI,M,1995,Brandon,112
HI,M,1995,Justin,106
HI,M,1995,Jacob,98
HI,M,1995,Nicholas,97
HI,M,1995,Christopher,95
HI,M,1995,Ryan,90
HI,M,1996,Joshua,152
HI,M,1996,Michael,120
HI,M,1996,Brandon,116
HI,M,1996,Nicholas,105
HI,M,1996,Tyler,99
HI,M,1996,Christopher,97
HI,M,1996,Justin,97
HI,M,1996,Austin,95
HI,M,1996,Matthew,95
HI,M,1996,Jordan,93
HI,M,1997,Joshua,161
HI,M,1997,Michael,115
HI,M,1997,Tyler,115
HI,M,1997,Justin,105
HI,M,1997,Jacob,94
HI,M,1997,Jordan,89
HI,M,1997,Brandon,85
HI,M,1997,Noah,85
HI,M,1997,Nicholas,81
HI,M,1997,Matthew,78
HI,M,1998,Joshua,135
HI,M,1998,Matthew,103
HI,M,1998,Noah,100
HI,M,1998,Austin,83
HI,M,1998,Christian,83
HI,M,1998,Jacob,83
HI,M,1998,Brandon,81
HI,M,1998,Christopher,79
HI,M,1998,Justin,79
HI,M,1998,Tyler,78
HI,M,1999,Joshua,127
HI,M,1999,Noah,108
HI,M,1999,Justin,92
HI,M,1999,Dylan,85
HI,M,1999,Tyler,85
HI,M,1999,Matthew,84
HI,M,1999,Isaiah,78
HI,M,1999,Christopher,77
HI,M,1999,Michael,77
HI,M,1999,Jacob,73
HI,M,2000,Joshua,131
HI,M,2000,Noah,115
HI,M,2000,Jacob,102
HI,M,2000,Justin,93
HI,M,2000,Matthew,87
HI,M,2000,Michael,84
HI,M,2000,Dylan,78
HI,M,2000,Christian,76
HI,M,2000,Brandon,73
HI,M,2000,Isaiah,70
HI,M,2001,Joshua,108
HI,M,2001,Jacob,90
HI,M,2001,Matthew,79
HI,M,2001,Noah,79
HI,M,2001,Dylan,71
HI,M,2001,Elijah,71
HI,M,2001,Isaiah,67
HI,M,2001,Micah,65
HI,M,2001,Michael,65
HI,M,2001,Ryan,65
HI,M,2002,Joshua,124
HI,M,2002,Ethan,93
HI,M,2002,Noah,88
HI,M,2002,Isaiah,79
HI,M,2002,Jacob,78
HI,M,2002,Matthew,78
HI,M,2002,Michael,73
HI,M,2002,Tyler,71
HI,M,2002,Elijah,70
HI,M,2002,Christian,61
HI,M,2003,Joshua,104
HI,M,2003,Jacob,97
HI,M,2003,Noah,97
HI,M,2003,Ethan,83
HI,M,2003,Dylan,82
HI,M,2003,Isaiah,81
HI,M,2003,Michael,73
HI,M,2003,Elijah,71
HI,M,2003,Matthew,68
HI,M,2003,Christian,63
HI,M,2004,Joshua,113
HI,M,2004,Noah,98
HI,M,2004,Ethan,86
HI,M,2004,Jacob,82
HI,M,2004,Elijah,79
HI,M,2004,Matthew,78
HI,M,2004,Michael,74
HI,M,2004,Tyler,71
HI,M,2004,Dylan,63
HI,M,2004,Micah,57
HI,M,2005,Joshua,95
HI,M,2005,Jacob,90
HI,M,2005,Noah,86
HI,M,2005,Ethan,72
HI,M,2005,Elijah,67
HI,M,2005,Isaiah,67
HI,M,2005,Matthew,66
HI,M,2005,Dylan,59
HI,M,2005,Tyler,59
HI,M,2005,Alexander,53
HI,M,2006,Noah,96
HI,M,2006,Joshua,90
HI,M,2006,Ethan,78
HI,M,2006,Dylan,73
HI,M,2006,Jacob,68
HI,M,2006,Elijah,67
HI,M,2006,Tyler,67
HI,M,2006,Logan,63
HI,M,2006,Isaiah,60
HI,M,2006,Caleb,59
HI,M,2007,Noah,100
HI,M,2007,Ethan,83
HI,M,2007,Joshua,74
HI,M,2007,Isaiah,67
HI,M,2007,Elijah,63
HI,M,2007,Logan,62
HI,M,2007,Dylan,61
HI,M,2007,Jacob,61
HI,M,2007,Jayden,58
HI,M,2007,Tyler,55
HI,M,2008,Ethan,87
HI,M,2008,Noah,80
HI,M,2008,Isaiah,78
HI,M,2008,Jayden,75
HI,M,2008,Elijah,73
HI,M,2008,Joshua,70
HI,M,2008,Jacob,65
HI,M,2008,Aiden,60
HI,M,2008,Tyler,57
HI,M,2008,James,55
HI,M,2009,Ethan,86
HI,M,2009,Noah,76
HI,M,2009,Jayden,66
HI,M,2009,Joshua,63
HI,M,2009,Jacob,62
HI,M,2009,Caleb,61
HI,M,2009,Elijah,61
HI,M,2009,Aiden,57
HI,M,2009,Gabriel,54
HI,M,2009,Isaiah,54
HI,M,2010,Noah,88
HI,M,2010,Jacob,73
HI,M,2010,Elijah,63
HI,M,2010,Joshua,57
HI,M,2010,Ethan,56
HI,M,2010,Aiden,53
HI,M,2010,Logan,52
HI,M,2010,Caleb,51
HI,M,2010,Dylan,51
HI,M,2010,Gabriel,50
HI,M,2011,Noah,90
HI,M,2011,Mason,89
HI,M,2011,Elijah,80
HI,M,2011,Aiden,73
HI,M,2011,Ethan,68
HI,M,2011,Jacob,67
HI,M,2011,Alexander,60
HI,M,2011,Liam,59
HI,M,2011,Logan,59
HI,M,2011,Isaiah,58
HI,M,2012,Ethan,85
HI,M,2012,Noah,78
HI,M,2012,Mason,73
HI,M,2012,Elijah,71
HI,M,2012,Logan,63
HI,M,2012,Jacob,57
HI,M,2012,Liam,56
HI,M,2012,James,52
HI,M,2012,Aiden,49
HI,M,2012,Daniel,49
HI,M,2013,Liam,86
HI,M,2013,Mason,80
HI,M,2013,Noah,70
HI,M,2013,Ethan,66
HI,M,2013,Logan,66
HI,M,2013,William,63
HI,M,2013,Alexander,56
HI,M,2013,Elijah,56
HI,M,2013,Aiden,53
HI,M,2013,Jayden,53
HI,M,2014,Noah,100
HI,M,2014,Liam,77
HI,M,2014,Mason,71
HI,M,2014,Aiden,62
HI,M,2014,Alexander,61
HI,M,2014,Ethan,57
HI,M,2014,William,52
HI,M,2014,James,51
HI,M,2014,Logan,51
HI,M,2014,Ezekiel,49
HI,M,2015,Noah,77
HI,M,2015,Liam,75
HI,M,2015,Mason,66
HI,M,2015,Ethan,52
HI,M,2015,Ezekiel,52
HI,M,2015,Aiden,51
HI,M,2015,William,51
HI,M,2015,Elijah,50
HI,M,2015,Logan,50
HI,M,2015,Caleb,46
HI,M,2016,Noah,78
HI,M,2016,Liam,70
HI,M,2016,Elijah,60
HI,M,2016,Ethan,60
HI,M,2016,William,55
HI,M,2016,Logan,51
HI,M,2016,Luke,51
HI,M,2016,Aiden,49
HI,M,2016,Ezekiel,49
HI,M,2016,James,49
HI,M,2017,Liam,78
HI,M,2017,Noah,65
HI,M,2017,Mason,60
HI,M,2017,Elijah,56
HI,M,2017,Logan,55
HI,M,2017,Ethan,52
HI,M,2017,Ezekiel,51
HI,M,2017,Luke,44
HI,M,2017,James,43
HI,M,2017,Ezra,42
HI,M,2018,Liam,81
HI,M,2018,Noah,70
HI,M,2018,Elijah,51
HI,M,2018,Logan,49
HI,M,2018,Ethan,46
HI,M,2018,Lucas,46
HI,M,2018,Ezra,45
HI,M,2018,Mason,45
HI,M,2018,Oliver,41
HI,M,2018,Joseph,40
HI,M,2019,Noah,77
HI,M,2019,Liam,74
HI,M,2019,Mason,60
HI,M,2019,Elijah,55
HI,M,2019,Ezekiel,49
HI,M,2019,Lucas,47
HI,M,2019,Ethan,46
HI,M,2019,Kai,43
HI,M,2019,Logan,40
HI,M,2019,Luke,39
