ID,F,1920,Mary,209
ID,F,1920,Dorothy,168
ID,F,1920,Helen,161
ID,F,1920,Ruth,126
ID,F,1920,Margaret,108
ID,F,1920,Betty,99
ID,F,1920,Marjorie,71
ID,F,1920,Virginia,70
ID,F,1920,Doris,63
ID,F,1920,Frances,63
ID,F,1921,Mary,207
ID,F,1921,Dorothy,167
ID,F,1921,Helen,154
ID,F,1921,Ruth,143
ID,F,1921,Betty,101
ID,F,1921,Margaret,99
ID,F,1921,Marjorie,87
ID,F,1921,Virginia,73
ID,F,1921,Evelyn,68
ID,F,1921,Lois,64
ID,F,1922,Mary,223
ID,F,1922,Dorothy,148
ID,F,1922,Helen,140
ID,F,1922,Betty,134
ID,F,1922,Ruth,113
ID,F,1922,Margaret,97
ID,F,1922,Marjorie,81
ID,F,1922,Virginia,75
ID,F,1922,Alice,57
ID,F,1922,Doris,56
ID,F,1923,Mary,195
ID,F,1923,Betty,173
ID,F,1923,Dorothy,146
ID,F,1923,Ruth,112
ID,F,1923,Helen,110
ID,F,1923,Margaret,102
ID,F,1923,Marjorie,68
ID,F,1923,Barbara,66
ID,F,1923,Virginia,62
ID,F,1923,Norma,61
ID,F,1924,Mary,180
ID,F,1924,Betty,173
ID,F,1924,Dorothy,162
ID,F,1924,Helen,124
ID,F,1924,Margaret,93
ID,F,1924,Ruth,85
ID,F,1924,Marjorie,74
ID,F,1924,Virginia,69
ID,F,1924,Doris,61
ID,F,1924,Shirley,61
ID,F,1925,Betty,219
ID,F,1925,Mary,169
ID,F,1925,Dorothy,134
ID,F,1925,Helen,95
ID,F,1925,Ruth,93
ID,F,1925,Margaret,84
ID,F,1925,Lois,74
ID,F,1925,Shirley,63
ID,F,1925,Barbara,59
ID,F,1925,Doris,59
ID,F,1926,Betty,175
ID,F,1926,Mary,135
ID,F,1926,Dorothy,119
ID,F,1926,Helen,116
ID,F,1926,Barbara,88
ID,F,1926,Ruth,75
ID,F,1926,Shirley,74
ID,F,1926,Lois,70
ID,F,1926,Margaret,69
ID,F,1926,Donna,61
ID,F,1927,Betty,209
ID,F,1927,Mary,142
ID,F,1927,Dorothy,121
ID,F,1927,Barbara,96
ID,F,1927,Donna,92
ID,F,1927,Helen,87
ID,F,1927,Lois,84
ID,F,1927,Marjorie,60
ID,F,1927,Norma,60
ID,F,1927,Shirley,60
ID,F,1928,Betty,174
ID,F,1928,Mary,147
ID,F,1928,Dorothy,137
ID,F,1928,Barbara,100
ID,F,1928,Donna,95
ID,F,1928,Shirley,87
ID,F,1928,Lois,82
ID,F,1928,Helen,80
ID,F,1928,Doris,66
ID,F,1928,Margaret,59
ID,F,1929,Betty,172
ID,F,1929,Mary,151
ID,F,1929,Barbara,108
ID,F,1929,Donna,93
ID,F,1929,Shirley,92
ID,F,1929,Dorothy,80
ID,F,1929,Patricia,70
ID,F,1929,Helen,62
ID,F,1929,Lois,62
ID,F,1929,Beverly,56
ID,F,1930,Betty,199
ID,F,1930,Mary,125
ID,F,1930,Barbara,123
ID,F,1930,Dorothy,98
ID,F,1930,Shirley,93
ID,F,1930,Donna,91
ID,F,1930,Joyce,76
ID,F,1930,Helen,62
ID,F,1930,Lois,58
ID,F,1930,Norma,58
ID,F,1931,Mary,159
ID,F,1931,Betty,139
ID,F,1931,Barbara,118
ID,F,1931,Donna,107
ID,F,1931,Shirley,100
ID,F,1931,Dorothy,97
ID,F,1931,Joyce,72
ID,F,1931,Patricia,64
ID,F,1931,Lois,62
ID,F,1931,Beverly,59
ID,F,1932,Mary,145
ID,F,1932,Betty,132
ID,F,1932,Donna,104
ID,F,1932,Barbara,103
ID,F,1932,Shirley,83
ID,F,1932,Dorothy,72
ID,F,1932,Beverly,67
ID,F,1932,Helen,65
ID,F,1932,Patricia,65
ID,F,1932,Joan,64
ID,F,1933,Mary,135
ID,F,1933,Barbara,133
ID,F,1933,Betty,130
ID,F,1933,Shirley,93
ID,F,1933,Donna,84
ID,F,1933,Patricia,76
ID,F,1933,Dorothy,74
ID,F,1933,Carol,63
ID,F,1933,Lois,62
ID,F,1933,Joyce,56
ID,F,1934,Shirley,152
ID,F,1934,Barbara,124
ID,F,1934,Mary,120
ID,F,1934,Betty,113
ID,F,1934,Donna,104
ID,F,1934,Carol,89
ID,F,1934,Patricia,88
ID,F,1934,Joyce,79
ID,F,1934,Joan,70
ID,F,1934,Beverly,58
ID,F,1935,Shirley,209
ID,F,1935,Mary,136
ID,F,1935,Barbara,116
ID,F,1935,Donna,107
ID,F,1935,Betty,103
ID,F,1935,Beverly,79
ID,F,1935,Carol,79
ID,F,1935,Patricia,70
ID,F,1935,Marilyn,65
ID,F,1935,Joyce,60
ID,F,1936,Shirley,159
ID,F,1936,Mary,145
ID,F,1936,Barbara,137
ID,F,1936,Carol,103
ID,F,1936,Donna,99
ID,F,1936,Patricia,96
ID,F,1936,Sharon,89
ID,F,1936,Betty,78
ID,F,1936,Beverly,66
ID,F,1936,Joan,65
ID,F,1937,Mary,158
ID,F,1937,Barbara,124
ID,F,1937,Betty,116
ID,F,1937,Carol,112
ID,F,1937,Donna,111
ID,F,1937,Shirley,105
ID,F,1937,Patricia,93
ID,F,1937,Sharon,90
ID,F,1937,Beverly,71
ID,F,1937,Joyce,70
ID,F,1938,Mary,156
ID,F,1938,Barbara,151
ID,F,1938,Carol,149
ID,F,1938,Sharon,138
ID,F,1938,Shirley,118
ID,F,1938,Patricia,106
ID,F,1938,Donna,102
ID,F,1938,Betty,97
ID,F,1938,Beverly,76
ID,F,1938,Marilyn,70
ID,F,1939,Sharon,158
ID,F,1939,Barbara,152
ID,F,1939,Mary,144
ID,F,1939,Patricia,127
ID,F,1939,Carol,113
ID,F,1939,Donna,103
ID,F,1939,Shirley,85
ID,F,1939,Betty,73
ID,F,1939,Beverly,72
ID,F,1939,Karen,71
ID,F,1940,Sharon,211
ID,F,1940,Mary,144
ID,F,1940,Barbara,134
ID,F,1940,Carol,128
ID,F,1940,Patricia,114
ID,F,1940,Linda,112
ID,F,1940,Karen,93
ID,F,1940,Betty,85
ID,F,1940,Shirley,82
ID,F,1940,Donna,80
ID,F,1941,Sharon,171
ID,F,1941,Linda,164
ID,F,1941,Karen,134
ID,F,1941,Patricia,134
ID,F,1941,Mary,126
ID,F,1941,Carol,122
ID,F,1941,Barbara,119
ID,F,1941,Judy,118
ID,F,1941,Sandra,95
ID,F,1941,Judith,80
ID,F,1942,Sharon,206
ID,F,1942,Linda,195
ID,F,1942,Karen,154
ID,F,1942,Mary,150
ID,F,1942,Judy,134
ID,F,1942,Carol,128
ID,F,1942,Barbara,97
ID,F,1942,Sandra,97
ID,F,1942,Patricia,93
ID,F,1942,Donna,81
ID,F,1943,Linda,236
ID,F,1943,Sharon,188
ID,F,1943,Mary,162
ID,F,1943,Carol,159
ID,F,1943,Barbara,129
ID,F,1943,Judy,126
ID,F,1943,Karen,124
ID,F,1943,Patricia,107
ID,F,1943,Sandra,95
ID,F,1943,Nancy,84
ID,F,1944,Linda,265
ID,F,1944,Mary,174
ID,F,1944,Judy,165
ID,F,1944,Sharon,165
ID,F,1944,Carol,141
ID,F,1944,Karen,110
ID,F,1944,Barbara,101
ID,F,1944,Sandra,101
ID,F,1944,Patricia,96
ID,F,1944,Nancy,94
ID,F,1945,Linda,217
ID,F,1945,Mary,169
ID,F,1945,Carol,134
ID,F,1945,Judy,126
ID,F,1945,Karen,118
ID,F,1945,Sharon,118
ID,F,1945,Patricia,109
ID,F,1945,Barbara,99
ID,F,1945,Sandra,95
ID,F,1945,Susan,84
ID,F,1946,Linda,283
ID,F,1946,Mary,180
ID,F,1946,Carol,167
ID,F,1946,Sharon,146
ID,F,1946,Judy,137
ID,F,1946,Barbara,134
ID,F,1946,Sandra,132
ID,F,1946,Susan,132
ID,F,1946,Patricia,115
ID,F,1946,Karen,114
ID,F,1947,Linda,530
ID,F,1947,Mary,188
ID,F,1947,Sandra,151
ID,F,1947,Susan,142
ID,F,1947,Judy,140
ID,F,1947,Sharon,140
ID,F,1947,Carol,139
ID,F,1947,Patricia,128
ID,F,1947,Barbara,127
ID,F,1947,Nancy,119
ID,F,1948,Linda,429
ID,F,1948,Mary,177
ID,F,1948,Susan,164
ID,F,1948,Sandra,153
ID,F,1948,Patricia,143
ID,F,1948,Carol,135
ID,F,1948,Karen,133
ID,F,1948,Sharon,132
ID,F,1948,Barbara,131
ID,F,1948,Judy,127
ID,F,1949,Linda,415
ID,F,1949,Mary,198
ID,F,1949,Susan,190
ID,F,1949,Patricia,152
ID,F,1949,Sandra,134
ID,F,1949,Carol,133
ID,F,1949,Kathleen,127
ID,F,1949,Karen,125
ID,F,1949,Judy,116
ID,F,1949,Sharon,115
ID,F,1950,Linda,348
ID,F,1950,Susan,192
ID,F,1950,Mary,187
ID,F,1950,Patricia,159
ID,F,1950,Karen,139
ID,F,1950,Kathleen,133
ID,F,1950,Sandra,132
ID,F,1950,Connie,116
ID,F,1950,Nancy,112
ID,F,1950,Barbara,104
ID,F,1951,Linda,271
ID,F,1951,Susan,189
ID,F,1951,Mary,169
ID,F,1951,Patricia,160
ID,F,1951,Kathleen,138
ID,F,1951,Karen,130
ID,F,1951,Sandra,118
ID,F,1951,Debra,112
ID,F,1951,Carol,110
ID,F,1951,Barbara,108
ID,F,1952,Linda,247
ID,F,1952,Susan,206
ID,F,1952,Mary,185
ID,F,1952,Debra,175
ID,F,1952,Patricia,148
ID,F,1952,Karen,143
ID,F,1952,Nancy,117
ID,F,1952,Sandra,116
ID,F,1952,Deborah,114
ID,F,1952,Christine,106
ID,F,1953,Debra,223
ID,F,1953,Linda,203
ID,F,1953,Mary,184
ID,F,1953,Susan,181
ID,F,1953,Deborah,138
ID,F,1953,Patricia,130
ID,F,1953,Karen,120
ID,F,1953,Barbara,115
ID,F,1953,Kathleen,109
ID,F,1953,Pamela,108
ID,F,1954,Debra,251
ID,F,1954,Linda,200
ID,F,1954,Susan,198
ID,F,1954,Mary,159
ID,F,1954,Karen,157
ID,F,1954,Patricia,137
ID,F,1954,Pamela,132
ID,F,1954,Deborah,123
ID,F,1954,Barbara,104
ID,F,1954,Nancy,101
ID,F,1955,Debra,296
ID,F,1955,Susan,204
ID,F,1955,Mary,167
ID,F,1955,Linda,147
ID,F,1955,Patricia,122
ID,F,1955,Karen,120
ID,F,1955,Barbara,113
ID,F,1955,Pamela,113
ID,F,1955,Deborah,108
ID,F,1955,Nancy,105
ID,F,1956,Debra,231
ID,F,1956,Susan,178
ID,F,1956,Mary,157
ID,F,1956,Linda,152
ID,F,1956,Karen,122
ID,F,1956,Patricia,113
ID,F,1956,Sandra,110
ID,F,1956,Cynthia,100
ID,F,1956,Deborah,100
ID,F,1956,Pamela,99
ID,F,1957,Debra,200
ID,F,1957,Linda,170
ID,F,1957,Cindy,164
ID,F,1957,Susan,151
ID,F,1957,Mary,149
ID,F,1957,Cynthia,126
ID,F,1957,Julie,122
ID,F,1957,Karen,105
ID,F,1957,Cheryl,98
ID,F,1957,Pamela,96
ID,F,1958,Julie,157
ID,F,1958,Mary,154
ID,F,1958,Debra,145
ID,F,1958,Susan,145
ID,F,1958,Linda,126
ID,F,1958,Cindy,120
ID,F,1958,Karen,114
ID,F,1958,Kathy,101
ID,F,1958,Barbara,90
ID,F,1958,Cynthia,89
ID,F,1959,Susan,141
ID,F,1959,Julie,134
ID,F,1959,Mary,134
ID,F,1959,Cindy,127
ID,F,1959,Debra,120
ID,F,1959,Kathy,120
ID,F,1959,Linda,114
ID,F,1959,Lori,108
ID,F,1959,Debbie,107
ID,F,1959,Teresa,100
ID,F,1960,Lori,153
ID,F,1960,Linda,134
ID,F,1960,Mary,121
ID,F,1960,Julie,119
ID,F,1960,Teresa,116
ID,F,1960,Cindy,112
ID,F,1960,Brenda,111
ID,F,1960,Susan,110
ID,F,1960,Karen,105
ID,F,1960,Lisa,95
ID,F,1961,Lisa,137
ID,F,1961,Lori,136
ID,F,1961,Susan,135
ID,F,1961,Linda,120
ID,F,1961,Julie,112
ID,F,1961,Mary,110
ID,F,1961,Brenda,104
ID,F,1961,Karen,103
ID,F,1961,Teresa,101
ID,F,1961,Cindy,90
ID,F,1962,Lori,148
ID,F,1962,Lisa,142
ID,F,1962,Susan,123
ID,F,1962,Julie,118
ID,F,1962,Teresa,111
ID,F,1962,Brenda,107
ID,F,1962,Linda,103
ID,F,1962,Cindy,95
ID,F,1962,Karen,95
ID,F,1962,Mary,94
ID,F,1963,Lisa,184
ID,F,1963,Lori,134
ID,F,1963,Teresa,122
ID,F,1963,Susan,112
ID,F,1963,Brenda,106
ID,F,1963,Mary,99
ID,F,1963,Julie,95
ID,F,1963,Karen,92
ID,F,1963,Cindy,85
ID,F,1963,Debra,80
ID,F,1964,Lisa,160
ID,F,1964,Julie,109
ID,F,1964,Teresa,109
ID,F,1964,Mary,101
ID,F,1964,Lori,99
ID,F,1964,Susan,91
ID,F,1964,Brenda,75
ID,F,1964,Linda,69
ID,F,1964,Michelle,69
ID,F,1964,Tina,67
ID,F,1965,Lisa,172
ID,F,1965,Mary,98
ID,F,1965,Brenda,86
ID,F,1965,Julie,83
ID,F,1965,Lori,76
ID,F,1965,Susan,74
ID,F,1965,Teresa,68
ID,F,1965,Kimberly,65
ID,F,1965,Wendy,65
ID,F,1965,Angela,63
ID,F,1966,Lisa,187
ID,F,1966,Michelle,116
ID,F,1966,Julie,102
ID,F,1966,Kimberly,83
ID,F,1966,Brenda,80
ID,F,1966,Angela,76
ID,F,1966,Mary,66
ID,F,1966,Teresa,64
ID,F,1966,Lori,62
ID,F,1966,Susan,62
ID,F,1967,Lisa,170
ID,F,1967,Michelle,96
ID,F,1967,Kimberly,94
ID,F,1967,Julie,78
ID,F,1967,Angela,74
ID,F,1967,Susan,68
ID,F,1967,Teresa,64
ID,F,1967,Wendy,64
ID,F,1967,Lori,63
ID,F,1967,Tammy,62
ID,F,1968,Michelle,154
ID,F,1968,Lisa,133
ID,F,1968,Angela,83
ID,F,1968,Lori,72
ID,F,1968,Amy,69
ID,F,1968,Julie,68
ID,F,1968,Tina,68
ID,F,1968,Wendy,67
ID,F,1968,Kimberly,59
ID,F,1968,Melissa,59
ID,F,1969,Lisa,152
ID,F,1969,Michelle,123
ID,F,1969,Jennifer,92
ID,F,1969,Julie,91
ID,F,1969,Kimberly,88
ID,F,1969,Angela,86
ID,F,1969,Amy,83
ID,F,1969,Wendy,72
ID,F,1969,Lori,71
ID,F,1969,Stephanie,64
ID,F,1970,Jennifer,141
ID,F,1970,Angela,124
ID,F,1970,Lisa,119
ID,F,1970,Michelle,111
ID,F,1970,Kimberly,102
ID,F,1970,Amy,101
ID,F,1970,Heather,73
ID,F,1970,Wendy,72
ID,F,1970,Stephanie,69
ID,F,1970,Lori,63
ID,F,1971,Jennifer,186
ID,F,1971,Michelle,131
ID,F,1971,Angela,115
ID,F,1971,Lisa,102
ID,F,1971,Heather,90
ID,F,1971,Kimberly,88
ID,F,1971,Amy,81
ID,F,1971,Stephanie,73
ID,F,1971,Julie,71
ID,F,1971,Melissa,71
ID,F,1972,Jennifer,279
ID,F,1972,Heather,126
ID,F,1972,Angela,120
ID,F,1972,Michelle,115
ID,F,1972,Amy,109
ID,F,1972,Lisa,98
ID,F,1972,Kimberly,91
ID,F,1972,Nicole,72
ID,F,1972,Stephanie,72
ID,F,1972,Melissa,66
ID,F,1973,Jennifer,306
ID,F,1973,Amy,139
ID,F,1973,Heather,117
ID,F,1973,Angela,112
ID,F,1973,Michelle,110
ID,F,1973,Rebecca,100
ID,F,1973,Stephanie,87
ID,F,1973,Lisa,83
ID,F,1973,Kimberly,77
ID,F,1973,Melissa,76
ID,F,1974,Jennifer,303
ID,F,1974,Heather,168
ID,F,1974,Amy,153
ID,F,1974,Angela,135
ID,F,1974,Michelle,111
ID,F,1974,Lisa,93
ID,F,1974,Melissa,91
ID,F,1974,Sarah,88
ID,F,1974,Rebecca,83
ID,F,1974,Kimberly,74
ID,F,1975,Jennifer,295
ID,F,1975,Amy,217
ID,F,1975,Angela,149
ID,F,1975,Heather,149
ID,F,1975,Melissa,109
ID,F,1975,Michelle,109
ID,F,1975,Kimberly,83
ID,F,1975,Lisa,77
ID,F,1975,Sarah,76
ID,F,1975,Rebecca,73
ID,F,1976,Jennifer,329
ID,F,1976,Amy,189
ID,F,1976,Heather,148
ID,F,1976,Angela,142
ID,F,1976,Melissa,118
ID,F,1976,Jamie,111
ID,F,1976,Jessica,100
ID,F,1976,Stephanie,96
ID,F,1976,Lisa,94
ID,F,1976,Amanda,89
ID,F,1977,Jennifer,295
ID,F,1977,Amy,157
ID,F,1977,Heather,153
ID,F,1977,Melissa,139
ID,F,1977,Sarah,136
ID,F,1977,Angela,134
ID,F,1977,Jessica,132
ID,F,1977,Amanda,107
ID,F,1977,Rebecca,107
ID,F,1977,Michelle,95
ID,F,1978,Jennifer,334
ID,F,1978,Jessica,162
ID,F,1978,Melissa,155
ID,F,1978,Sarah,153
ID,F,1978,Amy,148
ID,F,1978,Heather,143
ID,F,1978,Angela,142
ID,F,1978,Amanda,132
ID,F,1978,Michelle,97
ID,F,1978,Lisa,94
ID,F,1979,Jennifer,293
ID,F,1979,Amanda,176
ID,F,1979,Melissa,176
ID,F,1979,Heather,157
ID,F,1979,Sarah,156
ID,F,1979,Jessica,127
ID,F,1979,Angela,123
ID,F,1979,Amber,122
ID,F,1979,Amy,119
ID,F,1979,Stephanie,114
ID,F,1980,Jennifer,292
ID,F,1980,Amanda,210
ID,F,1980,Sarah,181
ID,F,1980,Melissa,176
ID,F,1980,Jessica,166
ID,F,1980,Heather,135
ID,F,1980,Angela,129
ID,F,1980,Amber,124
ID,F,1980,Amy,116
ID,F,1980,Lisa,100
ID,F,1981,Jennifer,281
ID,F,1981,Jessica,198
ID,F,1981,Sarah,194
ID,F,1981,Amanda,182
ID,F,1981,Melissa,156
ID,F,1981,Amber,150
ID,F,1981,Heather,112
ID,F,1981,Stephanie,109
ID,F,1981,Amy,106
ID,F,1981,Rebecca,106
ID,F,1982,Jennifer,269
ID,F,1982,Jessica,220
ID,F,1982,Amanda,215
ID,F,1982,Sarah,156
ID,F,1982,Melissa,141
ID,F,1982,Amber,127
ID,F,1982,Amy,125
ID,F,1982,Stephanie,112
ID,F,1982,Heather,108
ID,F,1982,Rebecca,104
ID,F,1983,Jennifer,219
ID,F,1983,Jessica,216
ID,F,1983,Amanda,202
ID,F,1983,Ashley,155
ID,F,1983,Sarah,134
ID,F,1983,Amber,124
ID,F,1983,Heather,117
ID,F,1983,Melissa,117
ID,F,1983,Stephanie,99
ID,F,1983,Nicole,97
ID,F,1984,Jennifer,262
ID,F,1984,Jessica,239
ID,F,1984,Amanda,183
ID,F,1984,Ashley,151
ID,F,1984,Sarah,142
ID,F,1984,Megan,121
ID,F,1984,Heather,115
ID,F,1984,Melissa,110
ID,F,1984,Stephanie,106
ID,F,1984,Amber,105
ID,F,1985,Jessica,236
ID,F,1985,Amanda,195
ID,F,1985,Jennifer,163
ID,F,1985,Ashley,161
ID,F,1985,Sarah,136
ID,F,1985,Megan,118
ID,F,1985,Heather,116
ID,F,1985,Stephanie,109
ID,F,1985,Amber,101
ID,F,1985,Melissa,96
ID,F,1986,Jessica,220
ID,F,1986,Ashley,188
ID,F,1986,Amanda,157
ID,F,1986,Jennifer,143
ID,F,1986,Sarah,119
ID,F,1986,Amber,113
ID,F,1986,Megan,97
ID,F,1986,Stephanie,97
ID,F,1986,Heather,96
ID,F,1986,Melissa,86
ID,F,1987,Jessica,218
ID,F,1987,Ashley,201
ID,F,1987,Amanda,194
ID,F,1987,Sarah,129
ID,F,1987,Jennifer,127
ID,F,1987,Melissa,98
ID,F,1987,Whitney,94
ID,F,1987,Megan,93
ID,F,1987,Samantha,91
ID,F,1987,Kayla,90
ID,F,1988,Jessica,238
ID,F,1988,Amanda,193
ID,F,1988,Ashley,171
ID,F,1988,Sarah,105
ID,F,1988,Jennifer,103
ID,F,1988,Heather,100
ID,F,1988,Megan,91
ID,F,1988,Stephanie,88
ID,F,1988,Kayla,87
ID,F,1988,Samantha,81
ID,F,1989,Jessica,208
ID,F,1989,Ashley,161
ID,F,1989,Amanda,153
ID,F,1989,Sarah,113
ID,F,1989,Brittany,108
ID,F,1989,Samantha,96
ID,F,1989,Megan,95
ID,F,1989,Elizabeth,87
ID,F,1989,Heather,80
ID,F,1989,Kayla,79
ID,F,1990,Jessica,186
ID,F,1990,Ashley,175
ID,F,1990,Amanda,146
ID,F,1990,Megan,111
ID,F,1990,Sarah,110
ID,F,1990,Kayla,102
ID,F,1990,Samantha,100
ID,F,1990,Stephanie,84
ID,F,1990,Brittany,80
ID,F,1990,Nicole,76
ID,F,1991,Jessica,207
ID,F,1991,Ashley,174
ID,F,1991,Amanda,125
ID,F,1991,Sarah,105
ID,F,1991,Samantha,98
ID,F,1991,Megan,95
ID,F,1991,Kayla,94
ID,F,1991,Jennifer,84
ID,F,1991,Stephanie,82
ID,F,1991,Kelsey,77
ID,F,1992,Jessica,174
ID,F,1992,Ashley,141
ID,F,1992,Amanda,114
ID,F,1992,Samantha,114
ID,F,1992,Sarah,95
ID,F,1992,Megan,85
ID,F,1992,Kayla,83
ID,F,1992,Emily,80
ID,F,1992,Rachel,75
ID,F,1992,Brittany,71
ID,F,1993,Jessica,186
ID,F,1993,Ashley,163
ID,F,1993,Taylor,121
ID,F,1993,Amanda,102
ID,F,1993,Samantha,98
ID,F,1993,Sarah,95
ID,F,1993,Emily,94
ID,F,1993,Megan,90
ID,F,1993,Elizabeth,88
ID,F,1993,Kayla,78
ID,F,1994,Jessica,165
ID,F,1994,Ashley,129
ID,F,1994,Samantha,104
ID,F,1994,Taylor,98
ID,F,1994,Emily,88
ID,F,1994,Sarah,85
ID,F,1994,Amanda,83
ID,F,1994,Megan,81
ID,F,1994,Elizabeth,69
ID,F,1994,Nicole,64
ID,F,1995,Jessica,142
ID,F,1995,Ashley,134
ID,F,1995,Emily,113
ID,F,1995,Taylor,101
ID,F,1995,Samantha,95
ID,F,1995,Megan,90
ID,F,1995,Sarah,90
ID,F,1995,Hannah,84
ID,F,1995,Amanda,74
ID,F,1995,Elizabeth,72
ID,F,1996,Emily,127
ID,F,1996,Hannah,111
ID,F,1996,Samantha,108
ID,F,1996,Jessica,107
ID,F,1996,Taylor,100
ID,F,1996,Madison,99
ID,F,1996,Megan,91
ID,F,1996,Ashley,88
ID,F,1996,Sarah,86
ID,F,1996,Hailey,78
ID,F,1997,Emily,131
ID,F,1997,Madison,124
ID,F,1997,Hannah,104
ID,F,1997,Jessica,101
ID,F,1997,Ashley,95
ID,F,1997,Taylor,90
ID,F,1997,Sarah,88
ID,F,1997,Samantha,80
ID,F,1997,Megan,74
ID,F,1997,Alexis,71
ID,F,1998,Madison,131
ID,F,1998,Emily,128
ID,F,1998,Hannah,128
ID,F,1998,Samantha,120
ID,F,1998,Ashley,99
ID,F,1998,Jessica,91
ID,F,1998,Megan,87
ID,F,1998,Taylor,85
ID,F,1998,Alyssa,81
ID,F,1998,Hailey,75
ID,F,1999,Emily,122
ID,F,1999,Hannah,111
ID,F,1999,Madison,110
ID,F,1999,Megan,97
ID,F,1999,Taylor,92
ID,F,1999,Alexis,90
ID,F,1999,Hailey,87
ID,F,1999,Jessica,87
ID,F,1999,Ashley,86
ID,F,1999,Emma,85
ID,F,2000,Hannah,133
ID,F,2000,Emily,122
ID,F,2000,Madison,119
ID,F,2000,Ashley,84
ID,F,2000,Hailey,83
ID,F,2000,Alexis,81
ID,F,2000,Megan,78
ID,F,2000,Samantha,77
ID,F,2000,Emma,73
ID,F,2000,Elizabeth,72
ID,F,2001,Madison,143
ID,F,2001,Emily,122
ID,F,2001,Ashley,103
ID,F,2001,Hannah,103
ID,F,2001,Emma,101
ID,F,2001,Taylor,84
ID,F,2001,Grace,83
ID,F,2001,Hailey,82
ID,F,2001,Abigail,78
ID,F,2001,Alexis,78
ID,F,2002,Madison,130
ID,F,2002,Emily,121
ID,F,2002,Emma,118
ID,F,2002,Hannah,96
ID,F,2002,Abigail,93
ID,F,2002,Alexis,83
ID,F,2002,Hailey,81
ID,F,2002,Taylor,75
ID,F,2002,Olivia,74
ID,F,2002,Elizabeth,70
ID,F,2003,Emma,149
ID,F,2003,Hannah,135
ID,F,2003,Emily,124
ID,F,2003,Madison,123
ID,F,2003,Abigail,93
ID,F,2003,Olivia,90
ID,F,2003,Alexis,88
ID,F,2003,Hailey,83
ID,F,2003,Elizabeth,78
ID,F,2003,Grace,72
ID,F,2004,Emma,140
ID,F,2004,Emily,118
ID,F,2004,Alexis,113
ID,F,2004,Abigail,103
ID,F,2004,Hannah,97
ID,F,2004,Olivia,92
ID,F,2004,Madison,89
ID,F,2004,Hailey,80
ID,F,2004,Elizabeth,75
ID,F,2004,Samantha,68
ID,F,2005,Emma,133
ID,F,2005,Madison,104
ID,F,2005,Emily,102
ID,F,2005,Hailey,89
ID,F,2005,Abigail,88
ID,F,2005,Hannah,81
ID,F,2005,Olivia,81
ID,F,2005,Alexis,77
ID,F,2005,Grace,74
ID,F,2005,Samantha,69
ID,F,2006,Emma,151
ID,F,2006,Olivia,106
ID,F,2006,Abigail,103
ID,F,2006,Hannah,88
ID,F,2006,Madison,88
ID,F,2006,Emily,82
ID,F,2006,Ava,81
ID,F,2006,Hailey,75
ID,F,2006,Taylor,74
ID,F,2006,Elizabeth,73
ID,F,2007,Emma,139
ID,F,2007,Olivia,99
ID,F,2007,Emily,98
ID,F,2007,Hannah,94
ID,F,2007,Abigail,92
ID,F,2007,Addison,87
ID,F,2007,Elizabeth,86
ID,F,2007,Ava,84
ID,F,2007,Hailey,82
ID,F,2007,Madison,79
ID,F,2008,Olivia,131
ID,F,2008,Emma,128
ID,F,2008,Madison,101
ID,F,2008,Abigail,97
ID,F,2008,Emily,88
ID,F,2008,Elizabeth,84
ID,F,2008,Sophia,84
ID,F,2008,Ava,81
ID,F,2008,Alexis,77
ID,F,2008,Isabella,74
ID,F,2009,Olivia,120
ID,F,2009,Emma,113
ID,F,2009,Isabella,95
ID,F,2009,Sophia,90
ID,F,2009,Addison,87
ID,F,2009,Abigail,79
ID,F,2009,Elizabeth,79
ID,F,2009,Emily,77
ID,F,2009,Ava,75
ID,F,2009,Chloe,72
ID,F,2010,Olivia,122
ID,F,2010,Emma,104
ID,F,2010,Sophia,100
ID,F,2010,Ava,85
ID,F,2010,Abigail,83
ID,F,2010,Elizabeth,81
ID,F,2010,Isabella,79
ID,F,2010,Emily,76
ID,F,2010,Ella,73
ID,F,2010,Addison,67
ID,F,2011,Emma,116
ID,F,2011,Sophia,110
ID,F,2011,Olivia,90
ID,F,2011,Ava,78
ID,F,2011,Emily,70
ID,F,2011,Abigail,65
ID,F,2011,Addison,65
ID,F,2011,Elizabeth,65
ID,F,2011,Ella,62
ID,F,2011,Avery,54
ID,F,2012,Olivia,117
ID,F,2012,Sophia,112
ID,F,2012,Emma,101
ID,F,2012,Ava,75
ID,F,2012,Abigail,72
ID,F,2012,Elizabeth,71
ID,F,2012,Chloe,70
ID,F,2012,Brooklyn,61
ID,F,2012,Emily,61
ID,F,2012,Hannah,61
ID,F,2013,Emma,134
ID,F,2013,Olivia,121
ID,F,2013,Sophia,111
ID,F,2013,Ava,86
ID,F,2013,Harper,69
ID,F,2013,Isabella,68
ID,F,2013,Chloe,67
ID,F,2013,Addison,66
ID,F,2013,Charlotte,65
ID,F,2013,Abigail,62
ID,F,2014,Emma,119
ID,F,2014,Olivia,94
ID,F,2014,Charlotte,82
ID,F,2014,Abigail,78
ID,F,2014,Harper,75
ID,F,2014,Sophia,75
ID,F,2014,Avery,73
ID,F,2014,Elizabeth,73
ID,F,2014,Evelyn,67
ID,F,2014,Emily,65
ID,F,2015,Olivia,116
ID,F,2015,Emma,114
ID,F,2015,Evelyn,74
ID,F,2015,Ava,72
ID,F,2015,Harper,69
ID,F,2015,Sophia,69
ID,F,2015,Abigail,67
ID,F,2015,Avery,67
ID,F,2015,Elizabeth,67
ID,F,2015,Charlotte,66
ID,F,2016,Emma,120
ID,F,2016,Olivia,103
ID,F,2016,Harper,82
ID,F,2016,Abigail,76
ID,F,2016,Charlotte,71
ID,F,2016,Ava,70
ID,F,2016,Evelyn,70
ID,F,2016,Elizabeth,66
ID,F,2016,Emily,62
ID,F,2016,Amelia,57
ID,F,2017,Emma,105
ID,F,2017,Olivia,96
ID,F,2017,Charlotte,90
ID,F,2017,Evelyn,88
ID,F,2017,Harper,76
ID,F,2017,Amelia,73
ID,F,2017,Ava,73
ID,F,2017,Abigail,71
ID,F,2017,Sophia,63
ID,F,2017,Isabella,56
ID,F,2018,Olivia,102
ID,F,2018,Emma,96
ID,F,2018,Evelyn,86
ID,F,2018,Harper,86
ID,F,2018,Charlotte,82
ID,F,2018,Amelia,75
ID,F,2018,Ava,62
ID,F,2018,Sophia,59
ID,F,2018,Hazel,57
ID,F,2018,Abigail,55
ID,F,2019,Emma,104
ID,F,2019,Olivia,104
ID,F,2019,Charlotte,101
ID,F,2019,Evelyn,83
ID,F,2019,Amelia,82
ID,F,2019,Harper,75
ID,F,2019,Hazel,75
ID,F,2019,Ava,70
ID,F,2019,Sophia,68
ID,F,2019,Abigail,57
ID,M,1920,Robert,231
ID,M,1920,William,210
ID,M,1920,John,181
ID,M,1920,James,179
ID,M,1920,George,122
ID,M,1920,Jack,97
ID,M,1920,Charles,89
ID,M,1920,Donald,87
ID,M,1920,Harold,81
ID,M,1920,Richard,70
ID,M,1921,Robert,253
ID,M,1921,John,179
ID,M,1921,William,179
ID,M,1921,James,145
ID,M,1921,George,109
ID,M,1921,Donald,98
ID,M,1921,Jack,98
ID,M,1921,Charles,96
ID,M,1921,Harold,83
ID,M,1921,Richard,78
ID,M,1922,Robert,233
ID,M,1922,John,176
ID,M,1922,William,173
ID,M,1922,James,141
ID,M,1922,Donald,110
ID,M,1922,Charles,95
ID,M,1922,George,93
ID,M,1922,Jack,80
ID,M,1922,Richard,75
ID,M,1922,Harold,71
ID,M,1923,Robert,235
ID,M,1923,William,160
ID,M,1923,John,158
ID,M,1923,James,131
ID,M,1923,Donald,110
ID,M,1923,Jack,97
ID,M,1923,Charles,82
ID,M,1923,Richard,80
ID,M,1923,George,67
ID,M,1923,Frank,59
ID,M,1924,Robert,242
ID,M,1924,William,153
ID,M,1924,James,147
ID,M,1924,John,133
ID,M,1924,Donald,120
ID,M,1924,Charles,88
ID,M,1924,George,86
ID,M,1924,Jack,81
ID,M,1924,Harold,80
ID,M,1924,Kenneth,74
ID,M,1925,Robert,221
ID,M,1925,William,143
ID,M,1925,John,142
ID,M,1925,James,135
ID,M,1925,Donald,111
ID,M,1925,Richard,103
ID,M,1925,Charles,88
ID,M,1925,George,88
ID,M,1925,Jack,85
ID,M,1925,Harold,66
ID,M,1926,Robert,255
ID,M,1926,John,147
ID,M,1926,James,122
ID,M,1926,William,122
ID,M,1926,Donald,114
ID,M,1926,Jack,86
ID,M,1926,Richard,80
ID,M,1926,Kenneth,73
ID,M,1926,Charles,72
ID,M,1926,George,62
ID,M,1927,Robert,198
ID,M,1927,John,142
ID,M,1927,William,134
ID,M,1927,James,131
ID,M,1927,Donald,120
ID,M,1927,Richard,107
ID,M,1927,George,95
ID,M,1927,Charles,84
ID,M,1927,Jack,71
ID,M,1927,Dale,48
ID,M,1928,Robert,200
ID,M,1928,Donald,148
ID,M,1928,William,116
ID,M,1928,John,112
ID,M,1928,James,108
ID,M,1928,Richard,91
ID,M,1928,Charles,89
ID,M,1928,Jack,83
ID,M,1928,George,74
ID,M,1928,Kenneth,68
ID,M,1929,Robert,215
ID,M,1929,Donald,168
ID,M,1929,John,137
ID,M,1929,William,132
ID,M,1929,James,127
ID,M,1929,Richard,110
ID,M,1929,Charles,89
ID,M,1929,Jack,85
ID,M,1929,Kenneth,72
ID,M,1929,George,57
ID,M,1930,Robert,202
ID,M,1930,John,137
ID,M,1930,Donald,131
ID,M,1930,Richard,125
ID,M,1930,William,119
ID,M,1930,James,110
ID,M,1930,Charles,87
ID,M,1930,George,80
ID,M,1930,Jack,68
ID,M,1930,Kenneth,68
ID,M,1931,Robert,238
ID,M,1931,Donald,139
ID,M,1931,Richard,128
ID,M,1931,James,127
ID,M,1931,John,125
ID,M,1931,William,116
ID,M,1931,Charles,86
ID,M,1931,Jack,76
ID,M,1931,Kenneth,72
ID,M,1931,George,65
ID,M,1932,Robert,205
ID,M,1932,William,128
ID,M,1932,Richard,127
ID,M,1932,Donald,122
ID,M,1932,James,119
ID,M,1932,John,110
ID,M,1932,Charles,79
ID,M,1932,Jack,73
ID,M,1932,Ronald,69
ID,M,1932,George,64
ID,M,1933,Robert,189
ID,M,1933,John,129
ID,M,1933,James,116
ID,M,1933,Donald,115
ID,M,1933,William,115
ID,M,1933,Richard,111
ID,M,1933,Charles,79
ID,M,1933,Ronald,69
ID,M,1933,Kenneth,68
ID,M,1933,Jack,61
ID,M,1934,Robert,191
ID,M,1934,James,141
ID,M,1934,John,133
ID,M,1934,Richard,130
ID,M,1934,Donald,122
ID,M,1934,William,115
ID,M,1934,Charles,86
ID,M,1934,Ronald,80
ID,M,1934,Gary,77
ID,M,1934,Larry,76
ID,M,1935,Robert,177
ID,M,1935,Richard,152
ID,M,1935,James,129
ID,M,1935,Donald,123
ID,M,1935,John,119
ID,M,1935,William,108
ID,M,1935,Gary,98
ID,M,1935,Larry,89
ID,M,1935,Jack,86
ID,M,1935,Ronald,83
ID,M,1936,Robert,201
ID,M,1936,John,174
ID,M,1936,James,164
ID,M,1936,Donald,141
ID,M,1936,Richard,133
ID,M,1936,William,119
ID,M,1936,Larry,116
ID,M,1936,Gary,109
ID,M,1936,David,94
ID,M,1936,Charles,90
ID,M,1937,Robert,212
ID,M,1937,Richard,155
ID,M,1937,Larry,150
ID,M,1937,James,147
ID,M,1937,John,137
ID,M,1937,Gary,116
ID,M,1937,Donald,109
ID,M,1937,Ronald,109
ID,M,1937,William,107
ID,M,1937,Jerry,101
ID,M,1938,Robert,253
ID,M,1938,James,183
ID,M,1938,Larry,160
ID,M,1938,Richard,157
ID,M,1938,Gary,146
ID,M,1938,John,134
ID,M,1938,Ronald,119
ID,M,1938,Donald,116
ID,M,1938,William,114
ID,M,1938,David,108
ID,M,1939,Robert,243
ID,M,1939,Gary,176
ID,M,1939,Richard,171
ID,M,1939,John,165
ID,M,1939,Larry,161
ID,M,1939,James,156
ID,M,1939,William,135
ID,M,1939,David,134
ID,M,1939,Ronald,122
ID,M,1939,Donald,105
ID,M,1940,Robert,242
ID,M,1940,Gary,194
ID,M,1940,Larry,179
ID,M,1940,Richard,179
ID,M,1940,John,171
ID,M,1940,James,154
ID,M,1940,David,139
ID,M,1940,William,128
ID,M,1940,Ronald,111
ID,M,1940,Donald,96
ID,M,1941,Robert,237
ID,M,1941,James,223
ID,M,1941,Richard,197
ID,M,1941,Larry,169
ID,M,1941,Gary,163
ID,M,1941,John,162
ID,M,1941,William,154
ID,M,1941,David,149
ID,M,1941,Ronald,139
ID,M,1941,Jerry,91
ID,M,1942,James,229
ID,M,1942,Robert,216
ID,M,1942,John,212
ID,M,1942,Richard,164
ID,M,1942,Larry,155
ID,M,1942,Gary,147
ID,M,1942,Ronald,146
ID,M,1942,William,143
ID,M,1942,David,141
ID,M,1942,Dennis,105
ID,M,1943,Robert,283
ID,M,1943,James,212
ID,M,1943,John,200
ID,M,1943,Richard,195
ID,M,1943,Larry,193
ID,M,1943,Gary,176
ID,M,1943,David,159
ID,M,1943,Ronald,157
ID,M,1943,William,142
ID,M,1943,Dennis,111
ID,M,1944,John,229
ID,M,1944,Robert,219
ID,M,1944,James,204
ID,M,1944,Richard,201
ID,M,1944,Gary,171
ID,M,1944,David,164
ID,M,1944,Larry,160
ID,M,1944,William,136
ID,M,1944,Michael,133
ID,M,1944,Dennis,124
ID,M,1945,Robert,206
ID,M,1945,John,194
ID,M,1945,James,188
ID,M,1945,Richard,187
ID,M,1945,David,152
ID,M,1945,Gary,147
ID,M,1945,Larry,141
ID,M,1945,Michael,114
ID,M,1945,Dennis,112
ID,M,1945,Ronald,104
ID,M,1946,Robert,248
ID,M,1946,John,245
ID,M,1946,Richard,221
ID,M,1946,James,213
ID,M,1946,David,196
ID,M,1946,Larry,166
ID,M,1946,Gary,163
ID,M,1946,Michael,153
ID,M,1946,Dennis,152
ID,M,1946,William,146
ID,M,1947,Robert,273
ID,M,1947,James,258
ID,M,1947,David,254
ID,M,1947,Richard,250
ID,M,1947,John,248
ID,M,1947,Larry,205
ID,M,1947,Michael,202
ID,M,1947,Gary,179
ID,M,1947,Dennis,169
ID,M,1947,Ronald,167
ID,M,1948,Robert,305
ID,M,1948,David,262
ID,M,1948,John,259
ID,M,1948,James,246
ID,M,1948,Michael,237
ID,M,1948,Richard,198
ID,M,1948,William,176
ID,M,1948,Ronald,159
ID,M,1948,Gary,158
ID,M,1948,Dennis,157
ID,M,1949,Robert,293
ID,M,1949,John,274
ID,M,1949,David,270
ID,M,1949,Michael,252
ID,M,1949,James,220
ID,M,1949,Richard,203
ID,M,1949,Steven,188
ID,M,1949,Gary,182
ID,M,1949,William,181
ID,M,1949,Larry,161
ID,M,1950,Robert,290
ID,M,1950,Michael,288
ID,M,1950,David,284
ID,M,1950,John,267
ID,M,1950,Richard,214
ID,M,1950,William,201
ID,M,1950,Gary,196
ID,M,1950,James,196
ID,M,1950,Steven,189
ID,M,1950,Larry,171
ID,M,1951,Michael,315
ID,M,1951,Robert,280
ID,M,1951,David,271
ID,M,1951,John,270
ID,M,1951,James,253
ID,M,1951,Steven,214
ID,M,1951,Richard,211
ID,M,1951,Gary,189
ID,M,1951,William,176
ID,M,1951,Larry,145
ID,M,1952,Michael,329
ID,M,1952,Robert,305
ID,M,1952,David,297
ID,M,1952,John,270
ID,M,1952,James,262
ID,M,1952,Steven,224
ID,M,1952,Richard,214
ID,M,1952,William,203
ID,M,1952,Gary,156
ID,M,1952,Thomas,143
ID,M,1953,Michael,346
ID,M,1953,David,313
ID,M,1953,Robert,279
ID,M,1953,James,243
ID,M,1953,Steven,242
ID,M,1953,Richard,220
ID,M,1953,John,218
ID,M,1953,William,192
ID,M,1953,Thomas,153
ID,M,1953,Gary,147
ID,M,1954,Michael,348
ID,M,1954,David,305
ID,M,1954,Robert,294
ID,M,1954,John,254
ID,M,1954,Steven,254
ID,M,1954,James,246
ID,M,1954,Richard,223
ID,M,1954,William,173
ID,M,1954,Gary,153
ID,M,1954,Mark,144
ID,M,1955,Michael,346
ID,M,1955,David,332
ID,M,1955,John,257
ID,M,1955,Robert,254
ID,M,1955,Steven,244
ID,M,1955,James,224
ID,M,1955,Richard,217
ID,M,1955,William,171
ID,M,1955,Mark,163
ID,M,1955,Gary,139
ID,M,1956,David,283
ID,M,1956,Michael,274
ID,M,1956,Robert,235
ID,M,1956,John,216
ID,M,1956,Steven,213
ID,M,1956,James,196
ID,M,1956,Richard,188
ID,M,1956,William,177
ID,M,1956,Mark,166
ID,M,1956,Gary,151
ID,M,1957,Michael,295
ID,M,1957,David,287
ID,M,1957,Robert,239
ID,M,1957,James,229
ID,M,1957,John,208
ID,M,1957,Steven,202
ID,M,1957,Mark,188
ID,M,1957,Richard,172
ID,M,1957,William,140
ID,M,1957,Thomas,139
ID,M,1958,Michael,303
ID,M,1958,David,286
ID,M,1958,Robert,254
ID,M,1958,James,214
ID,M,1958,John,182
ID,M,1958,Steven,170
ID,M,1958,Mark,168
ID,M,1958,Richard,160
ID,M,1958,Kevin,147
ID,M,1958,William,144
ID,M,1959,David,303
ID,M,1959,Michael,235
ID,M,1959,Robert,227
ID,M,1959,John,212
ID,M,1959,James,208
ID,M,1959,Mark,194
ID,M,1959,Richard,176
ID,M,1959,Kevin,169
ID,M,1959,Steven,148
ID,M,1959,William,134
ID,M,1960,David,283
ID,M,1960,Michael,259
ID,M,1960,Robert,239
ID,M,1960,John,206
ID,M,1960,Mark,189
ID,M,1960,James,182
ID,M,1960,Steven,161
ID,M,1960,Richard,159
ID,M,1960,Kevin,151
ID,M,1960,William,133
ID,M,1961,David,292
ID,M,1961,Robert,236
ID,M,1961,Michael,219
ID,M,1961,Mark,207
ID,M,1961,John,194
ID,M,1961,James,184
ID,M,1961,Kevin,151
ID,M,1961,Steven,145
ID,M,1961,Scott,140
ID,M,1961,Richard,137
ID,M,1962,David,271
ID,M,1962,Michael,220
ID,M,1962,Robert,211
ID,M,1962,Mark,204
ID,M,1962,John,198
ID,M,1962,James,195
ID,M,1962,Kevin,153
ID,M,1962,Steven,145
ID,M,1962,Richard,140
ID,M,1962,Scott,131
ID,M,1963,Michael,237
ID,M,1963,David,232
ID,M,1963,John,191
ID,M,1963,Robert,191
ID,M,1963,Mark,155
ID,M,1963,James,151
ID,M,1963,Kevin,142
ID,M,1963,Scott,136
ID,M,1963,Richard,128
ID,M,1963,Todd,119
ID,M,1964,David,252
ID,M,1964,Michael,234
ID,M,1964,John,194
ID,M,1964,Robert,185
ID,M,1964,James,182
ID,M,1964,Kevin,122
ID,M,1964,Mark,122
ID,M,1964,Richard,120
ID,M,1964,Scott,116
ID,M,1964,Steven,108
ID,M,1965,Michael,226
ID,M,1965,David,197
ID,M,1965,Robert,172
ID,M,1965,James,167
ID,M,1965,John,162
ID,M,1965,Richard,122
ID,M,1965,Mark,110
ID,M,1965,Scott,101
ID,M,1965,Todd,101
ID,M,1965,William,101
ID,M,1966,Michael,217
ID,M,1966,David,213
ID,M,1966,Robert,181
ID,M,1966,James,167
ID,M,1966,John,158
ID,M,1966,Mark,116
ID,M,1966,Richard,113
ID,M,1966,Scott,103
ID,M,1966,Kevin,102
ID,M,1966,William,94
ID,M,1967,Michael,234
ID,M,1967,David,218
ID,M,1967,Robert,177
ID,M,1967,John,173
ID,M,1967,James,120
ID,M,1967,Richard,112
ID,M,1967,Brian,111
ID,M,1967,Steven,110
ID,M,1967,Scott,99
ID,M,1967,Jeffrey,90
ID,M,1968,Michael,228
ID,M,1968,David,216
ID,M,1968,James,180
ID,M,1968,Robert,166
ID,M,1968,John,163
ID,M,1968,Scott,127
ID,M,1968,Brian,104
ID,M,1968,William,103
ID,M,1968,Steven,100
ID,M,1968,Mark,98
ID,M,1969,Michael,246
ID,M,1969,David,211
ID,M,1969,Robert,165
ID,M,1969,James,162
ID,M,1969,John,160
ID,M,1969,Brian,125
ID,M,1969,Scott,123
ID,M,1969,Richard,105
ID,M,1969,Steven,103
ID,M,1969,Jason,102
ID,M,1970,Michael,264
ID,M,1970,David,216
ID,M,1970,Robert,213
ID,M,1970,Jason,170
ID,M,1970,James,169
ID,M,1970,John,162
ID,M,1970,Scott,135
ID,M,1970,Brian,133
ID,M,1970,Mark,122
ID,M,1970,Steven,119
ID,M,1971,Michael,247
ID,M,1971,David,201
ID,M,1971,Jason,193
ID,M,1971,Robert,178
ID,M,1971,James,157
ID,M,1971,John,143
ID,M,1971,Scott,130
ID,M,1971,Brian,127
ID,M,1971,Christopher,125
ID,M,1971,Steven,122
ID,M,1972,Jason,250
ID,M,1972,Michael,224
ID,M,1972,David,189
ID,M,1972,Robert,161
ID,M,1972,Christopher,154
ID,M,1972,James,143
ID,M,1972,John,141
ID,M,1972,Brian,134
ID,M,1972,Eric,117
ID,M,1972,Matthew,111
ID,M,1973,Jason,268
ID,M,1973,Michael,264
ID,M,1973,David,178
ID,M,1973,Robert,175
ID,M,1973,Brian,153
ID,M,1973,James,148
ID,M,1973,Christopher,144
ID,M,1973,Ryan,135
ID,M,1973,John,123
ID,M,1973,Matthew,117
ID,M,1974,Jason,286
ID,M,1974,Michael,227
ID,M,1974,David,185
ID,M,1974,Brian,163
ID,M,1974,Christopher,150
ID,M,1974,James,149
ID,M,1974,Robert,148
ID,M,1974,John,144
ID,M,1974,Ryan,135
ID,M,1974,Matthew,133
ID,M,1975,Jason,276
ID,M,1975,Michael,273
ID,M,1975,David,182
ID,M,1975,Christopher,171
ID,M,1975,Ryan,161
ID,M,1975,Robert,154
ID,M,1975,James,152
ID,M,1975,John,138
ID,M,1975,Brian,137
ID,M,1975,Joshua,136
ID,M,1976,Michael,266
ID,M,1976,Jason,256
ID,M,1976,Jeremy,215
ID,M,1976,David,202
ID,M,1976,Christopher,199
ID,M,1976,Ryan,191
ID,M,1976,Matthew,161
ID,M,1976,Brian,160
ID,M,1976,Joshua,144
ID,M,1976,Robert,143
ID,M,1977,Michael,275
ID,M,1977,Jason,254
ID,M,1977,David,232
ID,M,1977,Ryan,232
ID,M,1977,Christopher,188
ID,M,1977,Jeremy,183
ID,M,1977,Joshua,178
ID,M,1977,Matthew,162
ID,M,1977,James,150
ID,M,1977,John,143
ID,M,1978,Michael,294
ID,M,1978,Jason,271
ID,M,1978,Joshua,208
ID,M,1978,Christopher,202
ID,M,1978,Ryan,199
ID,M,1978,Matthew,185
ID,M,1978,James,180
ID,M,1978,David,178
ID,M,1978,Jeremy,157
ID,M,1978,Robert,155
ID,M,1979,Michael,280
ID,M,1979,Joshua,241
ID,M,1979,Jason,230
ID,M,1979,Ryan,205
ID,M,1979,David,204
ID,M,1979,Christopher,195
ID,M,1979,Matthew,194
ID,M,1979,Jeremy,167
ID,M,1979,James,163
ID,M,1979,Nicholas,162
ID,M,1980,Michael,293
ID,M,1980,Joshua,279
ID,M,1980,Jason,242
ID,M,1980,Christopher,225
ID,M,1980,David,215
ID,M,1980,Matthew,201
ID,M,1980,Justin,187
ID,M,1980,Ryan,184
ID,M,1980,Jeremy,158
ID,M,1980,James,153
ID,M,1981,Joshua,290
ID,M,1981,Michael,275
ID,M,1981,David,207
ID,M,1981,Matthew,205
ID,M,1981,Jason,201
ID,M,1981,Christopher,196
ID,M,1981,Ryan,195
ID,M,1981,Justin,163
ID,M,1981,James,154
ID,M,1981,Robert,146
ID,M,1982,Joshua,271
ID,M,1982,Michael,263
ID,M,1982,Christopher,247
ID,M,1982,Matthew,214
ID,M,1982,David,201
ID,M,1982,Jason,188
ID,M,1982,Ryan,185
ID,M,1982,James,162
ID,M,1982,Jacob,153
ID,M,1982,Daniel,147
ID,M,1983,Michael,293
ID,M,1983,Matthew,262
ID,M,1983,Christopher,223
ID,M,1983,Joshua,219
ID,M,1983,Ryan,204
ID,M,1983,David,165
ID,M,1983,Jason,158
ID,M,1983,Jacob,156
ID,M,1983,Daniel,145
ID,M,1983,John,144
ID,M,1984,Michael,252
ID,M,1984,Matthew,246
ID,M,1984,Joshua,215
ID,M,1984,Christopher,213
ID,M,1984,Ryan,167
ID,M,1984,Daniel,155
ID,M,1984,David,147
ID,M,1984,James,138
ID,M,1984,Justin,138
ID,M,1984,Robert,134
ID,M,1985,Michael,230
ID,M,1985,Joshua,203
ID,M,1985,Christopher,196
ID,M,1985,Matthew,189
ID,M,1985,Daniel,159
ID,M,1985,David,141
ID,M,1985,Jacob,141
ID,M,1985,Ryan,134
ID,M,1985,Brandon,133
ID,M,1985,Nicholas,133
ID,M,1986,Michael,245
ID,M,1986,Matthew,197
ID,M,1986,Christopher,191
ID,M,1986,Joshua,179
ID,M,1986,Daniel,149
ID,M,1986,David,143
ID,M,1986,Robert,137
ID,M,1986,Ryan,136
ID,M,1986,Andrew,135
ID,M,1986,Jacob,135
ID,M,1987,Michael,207
ID,M,1987,Christopher,178
ID,M,1987,Matthew,177
ID,M,1987,Andrew,172
ID,M,1987,Joshua,160
ID,M,1987,Ryan,152
ID,M,1987,David,143
ID,M,1987,Tyler,140
ID,M,1987,Robert,130
ID,M,1987,Jacob,126
ID,M,1988,Michael,215
ID,M,1988,Joshua,163
ID,M,1988,Matthew,159
ID,M,1988,Andrew,152
ID,M,1988,Jacob,151
ID,M,1988,David,147
ID,M,1988,Daniel,136
ID,M,1988,Justin,134
ID,M,1988,Christopher,130
ID,M,1988,Ryan,125
ID,M,1989,Joshua,183
ID,M,1989,Michael,179
ID,M,1989,Jacob,163
ID,M,1989,Matthew,158
ID,M,1989,Christopher,154
ID,M,1989,Andrew,147
ID,M,1989,Tyler,142
ID,M,1989,Kyle,125
ID,M,1989,Justin,124
ID,M,1989,David,121
ID,M,1990,Michael,204
ID,M,1990,Jacob,178
ID,M,1990,Christopher,170
ID,M,1990,Joshua,166
ID,M,1990,Matthew,163
ID,M,1990,Tyler,148
ID,M,1990,Justin,138
ID,M,1990,Cody,131
ID,M,1990,Ryan,129
ID,M,1990,Nicholas,123
ID,M,1991,Michael,204
ID,M,1991,Jacob,182
ID,M,1991,Joshua,164
ID,M,1991,Tyler,158
ID,M,1991,Cody,143
ID,M,1991,Christopher,140
ID,M,1991,Jordan,126
ID,M,1991,Matthew,125
ID,M,1991,Andrew,121
ID,M,1991,Brandon,114
ID,M,1992,Jacob,215
ID,M,1992,Tyler,184
ID,M,1992,Cody,162
ID,M,1992,Michael,156
ID,M,1992,Joshua,155
ID,M,1992,Christopher,130
ID,M,1992,Andrew,129
ID,M,1992,Matthew,124
ID,M,1992,Ryan,118
ID,M,1992,Justin,117
ID,M,1993,Jacob,189
ID,M,1993,Tyler,164
ID,M,1993,Austin,154
ID,M,1993,Michael,150
ID,M,1993,Cody,149
ID,M,1993,Matthew,125
ID,M,1993,Christopher,121
ID,M,1993,Joshua,120
ID,M,1993,Brandon,119
ID,M,1993,Ryan,116
ID,M,1994,Tyler,190
ID,M,1994,Jacob,188
ID,M,1994,Austin,176
ID,M,1994,Michael,160
ID,M,1994,Cody,143
ID,M,1994,Zachary,139
ID,M,1994,Joshua,127
ID,M,1994,Matthew,113
ID,M,1994,Brandon,108
ID,M,1994,Justin,102
ID,M,1995,Jacob,185
ID,M,1995,Tyler,179
ID,M,1995,Austin,166
ID,M,1995,Michael,147
ID,M,1995,Joshua,139
ID,M,1995,Andrew,126
ID,M,1995,Matthew,126
ID,M,1995,Cody,111
ID,M,1995,Nicholas,105
ID,M,1995,Zachary,103
ID,M,1996,Jacob,191
ID,M,1996,Austin,181
ID,M,1996,Tyler,159
ID,M,1996,Joshua,123
ID,M,1996,Michael,122
ID,M,1996,Zachary,109
ID,M,1996,Matthew,105
ID,M,1996,Andrew,103
ID,M,1996,Cody,101
ID,M,1996,Daniel,97
ID,M,1997,Jacob,198
ID,M,1997,Austin,183
ID,M,1997,Tyler,138
ID,M,1997,Joshua,123
ID,M,1997,Matthew,122
ID,M,1997,Michael,120
ID,M,1997,Andrew,110
ID,M,1997,Brandon,99
ID,M,1997,Ryan,94
ID,M,1997,Christopher,89
ID,M,1998,Jacob,188
ID,M,1998,Michael,143
ID,M,1998,Austin,139
ID,M,1998,Tyler,127
ID,M,1998,Joshua,120
ID,M,1998,Matthew,119
ID,M,1998,Andrew,104
ID,M,1998,Ryan,101
ID,M,1998,Zachary,97
ID,M,1998,Ethan,92
ID,M,1999,Jacob,182
ID,M,1999,Tyler,131
ID,M,1999,Austin,124
ID,M,1999,Michael,110
ID,M,1999,Matthew,104
ID,M,1999,Joshua,102
ID,M,1999,Andrew,100
ID,M,1999,Zachary,96
ID,M,1999,Nicholas,93
ID,M,1999,Ryan,87
ID,M,2000,Jacob,163
ID,M,2000,Joshua,114
ID,M,2000,Joseph,110
ID,M,2000,Michael,110
ID,M,2000,Ethan,105
ID,M,2000,Tyler,103
ID,M,2000,Matthew,102
ID,M,2000,Andrew,101
ID,M,2000,Hunter,101
ID,M,2000,Austin,99
ID,M,2001,Jacob,180
ID,M,2001,Ethan,116
ID,M,2001,Joshua,109
ID,M,2001,Andrew,108
ID,M,2001,Michael,101
ID,M,2001,Austin,98
ID,M,2001,Logan,96
ID,M,2001,Matthew,94
ID,M,2001,Dylan,89
ID,M,2001,Ryan,89
ID,M,2002,Jacob,148
ID,M,2002,Ethan,145
ID,M,2002,Tyler,112
ID,M,2002,Austin,107
ID,M,2002,Andrew,102
ID,M,2002,Joshua,99
ID,M,2002,Gabriel,95
ID,M,2002,Michael,93
ID,M,2002,Dylan,91
ID,M,2002,Logan,90
ID,M,2003,Ethan,159
ID,M,2003,Jacob,149
ID,M,2003,Tyler,109
ID,M,2003,Andrew,97
ID,M,2003,Logan,96
ID,M,2003,Michael,96
ID,M,2003,Gabriel,95
ID,M,2003,Joshua,95
ID,M,2003,Caleb,89
ID,M,2003,Dylan,89
ID,M,2004,Ethan,162
ID,M,2004,Tyler,118
ID,M,2004,Jacob,115
ID,M,2004,Logan,103
ID,M,2004,Michael,100
ID,M,2004,Samuel,100
ID,M,2004,Andrew,97
ID,M,2004,Joshua,95
ID,M,2004,Ryan,92
ID,M,2004,Gabriel,87
ID,M,2005,Ethan,134
ID,M,2005,Jacob,131
ID,M,2005,Gabriel,96
ID,M,2005,Michael,93
ID,M,2005,Samuel,93
ID,M,2005,Logan,92
ID,M,2005,Andrew,91
ID,M,2005,Tyler,90
ID,M,2005,Carter,89
ID,M,2005,Alexander,88
ID,M,2006,Ethan,121
ID,M,2006,Jacob,111
ID,M,2006,Noah,108
ID,M,2006,Joshua,107
ID,M,2006,Logan,101
ID,M,2006,Samuel,101
ID,M,2006,Andrew,95
ID,M,2006,Isaac,94
ID,M,2006,Jackson,92
ID,M,2006,William,92
ID,M,2007,Jacob,135
ID,M,2007,Ethan,123
ID,M,2007,Logan,115
ID,M,2007,Isaac,101
ID,M,2007,Joshua,101
ID,M,2007,Michael,99
ID,M,2007,Daniel,98
ID,M,2007,Samuel,93
ID,M,2007,Gabriel,92
ID,M,2007,Tyler,90
ID,M,2008,Ethan,133
ID,M,2008,Jacob,118
ID,M,2008,William,117
ID,M,2008,Alexander,110
ID,M,2008,Logan,94
ID,M,2008,Aiden,91
ID,M,2008,Carter,89
ID,M,2008,Daniel,84
ID,M,2008,Samuel,84
ID,M,2008,Michael,83
ID,M,2009,Logan,113
ID,M,2009,Jacob,107
ID,M,2009,Ethan,102
ID,M,2009,William,98
ID,M,2009,Wyatt,95
ID,M,2009,Jackson,91
ID,M,2009,Noah,88
ID,M,2009,Aiden,86
ID,M,2009,Alexander,86
ID,M,2009,Mason,86
ID,M,2010,Samuel,114
ID,M,2010,William,114
ID,M,2010,Logan,110
ID,M,2010,Ethan,101
ID,M,2010,Jacob,97
ID,M,2010,Aiden,91
ID,M,2010,Mason,83
ID,M,2010,Alexander,81
ID,M,2010,James,81
ID,M,2010,Noah,77
ID,M,2011,Mason,120
ID,M,2011,Jacob,92
ID,M,2011,Liam,87
ID,M,2011,Benjamin,84
ID,M,2011,William,82
ID,M,2011,Alexander,81
ID,M,2011,Wyatt,79
ID,M,2011,Ethan,78
ID,M,2011,Samuel,76
ID,M,2011,Aiden,75
ID,M,2012,Liam,130
ID,M,2012,William,90
ID,M,2012,Samuel,81
ID,M,2012,Mason,80
ID,M,2012,Logan,77
ID,M,2012,Wyatt,77
ID,M,2012,Ethan,75
ID,M,2012,Carter,73
ID,M,2012,Michael,73
ID,M,2012,Jacob,71
ID,M,2013,Liam,110
ID,M,2013,Wyatt,94
ID,M,2013,William,85
ID,M,2013,Samuel,83
ID,M,2013,Carter,78
ID,M,2013,Jackson,76
ID,M,2013,Oliver,71
ID,M,2013,Benjamin,70
ID,M,2013,Mason,70
ID,M,2013,Noah,70
ID,M,2014,Liam,117
ID,M,2014,William,104
ID,M,2014,Mason,96
ID,M,2014,Oliver,92
ID,M,2014,Samuel,84
ID,M,2014,Henry,78
ID,M,2014,James,78
ID,M,2014,Jaxon,78
ID,M,2014,Alexander,76
ID,M,2014,Jackson,76
ID,M,2015,Liam,111
ID,M,2015,William,98
ID,M,2015,Oliver,89
ID,M,2015,James,86
ID,M,2015,Wyatt,82
ID,M,2015,Elijah,78
ID,M,2015,Logan,77
ID,M,2015,Lucas,77
ID,M,2015,Jackson,76
ID,M,2015,Noah,70
ID,M,2016,Oliver,120
ID,M,2016,Liam,109
ID,M,2016,Mason,94
ID,M,2016,James,88
ID,M,2016,William,88
ID,M,2016,Wyatt,86
ID,M,2016,Lincoln,84
ID,M,2016,Noah,80
ID,M,2016,Henry,75
ID,M,2016,Elijah,71
ID,M,2017,Oliver,115
ID,M,2017,Liam,100
ID,M,2017,William,94
ID,M,2017,James,83
ID,M,2017,Samuel,82
ID,M,2017,Lincoln,81
ID,M,2017,Mason,81
ID,M,2017,Logan,80
ID,M,2017,Henry,78
ID,M,2017,Jackson,76
ID,M,2018,Liam,122
ID,M,2018,Oliver,113
ID,M,2018,William,85
ID,M,2018,Henry,84
ID,M,2018,James,84
ID,M,2018,Hudson,82
ID,M,2018,Jackson,79
ID,M,2018,Owen,75
ID,M,2018,Benjamin,74
ID,M,2018,Wyatt,73
ID,M,2019,Oliver,140
ID,M,2019,Liam,119
ID,M,2019,Henry,96
ID,M,2019,William,96
ID,M,2019,Benjamin,83
ID,M,2019,Noah,83
ID,M,2019,Owen,80
ID,M,2019,James,78
ID,M,2019,Jack,75
ID,M,2019,Lincoln,74
