IL,F,1920,Mary,3472
IL,F,1920,Dorothy,2561
IL,F,1920,Helen,2332
IL,F,1920,Margaret,1469
IL,F,1920,Ruth,1466
IL,F,1920,Virginia,1186
IL,F,1920,Mildred,1094
IL,F,1920,Betty,939
IL,F,1920,Evelyn,911
IL,F,1920,Frances,871
IL,F,1921,Mary,3674
IL,F,1921,Dorothy,2731
IL,F,1921,Helen,2249
IL,F,1921,Margaret,1463
IL,F,1921,Ruth,1366
IL,F,1921,Betty,1336
IL,F,1921,Virginia,1266
IL,F,1921,Mildred,997
IL,F,1921,Evelyn,958
IL,F,1921,Frances,868
IL,F,1922,Mary,3519
IL,F,1922,Dorothy,2503
IL,F,1922,Helen,1975
IL,F,1922,Betty,1486
IL,F,1922,Margaret,1353
IL,F,1922,Virginia,1342
IL,F,1922,Ruth,1314
IL,F,1922,Mildred,904
IL,F,1922,Evelyn,820
IL,F,1922,Lorraine,815
IL,F,1923,Mary,3607
IL,F,1923,Dorothy,2557
IL,F,1923,Betty,1897
IL,F,1923,Helen,1862
IL,F,1923,Margaret,1386
IL,F,1923,Ruth,1261
IL,F,1923,Virginia,1207
IL,F,1923,Evelyn,844
IL,F,1923,Mildred,839
IL,F,1923,Lorraine,814
IL,F,1924,Mary,3554
IL,F,1924,Dorothy,2673
IL,F,1924,Betty,2275
IL,F,1924,Helen,1836
IL,F,1924,Margaret,1258
IL,F,1924,Ruth,1252
IL,F,1924,Virginia,1248
IL,F,1924,Shirley,1006
IL,F,1924,Evelyn,849
IL,F,1924,Lorraine,846
IL,F,1925,Mary,3497
IL,F,1925,Dorothy,2417
IL,F,1925,Betty,2309
IL,F,1925,Helen,1763
IL,F,1925,Margaret,1191
IL,F,1925,Virginia,1170
IL,F,1925,Ruth,1161
IL,F,1925,Shirley,1113
IL,F,1925,Lorraine,800
IL,F,1925,Evelyn,799
IL,F,1926,Mary,3337
IL,F,1926,Betty,2414
IL,F,1926,Dorothy,2353
IL,F,1926,Helen,1609
IL,F,1926,Shirley,1164
IL,F,1926,Margaret,1071
IL,F,1926,Ruth,1059
IL,F,1926,Virginia,1044
IL,F,1926,Doris,842
IL,F,1926,Jean,794
IL,F,1927,Mary,3575
IL,F,1927,Betty,2358
IL,F,1927,Dorothy,2157
IL,F,1927,Helen,1403
IL,F,1927,Shirley,1355
IL,F,1927,Margaret,1126
IL,F,1927,Ruth,1035
IL,F,1927,Virginia,981
IL,F,1927,Dolores,938
IL,F,1927,Patricia,882
IL,F,1928,Mary,3415
IL,F,1928,Betty,2315
IL,F,1928,Dorothy,2014
IL,F,1928,Dolores,1355
IL,F,1928,Helen,1281
IL,F,1928,Shirley,1272
IL,F,1928,Patricia,1060
IL,F,1928,Margaret,984
IL,F,1928,Barbara,956
IL,F,1928,Ruth,943
IL,F,1929,Mary,3276
IL,F,1929,Betty,2302
IL,F,1929,Dorothy,1851
IL,F,1929,Dolores,1494
IL,F,1929,Shirley,1397
IL,F,1929,Patricia,1161
IL,F,1929,Helen,1155
IL,F,1929,Barbara,1140
IL,F,1929,Joan,1078
IL,F,1929,Margaret,953
IL,F,1930,Mary,3442
IL,F,1930,Betty,2263
IL,F,1930,Dorothy,1738
IL,F,1930,Dolores,1461
IL,F,1930,Patricia,1441
IL,F,1930,Joan,1297
IL,F,1930,Barbara,1287
IL,F,1930,Shirley,1234
IL,F,1930,Helen,1075
IL,F,1930,Marilyn,1008
IL,F,1931,Mary,3118
IL,F,1931,Betty,1900
IL,F,1931,Barbara,1554
IL,F,1931,Joan,1514
IL,F,1931,Patricia,1424
IL,F,1931,Dorothy,1420
IL,F,1931,Shirley,1174
IL,F,1931,Dolores,1114
IL,F,1931,Marilyn,970
IL,F,1931,Helen,896
IL,F,1932,Mary,2905
IL,F,1932,Barbara,1731
IL,F,1932,Betty,1582
IL,F,1932,Joan,1577
IL,F,1932,Patricia,1523
IL,F,1932,Dorothy,1295
IL,F,1932,Shirley,1051
IL,F,1932,Marilyn,1018
IL,F,1932,Dolores,910
IL,F,1932,Helen,773
IL,F,1933,Mary,2753
IL,F,1933,Barbara,1720
IL,F,1933,Patricia,1518
IL,F,1933,Betty,1489
IL,F,1933,Joan,1415
IL,F,1933,Dorothy,1103
IL,F,1933,Shirley,1011
IL,F,1933,Marilyn,929
IL,F,1933,Nancy,774
IL,F,1933,Carol,753
IL,F,1934,Mary,2671
IL,F,1934,Barbara,1903
IL,F,1934,Patricia,1556
IL,F,1934,Shirley,1448
IL,F,1934,Joan,1384
IL,F,1934,Betty,1306
IL,F,1934,Dorothy,1058
IL,F,1934,Marilyn,964
IL,F,1934,Carol,945
IL,F,1934,Nancy,869
IL,F,1935,Mary,2569
IL,F,1935,Shirley,2458
IL,F,1935,Barbara,1941
IL,F,1935,Patricia,1614
IL,F,1935,Joan,1313
IL,F,1935,Betty,1135
IL,F,1935,Carol,1060
IL,F,1935,Marilyn,994
IL,F,1935,Nancy,983
IL,F,1935,Dorothy,958
IL,F,1936,Mary,2680
IL,F,1936,Barbara,1950
IL,F,1936,Shirley,1864
IL,F,1936,Patricia,1811
IL,F,1936,Carol,1273
IL,F,1936,Nancy,1151
IL,F,1936,Joan,1093
IL,F,1936,Marilyn,1092
IL,F,1936,Betty,989
IL,F,1936,Dorothy,810
IL,F,1937,Mary,2772
IL,F,1937,Barbara,2169
IL,F,1937,Patricia,1961
IL,F,1937,Carol,1490
IL,F,1937,Shirley,1291
IL,F,1937,Nancy,1181
IL,F,1937,Betty,980
IL,F,1937,Joan,978
IL,F,1937,Marilyn,857
IL,F,1937,Donna,832
IL,F,1938,Mary,2734
IL,F,1938,Barbara,2524
IL,F,1938,Patricia,1956
IL,F,1938,Carol,1644
IL,F,1938,Nancy,1340
IL,F,1938,Shirley,1205
IL,F,1938,Judith,1083
IL,F,1938,Donna,993
IL,F,1938,Joan,926
IL,F,1938,Marilyn,917
IL,F,1939,Mary,2634
IL,F,1939,Barbara,2176
IL,F,1939,Patricia,1999
IL,F,1939,Judith,1628
IL,F,1939,Carol,1625
IL,F,1939,Nancy,1265
IL,F,1939,Sandra,955
IL,F,1939,Shirley,945
IL,F,1939,Sharon,895
IL,F,1939,Joyce,878
IL,F,1940,Mary,2770
IL,F,1940,Judith,2198
IL,F,1940,Patricia,2109
IL,F,1940,Barbara,2034
IL,F,1940,Carol,1677
IL,F,1940,Nancy,1278
IL,F,1940,Sandra,1216
IL,F,1940,Sharon,1070
IL,F,1940,Linda,1009
IL,F,1940,Judy,997
IL,F,1941,Mary,2797
IL,F,1941,Barbara,2327
IL,F,1941,Patricia,2250
IL,F,1941,Judith,2137
IL,F,1941,Carol,1877
IL,F,1941,Sandra,1521
IL,F,1941,Sharon,1468
IL,F,1941,Nancy,1335
IL,F,1941,Linda,1196
IL,F,1941,Karen,1097
IL,F,1942,Mary,3205
IL,F,1942,Barbara,2643
IL,F,1942,Patricia,2593
IL,F,1942,Carol,2291
IL,F,1942,Judith,2228
IL,F,1942,Sharon,2016
IL,F,1942,Sandra,1918
IL,F,1942,Linda,1561
IL,F,1942,Nancy,1559
IL,F,1942,Karen,1484
IL,F,1943,Mary,3352
IL,F,1943,Barbara,2510
IL,F,1943,Patricia,2428
IL,F,1943,Carol,2208
IL,F,1943,Sharon,2121
IL,F,1943,Judith,2030
IL,F,1943,Sandra,1875
IL,F,1943,Linda,1841
IL,F,1943,Nancy,1608
IL,F,1943,Karen,1520
IL,F,1944,Mary,3110
IL,F,1944,Barbara,2175
IL,F,1944,Patricia,2103
IL,F,1944,Carol,2005
IL,F,1944,Sharon,1734
IL,F,1944,Linda,1692
IL,F,1944,Judith,1635
IL,F,1944,Sandra,1535
IL,F,1944,Nancy,1365
IL,F,1944,Karen,1353
IL,F,1945,Mary,2931
IL,F,1945,Patricia,2109
IL,F,1945,Barbara,2063
IL,F,1945,Carol,1964
IL,F,1945,Linda,1848
IL,F,1945,Sharon,1574
IL,F,1945,Judith,1479
IL,F,1945,Sandra,1451
IL,F,1945,Nancy,1342
IL,F,1945,Karen,1267
IL,F,1946,Mary,3493
IL,F,1946,Patricia,2695
IL,F,1946,Linda,2451
IL,F,1946,Barbara,2441
IL,F,1946,Carol,2318
IL,F,1946,Sharon,2082
IL,F,1946,Susan,1972
IL,F,1946,Nancy,1898
IL,F,1946,Sandra,1839
IL,F,1946,Judith,1753
IL,F,1947,Linda,5285
IL,F,1947,Mary,3939
IL,F,1947,Patricia,3009
IL,F,1947,Barbara,2797
IL,F,1947,Carol,2286
IL,F,1947,Susan,2128
IL,F,1947,Nancy,2104
IL,F,1947,Sandra,1951
IL,F,1947,Sharon,1922
IL,F,1947,Kathleen,1643
IL,F,1948,Linda,5169
IL,F,1948,Mary,3647
IL,F,1948,Barbara,2682
IL,F,1948,Patricia,2607
IL,F,1948,Susan,2377
IL,F,1948,Carol,1907
IL,F,1948,Nancy,1878
IL,F,1948,Sandra,1721
IL,F,1948,Sharon,1690
IL,F,1948,Kathleen,1639
IL,F,1949,Linda,4998
IL,F,1949,Mary,3728
IL,F,1949,Patricia,2703
IL,F,1949,Susan,2511
IL,F,1949,Barbara,2404
IL,F,1949,Kathleen,1932
IL,F,1949,Nancy,1819
IL,F,1949,Carol,1799
IL,F,1949,Sandra,1791
IL,F,1949,Sharon,1605
IL,F,1950,Linda,4383
IL,F,1950,Mary,3811
IL,F,1950,Patricia,2738
IL,F,1950,Susan,2619
IL,F,1950,Barbara,2395
IL,F,1950,Kathleen,2027
IL,F,1950,Nancy,1946
IL,F,1950,Carol,1727
IL,F,1950,Sandra,1613
IL,F,1950,Deborah,1598
IL,F,1951,Linda,4089
IL,F,1951,Mary,3779
IL,F,1951,Patricia,3268
IL,F,1951,Susan,2721
IL,F,1951,Barbara,2382
IL,F,1951,Deborah,2078
IL,F,1951,Nancy,2049
IL,F,1951,Kathleen,1916
IL,F,1951,Karen,1864
IL,F,1951,Carol,1653
IL,F,1952,Mary,3871
IL,F,1952,Linda,3710
IL,F,1952,Patricia,2942
IL,F,1952,Susan,2626
IL,F,1952,Deborah,2586
IL,F,1952,Barbara,2304
IL,F,1952,Nancy,2198
IL,F,1952,Kathleen,1898
IL,F,1952,Karen,1720
IL,F,1952,Debra,1607
IL,F,1953,Mary,3808
IL,F,1953,Linda,3353
IL,F,1953,Patricia,2783
IL,F,1953,Susan,2771
IL,F,1953,Deborah,2521
IL,F,1953,Debra,2233
IL,F,1953,Barbara,2209
IL,F,1953,Nancy,1946
IL,F,1953,Karen,1834
IL,F,1953,Pamela,1745
IL,F,1954,Mary,4340
IL,F,1954,Linda,3037
IL,F,1954,Susan,2985
IL,F,1954,Debra,2888
IL,F,1954,Deborah,2849
IL,F,1954,Patricia,2692
IL,F,1954,Barbara,2102
IL,F,1954,Nancy,2023
IL,F,1954,Karen,1935
IL,F,1954,Pamela,1755
IL,F,1955,Mary,4101
IL,F,1955,Debra,3258
IL,F,1955,Susan,2997
IL,F,1955,Linda,2829
IL,F,1955,Deborah,2739
IL,F,1955,Patricia,2673
IL,F,1955,Nancy,2120
IL,F,1955,Karen,1987
IL,F,1955,Barbara,1954
IL,F,1955,Pamela,1675
IL,F,1956,Mary,4010
IL,F,1956,Debra,3189
IL,F,1956,Susan,3079
IL,F,1956,Linda,2743
IL,F,1956,Patricia,2508
IL,F,1956,Deborah,2411
IL,F,1956,Karen,2369
IL,F,1956,Nancy,1975
IL,F,1956,Barbara,1872
IL,F,1956,Cynthia,1869
IL,F,1957,Mary,3993
IL,F,1957,Susan,2875
IL,F,1957,Debra,2784
IL,F,1957,Karen,2522
IL,F,1957,Linda,2506
IL,F,1957,Cynthia,2372
IL,F,1957,Patricia,2323
IL,F,1957,Deborah,2059
IL,F,1957,Nancy,1893
IL,F,1957,Barbara,1744
IL,F,1958,Mary,3660
IL,F,1958,Susan,2798
IL,F,1958,Karen,2478
IL,F,1958,Linda,2395
IL,F,1958,Patricia,2210
IL,F,1958,Debra,2163
IL,F,1958,Cynthia,1781
IL,F,1958,Nancy,1731
IL,F,1958,Deborah,1693
IL,F,1958,Pamela,1578
IL,F,1959,Mary,3699
IL,F,1959,Susan,2704
IL,F,1959,Linda,2405
IL,F,1959,Karen,2284
IL,F,1959,Patricia,2060
IL,F,1959,Debra,1954
IL,F,1959,Donna,1784
IL,F,1959,Cynthia,1747
IL,F,1959,Deborah,1602
IL,F,1959,Nancy,1480
IL,F,1960,Mary,3570
IL,F,1960,Susan,2462
IL,F,1960,Karen,2202
IL,F,1960,Linda,2173
IL,F,1960,Patricia,1983
IL,F,1960,Donna,1679
IL,F,1960,Debra,1650
IL,F,1960,Lisa,1580
IL,F,1960,Cynthia,1535
IL,F,1960,Laura,1499
IL,F,1961,Mary,3156
IL,F,1961,Susan,2362
IL,F,1961,Lisa,2171
IL,F,1961,Linda,2162
IL,F,1961,Karen,2029
IL,F,1961,Patricia,1642
IL,F,1961,Laura,1509
IL,F,1961,Donna,1467
IL,F,1961,Cynthia,1419
IL,F,1961,Deborah,1369
IL,F,1962,Mary,2781
IL,F,1962,Lisa,2348
IL,F,1962,Susan,2256
IL,F,1962,Karen,2057
IL,F,1962,Linda,1937
IL,F,1962,Patricia,1534
IL,F,1962,Laura,1491
IL,F,1962,Cynthia,1447
IL,F,1962,Lori,1326
IL,F,1962,Donna,1314
IL,F,1963,Lisa,2827
IL,F,1963,Mary,2657
IL,F,1963,Susan,2108
IL,F,1963,Karen,1850
IL,F,1963,Linda,1695
IL,F,1963,Laura,1566
IL,F,1963,Patricia,1387
IL,F,1963,Lori,1366
IL,F,1963,Kimberly,1306
IL,F,1963,Donna,1253
IL,F,1964,Lisa,2731
IL,F,1964,Mary,2557
IL,F,1964,Susan,2056
IL,F,1964,Karen,1757
IL,F,1964,Laura,1591
IL,F,1964,Kimberly,1539
IL,F,1964,Patricia,1505
IL,F,1964,Linda,1354
IL,F,1964,Julie,1313
IL,F,1964,Donna,1187
IL,F,1965,Lisa,3070
IL,F,1965,Mary,2101
IL,F,1965,Karen,1758
IL,F,1965,Kimberly,1737
IL,F,1965,Susan,1714
IL,F,1965,Julie,1401
IL,F,1965,Laura,1342
IL,F,1965,Patricia,1329
IL,F,1965,Linda,1099
IL,F,1965,Christine,1032
IL,F,1966,Lisa,3100
IL,F,1966,Kimberly,1959
IL,F,1966,Mary,1706
IL,F,1966,Michelle,1676
IL,F,1966,Karen,1500
IL,F,1966,Susan,1467
IL,F,1966,Laura,1226
IL,F,1966,Julie,1178
IL,F,1966,Patricia,1131
IL,F,1966,Jennifer,1105
IL,F,1967,Lisa,2769
IL,F,1967,Kimberly,2021
IL,F,1967,Michelle,1813
IL,F,1967,Mary,1440
IL,F,1967,Susan,1395
IL,F,1967,Laura,1264
IL,F,1967,Karen,1208
IL,F,1967,Julie,1196
IL,F,1967,Christine,1097
IL,F,1967,Angela,1095
IL,F,1968,Lisa,2578
IL,F,1968,Michelle,2013
IL,F,1968,Kimberly,1863
IL,F,1968,Jennifer,1696
IL,F,1968,Laura,1443
IL,F,1968,Mary,1319
IL,F,1968,Julie,1188
IL,F,1968,Susan,1168
IL,F,1968,Angela,1130
IL,F,1968,Christine,1071
IL,F,1969,Lisa,2381
IL,F,1969,Michelle,2023
IL,F,1969,Jennifer,1962
IL,F,1969,Kimberly,1923
IL,F,1969,Julie,1293
IL,F,1969,Laura,1228
IL,F,1969,Amy,1199
IL,F,1969,Mary,1170
IL,F,1969,Angela,1133
IL,F,1969,Christine,1078
IL,F,1970,Jennifer,2729
IL,F,1970,Kimberly,2117
IL,F,1970,Lisa,2075
IL,F,1970,Michelle,1989
IL,F,1970,Amy,1442
IL,F,1970,Angela,1333
IL,F,1970,Julie,1201
IL,F,1970,Laura,1161
IL,F,1970,Tracy,1128
IL,F,1970,Dawn,1066
IL,F,1971,Jennifer,3304
IL,F,1971,Michelle,1976
IL,F,1971,Lisa,1835
IL,F,1971,Kimberly,1792
IL,F,1971,Amy,1468
IL,F,1971,Angela,1393
IL,F,1971,Julie,1046
IL,F,1971,Melissa,988
IL,F,1971,Laura,970
IL,F,1971,Dawn,960
IL,F,1972,Jennifer,3700
IL,F,1972,Michelle,1736
IL,F,1972,Lisa,1548
IL,F,1972,Amy,1507
IL,F,1972,Kimberly,1454
IL,F,1972,Angela,1201
IL,F,1972,Julie,993
IL,F,1972,Melissa,984
IL,F,1972,Nicole,955
IL,F,1972,Laura,832
IL,F,1973,Jennifer,3504
IL,F,1973,Michelle,1628
IL,F,1973,Amy,1443
IL,F,1973,Kimberly,1367
IL,F,1973,Lisa,1217
IL,F,1973,Angela,1045
IL,F,1973,Melissa,936
IL,F,1973,Heather,928
IL,F,1973,Julie,885
IL,F,1973,Nicole,807
IL,F,1974,Jennifer,3574
IL,F,1974,Amy,1693
IL,F,1974,Michelle,1531
IL,F,1974,Kimberly,1288
IL,F,1974,Heather,1130
IL,F,1974,Angela,1116
IL,F,1974,Lisa,1072
IL,F,1974,Melissa,992
IL,F,1974,Nicole,843
IL,F,1974,Rebecca,790
IL,F,1975,Jennifer,3206
IL,F,1975,Amy,1793
IL,F,1975,Michelle,1357
IL,F,1975,Angela,1180
IL,F,1975,Heather,1135
IL,F,1975,Kimberly,1123
IL,F,1975,Melissa,1098
IL,F,1975,Lisa,1011
IL,F,1975,Nicole,898
IL,F,1975,Elizabeth,740
IL,F,1976,Jennifer,3227
IL,F,1976,Amy,1681
IL,F,1976,Michelle,1201
IL,F,1976,Melissa,1155
IL,F,1976,Heather,1140
IL,F,1976,Angela,1083
IL,F,1976,Kimberly,1048
IL,F,1976,Lisa,979
IL,F,1976,Nicole,966
IL,F,1976,Elizabeth,843
IL,F,1977,Jennifer,3196
IL,F,1977,Amy,1362
IL,F,1977,Melissa,1268
IL,F,1977,Michelle,1159
IL,F,1977,Heather,1116
IL,F,1977,Kelly,1115
IL,F,1977,Nicole,1069
IL,F,1977,Jessica,1066
IL,F,1977,Angela,1055
IL,F,1977,Sarah,1028
IL,F,1978,Jennifer,2815
IL,F,1978,Melissa,1364
IL,F,1978,Amy,1172
IL,F,1978,Nicole,1152
IL,F,1978,Heather,1115
IL,F,1978,Sarah,1107
IL,F,1978,Jessica,1079
IL,F,1978,Michelle,1058
IL,F,1978,Elizabeth,1018
IL,F,1978,Kelly,1013
IL,F,1979,Jennifer,2907
IL,F,1979,Melissa,1676
IL,F,1979,Amanda,1560
IL,F,1979,Nicole,1298
IL,F,1979,Michelle,1175
IL,F,1979,Sarah,1144
IL,F,1979,Amy,1112
IL,F,1979,Elizabeth,1074
IL,F,1979,Jessica,1070
IL,F,1979,Angela,1026
IL,F,1980,Jennifer,2958
IL,F,1980,Amanda,1681
IL,F,1980,Melissa,1522
IL,F,1980,Jessica,1351
IL,F,1980,Sarah,1350
IL,F,1980,Nicole,1331
IL,F,1980,Elizabeth,1193
IL,F,1980,Michelle,1145
IL,F,1980,Amy,991
IL,F,1980,Tiffany,944
IL,F,1981,Jennifer,2843
IL,F,1981,Jessica,1651
IL,F,1981,Amanda,1574
IL,F,1981,Sarah,1540
IL,F,1981,Melissa,1355
IL,F,1981,Nicole,1311
IL,F,1981,Elizabeth,1201
IL,F,1981,Michelle,1023
IL,F,1981,Amy,994
IL,F,1981,Stephanie,959
IL,F,1982,Jennifer,2761
IL,F,1982,Jessica,1809
IL,F,1982,Nicole,1492
IL,F,1982,Amanda,1490
IL,F,1982,Sarah,1406
IL,F,1982,Elizabeth,1213
IL,F,1982,Melissa,1190
IL,F,1982,Stephanie,1011
IL,F,1982,Michelle,1005
IL,F,1982,Amy,965
IL,F,1983,Jennifer,2546
IL,F,1983,Jessica,1819
IL,F,1983,Amanda,1458
IL,F,1983,Nicole,1382
IL,F,1983,Sarah,1320
IL,F,1983,Ashley,1266
IL,F,1983,Elizabeth,1145
IL,F,1983,Melissa,1119
IL,F,1983,Stephanie,1046
IL,F,1983,Michelle,910
IL,F,1984,Jennifer,2465
IL,F,1984,Jessica,1794
IL,F,1984,Ashley,1490
IL,F,1984,Amanda,1477
IL,F,1984,Nicole,1315
IL,F,1984,Sarah,1258
IL,F,1984,Elizabeth,1164
IL,F,1984,Melissa,1067
IL,F,1984,Stephanie,1059
IL,F,1984,Megan,901
IL,F,1985,Jennifer,2052
IL,F,1985,Ashley,1945
IL,F,1985,Jessica,1909
IL,F,1985,Amanda,1655
IL,F,1985,Nicole,1227
IL,F,1985,Sarah,1164
IL,F,1985,Elizabeth,1120
IL,F,1985,Megan,1079
IL,F,1985,Stephanie,1071
IL,F,1985,Melissa,999
IL,F,1986,Jessica,2134
IL,F,1986,Ashley,2005
IL,F,1986,Jennifer,1748
IL,F,1986,Amanda,1692
IL,F,1986,Sarah,1287
IL,F,1986,Nicole,1113
IL,F,1986,Stephanie,1111
IL,F,1986,Elizabeth,1053
IL,F,1986,Brittany,975
IL,F,1986,Lauren,932
IL,F,1987,Ashley,2501
IL,F,1987,Jessica,2441
IL,F,1987,Amanda,1690
IL,F,1987,Jennifer,1564
IL,F,1987,Sarah,1322
IL,F,1987,Nicole,1116
IL,F,1987,Stephanie,1071
IL,F,1987,Brittany,1025
IL,F,1987,Elizabeth,1016
IL,F,1987,Samantha,970
IL,F,1988,Jessica,2220
IL,F,1988,Ashley,2201
IL,F,1988,Amanda,1632
IL,F,1988,Jennifer,1305
IL,F,1988,Sarah,1251
IL,F,1988,Brittany,1214
IL,F,1988,Samantha,1112
IL,F,1988,Stephanie,1107
IL,F,1988,Elizabeth,1092
IL,F,1988,Nicole,1025
IL,F,1989,Ashley,2267
IL,F,1989,Jessica,2029
IL,F,1989,Amanda,1592
IL,F,1989,Brittany,1521
IL,F,1989,Sarah,1301
IL,F,1989,Samantha,1242
IL,F,1989,Stephanie,1186
IL,F,1989,Jennifer,1137
IL,F,1989,Elizabeth,1070
IL,F,1989,Nicole,1033
IL,F,1990,Jessica,2081
IL,F,1990,Ashley,2061
IL,F,1990,Brittany,1523
IL,F,1990,Amanda,1476
IL,F,1990,Samantha,1260
IL,F,1990,Stephanie,1215
IL,F,1990,Sarah,1129
IL,F,1990,Elizabeth,1095
IL,F,1990,Jennifer,1088
IL,F,1990,Lauren,1033
IL,F,1991,Jessica,2026
IL,F,1991,Ashley,1869
IL,F,1991,Samantha,1272
IL,F,1991,Brittany,1267
IL,F,1991,Sarah,1193
IL,F,1991,Amanda,1154
IL,F,1991,Stephanie,1132
IL,F,1991,Elizabeth,1120
IL,F,1991,Emily,1049
IL,F,1991,Jennifer,1021
IL,F,1992,Jessica,1793
IL,F,1992,Ashley,1718
IL,F,1992,Samantha,1157
IL,F,1992,Sarah,1079
IL,F,1992,Brittany,1053
IL,F,1992,Emily,1049
IL,F,1992,Amanda,1031
IL,F,1992,Elizabeth,1030
IL,F,1992,Stephanie,969
IL,F,1992,Jennifer,900
IL,F,1993,Jessica,1763
IL,F,1993,Ashley,1559
IL,F,1993,Samantha,1182
IL,F,1993,Emily,1142
IL,F,1993,Sarah,1079
IL,F,1993,Taylor,970
IL,F,1993,Brittany,938
IL,F,1993,Elizabeth,902
IL,F,1993,Amanda,901
IL,F,1993,Lauren,883
IL,F,1994,Jessica,1603
IL,F,1994,Ashley,1288
IL,F,1994,Emily,1135
IL,F,1994,Samantha,1108
IL,F,1994,Sarah,1000
IL,F,1994,Taylor,982
IL,F,1994,Nicole,891
IL,F,1994,Amanda,848
IL,F,1994,Brittany,812
IL,F,1994,Elizabeth,805
IL,F,1995,Jessica,1426
IL,F,1995,Emily,1152
IL,F,1995,Ashley,1144
IL,F,1995,Samantha,1069
IL,F,1995,Sarah,948
IL,F,1995,Taylor,912
IL,F,1995,Elizabeth,808
IL,F,1995,Rachel,787
IL,F,1995,Hannah,759
IL,F,1995,Megan,730
IL,F,1996,Jessica,1241
IL,F,1996,Emily,1128
IL,F,1996,Ashley,1016
IL,F,1996,Samantha,947
IL,F,1996,Sarah,915
IL,F,1996,Taylor,871
IL,F,1996,Elizabeth,823
IL,F,1996,Alexis,812
IL,F,1996,Hannah,760
IL,F,1996,Megan,713
IL,F,1997,Emily,1180
IL,F,1997,Jessica,1105
IL,F,1997,Samantha,986
IL,F,1997,Hannah,913
IL,F,1997,Sarah,882
IL,F,1997,Alexis,873
IL,F,1997,Ashley,868
IL,F,1997,Taylor,807
IL,F,1997,Elizabeth,746
IL,F,1997,Megan,682
IL,F,1998,Emily,1179
IL,F,1998,Samantha,1013
IL,F,1998,Jessica,967
IL,F,1998,Alexis,929
IL,F,1998,Ashley,852
IL,F,1998,Hannah,850
IL,F,1998,Sarah,803
IL,F,1998,Taylor,752
IL,F,1998,Elizabeth,700
IL,F,1998,Alyssa,641
IL,F,1999,Emily,1198
IL,F,1999,Hannah,928
IL,F,1999,Jessica,886
IL,F,1999,Samantha,881
IL,F,1999,Alexis,867
IL,F,1999,Elizabeth,793
IL,F,1999,Sarah,774
IL,F,1999,Ashley,701
IL,F,1999,Taylor,661
IL,F,1999,Lauren,628
IL,F,2000,Emily,1172
IL,F,2000,Hannah,1003
IL,F,2000,Alexis,846
IL,F,2000,Jessica,846
IL,F,2000,Samantha,800
IL,F,2000,Grace,754
IL,F,2000,Ashley,723
IL,F,2000,Elizabeth,722
IL,F,2000,Sarah,682
IL,F,2000,Madison,681
IL,F,2001,Emily,1171
IL,F,2001,Hannah,858
IL,F,2001,Jessica,787
IL,F,2001,Grace,758
IL,F,2001,Samantha,754
IL,F,2001,Madison,744
IL,F,2001,Alexis,727
IL,F,2001,Abigail,717
IL,F,2001,Elizabeth,704
IL,F,2001,Ashley,654
IL,F,2002,Emily,1082
IL,F,2002,Emma,823
IL,F,2002,Olivia,772
IL,F,2002,Madison,758
IL,F,2002,Hannah,755
IL,F,2002,Grace,754
IL,F,2002,Abigail,717
IL,F,2002,Ashley,667
IL,F,2002,Samantha,651
IL,F,2002,Alexis,643
IL,F,2003,Emily,1103
IL,F,2003,Emma,1019
IL,F,2003,Olivia,802
IL,F,2003,Abigail,765
IL,F,2003,Grace,747
IL,F,2003,Madison,719
IL,F,2003,Elizabeth,684
IL,F,2003,Alexis,664
IL,F,2003,Hannah,643
IL,F,2003,Ashley,642
IL,F,2004,Emily,1084
IL,F,2004,Emma,856
IL,F,2004,Olivia,778
IL,F,2004,Abigail,739
IL,F,2004,Madison,714
IL,F,2004,Grace,706
IL,F,2004,Isabella,665
IL,F,2004,Ashley,653
IL,F,2004,Elizabeth,629
IL,F,2004,Samantha,596
IL,F,2005,Emily,1005
IL,F,2005,Emma,810
IL,F,2005,Olivia,773
IL,F,2005,Isabella,709
IL,F,2005,Abigail,695
IL,F,2005,Ava,631
IL,F,2005,Grace,619
IL,F,2005,Samantha,595
IL,F,2005,Elizabeth,590
IL,F,2005,Mia,583
IL,F,2006,Emily,909
IL,F,2006,Isabella,796
IL,F,2006,Emma,792
IL,F,2006,Olivia,787
IL,F,2006,Ava,708
IL,F,2006,Abigail,676
IL,F,2006,Madison,637
IL,F,2006,Grace,629
IL,F,2006,Sophia,621
IL,F,2006,Mia,605
IL,F,2007,Isabella,867
IL,F,2007,Olivia,843
IL,F,2007,Emily,798
IL,F,2007,Sophia,786
IL,F,2007,Ava,769
IL,F,2007,Emma,767
IL,F,2007,Abigail,662
IL,F,2007,Madison,597
IL,F,2007,Mia,553
IL,F,2007,Elizabeth,543
IL,F,2008,Olivia,827
IL,F,2008,Emily,772
IL,F,2008,Isabella,757
IL,F,2008,Emma,752
IL,F,2008,Sophia,728
IL,F,2008,Ava,692
IL,F,2008,Abigail,648
IL,F,2008,Madison,508
IL,F,2008,Addison,495
IL,F,2008,Mia,495
IL,F,2009,Isabella,943
IL,F,2009,Olivia,830
IL,F,2009,Sophia,761
IL,F,2009,Emma,710
IL,F,2009,Emily,673
IL,F,2009,Ava,634
IL,F,2009,Abigail,615
IL,F,2009,Mia,580
IL,F,2009,Madison,465
IL,F,2009,Addison,459
IL,F,2010,Isabella,946
IL,F,2010,Sophia,921
IL,F,2010,Olivia,823
IL,F,2010,Emma,654
IL,F,2010,Emily,650
IL,F,2010,Abigail,618
IL,F,2010,Ava,605
IL,F,2010,Mia,478
IL,F,2010,Madison,427
IL,F,2010,Addison,419
IL,F,2011,Sophia,892
IL,F,2011,Olivia,853
IL,F,2011,Isabella,816
IL,F,2011,Emma,689
IL,F,2011,Emily,623
IL,F,2011,Ava,577
IL,F,2011,Mia,537
IL,F,2011,Abigail,502
IL,F,2011,Sofia,406
IL,F,2011,Natalie,400
IL,F,2012,Sophia,961
IL,F,2012,Olivia,820
IL,F,2012,Isabella,813
IL,F,2012,Emma,772
IL,F,2012,Ava,601
IL,F,2012,Emily,597
IL,F,2012,Mia,550
IL,F,2012,Abigail,466
IL,F,2012,Sofia,424
IL,F,2012,Elizabeth,390
IL,F,2013,Olivia,889
IL,F,2013,Sophia,857
IL,F,2013,Emma,789
IL,F,2013,Isabella,677
IL,F,2013,Emily,561
IL,F,2013,Ava,554
IL,F,2013,Mia,553
IL,F,2013,Sofia,455
IL,F,2013,Abigail,451
IL,F,2013,Charlotte,403
IL,F,2014,Olivia,905
IL,F,2014,Emma,792
IL,F,2014,Sophia,758
IL,F,2014,Isabella,689
IL,F,2014,Ava,628
IL,F,2014,Mia,591
IL,F,2014,Emily,523
IL,F,2014,Sofia,460
IL,F,2014,Charlotte,439
IL,F,2014,Abigail,432
IL,F,2015,Olivia,816
IL,F,2015,Emma,811
IL,F,2015,Sophia,736
IL,F,2015,Mia,669
IL,F,2015,Isabella,644
IL,F,2015,Ava,638
IL,F,2015,Sofia,482
IL,F,2015,Abigail,470
IL,F,2015,Amelia,459
IL,F,2015,Emily,459
IL,F,2016,Olivia,770
IL,F,2016,Emma,742
IL,F,2016,Sophia,709
IL,F,2016,Ava,631
IL,F,2016,Mia,582
IL,F,2016,Isabella,562
IL,F,2016,Charlotte,559
IL,F,2016,Evelyn,463
IL,F,2016,Emily,462
IL,F,2016,Sofia,452
IL,F,2017,Olivia,727
IL,F,2017,Emma,702
IL,F,2017,Ava,615
IL,F,2017,Sophia,598
IL,F,2017,Isabella,584
IL,F,2017,Charlotte,561
IL,F,2017,Mia,516
IL,F,2017,Amelia,504
IL,F,2017,Evelyn,440
IL,F,2017,Emily,413
IL,F,2018,Olivia,717
IL,F,2018,Emma,643
IL,F,2018,Ava,597
IL,F,2018,Isabella,571
IL,F,2018,Sophia,560
IL,F,2018,Charlotte,548
IL,F,2018,Mia,533
IL,F,2018,Amelia,461
IL,F,2018,Evelyn,431
IL,F,2018,Harper,383
IL,F,2019,Olivia,725
IL,F,2019,Emma,628
IL,F,2019,Sophia,577
IL,F,2019,Ava,555
IL,F,2019,Charlotte,518
IL,F,2019,Amelia,517
IL,F,2019,Mia,501
IL,F,2019,Isabella,491
IL,F,2019,Evelyn,461
IL,F,2019,Sofia,370
IL,M,1920,Robert,3373
IL,M,1920,John,3036
IL,M,1920,William,2591
IL,M,1920,James,1914
IL,M,1920,Charles,1667
IL,M,1920,Edward,1665
IL,M,1920,George,1503
IL,M,1920,Joseph,1422
IL,M,1920,Frank,1038
IL,M,1920,Richard,1022
IL,M,1921,Robert,3761
IL,M,1921,John,3335
IL,M,1921,William,2679
IL,M,1921,James,2049
IL,M,1921,Edward,1725
IL,M,1921,Charles,1688
IL,M,1921,George,1542
IL,M,1921,Joseph,1385
IL,M,1921,Frank,1143
IL,M,1921,Richard,1039
IL,M,1922,Robert,3879
IL,M,1922,John,3281
IL,M,1922,William,2771
IL,M,1922,James,2081
IL,M,1922,Edward,1615
IL,M,1922,George,1592
IL,M,1922,Charles,1563
IL,M,1922,Joseph,1444
IL,M,1922,Richard,1245
IL,M,1922,Donald,1094
IL,M,1923,Robert,4162
IL,M,1923,John,3347
IL,M,1923,William,3008
IL,M,1923,James,2226
IL,M,1923,Charles,1686
IL,M,1923,George,1649
IL,M,1923,Edward,1616
IL,M,1923,Joseph,1393
IL,M,1923,Richard,1348
IL,M,1923,Donald,1195
IL,M,1924,Robert,4513
IL,M,1924,John,3447
IL,M,1924,William,3026
IL,M,1924,James,2299
IL,M,1924,Charles,1775
IL,M,1924,George,1675
IL,M,1924,Edward,1652
IL,M,1924,Richard,1577
IL,M,1924,Joseph,1390
IL,M,1924,Donald,1359
IL,M,1925,Robert,4647
IL,M,1925,John,3413
IL,M,1925,William,3107
IL,M,1925,James,2429
IL,M,1925,Richard,1783
IL,M,1925,Charles,1736
IL,M,1925,Edward,1565
IL,M,1925,George,1528
IL,M,1925,Donald,1417
IL,M,1925,Joseph,1343
IL,M,1926,Robert,4498
IL,M,1926,John,3382
IL,M,1926,William,2980
IL,M,1926,James,2399
IL,M,1926,Richard,1948
IL,M,1926,Charles,1652
IL,M,1926,Donald,1625
IL,M,1926,George,1563
IL,M,1926,Edward,1478
IL,M,1926,Joseph,1244
IL,M,1927,Robert,4534
IL,M,1927,John,3332
IL,M,1927,William,2998
IL,M,1927,James,2483
IL,M,1927,Richard,2131
IL,M,1927,Donald,1894
IL,M,1927,Charles,1765
IL,M,1927,George,1520
IL,M,1927,Edward,1434
IL,M,1927,Joseph,1225
IL,M,1928,Robert,4459
IL,M,1928,John,3290
IL,M,1928,William,2785
IL,M,1928,James,2380
IL,M,1928,Richard,2271
IL,M,1928,Donald,2128
IL,M,1928,Charles,1653
IL,M,1928,George,1381
IL,M,1928,Edward,1323
IL,M,1928,Joseph,1232
IL,M,1929,Robert,4395
IL,M,1929,John,3174
IL,M,1929,William,2763
IL,M,1929,James,2532
IL,M,1929,Richard,2331
IL,M,1929,Donald,2319
IL,M,1929,Charles,1702
IL,M,1929,George,1367
IL,M,1929,Edward,1289
IL,M,1929,Joseph,1174
IL,M,1930,Robert,4672
IL,M,1930,John,3179
IL,M,1930,James,2731
IL,M,1930,William,2727
IL,M,1930,Donald,2503
IL,M,1930,Richard,2454
IL,M,1930,Charles,1737
IL,M,1930,George,1311
IL,M,1930,Joseph,1156
IL,M,1930,Edward,1140
IL,M,1931,Robert,4231
IL,M,1931,John,3046
IL,M,1931,James,2664
IL,M,1931,Richard,2441
IL,M,1931,William,2430
IL,M,1931,Donald,2423
IL,M,1931,Charles,1536
IL,M,1931,George,1132
IL,M,1931,Edward,1033
IL,M,1931,Joseph,1025
IL,M,1932,Robert,3833
IL,M,1932,John,2757
IL,M,1932,James,2471
IL,M,1932,Donald,2422
IL,M,1932,William,2351
IL,M,1932,Richard,2304
IL,M,1932,Charles,1646
IL,M,1932,George,1085
IL,M,1932,Ronald,1072
IL,M,1932,Edward,1044
IL,M,1933,Robert,3505
IL,M,1933,John,2706
IL,M,1933,James,2575
IL,M,1933,Richard,2297
IL,M,1933,Donald,2263
IL,M,1933,William,2099
IL,M,1933,Charles,1452
IL,M,1933,Ronald,1185
IL,M,1933,George,996
IL,M,1933,Thomas,975
IL,M,1934,Robert,3571
IL,M,1934,John,2746
IL,M,1934,James,2656
IL,M,1934,Richard,2486
IL,M,1934,Donald,2438
IL,M,1934,William,2049
IL,M,1934,Charles,1511
IL,M,1934,Ronald,1398
IL,M,1934,George,998
IL,M,1934,Thomas,969
IL,M,1935,Robert,3591
IL,M,1935,John,2780
IL,M,1935,James,2776
IL,M,1935,Richard,2571
IL,M,1935,Donald,2276
IL,M,1935,William,2211
IL,M,1935,Charles,1575
IL,M,1935,Ronald,1527
IL,M,1935,Thomas,1084
IL,M,1935,Joseph,961
IL,M,1936,Robert,3722
IL,M,1936,John,2830
IL,M,1936,James,2692
IL,M,1936,Richard,2414
IL,M,1936,Donald,2218
IL,M,1936,William,2156
IL,M,1936,Ronald,1648
IL,M,1936,Charles,1541
IL,M,1936,Thomas,1129
IL,M,1936,George,957
IL,M,1937,Robert,3954
IL,M,1937,James,2962
IL,M,1937,John,2883
IL,M,1937,Richard,2387
IL,M,1937,William,2220
IL,M,1937,Donald,2041
IL,M,1937,Ronald,1671
IL,M,1937,Charles,1571
IL,M,1937,Thomas,1224
IL,M,1937,David,1211
IL,M,1938,Robert,3966
IL,M,1938,James,3084
IL,M,1938,John,2982
IL,M,1938,Richard,2538
IL,M,1938,William,2386
IL,M,1938,Donald,1921
IL,M,1938,Ronald,1780
IL,M,1938,Charles,1660
IL,M,1938,Thomas,1360
IL,M,1938,David,1314
IL,M,1939,Robert,3675
IL,M,1939,James,3034
IL,M,1939,John,2951
IL,M,1939,Richard,2500
IL,M,1939,William,2260
IL,M,1939,Ronald,1725
IL,M,1939,Donald,1569
IL,M,1939,Charles,1551
IL,M,1939,David,1384
IL,M,1939,Thomas,1350
IL,M,1940,Robert,3842
IL,M,1940,James,3265
IL,M,1940,John,3251
IL,M,1940,Richard,2513
IL,M,1940,William,2496
IL,M,1940,Ronald,1749
IL,M,1940,Charles,1576
IL,M,1940,Thomas,1567
IL,M,1940,Donald,1471
IL,M,1940,David,1470
IL,M,1941,Robert,3986
IL,M,1941,James,3645
IL,M,1941,John,3430
IL,M,1941,William,2714
IL,M,1941,Richard,2647
IL,M,1941,Ronald,1981
IL,M,1941,Thomas,1777
IL,M,1941,Charles,1732
IL,M,1941,David,1709
IL,M,1941,Donald,1457
IL,M,1942,Robert,4589
IL,M,1942,James,4294
IL,M,1942,John,3947
IL,M,1942,William,3147
IL,M,1942,Richard,2966
IL,M,1942,Ronald,2299
IL,M,1942,Thomas,2068
IL,M,1942,David,1992
IL,M,1942,Charles,1804
IL,M,1942,Donald,1600
IL,M,1943,Robert,4544
IL,M,1943,James,4390
IL,M,1943,John,4024
IL,M,1943,Richard,3080
IL,M,1943,William,3044
IL,M,1943,Thomas,2191
IL,M,1943,Ronald,2190
IL,M,1943,David,1936
IL,M,1943,Charles,1766
IL,M,1943,Michael,1714
IL,M,1944,Robert,4148
IL,M,1944,James,4073
IL,M,1944,John,3748
IL,M,1944,Richard,2864
IL,M,1944,William,2742
IL,M,1944,Thomas,2016
IL,M,1944,David,1939
IL,M,1944,Michael,1867
IL,M,1944,Ronald,1733
IL,M,1944,Charles,1587
IL,M,1945,Robert,4121
IL,M,1945,James,3912
IL,M,1945,John,3857
IL,M,1945,Richard,2718
IL,M,1945,William,2624
IL,M,1945,Thomas,2042
IL,M,1945,Michael,1938
IL,M,1945,David,1817
IL,M,1945,Charles,1488
IL,M,1945,Ronald,1485
IL,M,1946,Robert,4957
IL,M,1946,James,4791
IL,M,1946,John,4588
IL,M,1946,Richard,3755
IL,M,1946,William,3317
IL,M,1946,Michael,2762
IL,M,1946,Thomas,2618
IL,M,1946,David,2426
IL,M,1946,Ronald,2001
IL,M,1946,Charles,1841
IL,M,1947,James,5349
IL,M,1947,Robert,5332
IL,M,1947,John,5153
IL,M,1947,William,3678
IL,M,1947,Richard,3535
IL,M,1947,Michael,3432
IL,M,1947,David,3072
IL,M,1947,Thomas,2929
IL,M,1947,Ronald,2203
IL,M,1947,Charles,1890
IL,M,1948,Robert,4960
IL,M,1948,James,4871
IL,M,1948,John,4760
IL,M,1948,Michael,3621
IL,M,1948,William,3278
IL,M,1948,Richard,3120
IL,M,1948,David,2899
IL,M,1948,Thomas,2760
IL,M,1948,Ronald,2023
IL,M,1948,Charles,1884
IL,M,1949,Robert,5006
IL,M,1949,James,4817
IL,M,1949,John,4790
IL,M,1949,Michael,4249
IL,M,1949,William,3350
IL,M,1949,Richard,3188
IL,M,1949,David,3173
IL,M,1949,Thomas,2960
IL,M,1949,Charles,1924
IL,M,1949,Ronald,1763
IL,M,1950,James,4986
IL,M,1950,Robert,4853
IL,M,1950,John,4731
IL,M,1950,Michael,4612
IL,M,1950,William,3376
IL,M,1950,David,3357
IL,M,1950,Richard,3046
IL,M,1950,Thomas,2929
IL,M,1950,Charles,1993
IL,M,1950,Gary,1834
IL,M,1951,Robert,5048
IL,M,1951,Michael,4973
IL,M,1951,James,4922
IL,M,1951,John,4788
IL,M,1951,David,3508
IL,M,1951,William,3402
IL,M,1951,Richard,3329
IL,M,1951,Thomas,3094
IL,M,1951,Gary,2186
IL,M,1951,Charles,1974
IL,M,1952,Michael,5199
IL,M,1952,Robert,5064
IL,M,1952,John,4978
IL,M,1952,James,4856
IL,M,1952,David,3845
IL,M,1952,William,3555
IL,M,1952,Richard,3425
IL,M,1952,Thomas,3247
IL,M,1952,Gary,2170
IL,M,1952,Steven,2044
IL,M,1953,Michael,5472
IL,M,1953,Robert,4852
IL,M,1953,James,4764
IL,M,1953,John,4615
IL,M,1953,David,4039
IL,M,1953,Richard,3351
IL,M,1953,William,3280
IL,M,1953,Thomas,3045
IL,M,1953,Steven,2277
IL,M,1953,Gary,1994
IL,M,1954,Michael,5702
IL,M,1954,Robert,4947
IL,M,1954,James,4897
IL,M,1954,John,4778
IL,M,1954,David,4305
IL,M,1954,William,3358
IL,M,1954,Richard,3274
IL,M,1954,Thomas,3135
IL,M,1954,Steven,2414
IL,M,1954,Mark,2405
IL,M,1955,Michael,5898
IL,M,1955,John,4803
IL,M,1955,James,4781
IL,M,1955,David,4750
IL,M,1955,Robert,4720
IL,M,1955,William,3381
IL,M,1955,Thomas,3104
IL,M,1955,Richard,2986
IL,M,1955,Mark,2746
IL,M,1955,Steven,2538
IL,M,1956,Michael,5955
IL,M,1956,James,4943
IL,M,1956,John,4918
IL,M,1956,Robert,4682
IL,M,1956,David,4598
IL,M,1956,William,3262
IL,M,1956,Mark,3149
IL,M,1956,Richard,2973
IL,M,1956,Thomas,2969
IL,M,1956,Steven,2654
IL,M,1957,Michael,6219
IL,M,1957,James,5040
IL,M,1957,John,4816
IL,M,1957,Robert,4643
IL,M,1957,David,4478
IL,M,1957,Mark,3377
IL,M,1957,William,3205
IL,M,1957,Thomas,3025
IL,M,1957,Richard,2909
IL,M,1957,Steven,2615
IL,M,1958,Michael,5998
IL,M,1958,David,4609
IL,M,1958,John,4585
IL,M,1958,James,4526
IL,M,1958,Robert,4359
IL,M,1958,Mark,3265
IL,M,1958,William,2973
IL,M,1958,Thomas,2874
IL,M,1958,Richard,2747
IL,M,1958,Steven,2308
IL,M,1959,Michael,5713
IL,M,1959,John,4653
IL,M,1959,James,4630
IL,M,1959,David,4626
IL,M,1959,Robert,4224
IL,M,1959,Mark,3365
IL,M,1959,William,2888
IL,M,1959,Richard,2665
IL,M,1959,Thomas,2629
IL,M,1959,Steven,2294
IL,M,1960,Michael,5413
IL,M,1960,David,4819
IL,M,1960,John,4650
IL,M,1960,James,4390
IL,M,1960,Robert,4159
IL,M,1960,Mark,3624
IL,M,1960,William,2692
IL,M,1960,Thomas,2562
IL,M,1960,Richard,2443
IL,M,1960,Steven,2261
IL,M,1961,Michael,5406
IL,M,1961,John,4774
IL,M,1961,David,4722
IL,M,1961,James,4347
IL,M,1961,Robert,4145
IL,M,1961,Mark,3526
IL,M,1961,William,2605
IL,M,1961,Thomas,2482
IL,M,1961,Steven,2234
IL,M,1961,Richard,2197
IL,M,1962,Michael,5338
IL,M,1962,John,4679
IL,M,1962,David,4402
IL,M,1962,James,4133
IL,M,1962,Robert,3771
IL,M,1962,Mark,3149
IL,M,1962,Thomas,2412
IL,M,1962,William,2406
IL,M,1962,Steven,2145
IL,M,1962,Richard,2122
IL,M,1963,Michael,5181
IL,M,1963,John,4496
IL,M,1963,David,4267
IL,M,1963,James,4048
IL,M,1963,Robert,3970
IL,M,1963,Mark,2959
IL,M,1963,Thomas,2338
IL,M,1963,William,2328
IL,M,1963,Richard,2211
IL,M,1963,Scott,1996
IL,M,1964,Michael,5136
IL,M,1964,John,4768
IL,M,1964,James,4089
IL,M,1964,David,4087
IL,M,1964,Robert,3966
IL,M,1964,Mark,2600
IL,M,1964,William,2332
IL,M,1964,Thomas,2163
IL,M,1964,Richard,2158
IL,M,1964,Steven,1971
IL,M,1965,Michael,4974
IL,M,1965,John,4282
IL,M,1965,James,3810
IL,M,1965,David,3656
IL,M,1965,Robert,3591
IL,M,1965,Mark,2311
IL,M,1965,William,2148
IL,M,1965,Thomas,2041
IL,M,1965,Richard,2007
IL,M,1965,Steven,1878
IL,M,1966,Michael,4794
IL,M,1966,John,3764
IL,M,1966,David,3626
IL,M,1966,James,3609
IL,M,1966,Robert,3302
IL,M,1966,Mark,2086
IL,M,1966,William,2049
IL,M,1966,Jeffrey,1887
IL,M,1966,Thomas,1864
IL,M,1966,Steven,1850
IL,M,1967,Michael,4772
IL,M,1967,John,3613
IL,M,1967,David,3536
IL,M,1967,James,3492
IL,M,1967,Robert,3184
IL,M,1967,Mark,2160
IL,M,1967,William,1887
IL,M,1967,Thomas,1885
IL,M,1967,Richard,1845
IL,M,1967,Timothy,1827
IL,M,1968,Michael,4886
IL,M,1968,John,3464
IL,M,1968,David,3455
IL,M,1968,James,3380
IL,M,1968,Robert,3207
IL,M,1968,Mark,2084
IL,M,1968,William,1861
IL,M,1968,Brian,1786
IL,M,1968,Richard,1769
IL,M,1968,Jeffrey,1760
IL,M,1969,Michael,4764
IL,M,1969,David,3366
IL,M,1969,James,3264
IL,M,1969,John,3256
IL,M,1969,Robert,3230
IL,M,1969,Brian,2018
IL,M,1969,Mark,1914
IL,M,1969,William,1835
IL,M,1969,Thomas,1721
IL,M,1969,Christopher,1687
IL,M,1970,Michael,4980
IL,M,1970,David,3249
IL,M,1970,John,3202
IL,M,1970,Robert,3177
IL,M,1970,James,3135
IL,M,1970,Brian,2018
IL,M,1970,Christopher,1977
IL,M,1970,William,1945
IL,M,1970,Mark,1847
IL,M,1970,Jeffrey,1784
IL,M,1971,Michael,4373
IL,M,1971,James,2919
IL,M,1971,David,2842
IL,M,1971,John,2767
IL,M,1971,Robert,2694
IL,M,1971,Christopher,2299
IL,M,1971,Brian,2072
IL,M,1971,Scott,1810
IL,M,1971,William,1760
IL,M,1971,Jason,1564
IL,M,1972,Michael,4052
IL,M,1972,Christopher,2444
IL,M,1972,David,2443
IL,M,1972,James,2403
IL,M,1972,Brian,2248
IL,M,1972,John,2237
IL,M,1972,Robert,2148
IL,M,1972,Jason,1935
IL,M,1972,Daniel,1453
IL,M,1972,William,1430
IL,M,1973,Michael,3849
IL,M,1973,Christopher,2249
IL,M,1973,James,2249
IL,M,1973,Jason,2237
IL,M,1973,Brian,2164
IL,M,1973,David,2083
IL,M,1973,John,2026
IL,M,1973,Robert,2025
IL,M,1973,Daniel,1476
IL,M,1973,Matthew,1394
IL,M,1974,Michael,3602
IL,M,1974,Jason,2636
IL,M,1974,Christopher,2403
IL,M,1974,David,2186
IL,M,1974,James,2176
IL,M,1974,Brian,2050
IL,M,1974,John,1927
IL,M,1974,Robert,1848
IL,M,1974,Matthew,1554
IL,M,1974,Daniel,1409
IL,M,1975,Michael,3859
IL,M,1975,Jason,2707
IL,M,1975,David,2086
IL,M,1975,Christopher,2062
IL,M,1975,James,1959
IL,M,1975,Brian,1859
IL,M,1975,John,1786
IL,M,1975,Robert,1738
IL,M,1975,Matthew,1621
IL,M,1975,Daniel,1377
IL,M,1976,Michael,3681
IL,M,1976,Jason,2719
IL,M,1976,Christopher,2007
IL,M,1976,David,1966
IL,M,1976,Brian,1917
IL,M,1976,James,1870
IL,M,1976,John,1831
IL,M,1976,Robert,1787
IL,M,1976,Matthew,1734
IL,M,1976,Daniel,1394
IL,M,1977,Michael,3803
IL,M,1977,Jason,2933
IL,M,1977,David,2097
IL,M,1977,James,2096
IL,M,1977,Brian,2048
IL,M,1977,Christopher,2022
IL,M,1977,Matthew,1777
IL,M,1977,Robert,1744
IL,M,1977,John,1697
IL,M,1977,Daniel,1430
IL,M,1978,Michael,3630
IL,M,1978,Jason,2410
IL,M,1978,Christopher,2028
IL,M,1978,David,1986
IL,M,1978,Matthew,1893
IL,M,1978,James,1875
IL,M,1978,Robert,1722
IL,M,1978,Brian,1715
IL,M,1978,John,1636
IL,M,1978,Daniel,1462
IL,M,1979,Michael,3718
IL,M,1979,Jason,2415
IL,M,1979,Christopher,2239
IL,M,1979,David,2132
IL,M,1979,Matthew,1838
IL,M,1979,James,1828
IL,M,1979,Robert,1732
IL,M,1979,John,1701
IL,M,1979,Brian,1677
IL,M,1979,Daniel,1669
IL,M,1980,Michael,3757
IL,M,1980,Jason,2358
IL,M,1980,Christopher,2182
IL,M,1980,David,2078
IL,M,1980,Matthew,2041
IL,M,1980,James,1913
IL,M,1980,Robert,1718
IL,M,1980,Daniel,1694
IL,M,1980,John,1691
IL,M,1980,Joseph,1684
IL,M,1981,Michael,3525
IL,M,1981,Matthew,2294
IL,M,1981,Christopher,2202
IL,M,1981,David,2023
IL,M,1981,Jason,2019
IL,M,1981,James,1732
IL,M,1981,Robert,1728
IL,M,1981,Daniel,1699
IL,M,1981,John,1663
IL,M,1981,Joseph,1643
IL,M,1982,Michael,3548
IL,M,1982,Christopher,2563
IL,M,1982,Matthew,2319
IL,M,1982,David,1961
IL,M,1982,Jason,1907
IL,M,1982,Daniel,1768
IL,M,1982,James,1740
IL,M,1982,Robert,1696
IL,M,1982,John,1675
IL,M,1982,Joseph,1622
IL,M,1983,Michael,3583
IL,M,1983,Matthew,2475
IL,M,1983,Christopher,2459
IL,M,1983,David,1934
IL,M,1983,Daniel,1815
IL,M,1983,James,1666
IL,M,1983,Joseph,1636
IL,M,1983,Jason,1604
IL,M,1983,Robert,1604
IL,M,1983,John,1529
IL,M,1984,Michael,3604
IL,M,1984,Matthew,2473
IL,M,1984,Christopher,2453
IL,M,1984,Daniel,1980
IL,M,1984,David,1809
IL,M,1984,James,1600
IL,M,1984,Ryan,1567
IL,M,1984,Joshua,1565
IL,M,1984,Robert,1564
IL,M,1984,Joseph,1522
IL,M,1985,Michael,3370
IL,M,1985,Christopher,2384
IL,M,1985,Matthew,2321
IL,M,1985,Daniel,2010
IL,M,1985,David,1883
IL,M,1985,Ryan,1705
IL,M,1985,Joshua,1569
IL,M,1985,James,1552
IL,M,1985,Joseph,1529
IL,M,1985,Robert,1529
IL,M,1986,Michael,3249
IL,M,1986,Matthew,2269
IL,M,1986,Christopher,2131
IL,M,1986,Daniel,1943
IL,M,1986,David,1694
IL,M,1986,Andrew,1591
IL,M,1986,Ryan,1571
IL,M,1986,James,1464
IL,M,1986,Robert,1446
IL,M,1986,Joshua,1380
IL,M,1987,Michael,3376
IL,M,1987,Matthew,2233
IL,M,1987,Christopher,2117
IL,M,1987,Daniel,2005
IL,M,1987,Andrew,1737
IL,M,1987,David,1668
IL,M,1987,Ryan,1581
IL,M,1987,James,1419
IL,M,1987,Joseph,1401
IL,M,1987,Robert,1383
IL,M,1988,Michael,3445
IL,M,1988,Matthew,2313
IL,M,1988,Christopher,2073
IL,M,1988,Daniel,1900
IL,M,1988,Andrew,1681
IL,M,1988,David,1592
IL,M,1988,Joseph,1482
IL,M,1988,Joshua,1471
IL,M,1988,Ryan,1460
IL,M,1988,Nicholas,1424
IL,M,1989,Michael,3580
IL,M,1989,Matthew,2209
IL,M,1989,Christopher,2129
IL,M,1989,Daniel,1879
IL,M,1989,Andrew,1605
IL,M,1989,David,1599
IL,M,1989,Nicholas,1558
IL,M,1989,Joshua,1550
IL,M,1989,Joseph,1453
IL,M,1989,Ryan,1432
IL,M,1990,Michael,3439
IL,M,1990,Matthew,2235
IL,M,1990,Christopher,2052
IL,M,1990,Daniel,1882
IL,M,1990,David,1548
IL,M,1990,Joshua,1534
IL,M,1990,Nicholas,1526
IL,M,1990,Joseph,1516
IL,M,1990,Ryan,1505
IL,M,1990,Andrew,1477
IL,M,1991,Michael,3157
IL,M,1991,Matthew,2111
IL,M,1991,Christopher,1924
IL,M,1991,Daniel,1713
IL,M,1991,Joshua,1571
IL,M,1991,Joseph,1532
IL,M,1991,Nicholas,1454
IL,M,1991,Ryan,1422
IL,M,1991,David,1417
IL,M,1991,Andrew,1415
IL,M,1992,Michael,2862
IL,M,1992,Matthew,1879
IL,M,1992,Daniel,1622
IL,M,1992,Christopher,1557
IL,M,1992,Nicholas,1516
IL,M,1992,Joseph,1413
IL,M,1992,Andrew,1366
IL,M,1992,Ryan,1339
IL,M,1992,Joshua,1337
IL,M,1992,Brandon,1288
IL,M,1993,Michael,2693
IL,M,1993,Matthew,1874
IL,M,1993,Daniel,1591
IL,M,1993,Nicholas,1503
IL,M,1993,Christopher,1478
IL,M,1993,Joseph,1383
IL,M,1993,Jacob,1344
IL,M,1993,Joshua,1283
IL,M,1993,Ryan,1281
IL,M,1993,Andrew,1244
IL,M,1994,Michael,2375
IL,M,1994,Matthew,1660
IL,M,1994,Daniel,1559
IL,M,1994,Nicholas,1558
IL,M,1994,Jacob,1395
IL,M,1994,Christopher,1373
IL,M,1994,Joseph,1281
IL,M,1994,Ryan,1268
IL,M,1994,Brandon,1266
IL,M,1994,Tyler,1242
IL,M,1995,Michael,2219
IL,M,1995,Matthew,1675
IL,M,1995,Nicholas,1537
IL,M,1995,Jacob,1494
IL,M,1995,Daniel,1445
IL,M,1995,Christopher,1296
IL,M,1995,Joseph,1293
IL,M,1995,Joshua,1233
IL,M,1995,Andrew,1188
IL,M,1995,Ryan,1138
IL,M,1996,Michael,2131
IL,M,1996,Jacob,1534
IL,M,1996,Matthew,1489
IL,M,1996,Nicholas,1476
IL,M,1996,Daniel,1443
IL,M,1996,Joseph,1222
IL,M,1996,Christopher,1192
IL,M,1996,Joshua,1134
IL,M,1996,Andrew,1111
IL,M,1996,David,1091
IL,M,1997,Michael,2011
IL,M,1997,Jacob,1574
IL,M,1997,Nicholas,1516
IL,M,1997,Matthew,1494
IL,M,1997,Daniel,1330
IL,M,1997,Joseph,1224
IL,M,1997,Joshua,1135
IL,M,1997,Tyler,1077
IL,M,1997,Christopher,1063
IL,M,1997,Andrew,1048
IL,M,1998,Michael,1933
IL,M,1998,Jacob,1648
IL,M,1998,Matthew,1525
IL,M,1998,Nicholas,1388
IL,M,1998,Daniel,1277
IL,M,1998,Joshua,1150
IL,M,1998,Joseph,1112
IL,M,1998,Andrew,1052
IL,M,1998,Brandon,1022
IL,M,1998,Christopher,1003
IL,M,1999,Michael,1765
IL,M,1999,Jacob,1638
IL,M,1999,Matthew,1473
IL,M,1999,Daniel,1310
IL,M,1999,Nicholas,1301
IL,M,1999,Joseph,1178
IL,M,1999,Joshua,1102
IL,M,1999,Andrew,1070
IL,M,1999,Ryan,1056
IL,M,1999,Tyler,966
IL,M,2000,Jacob,1593
IL,M,2000,Michael,1543
IL,M,2000,Matthew,1392
IL,M,2000,Daniel,1261
IL,M,2000,Nicholas,1189
IL,M,2000,Joseph,1142
IL,M,2000,Joshua,1101
IL,M,2000,Anthony,1004
IL,M,2000,Andrew,973
IL,M,2000,Ryan,946
IL,M,2001,Michael,1448
IL,M,2001,Jacob,1421
IL,M,2001,Matthew,1343
IL,M,2001,Daniel,1185
IL,M,2001,Nicholas,1133
IL,M,2001,Joshua,1117
IL,M,2001,Anthony,1032
IL,M,2001,Joseph,1005
IL,M,2001,Andrew,956
IL,M,2001,Alexander,945
IL,M,2002,Michael,1430
IL,M,2002,Jacob,1373
IL,M,2002,Matthew,1157
IL,M,2002,Daniel,1134
IL,M,2002,Joshua,1054
IL,M,2002,Nicholas,1012
IL,M,2002,Anthony,986
IL,M,2002,Joseph,977
IL,M,2002,Alexander,963
IL,M,2002,Andrew,951
IL,M,2003,Michael,1344
IL,M,2003,Jacob,1249
IL,M,2003,Daniel,1100
IL,M,2003,Joseph,1077
IL,M,2003,Anthony,1070
IL,M,2003,Matthew,1054
IL,M,2003,Alexander,1001
IL,M,2003,Joshua,992
IL,M,2003,Andrew,961
IL,M,2003,Nicholas,950
IL,M,2004,Michael,1266
IL,M,2004,Jacob,1246
IL,M,2004,Daniel,1147
IL,M,2004,Anthony,1046
IL,M,2004,Joshua,1014
IL,M,2004,Alexander,1013
IL,M,2004,Matthew,992
IL,M,2004,Joseph,934
IL,M,2004,Andrew,914
IL,M,2004,Ryan,890
IL,M,2005,Jacob,1115
IL,M,2005,Michael,1115
IL,M,2005,Daniel,1071
IL,M,2005,Alexander,993
IL,M,2005,Matthew,973
IL,M,2005,Joseph,943
IL,M,2005,Joshua,941
IL,M,2005,Anthony,927
IL,M,2005,Andrew,857
IL,M,2005,Ryan,841
IL,M,2006,Daniel,1022
IL,M,2006,Michael,991
IL,M,2006,Jacob,964
IL,M,2006,Alexander,945
IL,M,2006,Joshua,918
IL,M,2006,Anthony,911
IL,M,2006,Matthew,864
IL,M,2006,Joseph,832
IL,M,2006,Andrew,793
IL,M,2006,Ryan,787
IL,M,2007,Daniel,1034
IL,M,2007,Anthony,973
IL,M,2007,Michael,960
IL,M,2007,Jacob,956
IL,M,2007,Alexander,950
IL,M,2007,Joshua,810
IL,M,2007,Matthew,757
IL,M,2007,Andrew,754
IL,M,2007,William,752
IL,M,2007,Christopher,746
IL,M,2008,Alexander,989
IL,M,2008,Daniel,956
IL,M,2008,Michael,943
IL,M,2008,Jacob,887
IL,M,2008,Anthony,874
IL,M,2008,Ethan,774
IL,M,2008,Joshua,734
IL,M,2008,Joseph,711
IL,M,2008,William,707
IL,M,2008,Matthew,703
IL,M,2009,Alexander,1043
IL,M,2009,Jacob,878
IL,M,2009,Daniel,874
IL,M,2009,Michael,808
IL,M,2009,Anthony,775
IL,M,2009,Ethan,745
IL,M,2009,Joshua,697
IL,M,2009,William,692
IL,M,2009,Nathan,660
IL,M,2009,Aiden,657
IL,M,2010,Alexander,914
IL,M,2010,Jacob,913
IL,M,2010,Michael,745
IL,M,2010,Daniel,736
IL,M,2010,Anthony,721
IL,M,2010,Ethan,721
IL,M,2010,Jayden,687
IL,M,2010,William,675
IL,M,2010,Joshua,649
IL,M,2010,Noah,608
IL,M,2011,Alexander,899
IL,M,2011,Michael,801
IL,M,2011,Jacob,783
IL,M,2011,Noah,737
IL,M,2011,Daniel,706
IL,M,2011,Mason,700
IL,M,2011,William,696
IL,M,2011,Ethan,694
IL,M,2011,Anthony,684
IL,M,2011,Benjamin,646
IL,M,2012,Jacob,764
IL,M,2012,Alexander,747
IL,M,2012,Noah,747
IL,M,2012,Michael,710
IL,M,2012,Ethan,679
IL,M,2012,Mason,661
IL,M,2012,Liam,660
IL,M,2012,Anthony,658
IL,M,2012,Jayden,656
IL,M,2012,Daniel,651
IL,M,2013,Noah,760
IL,M,2013,Alexander,735
IL,M,2013,Jacob,733
IL,M,2013,Liam,726
IL,M,2013,Michael,700
IL,M,2013,William,667
IL,M,2013,Jayden,639
IL,M,2013,Benjamin,635
IL,M,2013,Daniel,630
IL,M,2013,Mason,621
IL,M,2014,Noah,842
IL,M,2014,Alexander,750
IL,M,2014,William,687
IL,M,2014,Michael,680
IL,M,2014,Liam,670
IL,M,2014,Jacob,655
IL,M,2014,Benjamin,649
IL,M,2014,Mason,604
IL,M,2014,Logan,594
IL,M,2014,Daniel,593
IL,M,2015,Noah,868
IL,M,2015,Liam,713
IL,M,2015,Alexander,708
IL,M,2015,Jacob,652
IL,M,2015,Michael,619
IL,M,2015,Benjamin,618
IL,M,2015,William,618
IL,M,2015,Daniel,604
IL,M,2015,Mason,594
IL,M,2015,James,578
IL,M,2016,Noah,798
IL,M,2016,Liam,666
IL,M,2016,Alexander,637
IL,M,2016,William,632
IL,M,2016,Benjamin,631
IL,M,2016,Michael,619
IL,M,2016,Oliver,568
IL,M,2016,Daniel,548
IL,M,2016,Ethan,538
IL,M,2016,Jacob,535
IL,M,2017,Noah,774
IL,M,2017,Liam,663
IL,M,2017,Benjamin,621
IL,M,2017,Logan,596
IL,M,2017,Alexander,584
IL,M,2017,James,563
IL,M,2017,Oliver,551
IL,M,2017,William,546
IL,M,2017,Michael,518
IL,M,2017,Daniel,511
IL,M,2018,Noah,717
IL,M,2018,Liam,712
IL,M,2018,Oliver,586
IL,M,2018,Benjamin,548
IL,M,2018,William,532
IL,M,2018,Alexander,531
IL,M,2018,Logan,524
IL,M,2018,James,519
IL,M,2018,Henry,505
IL,M,2018,Lucas,491
IL,M,2019,Noah,769
IL,M,2019,Liam,635
IL,M,2019,Benjamin,629
IL,M,2019,Oliver,571
IL,M,2019,Alexander,508
IL,M,2019,Mateo,494
IL,M,2019,William,491
IL,M,2019,Henry,469
IL,M,2019,James,453
IL,M,2019,Jack,444
