IN,F,1920,Mary,2394
IN,F,1920,Helen,1055
IN,F,1920,Dorothy,958
IN,F,1920,Ruth,764
IN,F,1920,Betty,760
IN,F,1920,Margaret,742
IN,F,1920,Virginia,574
IN,F,1920,Mildred,521
IN,F,1920,Martha,460
IN,F,1920,Marjorie,435
IN,F,1921,Mary,2633
IN,F,1921,Dorothy,1073
IN,F,1921,Betty,1044
IN,F,1921,Helen,972
IN,F,1921,Ruth,777
IN,F,1921,Margaret,717
IN,F,1921,Virginia,658
IN,F,1921,Mildred,542
IN,F,1921,Martha,536
IN,F,1921,Marjorie,492
IN,F,1922,Mary,2376
IN,F,1922,Betty,1284
IN,F,1922,Dorothy,985
IN,F,1922,Helen,905
IN,F,1922,Ruth,678
IN,F,1922,Virginia,671
IN,F,1922,Margaret,669
IN,F,1922,Marjorie,546
IN,F,1922,Martha,497
IN,F,1922,Mildred,469
IN,F,1923,Mary,2398
IN,F,1923,Betty,1584
IN,F,1923,Dorothy,1068
IN,F,1923,Helen,963
IN,F,1923,Ruth,681
IN,F,1923,Margaret,647
IN,F,1923,Virginia,646
IN,F,1923,Martha,490
IN,F,1923,Marjorie,472
IN,F,1923,Mildred,419
IN,F,1924,Mary,2399
IN,F,1924,Betty,1852
IN,F,1924,Dorothy,987
IN,F,1924,Helen,896
IN,F,1924,Virginia,683
IN,F,1924,Margaret,656
IN,F,1924,Ruth,647
IN,F,1924,Martha,511
IN,F,1924,Marjorie,477
IN,F,1924,Norma,410
IN,F,1925,Mary,2221
IN,F,1925,Betty,1843
IN,F,1925,Dorothy,984
IN,F,1925,Helen,800
IN,F,1925,Ruth,627
IN,F,1925,Margaret,602
IN,F,1925,Virginia,548
IN,F,1925,Martha,481
IN,F,1925,Norma,446
IN,F,1925,Doris,435
IN,F,1926,Mary,2063
IN,F,1926,Betty,1760
IN,F,1926,Dorothy,871
IN,F,1926,Helen,720
IN,F,1926,Margaret,558
IN,F,1926,Ruth,544
IN,F,1926,Doris,502
IN,F,1926,Norma,494
IN,F,1926,Virginia,484
IN,F,1926,Barbara,456
IN,F,1927,Mary,2188
IN,F,1927,Betty,1766
IN,F,1927,Dorothy,841
IN,F,1927,Helen,625
IN,F,1927,Norma,557
IN,F,1927,Barbara,546
IN,F,1927,Ruth,513
IN,F,1927,Phyllis,495
IN,F,1927,Margaret,486
IN,F,1927,Doris,472
IN,F,1928,Mary,2052
IN,F,1928,Betty,1640
IN,F,1928,Dorothy,695
IN,F,1928,Barbara,693
IN,F,1928,Norma,581
IN,F,1928,Helen,566
IN,F,1928,Patricia,527
IN,F,1928,Ruth,505
IN,F,1928,Phyllis,469
IN,F,1928,Margaret,457
IN,F,1929,Mary,1794
IN,F,1929,Betty,1513
IN,F,1929,Barbara,770
IN,F,1929,Dorothy,668
IN,F,1929,Patricia,623
IN,F,1929,Phyllis,535
IN,F,1929,Norma,482
IN,F,1929,Helen,481
IN,F,1929,Doris,462
IN,F,1929,Ruth,445
IN,F,1930,Mary,1885
IN,F,1930,Betty,1433
IN,F,1930,Barbara,880
IN,F,1930,Patricia,754
IN,F,1930,Dorothy,644
IN,F,1930,Phyllis,529
IN,F,1930,Norma,512
IN,F,1930,Joan,466
IN,F,1930,Helen,464
IN,F,1930,Marilyn,438
IN,F,1931,Mary,1581
IN,F,1931,Betty,1197
IN,F,1931,Barbara,956
IN,F,1931,Patricia,693
IN,F,1931,Norma,546
IN,F,1931,Dorothy,517
IN,F,1931,Joan,465
IN,F,1931,Phyllis,455
IN,F,1931,Marilyn,444
IN,F,1931,Helen,439
IN,F,1932,Mary,1618
IN,F,1932,Betty,1074
IN,F,1932,Barbara,991
IN,F,1932,Patricia,698
IN,F,1932,Marilyn,528
IN,F,1932,Dorothy,498
IN,F,1932,Norma,458
IN,F,1932,Joan,449
IN,F,1932,Phyllis,423
IN,F,1932,Helen,384
IN,F,1933,Mary,1497
IN,F,1933,Barbara,905
IN,F,1933,Betty,857
IN,F,1933,Patricia,713
IN,F,1933,Phyllis,410
IN,F,1933,Marilyn,406
IN,F,1933,Norma,400
IN,F,1933,Dorothy,389
IN,F,1933,Shirley,378
IN,F,1933,Helen,372
IN,F,1934,Mary,1466
IN,F,1934,Barbara,977
IN,F,1934,Betty,881
IN,F,1934,Patricia,796
IN,F,1934,Shirley,671
IN,F,1934,Carolyn,466
IN,F,1934,Nancy,453
IN,F,1934,Marilyn,447
IN,F,1934,Phyllis,441
IN,F,1934,Norma,376
IN,F,1935,Shirley,1412
IN,F,1935,Mary,1407
IN,F,1935,Barbara,921
IN,F,1935,Patricia,742
IN,F,1935,Betty,717
IN,F,1935,Nancy,486
IN,F,1935,Phyllis,475
IN,F,1935,Carolyn,441
IN,F,1935,Marilyn,440
IN,F,1935,Carol,396
IN,F,1936,Mary,1370
IN,F,1936,Shirley,1115
IN,F,1936,Barbara,881
IN,F,1936,Patricia,785
IN,F,1936,Nancy,649
IN,F,1936,Betty,615
IN,F,1936,Carolyn,533
IN,F,1936,Marilyn,521
IN,F,1936,Carol,456
IN,F,1936,Phyllis,455
IN,F,1937,Mary,1437
IN,F,1937,Barbara,941
IN,F,1937,Shirley,825
IN,F,1937,Patricia,801
IN,F,1937,Betty,610
IN,F,1937,Nancy,606
IN,F,1937,Carolyn,532
IN,F,1937,Carol,517
IN,F,1937,Marilyn,465
IN,F,1937,Phyllis,445
IN,F,1938,Mary,1459
IN,F,1938,Barbara,1027
IN,F,1938,Patricia,834
IN,F,1938,Nancy,688
IN,F,1938,Shirley,680
IN,F,1938,Carolyn,636
IN,F,1938,Betty,626
IN,F,1938,Carol,586
IN,F,1938,Judith,576
IN,F,1938,Sharon,528
IN,F,1939,Mary,1278
IN,F,1939,Barbara,873
IN,F,1939,Judith,859
IN,F,1939,Patricia,814
IN,F,1939,Nancy,749
IN,F,1939,Sharon,630
IN,F,1939,Carolyn,574
IN,F,1939,Carol,567
IN,F,1939,Shirley,565
IN,F,1939,Linda,560
IN,F,1940,Mary,1285
IN,F,1940,Judith,1119
IN,F,1940,Linda,855
IN,F,1940,Patricia,831
IN,F,1940,Barbara,776
IN,F,1940,Nancy,764
IN,F,1940,Sharon,742
IN,F,1940,Carolyn,695
IN,F,1940,Sandra,649
IN,F,1940,Carol,592
IN,F,1941,Mary,1360
IN,F,1941,Judith,1118
IN,F,1941,Patricia,980
IN,F,1941,Barbara,941
IN,F,1941,Linda,926
IN,F,1941,Sharon,923
IN,F,1941,Nancy,854
IN,F,1941,Sandra,769
IN,F,1941,Carolyn,723
IN,F,1941,Carol,659
IN,F,1942,Mary,1547
IN,F,1942,Linda,1116
IN,F,1942,Judith,1109
IN,F,1942,Sharon,1077
IN,F,1942,Barbara,1007
IN,F,1942,Patricia,1000
IN,F,1942,Sandra,908
IN,F,1942,Nancy,885
IN,F,1942,Carolyn,872
IN,F,1942,Carol,802
IN,F,1943,Mary,1587
IN,F,1943,Linda,1268
IN,F,1943,Sharon,1212
IN,F,1943,Judith,1009
IN,F,1943,Patricia,983
IN,F,1943,Barbara,967
IN,F,1943,Sandra,956
IN,F,1943,Nancy,803
IN,F,1943,Carolyn,773
IN,F,1943,Carol,764
IN,F,1944,Mary,1407
IN,F,1944,Linda,1154
IN,F,1944,Sharon,1038
IN,F,1944,Patricia,904
IN,F,1944,Barbara,886
IN,F,1944,Sandra,883
IN,F,1944,Judith,853
IN,F,1944,Nancy,831
IN,F,1944,Carol,787
IN,F,1944,Karen,674
IN,F,1945,Mary,1331
IN,F,1945,Linda,1214
IN,F,1945,Sharon,881
IN,F,1945,Barbara,874
IN,F,1945,Patricia,775
IN,F,1945,Carol,736
IN,F,1945,Nancy,736
IN,F,1945,Sandra,724
IN,F,1945,Judith,701
IN,F,1945,Carolyn,645
IN,F,1946,Mary,1611
IN,F,1946,Linda,1529
IN,F,1946,Sharon,1170
IN,F,1946,Patricia,1082
IN,F,1946,Sandra,998
IN,F,1946,Barbara,993
IN,F,1946,Nancy,941
IN,F,1946,Carol,933
IN,F,1946,Judith,773
IN,F,1946,Susan,769
IN,F,1947,Linda,3014
IN,F,1947,Mary,1611
IN,F,1947,Patricia,1204
IN,F,1947,Sharon,1157
IN,F,1947,Barbara,1096
IN,F,1947,Nancy,1088
IN,F,1947,Sandra,1034
IN,F,1947,Carol,906
IN,F,1947,Susan,836
IN,F,1947,Karen,799
IN,F,1948,Linda,2762
IN,F,1948,Mary,1663
IN,F,1948,Patricia,1060
IN,F,1948,Barbara,1054
IN,F,1948,Susan,939
IN,F,1948,Sharon,934
IN,F,1948,Nancy,927
IN,F,1948,Sandra,916
IN,F,1948,Karen,802
IN,F,1948,Carol,711
IN,F,1949,Linda,2581
IN,F,1949,Mary,1560
IN,F,1949,Patricia,1152
IN,F,1949,Barbara,1018
IN,F,1949,Susan,1005
IN,F,1949,Nancy,945
IN,F,1949,Sandra,914
IN,F,1949,Sharon,885
IN,F,1949,Karen,807
IN,F,1949,Carol,764
IN,F,1950,Linda,2262
IN,F,1950,Mary,1517
IN,F,1950,Patricia,1085
IN,F,1950,Deborah,1084
IN,F,1950,Susan,938
IN,F,1950,Nancy,918
IN,F,1950,Barbara,910
IN,F,1950,Sandra,853
IN,F,1950,Karen,822
IN,F,1950,Sharon,773
IN,F,1951,Linda,2045
IN,F,1951,Mary,1620
IN,F,1951,Deborah,1384
IN,F,1951,Patricia,1291
IN,F,1951,Susan,997
IN,F,1951,Karen,987
IN,F,1951,Barbara,953
IN,F,1951,Nancy,934
IN,F,1951,Pamela,824
IN,F,1951,Sandra,781
IN,F,1952,Linda,1846
IN,F,1952,Mary,1540
IN,F,1952,Deborah,1529
IN,F,1952,Patricia,1187
IN,F,1952,Susan,1076
IN,F,1952,Debra,1048
IN,F,1952,Karen,989
IN,F,1952,Nancy,951
IN,F,1952,Barbara,933
IN,F,1952,Pamela,881
IN,F,1953,Linda,1578
IN,F,1953,Deborah,1553
IN,F,1953,Mary,1525
IN,F,1953,Debra,1360
IN,F,1953,Patricia,1254
IN,F,1953,Pamela,1102
IN,F,1953,Susan,1070
IN,F,1953,Karen,1012
IN,F,1953,Barbara,869
IN,F,1953,Nancy,846
IN,F,1954,Debra,1607
IN,F,1954,Mary,1603
IN,F,1954,Linda,1466
IN,F,1954,Deborah,1451
IN,F,1954,Susan,1186
IN,F,1954,Pamela,1125
IN,F,1954,Patricia,1114
IN,F,1954,Karen,988
IN,F,1954,Cynthia,952
IN,F,1954,Nancy,891
IN,F,1955,Debra,1703
IN,F,1955,Mary,1471
IN,F,1955,Deborah,1406
IN,F,1955,Linda,1279
IN,F,1955,Susan,1146
IN,F,1955,Pamela,1049
IN,F,1955,Karen,995
IN,F,1955,Patricia,946
IN,F,1955,Nancy,858
IN,F,1955,Cynthia,843
IN,F,1956,Debra,1670
IN,F,1956,Mary,1490
IN,F,1956,Deborah,1287
IN,F,1956,Linda,1173
IN,F,1956,Karen,1148
IN,F,1956,Pamela,1098
IN,F,1956,Susan,1090
IN,F,1956,Cynthia,971
IN,F,1956,Patricia,930
IN,F,1956,Nancy,752
IN,F,1957,Mary,1477
IN,F,1957,Debra,1463
IN,F,1957,Cynthia,1208
IN,F,1957,Linda,1176
IN,F,1957,Karen,1132
IN,F,1957,Susan,1097
IN,F,1957,Deborah,1045
IN,F,1957,Pamela,902
IN,F,1957,Brenda,886
IN,F,1957,Patricia,882
IN,F,1958,Mary,1354
IN,F,1958,Karen,1116
IN,F,1958,Debra,1115
IN,F,1958,Susan,1103
IN,F,1958,Linda,1038
IN,F,1958,Pamela,880
IN,F,1958,Kathy,874
IN,F,1958,Cynthia,831
IN,F,1958,Patricia,831
IN,F,1958,Deborah,781
IN,F,1959,Mary,1283
IN,F,1959,Karen,1085
IN,F,1959,Susan,1013
IN,F,1959,Linda,965
IN,F,1959,Debra,955
IN,F,1959,Lisa,871
IN,F,1959,Pamela,857
IN,F,1959,Brenda,808
IN,F,1959,Cynthia,800
IN,F,1959,Donna,791
IN,F,1960,Mary,1257
IN,F,1960,Lisa,1147
IN,F,1960,Karen,1065
IN,F,1960,Susan,965
IN,F,1960,Linda,888
IN,F,1960,Brenda,850
IN,F,1960,Debra,817
IN,F,1960,Donna,789
IN,F,1960,Kimberly,779
IN,F,1960,Teresa,754
IN,F,1961,Lisa,1469
IN,F,1961,Mary,1151
IN,F,1961,Karen,941
IN,F,1961,Susan,941
IN,F,1961,Linda,919
IN,F,1961,Teresa,781
IN,F,1961,Brenda,763
IN,F,1961,Kimberly,718
IN,F,1961,Lori,676
IN,F,1961,Pamela,675
IN,F,1962,Lisa,1479
IN,F,1962,Mary,1016
IN,F,1962,Karen,897
IN,F,1962,Susan,877
IN,F,1962,Kimberly,848
IN,F,1962,Linda,786
IN,F,1962,Lori,759
IN,F,1962,Teresa,731
IN,F,1962,Brenda,659
IN,F,1962,Pamela,653
IN,F,1963,Lisa,1715
IN,F,1963,Mary,975
IN,F,1963,Kimberly,921
IN,F,1963,Lori,879
IN,F,1963,Susan,816
IN,F,1963,Karen,760
IN,F,1963,Tammy,739
IN,F,1963,Julie,682
IN,F,1963,Linda,656
IN,F,1963,Teresa,648
IN,F,1964,Lisa,1629
IN,F,1964,Kimberly,972
IN,F,1964,Mary,956
IN,F,1964,Susan,801
IN,F,1964,Karen,749
IN,F,1964,Tammy,707
IN,F,1964,Lori,700
IN,F,1964,Julie,638
IN,F,1964,Angela,619
IN,F,1964,Teresa,617
IN,F,1965,Lisa,1742
IN,F,1965,Kimberly,1103
IN,F,1965,Mary,845
IN,F,1965,Karen,791
IN,F,1965,Angela,758
IN,F,1965,Julie,653
IN,F,1965,Susan,628
IN,F,1965,Teresa,587
IN,F,1965,Tammy,580
IN,F,1965,Lori,551
IN,F,1966,Lisa,1617
IN,F,1966,Kimberly,1204
IN,F,1966,Michelle,879
IN,F,1966,Angela,809
IN,F,1966,Mary,684
IN,F,1966,Susan,655
IN,F,1966,Jennifer,639
IN,F,1966,Tammy,637
IN,F,1966,Julie,628
IN,F,1966,Karen,581
IN,F,1967,Lisa,1501
IN,F,1967,Kimberly,1088
IN,F,1967,Michelle,948
IN,F,1967,Angela,892
IN,F,1967,Melissa,774
IN,F,1967,Amy,658
IN,F,1967,Mary,646
IN,F,1967,Susan,611
IN,F,1967,Tammy,591
IN,F,1967,Jennifer,565
IN,F,1968,Lisa,1396
IN,F,1968,Kimberly,1055
IN,F,1968,Michelle,997
IN,F,1968,Angela,949
IN,F,1968,Melissa,858
IN,F,1968,Jennifer,835
IN,F,1968,Amy,697
IN,F,1968,Julie,592
IN,F,1968,Kelly,592
IN,F,1968,Tammy,592
IN,F,1969,Lisa,1155
IN,F,1969,Michelle,1135
IN,F,1969,Jennifer,1087
IN,F,1969,Kimberly,1045
IN,F,1969,Angela,943
IN,F,1969,Melissa,884
IN,F,1969,Amy,843
IN,F,1969,Julie,610
IN,F,1969,Tammy,569
IN,F,1969,Kelly,565
IN,F,1970,Jennifer,1359
IN,F,1970,Angela,1247
IN,F,1970,Michelle,1155
IN,F,1970,Lisa,1071
IN,F,1970,Kimberly,1041
IN,F,1970,Amy,1037
IN,F,1970,Melissa,875
IN,F,1970,Julie,644
IN,F,1970,Tammy,608
IN,F,1970,Dawn,586
IN,F,1971,Jennifer,1784
IN,F,1971,Angela,1248
IN,F,1971,Michelle,1118
IN,F,1971,Amy,1028
IN,F,1971,Kimberly,957
IN,F,1971,Lisa,853
IN,F,1971,Melissa,834
IN,F,1971,Dawn,576
IN,F,1971,Julie,575
IN,F,1971,Tammy,548
IN,F,1972,Jennifer,1993
IN,F,1972,Angela,1101
IN,F,1972,Amy,972
IN,F,1972,Michelle,905
IN,F,1972,Kimberly,800
IN,F,1972,Melissa,763
IN,F,1972,Lisa,715
IN,F,1972,Heather,570
IN,F,1972,Julie,492
IN,F,1972,Stephanie,469
IN,F,1973,Jennifer,2016
IN,F,1973,Amy,1012
IN,F,1973,Angela,1002
IN,F,1973,Michelle,899
IN,F,1973,Melissa,746
IN,F,1973,Kimberly,721
IN,F,1973,Lisa,648
IN,F,1973,Heather,636
IN,F,1973,Stephanie,526
IN,F,1973,Christina,418
IN,F,1974,Jennifer,1903
IN,F,1974,Amy,1092
IN,F,1974,Angela,1040
IN,F,1974,Michelle,845
IN,F,1974,Heather,785
IN,F,1974,Melissa,760
IN,F,1974,Kimberly,633
IN,F,1974,Lisa,541
IN,F,1974,Stephanie,536
IN,F,1974,Rebecca,412
IN,F,1975,Jennifer,1702
IN,F,1975,Amy,1118
IN,F,1975,Angela,1039
IN,F,1975,Heather,844
IN,F,1975,Melissa,736
IN,F,1975,Michelle,726
IN,F,1975,Kimberly,577
IN,F,1975,Amanda,565
IN,F,1975,Stephanie,489
IN,F,1975,Lisa,462
IN,F,1976,Jennifer,1627
IN,F,1976,Amy,1108
IN,F,1976,Angela,901
IN,F,1976,Heather,829
IN,F,1976,Melissa,708
IN,F,1976,Amanda,705
IN,F,1976,Michelle,572
IN,F,1976,Kimberly,537
IN,F,1976,Sarah,467
IN,F,1976,Lisa,462
IN,F,1977,Jennifer,1639
IN,F,1977,Heather,858
IN,F,1977,Amy,857
IN,F,1977,Angela,838
IN,F,1977,Melissa,788
IN,F,1977,Amanda,769
IN,F,1977,Jessica,614
IN,F,1977,Sarah,557
IN,F,1977,Kelly,555
IN,F,1977,Michelle,527
IN,F,1978,Jennifer,1511
IN,F,1978,Amanda,880
IN,F,1978,Amy,797
IN,F,1978,Heather,790
IN,F,1978,Angela,774
IN,F,1978,Melissa,760
IN,F,1978,Sarah,663
IN,F,1978,Jessica,608
IN,F,1978,Christina,519
IN,F,1978,Kelly,495
IN,F,1979,Jennifer,1570
IN,F,1979,Amanda,1299
IN,F,1979,Melissa,927
IN,F,1979,Angela,762
IN,F,1979,Sarah,743
IN,F,1979,Amy,728
IN,F,1979,Heather,728
IN,F,1979,Jessica,688
IN,F,1979,Amber,535
IN,F,1979,Michelle,508
IN,F,1980,Jennifer,1516
IN,F,1980,Amanda,1392
IN,F,1980,Jessica,892
IN,F,1980,Melissa,866
IN,F,1980,Sarah,851
IN,F,1980,Heather,702
IN,F,1980,Amy,692
IN,F,1980,Angela,622
IN,F,1980,Amber,605
IN,F,1980,Stephanie,533
IN,F,1981,Jennifer,1418
IN,F,1981,Amanda,1318
IN,F,1981,Jessica,1087
IN,F,1981,Sarah,922
IN,F,1981,Melissa,667
IN,F,1981,Amy,653
IN,F,1981,Heather,587
IN,F,1981,Amber,567
IN,F,1981,Elizabeth,535
IN,F,1981,Stephanie,530
IN,F,1982,Jennifer,1424
IN,F,1982,Amanda,1165
IN,F,1982,Jessica,1097
IN,F,1982,Sarah,911
IN,F,1982,Melissa,614
IN,F,1982,Amber,602
IN,F,1982,Stephanie,593
IN,F,1982,Nicole,579
IN,F,1982,Amy,557
IN,F,1982,Heather,542
IN,F,1983,Ashley,1224
IN,F,1983,Jennifer,1203
IN,F,1983,Amanda,1097
IN,F,1983,Jessica,1058
IN,F,1983,Sarah,808
IN,F,1983,Heather,647
IN,F,1983,Amber,630
IN,F,1983,Stephanie,548
IN,F,1983,Melissa,543
IN,F,1983,Nicole,516
IN,F,1984,Ashley,1301
IN,F,1984,Jennifer,1121
IN,F,1984,Amanda,1042
IN,F,1984,Jessica,1006
IN,F,1984,Sarah,730
IN,F,1984,Amber,604
IN,F,1984,Heather,599
IN,F,1984,Stephanie,559
IN,F,1984,Megan,501
IN,F,1984,Rachel,495
IN,F,1985,Ashley,1578
IN,F,1985,Amanda,1137
IN,F,1985,Jessica,1049
IN,F,1985,Jennifer,918
IN,F,1985,Sarah,708
IN,F,1985,Heather,665
IN,F,1985,Megan,645
IN,F,1985,Amber,589
IN,F,1985,Brittany,585
IN,F,1985,Stephanie,554
IN,F,1986,Ashley,1456
IN,F,1986,Jessica,1153
IN,F,1986,Amanda,1107
IN,F,1986,Jennifer,791
IN,F,1986,Sarah,756
IN,F,1986,Brittany,692
IN,F,1986,Megan,647
IN,F,1986,Amber,581
IN,F,1986,Heather,566
IN,F,1986,Stephanie,493
IN,F,1987,Ashley,1560
IN,F,1987,Jessica,1222
IN,F,1987,Amanda,989
IN,F,1987,Brittany,710
IN,F,1987,Sarah,709
IN,F,1987,Jennifer,675
IN,F,1987,Amber,588
IN,F,1987,Heather,512
IN,F,1987,Megan,511
IN,F,1987,Stephanie,482
IN,F,1988,Ashley,1363
IN,F,1988,Jessica,1247
IN,F,1988,Amanda,1010
IN,F,1988,Brittany,787
IN,F,1988,Sarah,776
IN,F,1988,Megan,613
IN,F,1988,Jennifer,581
IN,F,1988,Heather,554
IN,F,1988,Amber,539
IN,F,1988,Emily,502
IN,F,1989,Ashley,1183
IN,F,1989,Jessica,1070
IN,F,1989,Brittany,1065
IN,F,1989,Amanda,887
IN,F,1989,Sarah,721
IN,F,1989,Megan,631
IN,F,1989,Samantha,549
IN,F,1989,Amber,511
IN,F,1989,Kayla,495
IN,F,1989,Lauren,488
IN,F,1990,Jessica,1134
IN,F,1990,Ashley,1093
IN,F,1990,Brittany,1001
IN,F,1990,Amanda,782
IN,F,1990,Megan,657
IN,F,1990,Samantha,626
IN,F,1990,Sarah,620
IN,F,1990,Emily,561
IN,F,1990,Kayla,560
IN,F,1990,Stephanie,493
IN,F,1991,Ashley,1092
IN,F,1991,Jessica,989
IN,F,1991,Brittany,747
IN,F,1991,Sarah,670
IN,F,1991,Amanda,650
IN,F,1991,Emily,606
IN,F,1991,Megan,577
IN,F,1991,Kayla,575
IN,F,1991,Samantha,572
IN,F,1991,Elizabeth,463
IN,F,1992,Ashley,890
IN,F,1992,Jessica,830
IN,F,1992,Brittany,660
IN,F,1992,Sarah,639
IN,F,1992,Emily,587
IN,F,1992,Samantha,545
IN,F,1992,Amanda,508
IN,F,1992,Kayla,507
IN,F,1992,Megan,503
IN,F,1992,Taylor,446
IN,F,1993,Ashley,836
IN,F,1993,Jessica,814
IN,F,1993,Taylor,687
IN,F,1993,Emily,623
IN,F,1993,Brittany,597
IN,F,1993,Sarah,587
IN,F,1993,Samantha,577
IN,F,1993,Megan,484
IN,F,1993,Kayla,482
IN,F,1993,Rachel,405
IN,F,1994,Ashley,683
IN,F,1994,Jessica,668
IN,F,1994,Taylor,644
IN,F,1994,Emily,632
IN,F,1994,Sarah,543
IN,F,1994,Samantha,530
IN,F,1994,Brittany,527
IN,F,1994,Megan,495
IN,F,1994,Kayla,470
IN,F,1994,Hannah,468
IN,F,1995,Emily,640
IN,F,1995,Taylor,635
IN,F,1995,Jessica,593
IN,F,1995,Hannah,590
IN,F,1995,Ashley,575
IN,F,1995,Sarah,501
IN,F,1995,Samantha,486
IN,F,1995,Kayla,450
IN,F,1995,Megan,449
IN,F,1995,Elizabeth,410
IN,F,1996,Emily,646
IN,F,1996,Hannah,591
IN,F,1996,Taylor,590
IN,F,1996,Ashley,562
IN,F,1996,Jessica,539
IN,F,1996,Sarah,508
IN,F,1996,Samantha,490
IN,F,1996,Megan,455
IN,F,1996,Alexis,452
IN,F,1996,Madison,438
IN,F,1997,Emily,681
IN,F,1997,Hannah,640
IN,F,1997,Taylor,586
IN,F,1997,Madison,483
IN,F,1997,Samantha,463
IN,F,1997,Alexis,462
IN,F,1997,Sarah,447
IN,F,1997,Ashley,434
IN,F,1997,Jessica,424
IN,F,1997,Megan,409
IN,F,1998,Emily,674
IN,F,1998,Hannah,640
IN,F,1998,Alexis,579
IN,F,1998,Taylor,565
IN,F,1998,Madison,517
IN,F,1998,Sarah,453
IN,F,1998,Samantha,439
IN,F,1998,Ashley,412
IN,F,1998,Abigail,400
IN,F,1998,Megan,392
IN,F,1999,Hannah,705
IN,F,1999,Emily,640
IN,F,1999,Alexis,634
IN,F,1999,Madison,567
IN,F,1999,Taylor,540
IN,F,1999,Sarah,455
IN,F,1999,Abigail,426
IN,F,1999,Elizabeth,418
IN,F,1999,Samantha,415
IN,F,1999,Olivia,411
IN,F,2000,Hannah,634
IN,F,2000,Madison,628
IN,F,2000,Emily,608
IN,F,2000,Alexis,498
IN,F,2000,Abigail,421
IN,F,2000,Taylor,415
IN,F,2000,Elizabeth,403
IN,F,2000,Olivia,401
IN,F,2000,Sarah,393
IN,F,2000,Emma,388
IN,F,2001,Madison,640
IN,F,2001,Hannah,627
IN,F,2001,Emily,558
IN,F,2001,Alexis,485
IN,F,2001,Abigail,481
IN,F,2001,Olivia,453
IN,F,2001,Taylor,414
IN,F,2001,Emma,405
IN,F,2001,Grace,394
IN,F,2001,Elizabeth,382
IN,F,2002,Madison,642
IN,F,2002,Emily,557
IN,F,2002,Emma,518
IN,F,2002,Hannah,516
IN,F,2002,Abigail,489
IN,F,2002,Olivia,474
IN,F,2002,Alexis,443
IN,F,2002,Grace,400
IN,F,2002,Elizabeth,378
IN,F,2002,Taylor,324
IN,F,2003,Emma,670
IN,F,2003,Madison,597
IN,F,2003,Emily,580
IN,F,2003,Hannah,503
IN,F,2003,Olivia,456
IN,F,2003,Abigail,454
IN,F,2003,Alexis,418
IN,F,2003,Grace,410
IN,F,2003,Elizabeth,350
IN,F,2003,Chloe,299
IN,F,2004,Emma,674
IN,F,2004,Madison,566
IN,F,2004,Abigail,495
IN,F,2004,Olivia,491
IN,F,2004,Emily,490
IN,F,2004,Hannah,422
IN,F,2004,Grace,387
IN,F,2004,Alexis,374
IN,F,2004,Elizabeth,347
IN,F,2004,Chloe,267
IN,F,2005,Emma,576
IN,F,2005,Madison,552
IN,F,2005,Emily,549
IN,F,2005,Abigail,465
IN,F,2005,Olivia,464
IN,F,2005,Hannah,417
IN,F,2005,Ava,356
IN,F,2005,Grace,354
IN,F,2005,Alexis,338
IN,F,2005,Elizabeth,305
IN,F,2006,Emma,570
IN,F,2006,Ava,470
IN,F,2006,Olivia,468
IN,F,2006,Madison,461
IN,F,2006,Emily,448
IN,F,2006,Abigail,406
IN,F,2006,Hannah,395
IN,F,2006,Chloe,355
IN,F,2006,Isabella,330
IN,F,2006,Addison,313
IN,F,2007,Emma,525
IN,F,2007,Ava,485
IN,F,2007,Olivia,473
IN,F,2007,Madison,458
IN,F,2007,Addison,439
IN,F,2007,Abigail,375
IN,F,2007,Emily,352
IN,F,2007,Isabella,343
IN,F,2007,Hannah,333
IN,F,2007,Elizabeth,324
IN,F,2008,Emma,515
IN,F,2008,Olivia,498
IN,F,2008,Ava,446
IN,F,2008,Madison,404
IN,F,2008,Addison,391
IN,F,2008,Abigail,378
IN,F,2008,Emily,348
IN,F,2008,Sophia,339
IN,F,2008,Isabella,334
IN,F,2008,Elizabeth,302
IN,F,2009,Emma,492
IN,F,2009,Olivia,464
IN,F,2009,Isabella,454
IN,F,2009,Ava,439
IN,F,2009,Addison,381
IN,F,2009,Sophia,364
IN,F,2009,Abigail,336
IN,F,2009,Madison,315
IN,F,2009,Chloe,305
IN,F,2009,Lillian,292
IN,F,2010,Emma,457
IN,F,2010,Sophia,452
IN,F,2010,Isabella,447
IN,F,2010,Olivia,423
IN,F,2010,Ava,402
IN,F,2010,Addison,334
IN,F,2010,Abigail,331
IN,F,2010,Chloe,295
IN,F,2010,Ella,294
IN,F,2010,Emily,281
IN,F,2011,Emma,453
IN,F,2011,Olivia,448
IN,F,2011,Ava,444
IN,F,2011,Sophia,430
IN,F,2011,Isabella,379
IN,F,2011,Addison,327
IN,F,2011,Ella,278
IN,F,2011,Abigail,269
IN,F,2011,Elizabeth,259
IN,F,2011,Emily,256
IN,F,2012,Emma,475
IN,F,2012,Sophia,449
IN,F,2012,Olivia,415
IN,F,2012,Ava,382
IN,F,2012,Isabella,318
IN,F,2012,Lillian,274
IN,F,2012,Abigail,263
IN,F,2012,Addison,263
IN,F,2012,Avery,240
IN,F,2012,Elizabeth,239
IN,F,2013,Sophia,451
IN,F,2013,Emma,432
IN,F,2013,Olivia,399
IN,F,2013,Ava,361
IN,F,2013,Isabella,305
IN,F,2013,Lillian,263
IN,F,2013,Abigail,259
IN,F,2013,Charlotte,251
IN,F,2013,Ella,234
IN,F,2013,Addison,232
IN,F,2014,Emma,449
IN,F,2014,Olivia,408
IN,F,2014,Ava,383
IN,F,2014,Sophia,381
IN,F,2014,Isabella,311
IN,F,2014,Amelia,270
IN,F,2014,Harper,269
IN,F,2014,Charlotte,257
IN,F,2014,Abigail,248
IN,F,2014,Elizabeth,223
IN,F,2015,Emma,435
IN,F,2015,Olivia,413
IN,F,2015,Ava,383
IN,F,2015,Harper,336
IN,F,2015,Sophia,320
IN,F,2015,Charlotte,258
IN,F,2015,Amelia,254
IN,F,2015,Abigail,251
IN,F,2015,Isabella,249
IN,F,2015,Mia,247
IN,F,2016,Emma,430
IN,F,2016,Olivia,393
IN,F,2016,Ava,364
IN,F,2016,Charlotte,339
IN,F,2016,Harper,323
IN,F,2016,Amelia,300
IN,F,2016,Sophia,293
IN,F,2016,Evelyn,271
IN,F,2016,Isabella,270
IN,F,2016,Abigail,233
IN,F,2017,Emma,448
IN,F,2017,Olivia,395
IN,F,2017,Amelia,352
IN,F,2017,Charlotte,342
IN,F,2017,Harper,337
IN,F,2017,Ava,325
IN,F,2017,Sophia,299
IN,F,2017,Evelyn,283
IN,F,2017,Isabella,236
IN,F,2017,Nora,216
IN,F,2018,Emma,397
IN,F,2018,Olivia,340
IN,F,2018,Amelia,337
IN,F,2018,Charlotte,329
IN,F,2018,Ava,317
IN,F,2018,Harper,314
IN,F,2018,Sophia,284
IN,F,2018,Evelyn,267
IN,F,2018,Isabella,242
IN,F,2018,Mia,203
IN,F,2019,Olivia,355
IN,F,2019,Amelia,347
IN,F,2019,Emma,329
IN,F,2019,Ava,328
IN,F,2019,Charlotte,309
IN,F,2019,Harper,299
IN,F,2019,Evelyn,297
IN,F,2019,Sophia,268
IN,F,2019,Isabella,214
IN,F,2019,Eleanor,194
IN,M,1920,Robert,1850
IN,M,1920,John,1229
IN,M,1920,William,1196
IN,M,1920,James,1124
IN,M,1920,Charles,1035
IN,M,1920,George,620
IN,M,1920,Richard,564
IN,M,1920,Paul,548
IN,M,1920,Harold,486
IN,M,1920,Joseph,444
IN,M,1921,Robert,2254
IN,M,1921,William,1340
IN,M,1921,John,1320
IN,M,1921,James,1189
IN,M,1921,Charles,1122
IN,M,1921,Richard,649
IN,M,1921,George,616
IN,M,1921,Paul,559
IN,M,1921,Harold,522
IN,M,1921,Donald,496
IN,M,1922,Robert,2083
IN,M,1922,John,1327
IN,M,1922,William,1284
IN,M,1922,James,1196
IN,M,1922,Charles,1114
IN,M,1922,Richard,689
IN,M,1922,George,584
IN,M,1922,Paul,558
IN,M,1922,Donald,547
IN,M,1922,Harold,477
IN,M,1923,Robert,2282
IN,M,1923,William,1439
IN,M,1923,John,1294
IN,M,1923,James,1290
IN,M,1923,Charles,1102
IN,M,1923,Richard,753
IN,M,1923,George,657
IN,M,1923,Donald,636
IN,M,1923,Paul,550
IN,M,1923,Harold,491
IN,M,1924,Robert,2419
IN,M,1924,William,1446
IN,M,1924,John,1389
IN,M,1924,James,1250
IN,M,1924,Charles,1110
IN,M,1924,Richard,815
IN,M,1924,Donald,711
IN,M,1924,George,618
IN,M,1924,Paul,573
IN,M,1924,Harold,511
IN,M,1925,Robert,2414
IN,M,1925,William,1366
IN,M,1925,James,1325
IN,M,1925,John,1235
IN,M,1925,Charles,1092
IN,M,1925,Richard,902
IN,M,1925,Donald,712
IN,M,1925,Paul,602
IN,M,1925,George,574
IN,M,1925,Harold,468
IN,M,1926,Robert,2308
IN,M,1926,William,1408
IN,M,1926,James,1356
IN,M,1926,John,1305
IN,M,1926,Charles,979
IN,M,1926,Richard,970
IN,M,1926,Donald,787
IN,M,1926,Paul,609
IN,M,1926,George,531
IN,M,1926,Jack,495
IN,M,1927,Robert,2342
IN,M,1927,William,1396
IN,M,1927,James,1308
IN,M,1927,John,1226
IN,M,1927,Charles,1068
IN,M,1927,Richard,1023
IN,M,1927,Donald,909
IN,M,1927,George,543
IN,M,1927,Jack,538
IN,M,1927,Paul,533
IN,M,1928,Robert,2214
IN,M,1928,James,1318
IN,M,1928,William,1265
IN,M,1928,John,1223
IN,M,1928,Richard,1067
IN,M,1928,Donald,1052
IN,M,1928,Charles,1003
IN,M,1928,Paul,548
IN,M,1928,Jack,521
IN,M,1928,George,495
IN,M,1929,Robert,2205
IN,M,1929,James,1334
IN,M,1929,William,1224
IN,M,1929,John,1171
IN,M,1929,Richard,1145
IN,M,1929,Charles,1048
IN,M,1929,Donald,1014
IN,M,1929,Jack,555
IN,M,1929,Paul,506
IN,M,1929,George,488
IN,M,1930,Robert,2288
IN,M,1930,James,1364
IN,M,1930,John,1265
IN,M,1930,William,1230
IN,M,1930,Richard,1170
IN,M,1930,Donald,1138
IN,M,1930,Charles,1012
IN,M,1930,Jack,612
IN,M,1930,Paul,505
IN,M,1930,George,495
IN,M,1931,Robert,1993
IN,M,1931,James,1263
IN,M,1931,Richard,1152
IN,M,1931,Donald,1109
IN,M,1931,John,1108
IN,M,1931,William,1107
IN,M,1931,Charles,905
IN,M,1931,Jack,547
IN,M,1931,George,427
IN,M,1931,Paul,424
IN,M,1932,Robert,1849
IN,M,1932,James,1266
IN,M,1932,Donald,1138
IN,M,1932,Richard,1101
IN,M,1932,John,1065
IN,M,1932,William,1047
IN,M,1932,Charles,883
IN,M,1932,Jack,542
IN,M,1932,Paul,406
IN,M,1932,George,396
IN,M,1933,Robert,1601
IN,M,1933,James,1357
IN,M,1933,Donald,1103
IN,M,1933,John,1049
IN,M,1933,Richard,1023
IN,M,1933,William,916
IN,M,1933,Charles,823
IN,M,1933,Jack,481
IN,M,1933,Paul,454
IN,M,1933,Thomas,414
IN,M,1934,Robert,1627
IN,M,1934,James,1464
IN,M,1934,Donald,1122
IN,M,1934,Richard,1086
IN,M,1934,John,1037
IN,M,1934,William,938
IN,M,1934,Charles,814
IN,M,1934,Jack,477
IN,M,1934,David,435
IN,M,1934,Ronald,430
IN,M,1935,Robert,1593
IN,M,1935,James,1424
IN,M,1935,John,1107
IN,M,1935,Richard,1103
IN,M,1935,Donald,1074
IN,M,1935,William,923
IN,M,1935,Charles,842
IN,M,1935,Ronald,492
IN,M,1935,David,485
IN,M,1935,Jerry,461
IN,M,1936,Robert,1523
IN,M,1936,James,1470
IN,M,1936,John,1147
IN,M,1936,Richard,1034
IN,M,1936,Donald,1007
IN,M,1936,William,941
IN,M,1936,Charles,818
IN,M,1936,Ronald,648
IN,M,1936,Larry,563
IN,M,1936,David,560
IN,M,1937,Robert,1658
IN,M,1937,James,1501
IN,M,1937,John,1154
IN,M,1937,William,1070
IN,M,1937,Donald,1043
IN,M,1937,Richard,1029
IN,M,1937,Charles,882
IN,M,1937,Larry,787
IN,M,1937,David,719
IN,M,1937,Ronald,694
IN,M,1938,Robert,1672
IN,M,1938,James,1616
IN,M,1938,John,1265
IN,M,1938,William,1064
IN,M,1938,Richard,1044
IN,M,1938,Donald,968
IN,M,1938,Charles,923
IN,M,1938,Larry,917
IN,M,1938,David,833
IN,M,1938,Ronald,810
IN,M,1939,James,1644
IN,M,1939,Robert,1568
IN,M,1939,John,1245
IN,M,1939,Larry,1069
IN,M,1939,William,1063
IN,M,1939,Richard,981
IN,M,1939,David,979
IN,M,1939,Charles,824
IN,M,1939,Donald,809
IN,M,1939,Jerry,770
IN,M,1940,James,1724
IN,M,1940,Robert,1537
IN,M,1940,John,1399
IN,M,1940,Larry,1303
IN,M,1940,William,1146
IN,M,1940,Richard,1102
IN,M,1940,David,1083
IN,M,1940,Charles,919
IN,M,1940,Jerry,849
IN,M,1940,Donald,801
IN,M,1941,James,1788
IN,M,1941,Robert,1650
IN,M,1941,John,1478
IN,M,1941,Larry,1400
IN,M,1941,William,1201
IN,M,1941,David,1189
IN,M,1941,Richard,1022
IN,M,1941,Ronald,951
IN,M,1941,Charles,907
IN,M,1941,Jerry,881
IN,M,1942,James,2044
IN,M,1942,Robert,1859
IN,M,1942,John,1652
IN,M,1942,William,1452
IN,M,1942,Larry,1430
IN,M,1942,David,1408
IN,M,1942,Richard,1158
IN,M,1942,Ronald,1015
IN,M,1942,Charles,953
IN,M,1942,Thomas,942
IN,M,1943,James,2249
IN,M,1943,Robert,1895
IN,M,1943,John,1647
IN,M,1943,David,1369
IN,M,1943,William,1351
IN,M,1943,Larry,1258
IN,M,1943,Richard,1179
IN,M,1943,Ronald,1025
IN,M,1943,Charles,1006
IN,M,1943,Michael,915
IN,M,1944,James,2132
IN,M,1944,Robert,1822
IN,M,1944,John,1634
IN,M,1944,David,1364
IN,M,1944,William,1287
IN,M,1944,Richard,1185
IN,M,1944,Larry,1103
IN,M,1944,Michael,1006
IN,M,1944,Charles,951
IN,M,1944,Thomas,947
IN,M,1945,James,1888
IN,M,1945,Robert,1663
IN,M,1945,John,1649
IN,M,1945,David,1297
IN,M,1945,Richard,1221
IN,M,1945,William,1165
IN,M,1945,Larry,1110
IN,M,1945,Michael,1106
IN,M,1945,Thomas,849
IN,M,1945,Charles,791
IN,M,1946,James,2295
IN,M,1946,Robert,2026
IN,M,1946,John,1986
IN,M,1946,David,1644
IN,M,1946,Michael,1614
IN,M,1946,Richard,1468
IN,M,1946,William,1378
IN,M,1946,Larry,1259
IN,M,1946,Thomas,1047
IN,M,1946,Ronald,981
IN,M,1947,James,2533
IN,M,1947,John,2233
IN,M,1947,Robert,2195
IN,M,1947,David,2054
IN,M,1947,Michael,1858
IN,M,1947,William,1609
IN,M,1947,Richard,1552
IN,M,1947,Larry,1397
IN,M,1947,Thomas,1194
IN,M,1947,Charles,1042
IN,M,1948,James,2189
IN,M,1948,John,2183
IN,M,1948,Robert,2096
IN,M,1948,Michael,1996
IN,M,1948,David,1912
IN,M,1948,William,1505
IN,M,1948,Richard,1389
IN,M,1948,Larry,1294
IN,M,1948,Thomas,1155
IN,M,1948,Ronald,1030
IN,M,1949,James,2375
IN,M,1949,Michael,2226
IN,M,1949,John,2129
IN,M,1949,David,2030
IN,M,1949,Robert,2010
IN,M,1949,William,1567
IN,M,1949,Richard,1352
IN,M,1949,Thomas,1283
IN,M,1949,Larry,1161
IN,M,1949,Charles,1095
IN,M,1950,Michael,2346
IN,M,1950,James,2260
IN,M,1950,Robert,2060
IN,M,1950,John,2045
IN,M,1950,David,1994
IN,M,1950,William,1495
IN,M,1950,Richard,1374
IN,M,1950,Thomas,1322
IN,M,1950,Larry,1080
IN,M,1950,Steven,1079
IN,M,1951,Michael,2568
IN,M,1951,James,2358
IN,M,1951,David,2262
IN,M,1951,Robert,2160
IN,M,1951,John,2121
IN,M,1951,William,1639
IN,M,1951,Richard,1481
IN,M,1951,Thomas,1378
IN,M,1951,Steven,1259
IN,M,1951,Gary,1176
IN,M,1952,Michael,2591
IN,M,1952,James,2325
IN,M,1952,David,2252
IN,M,1952,Robert,2161
IN,M,1952,John,2143
IN,M,1952,William,1576
IN,M,1952,Richard,1534
IN,M,1952,Thomas,1375
IN,M,1952,Steven,1268
IN,M,1952,Gary,1207
IN,M,1953,Michael,2579
IN,M,1953,David,2469
IN,M,1953,James,2250
IN,M,1953,Robert,2203
IN,M,1953,John,2053
IN,M,1953,William,1593
IN,M,1953,Richard,1559
IN,M,1953,Thomas,1287
IN,M,1953,Steven,1234
IN,M,1953,Gary,1159
IN,M,1954,Michael,2783
IN,M,1954,David,2446
IN,M,1954,James,2251
IN,M,1954,Robert,2150
IN,M,1954,John,2039
IN,M,1954,William,1550
IN,M,1954,Richard,1497
IN,M,1954,Mark,1327
IN,M,1954,Thomas,1285
IN,M,1954,Steven,1261
IN,M,1955,David,2711
IN,M,1955,Michael,2614
IN,M,1955,James,2272
IN,M,1955,Robert,2025
IN,M,1955,John,1952
IN,M,1955,Mark,1574
IN,M,1955,William,1539
IN,M,1955,Steven,1350
IN,M,1955,Richard,1333
IN,M,1955,Thomas,1256
IN,M,1956,Michael,2689
IN,M,1956,David,2499
IN,M,1956,James,2314
IN,M,1956,Robert,2092
IN,M,1956,John,1960
IN,M,1956,Mark,1817
IN,M,1956,William,1456
IN,M,1956,Richard,1390
IN,M,1956,Steven,1231
IN,M,1956,Thomas,1155
IN,M,1957,Michael,2567
IN,M,1957,David,2510
IN,M,1957,James,2243
IN,M,1957,Robert,2029
IN,M,1957,John,1928
IN,M,1957,Mark,1853
IN,M,1957,William,1436
IN,M,1957,Richard,1317
IN,M,1957,Thomas,1228
IN,M,1957,Steven,1159
IN,M,1958,Michael,2450
IN,M,1958,David,2444
IN,M,1958,James,2012
IN,M,1958,John,1896
IN,M,1958,Mark,1866
IN,M,1958,Robert,1803
IN,M,1958,William,1323
IN,M,1958,Richard,1257
IN,M,1958,Timothy,1122
IN,M,1958,Jeffrey,1076
IN,M,1959,David,2393
IN,M,1959,Michael,2206
IN,M,1959,James,2097
IN,M,1959,Mark,1994
IN,M,1959,John,1842
IN,M,1959,Robert,1818
IN,M,1959,William,1209
IN,M,1959,Timothy,1182
IN,M,1959,Jeffrey,1133
IN,M,1959,Richard,1110
IN,M,1960,David,2550
IN,M,1960,Michael,2179
IN,M,1960,James,2010
IN,M,1960,Mark,1990
IN,M,1960,John,1846
IN,M,1960,Robert,1709
IN,M,1960,Timothy,1169
IN,M,1960,William,1133
IN,M,1960,Jeffrey,1126
IN,M,1960,Richard,1007
IN,M,1961,David,2444
IN,M,1961,Michael,2212
IN,M,1961,James,1973
IN,M,1961,Mark,1909
IN,M,1961,John,1888
IN,M,1961,Robert,1669
IN,M,1961,Jeffrey,1248
IN,M,1961,William,1171
IN,M,1961,Kevin,1049
IN,M,1961,Timothy,1049
IN,M,1962,David,2266
IN,M,1962,Michael,2116
IN,M,1962,James,1859
IN,M,1962,John,1821
IN,M,1962,Mark,1785
IN,M,1962,Robert,1667
IN,M,1962,Jeffrey,1282
IN,M,1962,William,1104
IN,M,1962,Scott,982
IN,M,1962,Timothy,982
IN,M,1963,David,2236
IN,M,1963,Michael,2193
IN,M,1963,John,1895
IN,M,1963,James,1859
IN,M,1963,Robert,1634
IN,M,1963,Mark,1568
IN,M,1963,Jeffrey,1192
IN,M,1963,William,1035
IN,M,1963,Scott,1029
IN,M,1963,Kevin,977
IN,M,1964,David,2246
IN,M,1964,Michael,2119
IN,M,1964,John,2106
IN,M,1964,James,2032
IN,M,1964,Robert,1689
IN,M,1964,Mark,1427
IN,M,1964,Jeffrey,1138
IN,M,1964,William,1060
IN,M,1964,Timothy,1036
IN,M,1964,Scott,1001
IN,M,1965,Michael,2029
IN,M,1965,David,1900
IN,M,1965,James,1866
IN,M,1965,John,1787
IN,M,1965,Robert,1498
IN,M,1965,Mark,1263
IN,M,1965,Jeffrey,1067
IN,M,1965,Timothy,999
IN,M,1965,Brian,980
IN,M,1965,William,980
IN,M,1966,Michael,2035
IN,M,1966,David,1880
IN,M,1966,James,1740
IN,M,1966,John,1615
IN,M,1966,Robert,1588
IN,M,1966,Brian,1153
IN,M,1966,Jeffrey,1129
IN,M,1966,Mark,1114
IN,M,1966,Timothy,982
IN,M,1966,William,951
IN,M,1967,Michael,2283
IN,M,1967,David,1971
IN,M,1967,James,1780
IN,M,1967,John,1553
IN,M,1967,Robert,1499
IN,M,1967,Brian,1130
IN,M,1967,Mark,1084
IN,M,1967,Jeffrey,1024
IN,M,1967,William,995
IN,M,1967,Timothy,904
IN,M,1968,Michael,2196
IN,M,1968,David,1797
IN,M,1968,James,1731
IN,M,1968,Robert,1579
IN,M,1968,John,1513
IN,M,1968,Brian,1205
IN,M,1968,Mark,1047
IN,M,1968,William,970
IN,M,1968,Jeffrey,957
IN,M,1968,Timothy,887
IN,M,1969,Michael,2371
IN,M,1969,David,1769
IN,M,1969,James,1712
IN,M,1969,Robert,1502
IN,M,1969,John,1442
IN,M,1969,Brian,1144
IN,M,1969,William,1007
IN,M,1969,Jeffrey,997
IN,M,1969,Mark,993
IN,M,1969,Scott,919
IN,M,1970,Michael,2316
IN,M,1970,James,1789
IN,M,1970,David,1750
IN,M,1970,Robert,1611
IN,M,1970,John,1526
IN,M,1970,Brian,1177
IN,M,1970,Christopher,1109
IN,M,1970,William,1050
IN,M,1970,Mark,1034
IN,M,1970,Jeffrey,999
IN,M,1971,Michael,2195
IN,M,1971,James,1631
IN,M,1971,David,1464
IN,M,1971,John,1430
IN,M,1971,Christopher,1334
IN,M,1971,Robert,1327
IN,M,1971,Jason,1184
IN,M,1971,Brian,1153
IN,M,1971,Scott,1043
IN,M,1971,William,962
IN,M,1972,Michael,1943
IN,M,1972,Christopher,1358
IN,M,1972,Jason,1354
IN,M,1972,David,1307
IN,M,1972,James,1296
IN,M,1972,Brian,1244
IN,M,1972,John,1143
IN,M,1972,Robert,1120
IN,M,1972,William,885
IN,M,1972,Matthew,804
IN,M,1973,Michael,1903
IN,M,1973,Jason,1680
IN,M,1973,Christopher,1341
IN,M,1973,James,1214
IN,M,1973,Brian,1157
IN,M,1973,David,1151
IN,M,1973,Robert,1071
IN,M,1973,John,1020
IN,M,1973,Matthew,867
IN,M,1973,William,744
IN,M,1974,Jason,1923
IN,M,1974,Michael,1803
IN,M,1974,Christopher,1352
IN,M,1974,James,1162
IN,M,1974,Brian,1112
IN,M,1974,David,1104
IN,M,1974,Robert,1028
IN,M,1974,Matthew,941
IN,M,1974,John,901
IN,M,1974,William,713
IN,M,1975,Jason,1887
IN,M,1975,Michael,1717
IN,M,1975,Christopher,1236
IN,M,1975,James,1089
IN,M,1975,David,1059
IN,M,1975,Matthew,998
IN,M,1975,Robert,977
IN,M,1975,Brian,907
IN,M,1975,John,870
IN,M,1975,Ryan,695
IN,M,1976,Jason,1779
IN,M,1976,Michael,1680
IN,M,1976,Christopher,1189
IN,M,1976,James,1016
IN,M,1976,Matthew,988
IN,M,1976,David,962
IN,M,1976,Jeremy,903
IN,M,1976,Brian,890
IN,M,1976,Robert,802
IN,M,1976,John,785
IN,M,1977,Jason,1843
IN,M,1977,Michael,1763
IN,M,1977,Christopher,1215
IN,M,1977,David,1083
IN,M,1977,Matthew,1071
IN,M,1977,James,1048
IN,M,1977,Jeremy,942
IN,M,1977,Ryan,926
IN,M,1977,Brian,917
IN,M,1977,Joshua,901
IN,M,1978,Jason,1604
IN,M,1978,Michael,1588
IN,M,1978,Christopher,1224
IN,M,1978,Matthew,1102
IN,M,1978,James,1019
IN,M,1978,Joshua,1010
IN,M,1978,David,1003
IN,M,1978,Ryan,905
IN,M,1978,Jeremy,834
IN,M,1978,Robert,826
IN,M,1979,Michael,1590
IN,M,1979,Jason,1527
IN,M,1979,Christopher,1288
IN,M,1979,Joshua,1206
IN,M,1979,Matthew,1090
IN,M,1979,James,1028
IN,M,1979,David,999
IN,M,1979,Ryan,862
IN,M,1979,Robert,844
IN,M,1979,John,837
IN,M,1980,Michael,1642
IN,M,1980,Joshua,1447
IN,M,1980,Jason,1332
IN,M,1980,Christopher,1175
IN,M,1980,Matthew,1170
IN,M,1980,David,1051
IN,M,1980,James,991
IN,M,1980,Ryan,902
IN,M,1980,John,814
IN,M,1980,Justin,808
IN,M,1981,Michael,1549
IN,M,1981,Joshua,1414
IN,M,1981,Matthew,1293
IN,M,1981,Christopher,1158
IN,M,1981,Jason,1064
IN,M,1981,David,942
IN,M,1981,James,919
IN,M,1981,Ryan,904
IN,M,1981,John,792
IN,M,1981,Justin,788
IN,M,1982,Michael,1440
IN,M,1982,Joshua,1326
IN,M,1982,Christopher,1297
IN,M,1982,Matthew,1287
IN,M,1982,Jason,1023
IN,M,1982,David,911
IN,M,1982,Ryan,890
IN,M,1982,James,871
IN,M,1982,Justin,803
IN,M,1982,Adam,750
IN,M,1983,Michael,1372
IN,M,1983,Matthew,1371
IN,M,1983,Joshua,1237
IN,M,1983,Christopher,1227
IN,M,1983,Ryan,924
IN,M,1983,Jason,857
IN,M,1983,David,840
IN,M,1983,Adam,830
IN,M,1983,James,808
IN,M,1983,Justin,774
IN,M,1984,Matthew,1394
IN,M,1984,Michael,1363
IN,M,1984,Joshua,1333
IN,M,1984,Christopher,1263
IN,M,1984,Ryan,932
IN,M,1984,David,847
IN,M,1984,Adam,816
IN,M,1984,Brandon,802
IN,M,1984,Justin,770
IN,M,1984,James,766
IN,M,1985,Joshua,1322
IN,M,1985,Michael,1260
IN,M,1985,Matthew,1244
IN,M,1985,Christopher,1230
IN,M,1985,Ryan,906
IN,M,1985,Brandon,827
IN,M,1985,Andrew,821
IN,M,1985,David,813
IN,M,1985,James,770
IN,M,1985,Justin,703
IN,M,1986,Michael,1293
IN,M,1986,Matthew,1190
IN,M,1986,Christopher,1113
IN,M,1986,Joshua,1111
IN,M,1986,Andrew,885
IN,M,1986,Ryan,830
IN,M,1986,Brandon,824
IN,M,1986,James,786
IN,M,1986,David,754
IN,M,1986,Justin,748
IN,M,1987,Michael,1168
IN,M,1987,Matthew,1160
IN,M,1987,Joshua,1158
IN,M,1987,Christopher,1045
IN,M,1987,Andrew,884
IN,M,1987,Justin,810
IN,M,1987,Ryan,797
IN,M,1987,David,746
IN,M,1987,James,725
IN,M,1987,Kyle,713
IN,M,1988,Michael,1220
IN,M,1988,Joshua,1210
IN,M,1988,Christopher,1058
IN,M,1988,Matthew,1056
IN,M,1988,Andrew,946
IN,M,1988,Justin,875
IN,M,1988,David,761
IN,M,1988,James,737
IN,M,1988,Brandon,708
IN,M,1988,Ryan,686
IN,M,1989,Joshua,1201
IN,M,1989,Michael,1187
IN,M,1989,Christopher,1085
IN,M,1989,Matthew,1052
IN,M,1989,Andrew,876
IN,M,1989,Justin,787
IN,M,1989,Kyle,773
IN,M,1989,Nicholas,736
IN,M,1989,David,723
IN,M,1989,James,702
IN,M,1990,Michael,1232
IN,M,1990,Joshua,1202
IN,M,1990,Matthew,1030
IN,M,1990,Christopher,1022
IN,M,1990,Andrew,857
IN,M,1990,Justin,786
IN,M,1990,Jacob,758
IN,M,1990,James,748
IN,M,1990,Kyle,746
IN,M,1990,Nicholas,697
IN,M,1991,Michael,1179
IN,M,1991,Joshua,973
IN,M,1991,Jacob,936
IN,M,1991,Christopher,931
IN,M,1991,Matthew,930
IN,M,1991,Tyler,856
IN,M,1991,Andrew,828
IN,M,1991,Zachary,728
IN,M,1991,Nicholas,709
IN,M,1991,Kyle,706
IN,M,1992,Michael,1055
IN,M,1992,Jacob,970
IN,M,1992,Tyler,939
IN,M,1992,Joshua,882
IN,M,1992,Zachary,808
IN,M,1992,Matthew,805
IN,M,1992,Andrew,787
IN,M,1992,Christopher,778
IN,M,1992,Brandon,736
IN,M,1992,Nicholas,680
IN,M,1993,Jacob,1017
IN,M,1993,Tyler,970
IN,M,1993,Michael,962
IN,M,1993,Zachary,850
IN,M,1993,Matthew,832
IN,M,1993,Joshua,792
IN,M,1993,Brandon,741
IN,M,1993,Christopher,727
IN,M,1993,Andrew,692
IN,M,1993,Nicholas,688
IN,M,1994,Jacob,973
IN,M,1994,Tyler,951
IN,M,1994,Austin,919
IN,M,1994,Michael,889
IN,M,1994,Zachary,794
IN,M,1994,Brandon,739
IN,M,1994,Matthew,726
IN,M,1994,Joshua,703
IN,M,1994,Nicholas,665
IN,M,1994,Andrew,614
IN,M,1995,Jacob,1077
IN,M,1995,Austin,999
IN,M,1995,Tyler,923
IN,M,1995,Michael,800
IN,M,1995,Nicholas,727
IN,M,1995,Joshua,708
IN,M,1995,Zachary,704
IN,M,1995,Andrew,667
IN,M,1995,Brandon,667
IN,M,1995,Matthew,662
IN,M,1996,Jacob,1078
IN,M,1996,Austin,971
IN,M,1996,Tyler,739
IN,M,1996,Michael,712
IN,M,1996,Zachary,712
IN,M,1996,Matthew,699
IN,M,1996,Nicholas,640
IN,M,1996,Andrew,627
IN,M,1996,Brandon,617
IN,M,1996,Joshua,595
IN,M,1997,Jacob,1132
IN,M,1997,Austin,914
IN,M,1997,Michael,736
IN,M,1997,Tyler,695
IN,M,1997,Zachary,670
IN,M,1997,Matthew,645
IN,M,1997,Nicholas,612
IN,M,1997,Joshua,589
IN,M,1997,Brandon,576
IN,M,1997,Andrew,562
IN,M,1998,Jacob,1121
IN,M,1998,Austin,804
IN,M,1998,Michael,742
IN,M,1998,Tyler,717
IN,M,1998,Matthew,635
IN,M,1998,Zachary,619
IN,M,1998,Andrew,605
IN,M,1998,Nicholas,596
IN,M,1998,Joshua,564
IN,M,1998,Brandon,539
IN,M,1999,Jacob,1136
IN,M,1999,Austin,761
IN,M,1999,Tyler,645
IN,M,1999,Nicholas,625
IN,M,1999,Michael,622
IN,M,1999,Andrew,597
IN,M,1999,Matthew,579
IN,M,1999,Zachary,559
IN,M,1999,Joshua,548
IN,M,1999,Noah,501
IN,M,2000,Jacob,1061
IN,M,2000,Austin,639
IN,M,2000,Andrew,638
IN,M,2000,Michael,611
IN,M,2000,Zachary,589
IN,M,2000,Joshua,586
IN,M,2000,Matthew,586
IN,M,2000,Tyler,562
IN,M,2000,Nicholas,558
IN,M,2000,Ethan,494
IN,M,2001,Jacob,943
IN,M,2001,Ethan,587
IN,M,2001,Andrew,564
IN,M,2001,Michael,563
IN,M,2001,Joshua,548
IN,M,2001,Tyler,542
IN,M,2001,Austin,535
IN,M,2001,Zachary,491
IN,M,2001,Nicholas,489
IN,M,2001,Matthew,483
IN,M,2002,Jacob,784
IN,M,2002,Ethan,659
IN,M,2002,Michael,510
IN,M,2002,Joshua,508
IN,M,2002,Matthew,496
IN,M,2002,Austin,493
IN,M,2002,Tyler,492
IN,M,2002,Andrew,490
IN,M,2002,Zachary,488
IN,M,2002,Logan,462
IN,M,2003,Jacob,776
IN,M,2003,Ethan,662
IN,M,2003,Michael,519
IN,M,2003,Andrew,514
IN,M,2003,Joshua,492
IN,M,2003,Tyler,451
IN,M,2003,Logan,441
IN,M,2003,Matthew,435
IN,M,2003,Nicholas,435
IN,M,2003,Samuel,428
IN,M,2004,Jacob,689
IN,M,2004,Ethan,632
IN,M,2004,Andrew,487
IN,M,2004,Joshua,473
IN,M,2004,Michael,473
IN,M,2004,Matthew,447
IN,M,2004,William,438
IN,M,2004,Logan,429
IN,M,2004,Tyler,407
IN,M,2004,Alexander,401
IN,M,2005,Jacob,672
IN,M,2005,Ethan,643
IN,M,2005,Andrew,465
IN,M,2005,Joshua,456
IN,M,2005,Michael,429
IN,M,2005,William,405
IN,M,2005,Noah,396
IN,M,2005,Elijah,390
IN,M,2005,Tyler,384
IN,M,2005,Alexander,383
IN,M,2006,Jacob,578
IN,M,2006,Ethan,541
IN,M,2006,Andrew,441
IN,M,2006,Michael,436
IN,M,2006,William,423
IN,M,2006,Joshua,414
IN,M,2006,Logan,411
IN,M,2006,Noah,400
IN,M,2006,Matthew,395
IN,M,2006,Elijah,391
IN,M,2007,Jacob,570
IN,M,2007,Ethan,520
IN,M,2007,Noah,454
IN,M,2007,Logan,435
IN,M,2007,Andrew,414
IN,M,2007,Elijah,405
IN,M,2007,Aiden,387
IN,M,2007,Jackson,383
IN,M,2007,Alexander,371
IN,M,2007,Michael,369
IN,M,2008,Jacob,539
IN,M,2008,Ethan,522
IN,M,2008,Noah,427
IN,M,2008,William,410
IN,M,2008,Aiden,399
IN,M,2008,Elijah,395
IN,M,2008,Alexander,386
IN,M,2008,Jackson,384
IN,M,2008,Michael,382
IN,M,2008,Samuel,357
IN,M,2009,Ethan,498
IN,M,2009,Noah,441
IN,M,2009,Jacob,429
IN,M,2009,Logan,401
IN,M,2009,Elijah,399
IN,M,2009,Aiden,377
IN,M,2009,Alexander,374
IN,M,2009,William,373
IN,M,2009,Jackson,363
IN,M,2009,Gavin,342
IN,M,2010,Elijah,449
IN,M,2010,Jacob,440
IN,M,2010,Ethan,421
IN,M,2010,Noah,416
IN,M,2010,Mason,413
IN,M,2010,Aiden,375
IN,M,2010,Andrew,348
IN,M,2010,Logan,333
IN,M,2010,Landon,331
IN,M,2010,William,331
IN,M,2011,Mason,509
IN,M,2011,Liam,393
IN,M,2011,Elijah,375
IN,M,2011,William,369
IN,M,2011,Jackson,363
IN,M,2011,Noah,363
IN,M,2011,Jacob,360
IN,M,2011,Ethan,344
IN,M,2011,Alexander,327
IN,M,2011,Aiden,324
IN,M,2012,Liam,500
IN,M,2012,Mason,442
IN,M,2012,Elijah,419
IN,M,2012,Noah,394
IN,M,2012,Jacob,390
IN,M,2012,William,380
IN,M,2012,Jackson,364
IN,M,2012,Ethan,347
IN,M,2012,Carter,312
IN,M,2012,James,298
IN,M,2013,Liam,513
IN,M,2013,Noah,428
IN,M,2013,Mason,412
IN,M,2013,William,362
IN,M,2013,Elijah,348
IN,M,2013,Jackson,346
IN,M,2013,Lucas,303
IN,M,2013,Jacob,302
IN,M,2013,Alexander,301
IN,M,2013,Carter,300
IN,M,2014,Liam,478
IN,M,2014,Noah,398
IN,M,2014,Elijah,393
IN,M,2014,Mason,356
IN,M,2014,William,353
IN,M,2014,Jackson,328
IN,M,2014,Benjamin,314
IN,M,2014,Owen,307
IN,M,2014,Jacob,305
IN,M,2014,Carter,303
IN,M,2015,Liam,407
IN,M,2015,Noah,404
IN,M,2015,Oliver,384
IN,M,2015,Elijah,375
IN,M,2015,Mason,358
IN,M,2015,William,352
IN,M,2015,Jackson,335
IN,M,2015,Carter,310
IN,M,2015,Lucas,304
IN,M,2015,Alexander,301
IN,M,2016,Liam,416
IN,M,2016,Oliver,413
IN,M,2016,Elijah,344
IN,M,2016,Noah,344
IN,M,2016,Benjamin,340
IN,M,2016,William,335
IN,M,2016,Mason,312
IN,M,2016,Lucas,311
IN,M,2016,Henry,302
IN,M,2016,Wyatt,293
IN,M,2017,Oliver,386
IN,M,2017,Liam,384
IN,M,2017,Elijah,345
IN,M,2017,Noah,338
IN,M,2017,William,337
IN,M,2017,Benjamin,333
IN,M,2017,Lincoln,332
IN,M,2017,Mason,299
IN,M,2017,Carter,292
IN,M,2017,Owen,289
IN,M,2018,Liam,401
IN,M,2018,Oliver,401
IN,M,2018,Noah,361
IN,M,2018,Elijah,321
IN,M,2018,William,311
IN,M,2018,Benjamin,292
IN,M,2018,Lincoln,291
IN,M,2018,Grayson,287
IN,M,2018,Mason,279
IN,M,2018,Jackson,276
IN,M,2019,Liam,418
IN,M,2019,Oliver,391
IN,M,2019,Noah,349
IN,M,2019,Elijah,331
IN,M,2019,Benjamin,294
IN,M,2019,Lincoln,282
IN,M,2019,James,267
IN,M,2019,William,267
IN,M,2019,Henry,259
IN,M,2019,Mason,255
