KS,F,1920,Mary,890
KS,F,1920,Dorothy,626
KS,F,1920,Helen,521
KS,F,1920,Betty,417
KS,F,1920,Ruth,383
KS,F,1920,Virginia,378
KS,F,1920,Margaret,363
KS,F,1920,Mildred,351
KS,F,1920,Evelyn,264
KS,F,1920,Frances,245
KS,F,1921,Mary,1058
KS,F,1921,Dorothy,622
KS,F,1921,Betty,574
KS,F,1921,Helen,569
KS,F,1921,Margaret,405
KS,F,1921,Ruth,382
KS,F,1921,Virginia,370
KS,F,1921,Mildred,338
KS,F,1921,Marjorie,329
KS,F,1921,Doris,295
KS,F,1922,Mary,979
KS,F,1922,Betty,706
KS,F,1922,Dorothy,631
KS,F,1922,Helen,525
KS,F,1922,Margaret,402
KS,F,1922,Virginia,402
KS,F,1922,Marjorie,331
KS,F,1922,Ruth,323
KS,F,1922,Doris,276
KS,F,1922,Mildred,247
KS,F,1923,Mary,982
KS,F,1923,Betty,890
KS,F,1923,Dorothy,654
KS,F,1923,Helen,441
KS,F,1923,Virginia,421
KS,F,1923,Margaret,363
KS,F,1923,Ruth,331
KS,F,1923,Marjorie,317
KS,F,1923,Doris,293
KS,F,1923,Mildred,243
KS,F,1924,Mary,952
KS,F,1924,Betty,945
KS,F,1924,Dorothy,658
KS,F,1924,Helen,461
KS,F,1924,Virginia,393
KS,F,1924,Margaret,339
KS,F,1924,Ruth,328
KS,F,1924,Doris,301
KS,F,1924,Marjorie,270
KS,F,1924,Mildred,226
KS,F,1925,Betty,986
KS,F,1925,Mary,925
KS,F,1925,Dorothy,615
KS,F,1925,Helen,432
KS,F,1925,Virginia,359
KS,F,1925,Margaret,317
KS,F,1925,Doris,298
KS,F,1925,Ruth,290
KS,F,1925,Marjorie,265
KS,F,1925,Norma,253
KS,F,1926,Betty,928
KS,F,1926,Mary,905
KS,F,1926,Dorothy,561
KS,F,1926,Helen,374
KS,F,1926,Virginia,312
KS,F,1926,Doris,300
KS,F,1926,Ruth,298
KS,F,1926,Margaret,297
KS,F,1926,Norma,267
KS,F,1926,Marjorie,227
KS,F,1927,Mary,987
KS,F,1927,Betty,933
KS,F,1927,Dorothy,514
KS,F,1927,Helen,372
KS,F,1927,Virginia,303
KS,F,1927,Doris,286
KS,F,1927,Margaret,263
KS,F,1927,Norma,262
KS,F,1927,Ruth,237
KS,F,1927,Lois,226
KS,F,1928,Mary,861
KS,F,1928,Betty,790
KS,F,1928,Dorothy,487
KS,F,1928,Helen,325
KS,F,1928,Norma,324
KS,F,1928,Virginia,276
KS,F,1928,Doris,272
KS,F,1928,Barbara,234
KS,F,1928,Ruth,219
KS,F,1928,Margaret,214
KS,F,1929,Mary,845
KS,F,1929,Betty,760
KS,F,1929,Dorothy,452
KS,F,1929,Norma,295
KS,F,1929,Doris,285
KS,F,1929,Barbara,279
KS,F,1929,Helen,264
KS,F,1929,Virginia,254
KS,F,1929,Ruth,236
KS,F,1929,Margaret,223
KS,F,1930,Mary,860
KS,F,1930,Betty,786
KS,F,1930,Dorothy,380
KS,F,1930,Norma,307
KS,F,1930,Barbara,289
KS,F,1930,Patricia,279
KS,F,1930,Donna,274
KS,F,1930,Virginia,267
KS,F,1930,Doris,265
KS,F,1930,Helen,251
KS,F,1931,Mary,838
KS,F,1931,Betty,670
KS,F,1931,Dorothy,366
KS,F,1931,Barbara,356
KS,F,1931,Donna,306
KS,F,1931,Patricia,288
KS,F,1931,Norma,286
KS,F,1931,Shirley,278
KS,F,1931,Margaret,231
KS,F,1931,Helen,224
KS,F,1932,Mary,792
KS,F,1932,Betty,583
KS,F,1932,Barbara,368
KS,F,1932,Dorothy,336
KS,F,1932,Patricia,322
KS,F,1932,Shirley,302
KS,F,1932,Donna,293
KS,F,1932,Norma,266
KS,F,1932,Phyllis,231
KS,F,1932,Doris,215
KS,F,1933,Mary,771
KS,F,1933,Betty,511
KS,F,1933,Barbara,404
KS,F,1933,Shirley,341
KS,F,1933,Patricia,339
KS,F,1933,Donna,328
KS,F,1933,Dorothy,295
KS,F,1933,Norma,221
KS,F,1933,Helen,200
KS,F,1933,Carol,188
KS,F,1934,Mary,814
KS,F,1934,Shirley,498
KS,F,1934,Betty,452
KS,F,1934,Barbara,390
KS,F,1934,Patricia,351
KS,F,1934,Donna,348
KS,F,1934,Dorothy,240
KS,F,1934,Phyllis,222
KS,F,1934,Norma,216
KS,F,1934,Carol,199
KS,F,1935,Shirley,896
KS,F,1935,Mary,673
KS,F,1935,Barbara,432
KS,F,1935,Betty,418
KS,F,1935,Patricia,315
KS,F,1935,Donna,292
KS,F,1935,Carol,237
KS,F,1935,Marilyn,237
KS,F,1935,Dorothy,214
KS,F,1935,Virginia,199
KS,F,1936,Mary,711
KS,F,1936,Shirley,631
KS,F,1936,Barbara,404
KS,F,1936,Betty,356
KS,F,1936,Patricia,317
KS,F,1936,Carol,277
KS,F,1936,Donna,264
KS,F,1936,Marilyn,258
KS,F,1936,Beverly,220
KS,F,1936,Phyllis,192
KS,F,1937,Mary,649
KS,F,1937,Shirley,463
KS,F,1937,Barbara,407
KS,F,1937,Patricia,358
KS,F,1937,Betty,294
KS,F,1937,Carol,262
KS,F,1937,Donna,256
KS,F,1937,Marilyn,255
KS,F,1937,Beverly,228
KS,F,1937,Nancy,197
KS,F,1938,Mary,738
KS,F,1938,Barbara,441
KS,F,1938,Shirley,359
KS,F,1938,Patricia,357
KS,F,1938,Betty,301
KS,F,1938,Carol,281
KS,F,1938,Donna,272
KS,F,1938,Marilyn,226
KS,F,1938,Nancy,211
KS,F,1938,Janice,209
KS,F,1939,Mary,712
KS,F,1939,Barbara,451
KS,F,1939,Patricia,368
KS,F,1939,Carol,307
KS,F,1939,Shirley,304
KS,F,1939,Sharon,293
KS,F,1939,Judith,279
KS,F,1939,Karen,266
KS,F,1939,Betty,256
KS,F,1939,Nancy,249
KS,F,1940,Mary,662
KS,F,1940,Patricia,373
KS,F,1940,Judith,349
KS,F,1940,Barbara,348
KS,F,1940,Judy,331
KS,F,1940,Carol,328
KS,F,1940,Sharon,328
KS,F,1940,Karen,277
KS,F,1940,Shirley,255
KS,F,1940,Nancy,240
KS,F,1941,Mary,642
KS,F,1941,Sharon,414
KS,F,1941,Patricia,412
KS,F,1941,Barbara,385
KS,F,1941,Judy,378
KS,F,1941,Karen,373
KS,F,1941,Judith,320
KS,F,1941,Carol,310
KS,F,1941,Linda,306
KS,F,1941,Carolyn,284
KS,F,1942,Mary,688
KS,F,1942,Sharon,505
KS,F,1942,Karen,435
KS,F,1942,Barbara,414
KS,F,1942,Linda,389
KS,F,1942,Carol,365
KS,F,1942,Judy,355
KS,F,1942,Patricia,353
KS,F,1942,Judith,326
KS,F,1942,Carolyn,314
KS,F,1943,Mary,746
KS,F,1943,Sharon,622
KS,F,1943,Linda,524
KS,F,1943,Carol,431
KS,F,1943,Patricia,413
KS,F,1943,Judy,408
KS,F,1943,Karen,403
KS,F,1943,Barbara,378
KS,F,1943,Judith,321
KS,F,1943,Carolyn,312
KS,F,1944,Mary,745
KS,F,1944,Sharon,528
KS,F,1944,Linda,506
KS,F,1944,Carol,444
KS,F,1944,Barbara,405
KS,F,1944,Patricia,396
KS,F,1944,Judy,393
KS,F,1944,Karen,330
KS,F,1944,Nancy,318
KS,F,1944,Judith,302
KS,F,1945,Mary,644
KS,F,1945,Linda,633
KS,F,1945,Sharon,517
KS,F,1945,Carol,417
KS,F,1945,Patricia,382
KS,F,1945,Barbara,332
KS,F,1945,Judy,306
KS,F,1945,Karen,292
KS,F,1945,Carolyn,285
KS,F,1945,Nancy,283
KS,F,1946,Linda,750
KS,F,1946,Mary,739
KS,F,1946,Sharon,541
KS,F,1946,Patricia,506
KS,F,1946,Carol,468
KS,F,1946,Barbara,417
KS,F,1946,Nancy,397
KS,F,1946,Judy,395
KS,F,1946,Karen,356
KS,F,1946,Sandra,308
KS,F,1947,Linda,1387
KS,F,1947,Mary,812
KS,F,1947,Patricia,490
KS,F,1947,Sharon,473
KS,F,1947,Barbara,458
KS,F,1947,Nancy,452
KS,F,1947,Carol,415
KS,F,1947,Donna,352
KS,F,1947,Judy,346
KS,F,1947,Karen,337
KS,F,1948,Linda,1367
KS,F,1948,Mary,727
KS,F,1948,Barbara,503
KS,F,1948,Patricia,439
KS,F,1948,Sharon,434
KS,F,1948,Carol,362
KS,F,1948,Nancy,359
KS,F,1948,Susan,354
KS,F,1948,Karen,324
KS,F,1948,Sandra,289
KS,F,1949,Linda,1168
KS,F,1949,Mary,796
KS,F,1949,Patricia,513
KS,F,1949,Barbara,407
KS,F,1949,Sharon,381
KS,F,1949,Nancy,364
KS,F,1949,Carol,353
KS,F,1949,Susan,341
KS,F,1949,Karen,326
KS,F,1949,Donna,281
KS,F,1950,Linda,1062
KS,F,1950,Mary,681
KS,F,1950,Patricia,474
KS,F,1950,Barbara,432
KS,F,1950,Carol,389
KS,F,1950,Susan,379
KS,F,1950,Nancy,364
KS,F,1950,Sharon,323
KS,F,1950,Deborah,318
KS,F,1950,Janet,311
KS,F,1951,Linda,968
KS,F,1951,Mary,747
KS,F,1951,Patricia,593
KS,F,1951,Deborah,455
KS,F,1951,Susan,439
KS,F,1951,Barbara,428
KS,F,1951,Nancy,395
KS,F,1951,Debra,369
KS,F,1951,Pamela,354
KS,F,1951,Karen,349
KS,F,1952,Linda,825
KS,F,1952,Mary,724
KS,F,1952,Deborah,613
KS,F,1952,Patricia,574
KS,F,1952,Debra,540
KS,F,1952,Susan,450
KS,F,1952,Nancy,447
KS,F,1952,Barbara,427
KS,F,1952,Karen,410
KS,F,1952,Carol,348
KS,F,1953,Debra,793
KS,F,1953,Linda,752
KS,F,1953,Mary,733
KS,F,1953,Patricia,588
KS,F,1953,Deborah,553
KS,F,1953,Susan,493
KS,F,1953,Pamela,406
KS,F,1953,Nancy,399
KS,F,1953,Barbara,391
KS,F,1953,Cynthia,391
KS,F,1954,Debra,850
KS,F,1954,Linda,703
KS,F,1954,Mary,655
KS,F,1954,Susan,552
KS,F,1954,Deborah,547
KS,F,1954,Patricia,547
KS,F,1954,Cynthia,433
KS,F,1954,Karen,410
KS,F,1954,Pamela,404
KS,F,1954,Nancy,383
KS,F,1955,Debra,857
KS,F,1955,Mary,717
KS,F,1955,Linda,619
KS,F,1955,Susan,542
KS,F,1955,Patricia,515
KS,F,1955,Deborah,510
KS,F,1955,Cynthia,419
KS,F,1955,Nancy,394
KS,F,1955,Pamela,393
KS,F,1955,Karen,370
KS,F,1956,Debra,822
KS,F,1956,Mary,631
KS,F,1956,Linda,575
KS,F,1956,Susan,521
KS,F,1956,Cynthia,511
KS,F,1956,Deborah,482
KS,F,1956,Karen,465
KS,F,1956,Patricia,441
KS,F,1956,Pamela,402
KS,F,1956,Nancy,339
KS,F,1957,Debra,727
KS,F,1957,Mary,615
KS,F,1957,Cynthia,537
KS,F,1957,Susan,505
KS,F,1957,Linda,501
KS,F,1957,Karen,438
KS,F,1957,Patricia,404
KS,F,1957,Brenda,396
KS,F,1957,Deborah,394
KS,F,1957,Pamela,350
KS,F,1958,Debra,567
KS,F,1958,Mary,554
KS,F,1958,Susan,458
KS,F,1958,Linda,456
KS,F,1958,Karen,418
KS,F,1958,Cynthia,390
KS,F,1958,Pamela,378
KS,F,1958,Brenda,338
KS,F,1958,Kathy,333
KS,F,1958,Patricia,331
KS,F,1959,Mary,537
KS,F,1959,Debra,535
KS,F,1959,Linda,484
KS,F,1959,Susan,449
KS,F,1959,Karen,415
KS,F,1959,Brenda,375
KS,F,1959,Cynthia,363
KS,F,1959,Pamela,360
KS,F,1959,Donna,335
KS,F,1959,Patricia,311
KS,F,1960,Mary,513
KS,F,1960,Brenda,447
KS,F,1960,Susan,436
KS,F,1960,Debra,404
KS,F,1960,Linda,382
KS,F,1960,Karen,379
KS,F,1960,Lisa,362
KS,F,1960,Cynthia,318
KS,F,1960,Pamela,304
KS,F,1960,Teresa,302
KS,F,1961,Lisa,449
KS,F,1961,Mary,427
KS,F,1961,Linda,378
KS,F,1961,Lori,376
KS,F,1961,Brenda,371
KS,F,1961,Susan,367
KS,F,1961,Karen,336
KS,F,1961,Debra,310
KS,F,1961,Pamela,294
KS,F,1961,Julie,280
KS,F,1962,Lisa,480
KS,F,1962,Mary,425
KS,F,1962,Brenda,380
KS,F,1962,Lori,377
KS,F,1962,Susan,361
KS,F,1962,Linda,340
KS,F,1962,Kimberly,330
KS,F,1962,Karen,326
KS,F,1962,Julie,275
KS,F,1962,Teresa,264
KS,F,1963,Lisa,549
KS,F,1963,Lori,421
KS,F,1963,Mary,396
KS,F,1963,Brenda,353
KS,F,1963,Susan,319
KS,F,1963,Karen,289
KS,F,1963,Kimberly,289
KS,F,1963,Julie,269
KS,F,1963,Teresa,259
KS,F,1963,Tammy,250
KS,F,1964,Lisa,447
KS,F,1964,Mary,358
KS,F,1964,Lori,329
KS,F,1964,Susan,327
KS,F,1964,Kimberly,309
KS,F,1964,Julie,273
KS,F,1964,Brenda,267
KS,F,1964,Karen,251
KS,F,1964,Linda,228
KS,F,1964,Teresa,227
KS,F,1965,Lisa,528
KS,F,1965,Kimberly,279
KS,F,1965,Mary,273
KS,F,1965,Susan,268
KS,F,1965,Lori,255
KS,F,1965,Karen,242
KS,F,1965,Julie,238
KS,F,1965,Brenda,228
KS,F,1965,Angela,226
KS,F,1965,Michelle,215
KS,F,1966,Lisa,510
KS,F,1966,Michelle,337
KS,F,1966,Kimberly,316
KS,F,1966,Angela,243
KS,F,1966,Mary,235
KS,F,1966,Julie,229
KS,F,1966,Susan,223
KS,F,1966,Lori,217
KS,F,1966,Tammy,210
KS,F,1966,Brenda,208
KS,F,1967,Lisa,485
KS,F,1967,Michelle,368
KS,F,1967,Kimberly,364
KS,F,1967,Angela,230
KS,F,1967,Julie,229
KS,F,1967,Lori,215
KS,F,1967,Mary,212
KS,F,1967,Tammy,198
KS,F,1967,Susan,190
KS,F,1967,Teresa,170
KS,F,1968,Michelle,435
KS,F,1968,Lisa,419
KS,F,1968,Kimberly,347
KS,F,1968,Jennifer,275
KS,F,1968,Angela,246
KS,F,1968,Melissa,228
KS,F,1968,Julie,219
KS,F,1968,Amy,217
KS,F,1968,Lori,216
KS,F,1968,Mary,198
KS,F,1969,Michelle,422
KS,F,1969,Lisa,407
KS,F,1969,Kimberly,341
KS,F,1969,Jennifer,313
KS,F,1969,Angela,282
KS,F,1969,Amy,281
KS,F,1969,Melissa,246
KS,F,1969,Julie,239
KS,F,1969,Tammy,228
KS,F,1969,Stephanie,192
KS,F,1970,Jennifer,480
KS,F,1970,Michelle,428
KS,F,1970,Amy,354
KS,F,1970,Kimberly,343
KS,F,1970,Angela,335
KS,F,1970,Lisa,315
KS,F,1970,Melissa,248
KS,F,1970,Julie,203
KS,F,1970,Tammy,197
KS,F,1970,Shannon,193
KS,F,1971,Jennifer,511
KS,F,1971,Michelle,410
KS,F,1971,Angela,361
KS,F,1971,Amy,352
KS,F,1971,Kimberly,351
KS,F,1971,Lisa,267
KS,F,1971,Melissa,228
KS,F,1971,Heather,202
KS,F,1971,Julie,202
KS,F,1971,Stephanie,177
KS,F,1972,Jennifer,718
KS,F,1972,Michelle,350
KS,F,1972,Amy,328
KS,F,1972,Angela,318
KS,F,1972,Kimberly,276
KS,F,1972,Heather,220
KS,F,1972,Lisa,212
KS,F,1972,Melissa,205
KS,F,1972,Stephanie,194
KS,F,1972,Julie,187
KS,F,1973,Jennifer,634
KS,F,1973,Amy,360
KS,F,1973,Michelle,340
KS,F,1973,Heather,283
KS,F,1973,Angela,282
KS,F,1973,Kimberly,226
KS,F,1973,Melissa,220
KS,F,1973,Stephanie,211
KS,F,1973,Lisa,178
KS,F,1973,Rebecca,175
KS,F,1974,Jennifer,690
KS,F,1974,Amy,454
KS,F,1974,Angela,333
KS,F,1974,Michelle,296
KS,F,1974,Heather,267
KS,F,1974,Melissa,242
KS,F,1974,Stephanie,211
KS,F,1974,Kimberly,210
KS,F,1974,Lisa,181
KS,F,1974,Rebecca,174
KS,F,1975,Jennifer,650
KS,F,1975,Amy,445
KS,F,1975,Angela,375
KS,F,1975,Heather,326
KS,F,1975,Michelle,275
KS,F,1975,Melissa,247
KS,F,1975,Rebecca,207
KS,F,1975,Kimberly,200
KS,F,1975,Stephanie,181
KS,F,1975,Amanda,174
KS,F,1976,Jennifer,689
KS,F,1976,Amy,436
KS,F,1976,Angela,350
KS,F,1976,Heather,324
KS,F,1976,Melissa,297
KS,F,1976,Michelle,248
KS,F,1976,Jessica,198
KS,F,1976,Stephanie,195
KS,F,1976,Sarah,194
KS,F,1976,Amanda,187
KS,F,1977,Jennifer,685
KS,F,1977,Amy,371
KS,F,1977,Angela,325
KS,F,1977,Heather,307
KS,F,1977,Melissa,300
KS,F,1977,Jessica,290
KS,F,1977,Michelle,250
KS,F,1977,Sarah,215
KS,F,1977,Amanda,212
KS,F,1977,Stephanie,200
KS,F,1978,Jennifer,674
KS,F,1978,Amy,322
KS,F,1978,Melissa,315
KS,F,1978,Angela,310
KS,F,1978,Sarah,295
KS,F,1978,Jessica,284
KS,F,1978,Heather,268
KS,F,1978,Amanda,241
KS,F,1978,Michelle,202
KS,F,1978,Crystal,191
KS,F,1979,Jennifer,694
KS,F,1979,Amanda,397
KS,F,1979,Melissa,358
KS,F,1979,Jessica,331
KS,F,1979,Amy,310
KS,F,1979,Angela,299
KS,F,1979,Sarah,288
KS,F,1979,Heather,233
KS,F,1979,Crystal,208
KS,F,1979,Amber,199
KS,F,1980,Jennifer,656
KS,F,1980,Amanda,467
KS,F,1980,Sarah,406
KS,F,1980,Melissa,363
KS,F,1980,Jessica,361
KS,F,1980,Amy,296
KS,F,1980,Angela,250
KS,F,1980,Amber,238
KS,F,1980,Heather,223
KS,F,1980,Michelle,223
KS,F,1981,Jennifer,637
KS,F,1981,Jessica,530
KS,F,1981,Amanda,456
KS,F,1981,Sarah,403
KS,F,1981,Melissa,313
KS,F,1981,Amy,286
KS,F,1981,Amber,260
KS,F,1981,Angela,230
KS,F,1981,Rebecca,230
KS,F,1981,Michelle,227
KS,F,1982,Jennifer,612
KS,F,1982,Jessica,516
KS,F,1982,Sarah,450
KS,F,1982,Amanda,437
KS,F,1982,Melissa,281
KS,F,1982,Amber,279
KS,F,1982,Amy,264
KS,F,1982,Ashley,242
KS,F,1982,Angela,228
KS,F,1982,Heather,215
KS,F,1983,Jennifer,541
KS,F,1983,Ashley,521
KS,F,1983,Jessica,503
KS,F,1983,Amanda,434
KS,F,1983,Sarah,380
KS,F,1983,Melissa,279
KS,F,1983,Amber,270
KS,F,1983,Amy,261
KS,F,1983,Megan,236
KS,F,1983,Heather,222
KS,F,1984,Ashley,556
KS,F,1984,Jennifer,503
KS,F,1984,Jessica,501
KS,F,1984,Amanda,420
KS,F,1984,Sarah,368
KS,F,1984,Megan,314
KS,F,1984,Heather,264
KS,F,1984,Elizabeth,244
KS,F,1984,Stephanie,243
KS,F,1984,Melissa,241
KS,F,1985,Ashley,606
KS,F,1985,Jessica,553
KS,F,1985,Amanda,456
KS,F,1985,Jennifer,422
KS,F,1985,Megan,317
KS,F,1985,Sarah,317
KS,F,1985,Stephanie,231
KS,F,1985,Heather,226
KS,F,1985,Amber,224
KS,F,1985,Nicole,210
KS,F,1986,Jessica,574
KS,F,1986,Ashley,546
KS,F,1986,Amanda,480
KS,F,1986,Sarah,390
KS,F,1986,Jennifer,332
KS,F,1986,Megan,305
KS,F,1986,Amber,250
KS,F,1986,Heather,226
KS,F,1986,Stephanie,221
KS,F,1986,Nicole,211
KS,F,1987,Ashley,609
KS,F,1987,Jessica,601
KS,F,1987,Amanda,460
KS,F,1987,Sarah,351
KS,F,1987,Jennifer,317
KS,F,1987,Megan,286
KS,F,1987,Amber,235
KS,F,1987,Heather,214
KS,F,1987,Rachel,206
KS,F,1987,Emily,191
KS,F,1988,Jessica,547
KS,F,1988,Ashley,524
KS,F,1988,Amanda,432
KS,F,1988,Sarah,334
KS,F,1988,Megan,299
KS,F,1988,Jennifer,277
KS,F,1988,Emily,223
KS,F,1988,Amber,220
KS,F,1988,Samantha,220
KS,F,1988,Rachel,189
KS,F,1989,Jessica,484
KS,F,1989,Ashley,461
KS,F,1989,Amanda,357
KS,F,1989,Sarah,292
KS,F,1989,Samantha,286
KS,F,1989,Megan,278
KS,F,1989,Brittany,243
KS,F,1989,Jennifer,207
KS,F,1989,Emily,205
KS,F,1989,Elizabeth,201
KS,F,1990,Ashley,450
KS,F,1990,Jessica,450
KS,F,1990,Amanda,322
KS,F,1990,Sarah,305
KS,F,1990,Samantha,269
KS,F,1990,Megan,254
KS,F,1990,Brittany,236
KS,F,1990,Kayla,213
KS,F,1990,Emily,199
KS,F,1990,Amber,193
KS,F,1991,Jessica,412
KS,F,1991,Ashley,399
KS,F,1991,Amanda,271
KS,F,1991,Sarah,253
KS,F,1991,Emily,238
KS,F,1991,Samantha,225
KS,F,1991,Megan,223
KS,F,1991,Shelby,222
KS,F,1991,Brittany,204
KS,F,1991,Kayla,200
KS,F,1992,Ashley,367
KS,F,1992,Jessica,356
KS,F,1992,Emily,255
KS,F,1992,Amanda,252
KS,F,1992,Sarah,245
KS,F,1992,Megan,231
KS,F,1992,Samantha,230
KS,F,1992,Taylor,200
KS,F,1992,Kelsey,191
KS,F,1992,Brittany,183
KS,F,1993,Ashley,333
KS,F,1993,Jessica,318
KS,F,1993,Taylor,306
KS,F,1993,Emily,283
KS,F,1993,Sarah,241
KS,F,1993,Samantha,222
KS,F,1993,Megan,184
KS,F,1993,Amanda,180
KS,F,1993,Elizabeth,166
KS,F,1993,Rachel,164
KS,F,1994,Jessica,300
KS,F,1994,Ashley,273
KS,F,1994,Emily,253
KS,F,1994,Taylor,238
KS,F,1994,Sarah,224
KS,F,1994,Samantha,221
KS,F,1994,Megan,195
KS,F,1994,Elizabeth,191
KS,F,1994,Hannah,183
KS,F,1994,Kayla,167
KS,F,1995,Ashley,252
KS,F,1995,Taylor,243
KS,F,1995,Jessica,231
KS,F,1995,Emily,229
KS,F,1995,Samantha,202
KS,F,1995,Sarah,200
KS,F,1995,Hannah,192
KS,F,1995,Megan,190
KS,F,1995,Madison,180
KS,F,1995,Courtney,169
KS,F,1996,Madison,232
KS,F,1996,Hannah,226
KS,F,1996,Ashley,222
KS,F,1996,Emily,218
KS,F,1996,Taylor,205
KS,F,1996,Jessica,193
KS,F,1996,Megan,174
KS,F,1996,Sarah,169
KS,F,1996,Samantha,167
KS,F,1996,Alexis,162
KS,F,1997,Emily,255
KS,F,1997,Madison,251
KS,F,1997,Hannah,249
KS,F,1997,Taylor,246
KS,F,1997,Ashley,186
KS,F,1997,Alexis,181
KS,F,1997,Jessica,173
KS,F,1997,Sarah,171
KS,F,1997,Elizabeth,163
KS,F,1997,Samantha,154
KS,F,1998,Madison,282
KS,F,1998,Emily,267
KS,F,1998,Hannah,259
KS,F,1998,Taylor,221
KS,F,1998,Alexis,192
KS,F,1998,Ashley,183
KS,F,1998,Samantha,172
KS,F,1998,Sarah,168
KS,F,1998,Jessica,163
KS,F,1998,Lauren,154
KS,F,1999,Madison,252
KS,F,1999,Emily,237
KS,F,1999,Hannah,231
KS,F,1999,Taylor,219
KS,F,1999,Alexis,186
KS,F,1999,Abigail,162
KS,F,1999,Ashley,157
KS,F,1999,Sarah,153
KS,F,1999,Elizabeth,149
KS,F,1999,Samantha,143
KS,F,2000,Madison,277
KS,F,2000,Hannah,258
KS,F,2000,Emily,238
KS,F,2000,Taylor,181
KS,F,2000,Alexis,172
KS,F,2000,Elizabeth,168
KS,F,2000,Abigail,162
KS,F,2000,Emma,158
KS,F,2000,Lauren,156
KS,F,2000,Grace,151
KS,F,2001,Madison,259
KS,F,2001,Emily,246
KS,F,2001,Hannah,237
KS,F,2001,Emma,190
KS,F,2001,Alexis,188
KS,F,2001,Abigail,182
KS,F,2001,Lauren,175
KS,F,2001,Taylor,175
KS,F,2001,Grace,158
KS,F,2001,Elizabeth,151
KS,F,2002,Emily,243
KS,F,2002,Madison,221
KS,F,2002,Emma,213
KS,F,2002,Hannah,210
KS,F,2002,Abigail,209
KS,F,2002,Alexis,197
KS,F,2002,Grace,178
KS,F,2002,Elizabeth,160
KS,F,2002,Lauren,159
KS,F,2002,Taylor,150
KS,F,2003,Emma,280
KS,F,2003,Madison,234
KS,F,2003,Emily,221
KS,F,2003,Hannah,200
KS,F,2003,Abigail,192
KS,F,2003,Olivia,186
KS,F,2003,Grace,165
KS,F,2003,Alexis,160
KS,F,2003,Elizabeth,159
KS,F,2003,Alyssa,152
KS,F,2004,Emma,262
KS,F,2004,Emily,220
KS,F,2004,Madison,220
KS,F,2004,Abigail,197
KS,F,2004,Grace,182
KS,F,2004,Hannah,176
KS,F,2004,Olivia,174
KS,F,2004,Elizabeth,148
KS,F,2004,Alexis,137
KS,F,2004,Alyssa,127
KS,F,2005,Emma,267
KS,F,2005,Emily,212
KS,F,2005,Olivia,194
KS,F,2005,Abigail,186
KS,F,2005,Madison,185
KS,F,2005,Grace,169
KS,F,2005,Hannah,164
KS,F,2005,Alexis,151
KS,F,2005,Elizabeth,146
KS,F,2005,Ava,142
KS,F,2006,Emma,232
KS,F,2006,Emily,213
KS,F,2006,Abigail,200
KS,F,2006,Madison,197
KS,F,2006,Ava,191
KS,F,2006,Alexis,166
KS,F,2006,Addison,162
KS,F,2006,Olivia,157
KS,F,2006,Hannah,154
KS,F,2006,Grace,141
KS,F,2007,Addison,238
KS,F,2007,Emma,231
KS,F,2007,Ava,228
KS,F,2007,Madison,187
KS,F,2007,Emily,174
KS,F,2007,Abigail,169
KS,F,2007,Elizabeth,165
KS,F,2007,Olivia,156
KS,F,2007,Isabella,137
KS,F,2007,Hannah,134
KS,F,2008,Emma,200
KS,F,2008,Olivia,188
KS,F,2008,Emily,182
KS,F,2008,Ava,178
KS,F,2008,Madison,178
KS,F,2008,Addison,174
KS,F,2008,Isabella,162
KS,F,2008,Elizabeth,156
KS,F,2008,Abigail,140
KS,F,2008,Chloe,135
KS,F,2009,Emma,218
KS,F,2009,Isabella,185
KS,F,2009,Ava,181
KS,F,2009,Olivia,175
KS,F,2009,Abigail,167
KS,F,2009,Addison,159
KS,F,2009,Sophia,155
KS,F,2009,Madison,154
KS,F,2009,Chloe,150
KS,F,2009,Emily,148
KS,F,2010,Isabella,215
KS,F,2010,Ava,189
KS,F,2010,Emma,178
KS,F,2010,Sophia,177
KS,F,2010,Olivia,161
KS,F,2010,Addison,148
KS,F,2010,Abigail,144
KS,F,2010,Avery,126
KS,F,2010,Emily,124
KS,F,2010,Elizabeth,119
KS,F,2011,Sophia,219
KS,F,2011,Emma,198
KS,F,2011,Olivia,185
KS,F,2011,Isabella,165
KS,F,2011,Ava,157
KS,F,2011,Abigail,140
KS,F,2011,Brooklyn,130
KS,F,2011,Addison,129
KS,F,2011,Ella,127
KS,F,2011,Chloe,115
KS,F,2012,Emma,238
KS,F,2012,Sophia,191
KS,F,2012,Olivia,178
KS,F,2012,Isabella,171
KS,F,2012,Ava,149
KS,F,2012,Elizabeth,145
KS,F,2012,Avery,137
KS,F,2012,Abigail,125
KS,F,2012,Harper,115
KS,F,2012,Ella,112
KS,F,2013,Emma,218
KS,F,2013,Olivia,186
KS,F,2013,Ava,169
KS,F,2013,Sophia,166
KS,F,2013,Harper,130
KS,F,2013,Isabella,128
KS,F,2013,Avery,119
KS,F,2013,Charlotte,118
KS,F,2013,Elizabeth,118
KS,F,2013,Abigail,116
KS,F,2014,Olivia,214
KS,F,2014,Emma,191
KS,F,2014,Harper,177
KS,F,2014,Ava,161
KS,F,2014,Sophia,158
KS,F,2014,Avery,128
KS,F,2014,Elizabeth,122
KS,F,2014,Isabella,121
KS,F,2014,Charlotte,116
KS,F,2014,Addison,108
KS,F,2015,Emma,215
KS,F,2015,Olivia,199
KS,F,2015,Ava,161
KS,F,2015,Harper,161
KS,F,2015,Sophia,146
KS,F,2015,Elizabeth,134
KS,F,2015,Abigail,130
KS,F,2015,Charlotte,130
KS,F,2015,Avery,118
KS,F,2015,Mia,115
KS,F,2016,Emma,203
KS,F,2016,Olivia,184
KS,F,2016,Charlotte,148
KS,F,2016,Sophia,143
KS,F,2016,Ava,131
KS,F,2016,Harper,128
KS,F,2016,Mia,123
KS,F,2016,Elizabeth,119
KS,F,2016,Evelyn,116
KS,F,2016,Avery,107
KS,F,2017,Emma,202
KS,F,2017,Olivia,183
KS,F,2017,Ava,154
KS,F,2017,Harper,152
KS,F,2017,Evelyn,144
KS,F,2017,Charlotte,140
KS,F,2017,Isabella,131
KS,F,2017,Amelia,127
KS,F,2017,Sophia,122
KS,F,2017,Abigail,100
KS,F,2018,Olivia,191
KS,F,2018,Emma,175
KS,F,2018,Charlotte,159
KS,F,2018,Evelyn,139
KS,F,2018,Ava,137
KS,F,2018,Harper,131
KS,F,2018,Sophia,117
KS,F,2018,Elizabeth,115
KS,F,2018,Amelia,112
KS,F,2018,Abigail,111
KS,F,2019,Olivia,178
KS,F,2019,Emma,148
KS,F,2019,Harper,142
KS,F,2019,Charlotte,140
KS,F,2019,Evelyn,125
KS,F,2019,Sophia,116
KS,F,2019,Amelia,115
KS,F,2019,Ava,112
KS,F,2019,Isabella,104
KS,F,2019,Abigail,99
KS,M,1920,Robert,735
KS,M,1920,John,651
KS,M,1920,William,623
KS,M,1920,James,492
KS,M,1920,Charles,488
KS,M,1920,Harold,367
KS,M,1920,George,361
KS,M,1920,Donald,334
KS,M,1920,Richard,287
KS,M,1920,Raymond,282
KS,M,1921,Robert,787
KS,M,1921,John,697
KS,M,1921,William,665
KS,M,1921,James,567
KS,M,1921,Charles,540
KS,M,1921,George,362
KS,M,1921,Harold,354
KS,M,1921,Donald,312
KS,M,1921,Kenneth,299
KS,M,1921,Jack,271
KS,M,1922,Robert,898
KS,M,1922,William,670
KS,M,1922,John,650
KS,M,1922,James,521
KS,M,1922,Charles,489
KS,M,1922,Harold,374
KS,M,1922,George,329
KS,M,1922,Donald,325
KS,M,1922,Richard,291
KS,M,1922,Kenneth,279
KS,M,1923,Robert,984
KS,M,1923,William,657
KS,M,1923,John,652
KS,M,1923,James,567
KS,M,1923,Charles,564
KS,M,1923,Harold,414
KS,M,1923,Donald,346
KS,M,1923,George,338
KS,M,1923,Jack,310
KS,M,1923,Richard,290
KS,M,1924,Robert,1021
KS,M,1924,William,726
KS,M,1924,John,661
KS,M,1924,James,553
KS,M,1924,Charles,529
KS,M,1924,Donald,400
KS,M,1924,Harold,351
KS,M,1924,Richard,342
KS,M,1924,Kenneth,318
KS,M,1924,Jack,306
KS,M,1925,Robert,1030
KS,M,1925,William,666
KS,M,1925,John,659
KS,M,1925,James,541
KS,M,1925,Charles,508
KS,M,1925,Donald,446
KS,M,1925,Richard,345
KS,M,1925,George,324
KS,M,1925,Harold,303
KS,M,1925,Jack,296
KS,M,1926,Robert,1026
KS,M,1926,William,616
KS,M,1926,John,585
KS,M,1926,James,550
KS,M,1926,Donald,520
KS,M,1926,Charles,477
KS,M,1926,Richard,366
KS,M,1926,Harold,318
KS,M,1926,Kenneth,304
KS,M,1926,George,278
KS,M,1927,Robert,1035
KS,M,1927,William,577
KS,M,1927,Donald,566
KS,M,1927,John,538
KS,M,1927,James,526
KS,M,1927,Charles,482
KS,M,1927,Richard,414
KS,M,1927,Harold,305
KS,M,1927,Jack,302
KS,M,1927,George,300
KS,M,1928,Robert,994
KS,M,1928,Donald,647
KS,M,1928,James,534
KS,M,1928,John,515
KS,M,1928,Charles,497
KS,M,1928,William,482
KS,M,1928,Richard,370
KS,M,1928,Harold,298
KS,M,1928,Jack,294
KS,M,1928,Kenneth,284
KS,M,1929,Robert,971
KS,M,1929,Donald,643
KS,M,1929,James,530
KS,M,1929,William,528
KS,M,1929,John,510
KS,M,1929,Charles,457
KS,M,1929,Richard,409
KS,M,1929,Jack,270
KS,M,1929,Harold,266
KS,M,1929,Kenneth,259
KS,M,1930,Robert,986
KS,M,1930,Donald,716
KS,M,1930,John,553
KS,M,1930,Charles,551
KS,M,1930,James,550
KS,M,1930,Richard,480
KS,M,1930,William,452
KS,M,1930,Jack,288
KS,M,1930,Harold,267
KS,M,1930,Kenneth,265
KS,M,1931,Robert,920
KS,M,1931,Donald,714
KS,M,1931,James,565
KS,M,1931,John,545
KS,M,1931,William,466
KS,M,1931,Richard,449
KS,M,1931,Charles,416
KS,M,1931,Jack,264
KS,M,1931,Harold,247
KS,M,1931,Kenneth,227
KS,M,1932,Robert,903
KS,M,1932,Donald,671
KS,M,1932,James,510
KS,M,1932,John,492
KS,M,1932,Charles,471
KS,M,1932,Richard,464
KS,M,1932,William,454
KS,M,1932,Kenneth,262
KS,M,1932,George,224
KS,M,1932,Harold,222
KS,M,1933,Robert,733
KS,M,1933,Donald,589
KS,M,1933,James,567
KS,M,1933,John,517
KS,M,1933,Charles,453
KS,M,1933,Richard,421
KS,M,1933,William,418
KS,M,1933,Kenneth,241
KS,M,1933,George,213
KS,M,1933,Jack,208
KS,M,1934,Robert,819
KS,M,1934,Donald,589
KS,M,1934,James,572
KS,M,1934,John,521
KS,M,1934,Richard,468
KS,M,1934,Charles,404
KS,M,1934,William,404
KS,M,1934,Kenneth,245
KS,M,1934,Jack,218
KS,M,1934,Harold,196
KS,M,1935,Robert,668
KS,M,1935,Donald,581
KS,M,1935,John,576
KS,M,1935,James,556
KS,M,1935,Richard,482
KS,M,1935,Charles,407
KS,M,1935,William,359
KS,M,1935,Kenneth,255
KS,M,1935,Larry,251
KS,M,1935,Ronald,231
KS,M,1936,Robert,728
KS,M,1936,John,548
KS,M,1936,Donald,543
KS,M,1936,James,515
KS,M,1936,Richard,451
KS,M,1936,Charles,417
KS,M,1936,William,373
KS,M,1936,Larry,298
KS,M,1936,Ronald,278
KS,M,1936,Kenneth,270
KS,M,1937,Robert,763
KS,M,1937,James,539
KS,M,1937,Donald,526
KS,M,1937,John,509
KS,M,1937,Larry,446
KS,M,1937,Richard,431
KS,M,1937,Charles,423
KS,M,1937,Gary,344
KS,M,1937,William,339
KS,M,1937,Kenneth,270
KS,M,1938,Robert,667
KS,M,1938,James,578
KS,M,1938,Larry,570
KS,M,1938,John,526
KS,M,1938,Donald,466
KS,M,1938,Richard,447
KS,M,1938,Gary,401
KS,M,1938,William,380
KS,M,1938,Charles,361
KS,M,1938,Jerry,313
KS,M,1939,Larry,642
KS,M,1939,Robert,637
KS,M,1939,James,603
KS,M,1939,John,525
KS,M,1939,Donald,422
KS,M,1939,Gary,408
KS,M,1939,Richard,407
KS,M,1939,William,376
KS,M,1939,Charles,342
KS,M,1939,Jerry,296
KS,M,1940,Larry,714
KS,M,1940,Robert,621
KS,M,1940,James,554
KS,M,1940,John,553
KS,M,1940,Gary,509
KS,M,1940,Richard,461
KS,M,1940,Donald,368
KS,M,1940,William,362
KS,M,1940,Charles,355
KS,M,1940,Ronald,317
KS,M,1941,Larry,755
KS,M,1941,Robert,642
KS,M,1941,James,600
KS,M,1941,John,579
KS,M,1941,Richard,473
KS,M,1941,Gary,454
KS,M,1941,Charles,393
KS,M,1941,William,382
KS,M,1941,Donald,350
KS,M,1941,Ronald,335
KS,M,1942,Larry,734
KS,M,1942,Robert,715
KS,M,1942,James,658
KS,M,1942,John,632
KS,M,1942,Richard,546
KS,M,1942,Gary,470
KS,M,1942,Charles,456
KS,M,1942,William,420
KS,M,1942,Ronald,397
KS,M,1942,Donald,375
KS,M,1943,Robert,827
KS,M,1943,James,761
KS,M,1943,John,711
KS,M,1943,Larry,694
KS,M,1943,Gary,537
KS,M,1943,Richard,536
KS,M,1943,William,462
KS,M,1943,Ronald,454
KS,M,1943,David,435
KS,M,1943,Charles,417
KS,M,1944,Robert,751
KS,M,1944,John,735
KS,M,1944,James,707
KS,M,1944,Larry,661
KS,M,1944,Richard,603
KS,M,1944,Gary,486
KS,M,1944,William,461
KS,M,1944,David,424
KS,M,1944,Ronald,416
KS,M,1944,Charles,409
KS,M,1945,Robert,743
KS,M,1945,James,735
KS,M,1945,John,686
KS,M,1945,Larry,615
KS,M,1945,Richard,545
KS,M,1945,Gary,496
KS,M,1945,William,488
KS,M,1945,David,474
KS,M,1945,Ronald,367
KS,M,1945,Charles,359
KS,M,1946,Robert,892
KS,M,1946,James,833
KS,M,1946,John,791
KS,M,1946,Richard,685
KS,M,1946,Larry,662
KS,M,1946,David,588
KS,M,1946,Michael,506
KS,M,1946,Gary,505
KS,M,1946,William,465
KS,M,1946,Ronald,463
KS,M,1947,Robert,926
KS,M,1947,John,869
KS,M,1947,James,853
KS,M,1947,Larry,724
KS,M,1947,David,682
KS,M,1947,Michael,629
KS,M,1947,Richard,626
KS,M,1947,William,571
KS,M,1947,Gary,568
KS,M,1947,Charles,485
KS,M,1948,Robert,896
KS,M,1948,James,866
KS,M,1948,John,796
KS,M,1948,Michael,704
KS,M,1948,David,693
KS,M,1948,Richard,613
KS,M,1948,Larry,608
KS,M,1948,Ronald,523
KS,M,1948,Gary,498
KS,M,1948,William,474
KS,M,1949,Robert,898
KS,M,1949,John,864
KS,M,1949,James,856
KS,M,1949,Michael,814
KS,M,1949,David,760
KS,M,1949,Larry,595
KS,M,1949,Richard,579
KS,M,1949,William,547
KS,M,1949,Gary,496
KS,M,1949,Ronald,469
KS,M,1950,Robert,921
KS,M,1950,Michael,897
KS,M,1950,James,843
KS,M,1950,John,833
KS,M,1950,David,797
KS,M,1950,Richard,632
KS,M,1950,Larry,564
KS,M,1950,William,559
KS,M,1950,Gary,523
KS,M,1950,Steven,508
KS,M,1951,Michael,1009
KS,M,1951,Robert,925
KS,M,1951,John,887
KS,M,1951,David,874
KS,M,1951,James,841
KS,M,1951,Steven,666
KS,M,1951,Richard,655
KS,M,1951,William,582
KS,M,1951,Gary,517
KS,M,1951,Larry,482
KS,M,1952,Michael,1130
KS,M,1952,David,946
KS,M,1952,Robert,931
KS,M,1952,John,884
KS,M,1952,James,879
KS,M,1952,Richard,673
KS,M,1952,Steven,664
KS,M,1952,William,601
KS,M,1952,Gary,571
KS,M,1952,Thomas,470
KS,M,1953,Michael,1111
KS,M,1953,David,1058
KS,M,1953,Robert,962
KS,M,1953,James,869
KS,M,1953,John,802
KS,M,1953,Steven,701
KS,M,1953,Richard,684
KS,M,1953,William,608
KS,M,1953,Gary,492
KS,M,1953,Mark,474
KS,M,1954,Michael,1183
KS,M,1954,David,1145
KS,M,1954,Robert,915
KS,M,1954,James,913
KS,M,1954,John,780
KS,M,1954,Steven,756
KS,M,1954,Richard,684
KS,M,1954,William,629
KS,M,1954,Mark,599
KS,M,1954,Gary,579
KS,M,1955,David,1164
KS,M,1955,Michael,1150
KS,M,1955,Robert,864
KS,M,1955,James,826
KS,M,1955,John,816
KS,M,1955,Steven,762
KS,M,1955,Mark,645
KS,M,1955,Richard,630
KS,M,1955,William,571
KS,M,1955,Gary,495
KS,M,1956,Michael,1127
KS,M,1956,David,1054
KS,M,1956,James,896
KS,M,1956,Robert,871
KS,M,1956,Mark,745
KS,M,1956,John,730
KS,M,1956,Steven,704
KS,M,1956,William,583
KS,M,1956,Richard,581
KS,M,1956,Gary,458
KS,M,1957,Michael,1092
KS,M,1957,David,1039
KS,M,1957,James,851
KS,M,1957,Robert,793
KS,M,1957,Mark,744
KS,M,1957,John,716
KS,M,1957,Steven,637
KS,M,1957,Richard,601
KS,M,1957,William,550
KS,M,1957,Charles,395
KS,M,1958,David,1064
KS,M,1958,Michael,1021
KS,M,1958,Robert,777
KS,M,1958,James,745
KS,M,1958,Mark,738
KS,M,1958,John,640
KS,M,1958,Richard,526
KS,M,1958,Steven,524
KS,M,1958,William,479
KS,M,1958,Kevin,421
KS,M,1959,David,989
KS,M,1959,Michael,977
KS,M,1959,Mark,818
KS,M,1959,Robert,747
KS,M,1959,James,729
KS,M,1959,John,721
KS,M,1959,Steven,533
KS,M,1959,Richard,489
KS,M,1959,William,483
KS,M,1959,Kevin,451
KS,M,1960,David,1008
KS,M,1960,Michael,885
KS,M,1960,Mark,827
KS,M,1960,James,703
KS,M,1960,Robert,686
KS,M,1960,John,665
KS,M,1960,Kevin,499
KS,M,1960,Steven,461
KS,M,1960,William,459
KS,M,1960,Richard,454
KS,M,1961,David,1020
KS,M,1961,Michael,895
KS,M,1961,Mark,794
KS,M,1961,John,719
KS,M,1961,James,718
KS,M,1961,Robert,661
KS,M,1961,Kevin,492
KS,M,1961,Steven,444
KS,M,1961,William,401
KS,M,1961,Richard,392
KS,M,1962,David,929
KS,M,1962,Michael,847
KS,M,1962,Mark,740
KS,M,1962,John,707
KS,M,1962,James,649
KS,M,1962,Robert,638
KS,M,1962,Kevin,484
KS,M,1962,Scott,441
KS,M,1962,William,428
KS,M,1962,Steven,407
KS,M,1963,David,829
KS,M,1963,Michael,792
KS,M,1963,John,660
KS,M,1963,Robert,607
KS,M,1963,Mark,603
KS,M,1963,James,600
KS,M,1963,Kevin,491
KS,M,1963,Richard,400
KS,M,1963,Scott,385
KS,M,1963,Steven,384
KS,M,1964,David,806
KS,M,1964,Michael,800
KS,M,1964,John,729
KS,M,1964,James,636
KS,M,1964,Robert,615
KS,M,1964,Mark,542
KS,M,1964,Kevin,495
KS,M,1964,Richard,359
KS,M,1964,Steven,346
KS,M,1964,William,331
KS,M,1965,Michael,744
KS,M,1965,David,659
KS,M,1965,John,582
KS,M,1965,James,558
KS,M,1965,Robert,494
KS,M,1965,Mark,427
KS,M,1965,Kevin,417
KS,M,1965,Brian,332
KS,M,1965,Steven,331
KS,M,1965,Richard,325
KS,M,1966,Michael,719
KS,M,1966,David,631
KS,M,1966,John,507
KS,M,1966,James,494
KS,M,1966,Robert,471
KS,M,1966,Mark,363
KS,M,1966,Brian,334
KS,M,1966,Kevin,313
KS,M,1966,Steven,303
KS,M,1966,Jeffrey,293
KS,M,1967,Michael,704
KS,M,1967,David,608
KS,M,1967,John,522
KS,M,1967,James,507
KS,M,1967,Robert,473
KS,M,1967,Brian,371
KS,M,1967,Mark,322
KS,M,1967,Kevin,298
KS,M,1967,Scott,292
KS,M,1967,Jeffrey,289
KS,M,1968,Michael,790
KS,M,1968,David,599
KS,M,1968,James,495
KS,M,1968,Robert,466
KS,M,1968,John,460
KS,M,1968,Brian,376
KS,M,1968,Mark,375
KS,M,1968,Jeffrey,315
KS,M,1968,Richard,311
KS,M,1968,Christopher,283
KS,M,1969,Michael,850
KS,M,1969,David,588
KS,M,1969,John,532
KS,M,1969,James,509
KS,M,1969,Robert,467
KS,M,1969,Brian,422
KS,M,1969,Christopher,358
KS,M,1969,Mark,353
KS,M,1969,Jeffrey,329
KS,M,1969,Scott,310
KS,M,1970,Michael,800
KS,M,1970,David,556
KS,M,1970,John,545
KS,M,1970,James,524
KS,M,1970,Robert,482
KS,M,1970,Jeffrey,383
KS,M,1970,Jason,363
KS,M,1970,Christopher,360
KS,M,1970,Brian,358
KS,M,1970,Scott,321
KS,M,1971,Michael,735
KS,M,1971,Christopher,497
KS,M,1971,David,484
KS,M,1971,James,463
KS,M,1971,John,462
KS,M,1971,Jason,446
KS,M,1971,Robert,415
KS,M,1971,Brian,385
KS,M,1971,Scott,385
KS,M,1971,Jeffrey,268
KS,M,1972,Michael,611
KS,M,1972,Christopher,555
KS,M,1972,Jason,491
KS,M,1972,Brian,454
KS,M,1972,David,403
KS,M,1972,James,402
KS,M,1972,John,375
KS,M,1972,Robert,341
KS,M,1972,Scott,273
KS,M,1972,Matthew,253
KS,M,1973,Jason,671
KS,M,1973,Michael,651
KS,M,1973,Christopher,502
KS,M,1973,Brian,411
KS,M,1973,James,373
KS,M,1973,David,372
KS,M,1973,John,356
KS,M,1973,Robert,324
KS,M,1973,Matthew,284
KS,M,1973,Eric,239
KS,M,1974,Jason,801
KS,M,1974,Michael,591
KS,M,1974,Christopher,515
KS,M,1974,Brian,407
KS,M,1974,Matthew,365
KS,M,1974,David,355
KS,M,1974,John,339
KS,M,1974,James,335
KS,M,1974,Robert,278
KS,M,1974,Chad,246
KS,M,1975,Jason,799
KS,M,1975,Michael,604
KS,M,1975,Christopher,504
KS,M,1975,Matthew,405
KS,M,1975,Brian,386
KS,M,1975,James,381
KS,M,1975,David,321
KS,M,1975,John,301
KS,M,1975,Robert,297
KS,M,1975,Jeremy,293
KS,M,1976,Jason,708
KS,M,1976,Michael,616
KS,M,1976,Christopher,502
KS,M,1976,Matthew,418
KS,M,1976,Brian,384
KS,M,1976,Jeremy,368
KS,M,1976,David,346
KS,M,1976,James,337
KS,M,1976,John,312
KS,M,1976,Ryan,297
KS,M,1977,Jason,661
KS,M,1977,Michael,576
KS,M,1977,Christopher,530
KS,M,1977,Matthew,419
KS,M,1977,Brian,415
KS,M,1977,Jeremy,366
KS,M,1977,James,344
KS,M,1977,Joshua,342
KS,M,1977,David,316
KS,M,1977,Ryan,305
KS,M,1978,Jason,618
KS,M,1978,Michael,574
KS,M,1978,Christopher,552
KS,M,1978,Matthew,502
KS,M,1978,Joshua,388
KS,M,1978,Brian,362
KS,M,1978,David,361
KS,M,1978,James,355
KS,M,1978,Jeremy,347
KS,M,1978,John,332
KS,M,1979,Michael,607
KS,M,1979,Jason,580
KS,M,1979,Christopher,564
KS,M,1979,Matthew,478
KS,M,1979,Joshua,473
KS,M,1979,David,363
KS,M,1979,James,363
KS,M,1979,Justin,357
KS,M,1979,Ryan,356
KS,M,1979,Jeremy,355
KS,M,1980,Michael,686
KS,M,1980,Jason,586
KS,M,1980,Joshua,569
KS,M,1980,Christopher,539
KS,M,1980,Matthew,506
KS,M,1980,Justin,467
KS,M,1980,Ryan,393
KS,M,1980,James,381
KS,M,1980,David,361
KS,M,1980,Brian,332
KS,M,1981,Michael,619
KS,M,1981,Joshua,588
KS,M,1981,Matthew,569
KS,M,1981,Christopher,541
KS,M,1981,Jason,469
KS,M,1981,Ryan,406
KS,M,1981,Justin,404
KS,M,1981,James,388
KS,M,1981,David,380
KS,M,1981,Robert,346
KS,M,1982,Christopher,639
KS,M,1982,Michael,592
KS,M,1982,Matthew,586
KS,M,1982,Joshua,559
KS,M,1982,Justin,460
KS,M,1982,Jason,434
KS,M,1982,Ryan,406
KS,M,1982,James,375
KS,M,1982,David,362
KS,M,1982,John,349
KS,M,1983,Christopher,665
KS,M,1983,Matthew,628
KS,M,1983,Michael,603
KS,M,1983,Joshua,544
KS,M,1983,Ryan,398
KS,M,1983,Justin,386
KS,M,1983,Jason,363
KS,M,1983,David,360
KS,M,1983,Andrew,355
KS,M,1983,James,353
KS,M,1984,Christopher,630
KS,M,1984,Michael,589
KS,M,1984,Matthew,586
KS,M,1984,Joshua,539
KS,M,1984,Ryan,395
KS,M,1984,Brandon,370
KS,M,1984,Andrew,368
KS,M,1984,Justin,339
KS,M,1984,David,326
KS,M,1984,Adam,325
KS,M,1985,Christopher,565
KS,M,1985,Matthew,560
KS,M,1985,Michael,524
KS,M,1985,Joshua,511
KS,M,1985,Andrew,406
KS,M,1985,Ryan,393
KS,M,1985,Brandon,379
KS,M,1985,Daniel,328
KS,M,1985,David,311
KS,M,1985,John,309
KS,M,1986,Michael,528
KS,M,1986,Matthew,527
KS,M,1986,Christopher,515
KS,M,1986,Joshua,447
KS,M,1986,Andrew,427
KS,M,1986,Brandon,356
KS,M,1986,Ryan,352
KS,M,1986,John,317
KS,M,1986,Kyle,310
KS,M,1986,Justin,308
KS,M,1987,Christopher,502
KS,M,1987,Matthew,484
KS,M,1987,Michael,458
KS,M,1987,Joshua,447
KS,M,1987,Andrew,366
KS,M,1987,Ryan,333
KS,M,1987,Justin,332
KS,M,1987,Brandon,309
KS,M,1987,David,301
KS,M,1987,Kyle,300
KS,M,1988,Joshua,548
KS,M,1988,Michael,484
KS,M,1988,Matthew,482
KS,M,1988,Andrew,466
KS,M,1988,Christopher,459
KS,M,1988,Justin,327
KS,M,1988,Ryan,277
KS,M,1988,Kyle,275
KS,M,1988,David,269
KS,M,1988,Jacob,268
KS,M,1989,Joshua,512
KS,M,1989,Michael,449
KS,M,1989,Christopher,444
KS,M,1989,Matthew,438
KS,M,1989,Andrew,394
KS,M,1989,Jacob,320
KS,M,1989,Ryan,297
KS,M,1989,Justin,286
KS,M,1989,Tyler,285
KS,M,1989,Kyle,283
KS,M,1990,Michael,486
KS,M,1990,Joshua,470
KS,M,1990,Christopher,433
KS,M,1990,Matthew,383
KS,M,1990,Andrew,340
KS,M,1990,Jacob,340
KS,M,1990,Tyler,321
KS,M,1990,Ryan,300
KS,M,1990,Kyle,282
KS,M,1990,Brandon,272
KS,M,1991,Michael,489
KS,M,1991,Matthew,395
KS,M,1991,Joshua,378
KS,M,1991,Tyler,377
KS,M,1991,Christopher,368
KS,M,1991,Jacob,364
KS,M,1991,Andrew,320
KS,M,1991,Kyle,281
KS,M,1991,Brandon,258
KS,M,1991,Cody,254
KS,M,1992,Tyler,384
KS,M,1992,Jacob,367
KS,M,1992,Michael,365
KS,M,1992,Joshua,345
KS,M,1992,Matthew,327
KS,M,1992,Christopher,325
KS,M,1992,Brandon,324
KS,M,1992,Andrew,298
KS,M,1992,Zachary,275
KS,M,1992,Ryan,270
KS,M,1993,Jacob,395
KS,M,1993,Tyler,380
KS,M,1993,Michael,337
KS,M,1993,Joshua,325
KS,M,1993,Christopher,306
KS,M,1993,Austin,304
KS,M,1993,Matthew,291
KS,M,1993,Brandon,267
KS,M,1993,Zachary,263
KS,M,1993,Cody,262
KS,M,1994,Austin,390
KS,M,1994,Tyler,378
KS,M,1994,Jacob,374
KS,M,1994,Matthew,353
KS,M,1994,Michael,313
KS,M,1994,Joshua,307
KS,M,1994,Zachary,292
KS,M,1994,Brandon,274
KS,M,1994,Christopher,260
KS,M,1994,Andrew,249
KS,M,1995,Jacob,404
KS,M,1995,Austin,363
KS,M,1995,Tyler,315
KS,M,1995,Matthew,292
KS,M,1995,Joshua,282
KS,M,1995,Michael,278
KS,M,1995,Zachary,256
KS,M,1995,Andrew,244
KS,M,1995,Christopher,234
KS,M,1995,Brandon,233
KS,M,1996,Jacob,353
KS,M,1996,Austin,339
KS,M,1996,Tyler,304
KS,M,1996,Matthew,270
KS,M,1996,Michael,258
KS,M,1996,Zachary,252
KS,M,1996,Joshua,236
KS,M,1996,Andrew,232
KS,M,1996,Nicholas,210
KS,M,1996,Christopher,207
KS,M,1997,Jacob,406
KS,M,1997,Austin,325
KS,M,1997,Michael,273
KS,M,1997,Matthew,250
KS,M,1997,Nicholas,249
KS,M,1997,Joshua,244
KS,M,1997,Zachary,243
KS,M,1997,Tyler,238
KS,M,1997,Andrew,236
KS,M,1997,Brandon,201
KS,M,1998,Jacob,432
KS,M,1998,Austin,279
KS,M,1998,Matthew,261
KS,M,1998,Zachary,251
KS,M,1998,Michael,242
KS,M,1998,Tyler,238
KS,M,1998,Joshua,230
KS,M,1998,Andrew,210
KS,M,1998,Nicholas,202
KS,M,1998,Christopher,192
KS,M,1999,Jacob,451
KS,M,1999,Austin,267
KS,M,1999,Joshua,244
KS,M,1999,Michael,243
KS,M,1999,Matthew,229
KS,M,1999,Tyler,227
KS,M,1999,Andrew,226
KS,M,1999,Nicholas,218
KS,M,1999,Ryan,207
KS,M,1999,Christopher,206
KS,M,2000,Jacob,405
KS,M,2000,Michael,250
KS,M,2000,Tyler,239
KS,M,2000,Joshua,238
KS,M,2000,Zachary,238
KS,M,2000,Andrew,236
KS,M,2000,Ethan,217
KS,M,2000,Matthew,214
KS,M,2000,Austin,211
KS,M,2000,Joseph,196
KS,M,2001,Jacob,343
KS,M,2001,Michael,224
KS,M,2001,Ethan,223
KS,M,2001,Andrew,212
KS,M,2001,Austin,208
KS,M,2001,Joshua,205
KS,M,2001,Zachary,199
KS,M,2001,Matthew,189
KS,M,2001,William,189
KS,M,2001,Dylan,188
KS,M,2002,Jacob,318
KS,M,2002,Ethan,288
KS,M,2002,Andrew,234
KS,M,2002,Joshua,218
KS,M,2002,Zachary,215
KS,M,2002,Michael,190
KS,M,2002,Nicholas,187
KS,M,2002,Tyler,186
KS,M,2002,Austin,185
KS,M,2002,William,184
KS,M,2003,Jacob,276
KS,M,2003,Ethan,273
KS,M,2003,Andrew,220
KS,M,2003,Joshua,200
KS,M,2003,Tyler,190
KS,M,2003,Joseph,187
KS,M,2003,Logan,184
KS,M,2003,Michael,183
KS,M,2003,Matthew,180
KS,M,2003,William,179
KS,M,2004,Jacob,292
KS,M,2004,Ethan,245
KS,M,2004,Michael,204
KS,M,2004,Alexander,193
KS,M,2004,Andrew,190
KS,M,2004,William,188
KS,M,2004,Joshua,182
KS,M,2004,Matthew,176
KS,M,2004,Tyler,174
KS,M,2004,Logan,158
KS,M,2005,Jacob,265
KS,M,2005,Ethan,251
KS,M,2005,Andrew,188
KS,M,2005,Joseph,177
KS,M,2005,Logan,173
KS,M,2005,Michael,173
KS,M,2005,Tyler,166
KS,M,2005,Daniel,162
KS,M,2005,Joshua,162
KS,M,2005,Alexander,158
KS,M,2006,Jacob,222
KS,M,2006,Ethan,212
KS,M,2006,Logan,199
KS,M,2006,Alexander,192
KS,M,2006,William,179
KS,M,2006,Andrew,176
KS,M,2006,Michael,168
KS,M,2006,Joshua,165
KS,M,2006,Noah,160
KS,M,2006,Gabriel,152
KS,M,2007,Ethan,250
KS,M,2007,Jacob,235
KS,M,2007,Alexander,192
KS,M,2007,Jackson,190
KS,M,2007,Noah,185
KS,M,2007,Logan,181
KS,M,2007,William,181
KS,M,2007,Samuel,170
KS,M,2007,Andrew,166
KS,M,2007,Christopher,165
KS,M,2008,Ethan,244
KS,M,2008,Aiden,207
KS,M,2008,Jacob,207
KS,M,2008,William,184
KS,M,2008,Alexander,183
KS,M,2008,Gabriel,176
KS,M,2008,Jackson,167
KS,M,2008,Michael,161
KS,M,2008,Logan,158
KS,M,2008,Daniel,157
KS,M,2009,Ethan,204
KS,M,2009,William,190
KS,M,2009,Jacob,188
KS,M,2009,Alexander,175
KS,M,2009,Noah,173
KS,M,2009,Aiden,163
KS,M,2009,Jackson,163
KS,M,2009,Gabriel,155
KS,M,2009,Logan,154
KS,M,2009,Joshua,150
KS,M,2010,Jacob,206
KS,M,2010,William,193
KS,M,2010,Alexander,179
KS,M,2010,Elijah,177
KS,M,2010,Ethan,176
KS,M,2010,Gabriel,170
KS,M,2010,Mason,166
KS,M,2010,Noah,157
KS,M,2010,Landon,156
KS,M,2010,Jackson,152
KS,M,2011,Mason,186
KS,M,2011,William,173
KS,M,2011,Jacob,167
KS,M,2011,Ethan,163
KS,M,2011,Jackson,163
KS,M,2011,Aiden,150
KS,M,2011,Logan,143
KS,M,2011,Samuel,143
KS,M,2011,Noah,140
KS,M,2011,Elijah,138
KS,M,2012,Mason,202
KS,M,2012,Liam,198
KS,M,2012,William,190
KS,M,2012,Noah,176
KS,M,2012,Jackson,165
KS,M,2012,Jacob,161
KS,M,2012,Elijah,147
KS,M,2012,Alexander,137
KS,M,2012,Logan,137
KS,M,2012,Henry,136
KS,M,2013,Liam,192
KS,M,2013,William,176
KS,M,2013,Mason,159
KS,M,2013,Jacob,155
KS,M,2013,Jackson,150
KS,M,2013,Michael,147
KS,M,2013,Henry,144
KS,M,2013,Noah,143
KS,M,2013,Benjamin,134
KS,M,2013,Isaac,134
KS,M,2014,William,199
KS,M,2014,Liam,194
KS,M,2014,Noah,158
KS,M,2014,Mason,156
KS,M,2014,Jackson,150
KS,M,2014,Elijah,147
KS,M,2014,Oliver,141
KS,M,2014,Benjamin,139
KS,M,2014,Alexander,133
KS,M,2014,Aiden,131
KS,M,2015,Liam,181
KS,M,2015,William,171
KS,M,2015,Mason,159
KS,M,2015,Oliver,149
KS,M,2015,Wyatt,146
KS,M,2015,Noah,144
KS,M,2015,Ethan,142
KS,M,2015,Henry,142
KS,M,2015,Owen,142
KS,M,2015,Benjamin,140
KS,M,2016,Benjamin,185
KS,M,2016,Henry,173
KS,M,2016,William,167
KS,M,2016,Liam,163
KS,M,2016,Noah,160
KS,M,2016,James,150
KS,M,2016,Oliver,142
KS,M,2016,Jackson,139
KS,M,2016,Ethan,137
KS,M,2016,Owen,137
KS,M,2017,Oliver,171
KS,M,2017,William,161
KS,M,2017,Liam,152
KS,M,2017,Jackson,140
KS,M,2017,Henry,139
KS,M,2017,James,138
KS,M,2017,Benjamin,137
KS,M,2017,Owen,134
KS,M,2017,Logan,133
KS,M,2017,Noah,127
KS,M,2018,Liam,180
KS,M,2018,Oliver,178
KS,M,2018,Henry,161
KS,M,2018,William,151
KS,M,2018,Mason,127
KS,M,2018,Noah,126
KS,M,2018,Benjamin,125
KS,M,2018,Elijah,125
KS,M,2018,James,124
KS,M,2018,Jackson,122
KS,M,2019,Liam,204
KS,M,2019,Oliver,167
KS,M,2019,Henry,166
KS,M,2019,Noah,139
KS,M,2019,James,137
KS,M,2019,Jackson,135
KS,M,2019,William,134
KS,M,2019,Theodore,125
KS,M,2019,Elijah,117
KS,M,2019,Benjamin,116
