KY,F,1920,Mary,2339
KY,F,1920,Dorothy,873
KY,F,1920,Margaret,591
KY,F,1920,Helen,564
KY,F,1920,Virginia,541
KY,F,1920,Ruth,536
KY,F,1920,Mildred,509
KY,F,1920,Anna,506
KY,F,1920,Ruby,464
KY,F,1920,Elizabeth,404
KY,F,1921,Mary,2510
KY,F,1921,Dorothy,989
KY,F,1921,Anna,641
KY,F,1921,Margaret,612
KY,F,1921,Virginia,605
KY,F,1921,Ruth,594
KY,F,1921,Helen,584
KY,F,1921,Mildred,538
KY,F,1921,Ruby,519
KY,F,1921,Elizabeth,435
KY,F,1922,Mary,2442
KY,F,1922,Dorothy,958
KY,F,1922,Virginia,617
KY,F,1922,Margaret,588
KY,F,1922,Anna,573
KY,F,1922,Ruth,548
KY,F,1922,Helen,547
KY,F,1922,Mildred,472
KY,F,1922,Ruby,455
KY,F,1922,Martha,386
KY,F,1923,Mary,2345
KY,F,1923,Dorothy,937
KY,F,1923,Virginia,635
KY,F,1923,Ruth,597
KY,F,1923,Margaret,594
KY,F,1923,Helen,589
KY,F,1923,Mildred,521
KY,F,1923,Anna,520
KY,F,1923,Ruby,520
KY,F,1923,Martha,425
KY,F,1924,Mary,2537
KY,F,1924,Dorothy,1037
KY,F,1924,Helen,643
KY,F,1924,Anna,629
KY,F,1924,Margaret,624
KY,F,1924,Virginia,592
KY,F,1924,Ruth,576
KY,F,1924,Mildred,519
KY,F,1924,Ruby,518
KY,F,1924,Martha,456
KY,F,1925,Mary,2342
KY,F,1925,Dorothy,975
KY,F,1925,Helen,627
KY,F,1925,Anna,598
KY,F,1925,Ruth,596
KY,F,1925,Margaret,564
KY,F,1925,Virginia,539
KY,F,1925,Betty,523
KY,F,1925,Mildred,503
KY,F,1925,Ruby,497
KY,F,1926,Mary,2312
KY,F,1926,Dorothy,893
KY,F,1926,Betty,639
KY,F,1926,Helen,613
KY,F,1926,Anna,570
KY,F,1926,Virginia,547
KY,F,1926,Margaret,511
KY,F,1926,Ruth,501
KY,F,1926,Mildred,454
KY,F,1926,Ruby,453
KY,F,1927,Mary,2351
KY,F,1927,Dorothy,859
KY,F,1927,Betty,740
KY,F,1927,Helen,599
KY,F,1927,Anna,566
KY,F,1927,Virginia,537
KY,F,1927,Ruth,520
KY,F,1927,Margaret,478
KY,F,1927,Mildred,448
KY,F,1927,Ruby,442
KY,F,1928,Mary,2165
KY,F,1928,Betty,962
KY,F,1928,Dorothy,829
KY,F,1928,Anna,542
KY,F,1928,Helen,513
KY,F,1928,Virginia,475
KY,F,1928,Margaret,459
KY,F,1928,Mildred,438
KY,F,1928,Ruth,429
KY,F,1928,Ruby,401
KY,F,1929,Mary,1994
KY,F,1929,Betty,1040
KY,F,1929,Dorothy,823
KY,F,1929,Helen,509
KY,F,1929,Anna,478
KY,F,1929,Margaret,430
KY,F,1929,Virginia,417
KY,F,1929,Ruth,416
KY,F,1929,Martha,386
KY,F,1929,Ruby,368
KY,F,1930,Mary,2001
KY,F,1930,Betty,1258
KY,F,1930,Dorothy,781
KY,F,1930,Helen,518
KY,F,1930,Anna,500
KY,F,1930,Margaret,422
KY,F,1930,Doris,412
KY,F,1930,Martha,400
KY,F,1930,Virginia,387
KY,F,1930,Ruth,385
KY,F,1931,Mary,1873
KY,F,1931,Betty,1248
KY,F,1931,Dorothy,704
KY,F,1931,Anna,480
KY,F,1931,Helen,446
KY,F,1931,Martha,395
KY,F,1931,Margaret,387
KY,F,1931,Doris,366
KY,F,1931,Ruth,365
KY,F,1931,Virginia,352
KY,F,1932,Mary,1952
KY,F,1932,Betty,1396
KY,F,1932,Dorothy,664
KY,F,1932,Anna,511
KY,F,1932,Helen,487
KY,F,1932,Barbara,480
KY,F,1932,Doris,416
KY,F,1932,Margaret,387
KY,F,1932,Norma,385
KY,F,1932,Martha,370
KY,F,1933,Mary,1853
KY,F,1933,Betty,1324
KY,F,1933,Dorothy,582
KY,F,1933,Barbara,527
KY,F,1933,Anna,477
KY,F,1933,Helen,449
KY,F,1933,Doris,391
KY,F,1933,Margaret,369
KY,F,1933,Martha,368
KY,F,1933,Ruth,343
KY,F,1934,Mary,1881
KY,F,1934,Betty,1454
KY,F,1934,Barbara,612
KY,F,1934,Dorothy,565
KY,F,1934,Anna,521
KY,F,1934,Helen,442
KY,F,1934,Joyce,420
KY,F,1934,Margaret,415
KY,F,1934,Doris,389
KY,F,1934,Martha,353
KY,F,1935,Mary,1810
KY,F,1935,Betty,1340
KY,F,1935,Shirley,896
KY,F,1935,Barbara,666
KY,F,1935,Anna,503
KY,F,1935,Dorothy,445
KY,F,1935,Joyce,425
KY,F,1935,Helen,417
KY,F,1935,Wanda,372
KY,F,1935,Doris,347
KY,F,1936,Mary,1691
KY,F,1936,Betty,1212
KY,F,1936,Shirley,1064
KY,F,1936,Barbara,701
KY,F,1936,Anna,453
KY,F,1936,Dorothy,409
KY,F,1936,Joyce,398
KY,F,1936,Wanda,354
KY,F,1936,Martha,345
KY,F,1936,Helen,343
KY,F,1937,Mary,1726
KY,F,1937,Betty,1304
KY,F,1937,Shirley,908
KY,F,1937,Barbara,747
KY,F,1937,Patricia,475
KY,F,1937,Joyce,434
KY,F,1937,Wanda,403
KY,F,1937,Anna,400
KY,F,1937,Dorothy,397
KY,F,1937,Margaret,380
KY,F,1938,Mary,1783
KY,F,1938,Betty,1369
KY,F,1938,Barbara,940
KY,F,1938,Shirley,930
KY,F,1938,Joyce,498
KY,F,1938,Patricia,496
KY,F,1938,Nancy,453
KY,F,1938,Wanda,440
KY,F,1938,Dorothy,409
KY,F,1938,Anna,407
KY,F,1939,Mary,1732
KY,F,1939,Betty,1367
KY,F,1939,Barbara,907
KY,F,1939,Shirley,753
KY,F,1939,Joyce,524
KY,F,1939,Patricia,490
KY,F,1939,Nancy,474
KY,F,1939,Wanda,470
KY,F,1939,Anna,449
KY,F,1939,Martha,395
KY,F,1940,Mary,1788
KY,F,1940,Betty,1137
KY,F,1940,Barbara,957
KY,F,1940,Shirley,682
KY,F,1940,Patricia,615
KY,F,1940,Joyce,590
KY,F,1940,Linda,521
KY,F,1940,Wanda,517
KY,F,1940,Anna,435
KY,F,1940,Martha,425
KY,F,1941,Mary,1698
KY,F,1941,Betty,977
KY,F,1941,Barbara,923
KY,F,1941,Patricia,735
KY,F,1941,Linda,658
KY,F,1941,Shirley,657
KY,F,1941,Joyce,531
KY,F,1941,Wanda,518
KY,F,1941,Carolyn,477
KY,F,1941,Martha,423
KY,F,1942,Mary,1747
KY,F,1942,Barbara,965
KY,F,1942,Betty,950
KY,F,1942,Patricia,734
KY,F,1942,Linda,709
KY,F,1942,Shirley,622
KY,F,1942,Joyce,581
KY,F,1942,Carolyn,560
KY,F,1942,Nancy,511
KY,F,1942,Wanda,468
KY,F,1943,Mary,1678
KY,F,1943,Betty,967
KY,F,1943,Barbara,931
KY,F,1943,Linda,887
KY,F,1943,Patricia,703
KY,F,1943,Carolyn,591
KY,F,1943,Shirley,590
KY,F,1943,Joyce,570
KY,F,1943,Brenda,530
KY,F,1943,Wanda,457
KY,F,1944,Mary,1599
KY,F,1944,Linda,933
KY,F,1944,Betty,843
KY,F,1944,Barbara,817
KY,F,1944,Patricia,744
KY,F,1944,Brenda,599
KY,F,1944,Carolyn,593
KY,F,1944,Shirley,561
KY,F,1944,Joyce,494
KY,F,1944,Judy,483
KY,F,1945,Mary,1434
KY,F,1945,Linda,1018
KY,F,1945,Barbara,854
KY,F,1945,Betty,777
KY,F,1945,Patricia,744
KY,F,1945,Brenda,678
KY,F,1945,Carolyn,580
KY,F,1945,Shirley,528
KY,F,1945,Judy,503
KY,F,1945,Joyce,486
KY,F,1946,Mary,1735
KY,F,1946,Linda,1353
KY,F,1946,Barbara,931
KY,F,1946,Patricia,927
KY,F,1946,Betty,903
KY,F,1946,Brenda,897
KY,F,1946,Carolyn,708
KY,F,1946,Sandra,659
KY,F,1946,Judy,648
KY,F,1946,Shirley,618
KY,F,1947,Linda,2175
KY,F,1947,Mary,1814
KY,F,1947,Brenda,1131
KY,F,1947,Patricia,1031
KY,F,1947,Barbara,985
KY,F,1947,Betty,812
KY,F,1947,Carolyn,795
KY,F,1947,Sandra,738
KY,F,1947,Judy,712
KY,F,1947,Sharon,692
KY,F,1948,Linda,2271
KY,F,1948,Mary,1673
KY,F,1948,Brenda,1250
KY,F,1948,Patricia,978
KY,F,1948,Barbara,948
KY,F,1948,Carolyn,726
KY,F,1948,Judy,705
KY,F,1948,Betty,685
KY,F,1948,Sandra,653
KY,F,1948,Sharon,620
KY,F,1949,Linda,2101
KY,F,1949,Mary,1593
KY,F,1949,Brenda,1186
KY,F,1949,Patricia,984
KY,F,1949,Barbara,807
KY,F,1949,Sharon,652
KY,F,1949,Judy,646
KY,F,1949,Carolyn,644
KY,F,1949,Donna,641
KY,F,1949,Sandra,634
KY,F,1950,Linda,1897
KY,F,1950,Mary,1559
KY,F,1950,Brenda,1214
KY,F,1950,Patricia,959
KY,F,1950,Barbara,798
KY,F,1950,Sharon,634
KY,F,1950,Judy,613
KY,F,1950,Sandra,607
KY,F,1950,Carolyn,575
KY,F,1950,Deborah,574
KY,F,1951,Linda,1743
KY,F,1951,Mary,1464
KY,F,1951,Brenda,1126
KY,F,1951,Patricia,1117
KY,F,1951,Deborah,865
KY,F,1951,Barbara,804
KY,F,1951,Donna,677
KY,F,1951,Sharon,617
KY,F,1951,Judy,608
KY,F,1951,Carolyn,577
KY,F,1952,Linda,1544
KY,F,1952,Mary,1385
KY,F,1952,Deborah,1045
KY,F,1952,Patricia,1045
KY,F,1952,Brenda,1038
KY,F,1952,Barbara,692
KY,F,1952,Donna,691
KY,F,1952,Sharon,664
KY,F,1952,Judy,625
KY,F,1952,Sandra,544
KY,F,1953,Mary,1409
KY,F,1953,Linda,1237
KY,F,1953,Deborah,1143
KY,F,1953,Patricia,956
KY,F,1953,Brenda,840
KY,F,1953,Barbara,718
KY,F,1953,Sharon,657
KY,F,1953,Donna,610
KY,F,1953,Pamela,565
KY,F,1953,Judy,556
KY,F,1954,Mary,1466
KY,F,1954,Deborah,1186
KY,F,1954,Linda,1070
KY,F,1954,Patricia,963
KY,F,1954,Brenda,762
KY,F,1954,Barbara,707
KY,F,1954,Debra,700
KY,F,1954,Donna,683
KY,F,1954,Pamela,636
KY,F,1954,Sharon,626
KY,F,1955,Mary,1311
KY,F,1955,Deborah,1217
KY,F,1955,Linda,1014
KY,F,1955,Patricia,886
KY,F,1955,Debra,811
KY,F,1955,Brenda,719
KY,F,1955,Donna,684
KY,F,1955,Sharon,608
KY,F,1955,Barbara,603
KY,F,1955,Pamela,587
KY,F,1956,Mary,1244
KY,F,1956,Deborah,1101
KY,F,1956,Linda,905
KY,F,1956,Debra,812
KY,F,1956,Patricia,766
KY,F,1956,Donna,734
KY,F,1956,Karen,730
KY,F,1956,Sharon,666
KY,F,1956,Pamela,613
KY,F,1956,Kathy,609
KY,F,1957,Mary,1196
KY,F,1957,Deborah,868
KY,F,1957,Linda,795
KY,F,1957,Debra,778
KY,F,1957,Patricia,746
KY,F,1957,Kathy,683
KY,F,1957,Brenda,678
KY,F,1957,Donna,670
KY,F,1957,Karen,640
KY,F,1957,Pamela,611
KY,F,1958,Mary,1130
KY,F,1958,Deborah,787
KY,F,1958,Linda,751
KY,F,1958,Kathy,693
KY,F,1958,Karen,670
KY,F,1958,Debra,669
KY,F,1958,Donna,656
KY,F,1958,Patricia,650
KY,F,1958,Pamela,628
KY,F,1958,Teresa,613
KY,F,1959,Mary,1130
KY,F,1959,Donna,823
KY,F,1959,Linda,693
KY,F,1959,Deborah,659
KY,F,1959,Karen,629
KY,F,1959,Patricia,611
KY,F,1959,Pamela,601
KY,F,1959,Kathy,595
KY,F,1959,Debra,586
KY,F,1959,Teresa,586
KY,F,1960,Mary,997
KY,F,1960,Donna,772
KY,F,1960,Lisa,756
KY,F,1960,Karen,657
KY,F,1960,Teresa,618
KY,F,1960,Linda,614
KY,F,1960,Pamela,591
KY,F,1960,Brenda,558
KY,F,1960,Kathy,548
KY,F,1960,Patricia,513
KY,F,1961,Mary,966
KY,F,1961,Lisa,950
KY,F,1961,Donna,690
KY,F,1961,Teresa,576
KY,F,1961,Karen,575
KY,F,1961,Brenda,557
KY,F,1961,Linda,555
KY,F,1961,Kimberly,527
KY,F,1961,Pamela,513
KY,F,1961,Deborah,479
KY,F,1962,Mary,945
KY,F,1962,Lisa,901
KY,F,1962,Karen,634
KY,F,1962,Donna,626
KY,F,1962,Teresa,586
KY,F,1962,Kimberly,577
KY,F,1962,Linda,541
KY,F,1962,Pamela,505
KY,F,1962,Patricia,444
KY,F,1962,Tammy,438
KY,F,1963,Lisa,1080
KY,F,1963,Mary,841
KY,F,1963,Teresa,622
KY,F,1963,Donna,597
KY,F,1963,Tammy,597
KY,F,1963,Kimberly,561
KY,F,1963,Karen,550
KY,F,1963,Pamela,517
KY,F,1963,Sandra,458
KY,F,1963,Linda,437
KY,F,1964,Lisa,1116
KY,F,1964,Mary,862
KY,F,1964,Kimberly,623
KY,F,1964,Tammy,618
KY,F,1964,Teresa,557
KY,F,1964,Karen,553
KY,F,1964,Donna,552
KY,F,1964,Patricia,433
KY,F,1964,Pamela,426
KY,F,1964,Sandra,420
KY,F,1965,Lisa,1186
KY,F,1965,Mary,744
KY,F,1965,Kimberly,722
KY,F,1965,Karen,717
KY,F,1965,Tammy,559
KY,F,1965,Donna,484
KY,F,1965,Angela,459
KY,F,1965,Teresa,432
KY,F,1965,Patricia,422
KY,F,1965,Pamela,395
KY,F,1966,Lisa,1079
KY,F,1966,Kimberly,758
KY,F,1966,Mary,595
KY,F,1966,Melissa,577
KY,F,1966,Tammy,554
KY,F,1966,Angela,497
KY,F,1966,Karen,454
KY,F,1966,Donna,401
KY,F,1966,Teresa,391
KY,F,1966,Jennifer,382
KY,F,1967,Lisa,951
KY,F,1967,Kimberly,741
KY,F,1967,Melissa,687
KY,F,1967,Mary,586
KY,F,1967,Tammy,563
KY,F,1967,Angela,534
KY,F,1967,Donna,378
KY,F,1967,Karen,371
KY,F,1967,Susan,347
KY,F,1967,Teresa,346
KY,F,1968,Lisa,925
KY,F,1968,Melissa,745
KY,F,1968,Kimberly,687
KY,F,1968,Angela,589
KY,F,1968,Tammy,569
KY,F,1968,Mary,511
KY,F,1968,Karen,407
KY,F,1968,Jennifer,392
KY,F,1968,Tina,364
KY,F,1968,Michelle,362
KY,F,1969,Lisa,780
KY,F,1969,Melissa,741
KY,F,1969,Kimberly,731
KY,F,1969,Angela,598
KY,F,1969,Tammy,575
KY,F,1969,Jennifer,493
KY,F,1969,Mary,446
KY,F,1969,Michelle,434
KY,F,1969,Amy,386
KY,F,1969,Tina,343
KY,F,1970,Melissa,766
KY,F,1970,Kimberly,726
KY,F,1970,Angela,724
KY,F,1970,Lisa,714
KY,F,1970,Jennifer,706
KY,F,1970,Tammy,630
KY,F,1970,Mary,462
KY,F,1970,Amy,447
KY,F,1970,Michelle,433
KY,F,1970,Stephanie,346
KY,F,1971,Jennifer,903
KY,F,1971,Melissa,822
KY,F,1971,Angela,794
KY,F,1971,Kimberly,732
KY,F,1971,Lisa,595
KY,F,1971,Tammy,561
KY,F,1971,Michelle,516
KY,F,1971,Amy,462
KY,F,1971,Mary,461
KY,F,1971,Stephanie,353
KY,F,1972,Jennifer,962
KY,F,1972,Angela,739
KY,F,1972,Melissa,702
KY,F,1972,Kimberly,611
KY,F,1972,Lisa,485
KY,F,1972,Tammy,478
KY,F,1972,Stephanie,456
KY,F,1972,Amy,440
KY,F,1972,Michelle,418
KY,F,1972,Mary,369
KY,F,1973,Jennifer,1020
KY,F,1973,Angela,731
KY,F,1973,Melissa,642
KY,F,1973,Kimberly,580
KY,F,1973,Amy,517
KY,F,1973,Stephanie,472
KY,F,1973,Michelle,423
KY,F,1973,Lisa,400
KY,F,1973,Rebecca,358
KY,F,1973,Tammy,355
KY,F,1974,Jennifer,1104
KY,F,1974,Angela,698
KY,F,1974,Melissa,612
KY,F,1974,Amy,562
KY,F,1974,Kimberly,477
KY,F,1974,Stephanie,469
KY,F,1974,Heather,395
KY,F,1974,Rebecca,381
KY,F,1974,Michelle,371
KY,F,1974,Mary,343
KY,F,1975,Jennifer,1005
KY,F,1975,Angela,765
KY,F,1975,Amy,729
KY,F,1975,Melissa,661
KY,F,1975,Kimberly,486
KY,F,1975,Heather,458
KY,F,1975,Stephanie,420
KY,F,1975,Lisa,366
KY,F,1975,Mary,339
KY,F,1975,Rebecca,329
KY,F,1976,Jennifer,1051
KY,F,1976,Amy,746
KY,F,1976,Angela,625
KY,F,1976,Melissa,607
KY,F,1976,Heather,499
KY,F,1976,Kimberly,423
KY,F,1976,Stephanie,421
KY,F,1976,Amanda,415
KY,F,1976,Rebecca,382
KY,F,1976,Shannon,352
KY,F,1977,Jennifer,1090
KY,F,1977,Amy,669
KY,F,1977,Melissa,650
KY,F,1977,Angela,626
KY,F,1977,Amanda,499
KY,F,1977,Crystal,478
KY,F,1977,Heather,456
KY,F,1977,Kimberly,444
KY,F,1977,Jessica,423
KY,F,1977,Stephanie,405
KY,F,1978,Jennifer,1019
KY,F,1978,Melissa,622
KY,F,1978,Amanda,590
KY,F,1978,Amy,567
KY,F,1978,Angela,565
KY,F,1978,Crystal,517
KY,F,1978,Jessica,465
KY,F,1978,Heather,423
KY,F,1978,Stephanie,398
KY,F,1978,Kimberly,373
KY,F,1979,Amanda,1033
KY,F,1979,Jennifer,1024
KY,F,1979,Melissa,723
KY,F,1979,Amy,569
KY,F,1979,Angela,529
KY,F,1979,Jessica,495
KY,F,1979,Crystal,423
KY,F,1979,Heather,415
KY,F,1979,Rebecca,377
KY,F,1979,Stephanie,369
KY,F,1980,Amanda,1275
KY,F,1980,Jennifer,1009
KY,F,1980,Jessica,752
KY,F,1980,Melissa,562
KY,F,1980,Amy,490
KY,F,1980,Sarah,448
KY,F,1980,Angela,420
KY,F,1980,Crystal,415
KY,F,1980,Heather,392
KY,F,1980,Stephanie,388
KY,F,1981,Amanda,1059
KY,F,1981,Jessica,961
KY,F,1981,Jennifer,944
KY,F,1981,Amy,507
KY,F,1981,Sarah,500
KY,F,1981,Melissa,462
KY,F,1981,Stephanie,446
KY,F,1981,Rebecca,389
KY,F,1981,Crystal,380
KY,F,1981,Heather,374
KY,F,1982,Amanda,1000
KY,F,1982,Jessica,1000
KY,F,1982,Jennifer,921
KY,F,1982,Sarah,514
KY,F,1982,Ashley,502
KY,F,1982,Crystal,441
KY,F,1982,Amy,413
KY,F,1982,Rebecca,376
KY,F,1982,Stephanie,376
KY,F,1982,Heather,373
KY,F,1983,Amanda,932
KY,F,1983,Ashley,901
KY,F,1983,Jessica,893
KY,F,1983,Jennifer,769
KY,F,1983,Sarah,520
KY,F,1983,Heather,399
KY,F,1983,Stephanie,374
KY,F,1983,Amy,368
KY,F,1983,Tiffany,344
KY,F,1983,Crystal,337
KY,F,1984,Ashley,934
KY,F,1984,Jessica,897
KY,F,1984,Amanda,855
KY,F,1984,Jennifer,764
KY,F,1984,Sarah,463
KY,F,1984,Heather,435
KY,F,1984,Stephanie,351
KY,F,1984,Amy,335
KY,F,1984,Elizabeth,330
KY,F,1984,Amber,327
KY,F,1985,Ashley,1004
KY,F,1985,Jessica,861
KY,F,1985,Amanda,811
KY,F,1985,Jennifer,588
KY,F,1985,Brittany,485
KY,F,1985,Sarah,480
KY,F,1985,Heather,450
KY,F,1985,Megan,343
KY,F,1985,Amber,316
KY,F,1985,Stephanie,309
KY,F,1986,Ashley,1024
KY,F,1986,Jessica,944
KY,F,1986,Amanda,752
KY,F,1986,Brittany,580
KY,F,1986,Sarah,528
KY,F,1986,Jennifer,462
KY,F,1986,Heather,383
KY,F,1986,Tiffany,351
KY,F,1986,Amber,347
KY,F,1986,Megan,334
KY,F,1987,Ashley,1038
KY,F,1987,Jessica,940
KY,F,1987,Amanda,737
KY,F,1987,Brittany,562
KY,F,1987,Sarah,492
KY,F,1987,Jennifer,427
KY,F,1987,Amber,402
KY,F,1987,Heather,387
KY,F,1987,Kayla,322
KY,F,1987,Megan,315
KY,F,1988,Ashley,914
KY,F,1988,Jessica,826
KY,F,1988,Amanda,654
KY,F,1988,Brittany,605
KY,F,1988,Sarah,514
KY,F,1988,Kayla,409
KY,F,1988,Tiffany,389
KY,F,1988,Heather,380
KY,F,1988,Amber,379
KY,F,1988,Samantha,370
KY,F,1989,Brittany,844
KY,F,1989,Ashley,837
KY,F,1989,Jessica,793
KY,F,1989,Amanda,608
KY,F,1989,Sarah,511
KY,F,1989,Samantha,427
KY,F,1989,Kayla,405
KY,F,1989,Tiffany,390
KY,F,1989,Amber,387
KY,F,1989,Megan,385
KY,F,1990,Brittany,843
KY,F,1990,Jessica,757
KY,F,1990,Ashley,729
KY,F,1990,Amanda,538
KY,F,1990,Kayla,471
KY,F,1990,Sarah,426
KY,F,1990,Samantha,417
KY,F,1990,Megan,396
KY,F,1990,Amber,366
KY,F,1990,Lauren,349
KY,F,1991,Ashley,755
KY,F,1991,Brittany,725
KY,F,1991,Jessica,667
KY,F,1991,Kayla,537
KY,F,1991,Sarah,439
KY,F,1991,Amanda,416
KY,F,1991,Megan,401
KY,F,1991,Emily,395
KY,F,1991,Samantha,389
KY,F,1991,Amber,383
KY,F,1992,Ashley,676
KY,F,1992,Brittany,599
KY,F,1992,Jessica,548
KY,F,1992,Kayla,468
KY,F,1992,Sarah,453
KY,F,1992,Emily,390
KY,F,1992,Samantha,379
KY,F,1992,Amanda,368
KY,F,1992,Megan,354
KY,F,1992,Chelsea,328
KY,F,1993,Ashley,596
KY,F,1993,Brittany,519
KY,F,1993,Jessica,466
KY,F,1993,Sarah,413
KY,F,1993,Kayla,400
KY,F,1993,Emily,367
KY,F,1993,Samantha,355
KY,F,1993,Taylor,335
KY,F,1993,Amber,330
KY,F,1993,Megan,305
KY,F,1994,Ashley,504
KY,F,1994,Brittany,484
KY,F,1994,Jessica,462
KY,F,1994,Sarah,420
KY,F,1994,Emily,409
KY,F,1994,Kayla,388
KY,F,1994,Megan,347
KY,F,1994,Taylor,325
KY,F,1994,Samantha,294
KY,F,1994,Hannah,289
KY,F,1995,Ashley,435
KY,F,1995,Brittany,402
KY,F,1995,Emily,396
KY,F,1995,Sarah,377
KY,F,1995,Taylor,363
KY,F,1995,Hannah,356
KY,F,1995,Kayla,343
KY,F,1995,Jessica,333
KY,F,1995,Samantha,320
KY,F,1995,Courtney,305
KY,F,1996,Hannah,437
KY,F,1996,Ashley,388
KY,F,1996,Emily,384
KY,F,1996,Sarah,362
KY,F,1996,Kayla,357
KY,F,1996,Taylor,351
KY,F,1996,Brittany,331
KY,F,1996,Jessica,326
KY,F,1996,Courtney,305
KY,F,1996,Megan,273
KY,F,1997,Hannah,502
KY,F,1997,Emily,393
KY,F,1997,Taylor,366
KY,F,1997,Sarah,347
KY,F,1997,Ashley,345
KY,F,1997,Madison,331
KY,F,1997,Brittany,297
KY,F,1997,Kayla,279
KY,F,1997,Samantha,265
KY,F,1997,Alexis,258
KY,F,1998,Hannah,512
KY,F,1998,Emily,448
KY,F,1998,Madison,397
KY,F,1998,Sarah,395
KY,F,1998,Taylor,321
KY,F,1998,Alexis,313
KY,F,1998,Ashley,308
KY,F,1998,Shelby,259
KY,F,1998,Elizabeth,258
KY,F,1998,Brittany,251
KY,F,1999,Hannah,510
KY,F,1999,Emily,428
KY,F,1999,Madison,408
KY,F,1999,Sarah,365
KY,F,1999,Haley,329
KY,F,1999,Alexis,328
KY,F,1999,Taylor,316
KY,F,1999,Ashley,263
KY,F,1999,Elizabeth,239
KY,F,1999,Lauren,229
KY,F,2000,Hannah,562
KY,F,2000,Madison,466
KY,F,2000,Emily,420
KY,F,2000,Sarah,326
KY,F,2000,Alexis,319
KY,F,2000,Haley,317
KY,F,2000,Taylor,281
KY,F,2000,Ashley,269
KY,F,2000,Elizabeth,245
KY,F,2000,Lauren,234
KY,F,2001,Madison,517
KY,F,2001,Hannah,508
KY,F,2001,Emily,425
KY,F,2001,Taylor,293
KY,F,2001,Alexis,279
KY,F,2001,Abigail,275
KY,F,2001,Haley,273
KY,F,2001,Olivia,261
KY,F,2001,Sarah,261
KY,F,2001,Ashley,232
KY,F,2002,Madison,550
KY,F,2002,Hannah,456
KY,F,2002,Emily,425
KY,F,2002,Alexis,327
KY,F,2002,Emma,272
KY,F,2002,Abigail,270
KY,F,2002,Haley,270
KY,F,2002,Olivia,239
KY,F,2002,Sarah,235
KY,F,2002,Elizabeth,220
KY,F,2003,Emily,473
KY,F,2003,Madison,448
KY,F,2003,Hannah,445
KY,F,2003,Emma,386
KY,F,2003,Abigail,308
KY,F,2003,Alexis,308
KY,F,2003,Haley,292
KY,F,2003,Sarah,267
KY,F,2003,Olivia,249
KY,F,2003,Elizabeth,218
KY,F,2004,Madison,381
KY,F,2004,Emily,357
KY,F,2004,Hannah,312
KY,F,2004,Emma,287
KY,F,2004,Abigail,235
KY,F,2004,Alexis,217
KY,F,2004,Olivia,216
KY,F,2004,Haley,185
KY,F,2004,Elizabeth,184
KY,F,2004,Sarah,169
KY,F,2005,Madison,452
KY,F,2005,Emily,434
KY,F,2005,Emma,389
KY,F,2005,Hannah,336
KY,F,2005,Abigail,315
KY,F,2005,Olivia,285
KY,F,2005,Alexis,263
KY,F,2005,Sarah,216
KY,F,2005,Chloe,199
KY,F,2005,Haley,183
KY,F,2006,Madison,419
KY,F,2006,Emma,353
KY,F,2006,Emily,347
KY,F,2006,Hannah,332
KY,F,2006,Abigail,292
KY,F,2006,Olivia,254
KY,F,2006,Alexis,250
KY,F,2006,Chloe,245
KY,F,2006,Ava,224
KY,F,2006,Isabella,212
KY,F,2007,Madison,407
KY,F,2007,Emma,350
KY,F,2007,Emily,328
KY,F,2007,Addison,300
KY,F,2007,Olivia,297
KY,F,2007,Abigail,292
KY,F,2007,Hannah,284
KY,F,2007,Ava,264
KY,F,2007,Isabella,238
KY,F,2007,Alexis,214
KY,F,2008,Madison,359
KY,F,2008,Emma,352
KY,F,2008,Olivia,288
KY,F,2008,Abigail,285
KY,F,2008,Addison,269
KY,F,2008,Emily,264
KY,F,2008,Isabella,264
KY,F,2008,Ava,256
KY,F,2008,Chloe,230
KY,F,2008,Elizabeth,227
KY,F,2009,Emma,331
KY,F,2009,Isabella,303
KY,F,2009,Madison,281
KY,F,2009,Olivia,280
KY,F,2009,Abigail,271
KY,F,2009,Alexis,262
KY,F,2009,Addison,258
KY,F,2009,Ava,255
KY,F,2009,Chloe,240
KY,F,2009,Emily,232
KY,F,2010,Isabella,375
KY,F,2010,Emma,315
KY,F,2010,Addison,257
KY,F,2010,Abigail,256
KY,F,2010,Madison,254
KY,F,2010,Olivia,234
KY,F,2010,Sophia,224
KY,F,2010,Chloe,220
KY,F,2010,Ava,217
KY,F,2010,Alexis,190
KY,F,2011,Emma,334
KY,F,2011,Isabella,308
KY,F,2011,Sophia,260
KY,F,2011,Olivia,245
KY,F,2011,Addison,239
KY,F,2011,Ava,235
KY,F,2011,Madison,220
KY,F,2011,Chloe,206
KY,F,2011,Abigail,205
KY,F,2011,Brooklyn,173
KY,F,2012,Emma,358
KY,F,2012,Isabella,282
KY,F,2012,Sophia,266
KY,F,2012,Ava,258
KY,F,2012,Abigail,223
KY,F,2012,Olivia,212
KY,F,2012,Addison,208
KY,F,2012,Chloe,196
KY,F,2012,Aubrey,185
KY,F,2012,Madison,183
KY,F,2013,Emma,347
KY,F,2013,Sophia,285
KY,F,2013,Ava,275
KY,F,2013,Isabella,256
KY,F,2013,Olivia,228
KY,F,2013,Addison,211
KY,F,2013,Madison,193
KY,F,2013,Abigail,190
KY,F,2013,Avery,173
KY,F,2013,Chloe,171
KY,F,2014,Emma,320
KY,F,2014,Ava,266
KY,F,2014,Olivia,262
KY,F,2014,Sophia,239
KY,F,2014,Isabella,217
KY,F,2014,Harper,201
KY,F,2014,Addison,170
KY,F,2014,Avery,168
KY,F,2014,Abigail,166
KY,F,2014,Lillian,163
KY,F,2015,Emma,308
KY,F,2015,Olivia,272
KY,F,2015,Ava,254
KY,F,2015,Harper,231
KY,F,2015,Isabella,213
KY,F,2015,Sophia,180
KY,F,2015,Addison,179
KY,F,2015,Paisley,175
KY,F,2015,Abigail,174
KY,F,2015,Ella,161
KY,F,2016,Emma,312
KY,F,2016,Ava,272
KY,F,2016,Olivia,246
KY,F,2016,Harper,222
KY,F,2016,Isabella,181
KY,F,2016,Sophia,180
KY,F,2016,Amelia,177
KY,F,2016,Abigail,173
KY,F,2016,Addison,151
KY,F,2016,Charlotte,151
KY,F,2017,Emma,292
KY,F,2017,Ava,245
KY,F,2017,Olivia,238
KY,F,2017,Harper,236
KY,F,2017,Isabella,211
KY,F,2017,Amelia,168
KY,F,2017,Sophia,167
KY,F,2017,Avery,157
KY,F,2017,Charlotte,151
KY,F,2017,Paisley,151
KY,F,2018,Emma,253
KY,F,2018,Olivia,244
KY,F,2018,Ava,232
KY,F,2018,Harper,230
KY,F,2018,Amelia,200
KY,F,2018,Charlotte,173
KY,F,2018,Sophia,153
KY,F,2018,Evelyn,151
KY,F,2018,Avery,132
KY,F,2018,Ella,132
KY,F,2019,Amelia,242
KY,F,2019,Ava,241
KY,F,2019,Emma,231
KY,F,2019,Harper,228
KY,F,2019,Olivia,210
KY,F,2019,Sophia,158
KY,F,2019,Ella,157
KY,F,2019,Charlotte,153
KY,F,2019,Isabella,150
KY,F,2019,Avery,138
KY,M,1920,James,2158
KY,M,1920,William,1662
KY,M,1920,John,1138
KY,M,1920,Charles,958
KY,M,1920,Robert,957
KY,M,1920,George,614
KY,M,1920,Joseph,430
KY,M,1920,Edward,390
KY,M,1920,Thomas,376
KY,M,1920,Paul,331
KY,M,1921,James,2161
KY,M,1921,William,1689
KY,M,1921,John,1208
KY,M,1921,Charles,1035
KY,M,1921,Robert,1001
KY,M,1921,George,637
KY,M,1921,Edward,425
KY,M,1921,Joseph,413
KY,M,1921,Paul,407
KY,M,1921,Thomas,401
KY,M,1922,James,2071
KY,M,1922,William,1626
KY,M,1922,John,1217
KY,M,1922,Charles,1109
KY,M,1922,Robert,1019
KY,M,1922,George,636
KY,M,1922,Thomas,417
KY,M,1922,Paul,400
KY,M,1922,Joseph,388
KY,M,1922,Edward,358
KY,M,1923,James,2182
KY,M,1923,William,1707
KY,M,1923,John,1178
KY,M,1923,Charles,1077
KY,M,1923,Robert,1050
KY,M,1923,George,626
KY,M,1923,Thomas,412
KY,M,1923,Joseph,411
KY,M,1923,Edward,400
KY,M,1923,Paul,397
KY,M,1924,James,2254
KY,M,1924,William,1765
KY,M,1924,John,1194
KY,M,1924,Charles,1179
KY,M,1924,Robert,1102
KY,M,1924,George,696
KY,M,1924,Thomas,470
KY,M,1924,Edward,428
KY,M,1924,Paul,398
KY,M,1924,Joseph,391
KY,M,1925,James,2092
KY,M,1925,William,1709
KY,M,1925,John,1177
KY,M,1925,Robert,1123
KY,M,1925,Charles,1083
KY,M,1925,George,605
KY,M,1925,Paul,438
KY,M,1925,Thomas,391
KY,M,1925,Joseph,372
KY,M,1925,Edward,371
KY,M,1926,James,2183
KY,M,1926,William,1653
KY,M,1926,Charles,1148
KY,M,1926,Robert,1087
KY,M,1926,John,1058
KY,M,1926,George,562
KY,M,1926,Thomas,430
KY,M,1926,Paul,412
KY,M,1926,Joseph,382
KY,M,1926,Edward,350
KY,M,1927,James,2082
KY,M,1927,William,1672
KY,M,1927,Charles,1227
KY,M,1927,John,1177
KY,M,1927,Robert,1139
KY,M,1927,George,592
KY,M,1927,Paul,472
KY,M,1927,Thomas,407
KY,M,1927,Joseph,351
KY,M,1927,Harold,347
KY,M,1928,James,1931
KY,M,1928,William,1616
KY,M,1928,Charles,1227
KY,M,1928,Robert,1164
KY,M,1928,John,1102
KY,M,1928,George,585
KY,M,1928,Paul,407
KY,M,1928,Thomas,390
KY,M,1928,Joseph,363
KY,M,1928,Harold,359
KY,M,1929,James,1976
KY,M,1929,William,1540
KY,M,1929,Charles,1177
KY,M,1929,Robert,1077
KY,M,1929,John,1021
KY,M,1929,George,549
KY,M,1929,Paul,393
KY,M,1929,Donald,371
KY,M,1929,Billy,365
KY,M,1929,Joseph,328
KY,M,1930,James,2028
KY,M,1930,William,1417
KY,M,1930,Robert,1166
KY,M,1930,Charles,1145
KY,M,1930,John,1000
KY,M,1930,George,478
KY,M,1930,Billy,452
KY,M,1930,Donald,426
KY,M,1930,Paul,394
KY,M,1930,Thomas,390
KY,M,1931,James,1954
KY,M,1931,William,1349
KY,M,1931,Robert,1176
KY,M,1931,Charles,1096
KY,M,1931,John,944
KY,M,1931,Donald,550
KY,M,1931,Billy,504
KY,M,1931,George,468
KY,M,1931,Paul,427
KY,M,1931,Thomas,394
KY,M,1932,James,1932
KY,M,1932,William,1421
KY,M,1932,Robert,1217
KY,M,1932,Charles,1161
KY,M,1932,John,972
KY,M,1932,Donald,633
KY,M,1932,Billy,536
KY,M,1932,George,451
KY,M,1932,Paul,428
KY,M,1932,Bobby,404
KY,M,1933,James,1986
KY,M,1933,William,1281
KY,M,1933,Charles,1073
KY,M,1933,Robert,1056
KY,M,1933,John,869
KY,M,1933,Donald,639
KY,M,1933,Billy,560
KY,M,1933,George,431
KY,M,1933,Bobby,419
KY,M,1933,Paul,381
KY,M,1934,James,2051
KY,M,1934,William,1402
KY,M,1934,Charles,1163
KY,M,1934,Robert,1155
KY,M,1934,John,926
KY,M,1934,Donald,764
KY,M,1934,Billy,557
KY,M,1934,Bobby,553
KY,M,1934,George,467
KY,M,1934,Paul,434
KY,M,1935,James,2078
KY,M,1935,William,1306
KY,M,1935,Charles,1161
KY,M,1935,Robert,1090
KY,M,1935,John,858
KY,M,1935,Donald,785
KY,M,1935,Billy,584
KY,M,1935,Bobby,539
KY,M,1935,Paul,454
KY,M,1935,George,431
KY,M,1936,James,1945
KY,M,1936,William,1241
KY,M,1936,Charles,1165
KY,M,1936,Robert,1088
KY,M,1936,John,856
KY,M,1936,Donald,765
KY,M,1936,Billy,593
KY,M,1936,Bobby,501
KY,M,1936,Paul,418
KY,M,1936,George,410
KY,M,1937,James,2050
KY,M,1937,William,1244
KY,M,1937,Charles,1111
KY,M,1937,Robert,1083
KY,M,1937,John,937
KY,M,1937,Donald,827
KY,M,1937,Bobby,581
KY,M,1937,Billy,567
KY,M,1937,George,426
KY,M,1937,Thomas,406
KY,M,1938,James,2171
KY,M,1938,William,1421
KY,M,1938,Charles,1205
KY,M,1938,Robert,1186
KY,M,1938,John,978
KY,M,1938,Donald,877
KY,M,1938,Bobby,574
KY,M,1938,Billy,572
KY,M,1938,Kenneth,485
KY,M,1938,David,443
KY,M,1939,James,2109
KY,M,1939,William,1275
KY,M,1939,Charles,1164
KY,M,1939,Robert,1144
KY,M,1939,John,970
KY,M,1939,Donald,818
KY,M,1939,Bobby,567
KY,M,1939,David,545
KY,M,1939,Billy,499
KY,M,1939,George,442
KY,M,1940,James,2237
KY,M,1940,William,1358
KY,M,1940,Robert,1161
KY,M,1940,Charles,1128
KY,M,1940,John,953
KY,M,1940,Donald,774
KY,M,1940,David,541
KY,M,1940,Billy,531
KY,M,1940,Bobby,500
KY,M,1940,Jerry,478
KY,M,1941,James,2166
KY,M,1941,William,1425
KY,M,1941,Charles,1164
KY,M,1941,Robert,1136
KY,M,1941,John,1022
KY,M,1941,Donald,737
KY,M,1941,David,577
KY,M,1941,Bobby,517
KY,M,1941,Billy,513
KY,M,1941,Ronald,501
KY,M,1942,James,2392
KY,M,1942,William,1470
KY,M,1942,Charles,1210
KY,M,1942,Robert,1151
KY,M,1942,John,1027
KY,M,1942,Donald,737
KY,M,1942,David,577
KY,M,1942,Jerry,570
KY,M,1942,Larry,550
KY,M,1942,Ronald,535
KY,M,1943,James,2427
KY,M,1943,William,1474
KY,M,1943,Charles,1183
KY,M,1943,Robert,1160
KY,M,1943,John,1015
KY,M,1943,David,701
KY,M,1943,Donald,643
KY,M,1943,Jerry,601
KY,M,1943,Larry,571
KY,M,1943,Thomas,521
KY,M,1944,James,2256
KY,M,1944,William,1424
KY,M,1944,Charles,1174
KY,M,1944,Robert,1083
KY,M,1944,John,1026
KY,M,1944,David,725
KY,M,1944,Larry,653
KY,M,1944,Jerry,625
KY,M,1944,Donald,619
KY,M,1944,Ronald,495
KY,M,1945,James,2125
KY,M,1945,William,1279
KY,M,1945,Robert,1034
KY,M,1945,Charles,1027
KY,M,1945,John,995
KY,M,1945,Larry,773
KY,M,1945,David,653
KY,M,1945,Donald,648
KY,M,1945,Jerry,556
KY,M,1945,Thomas,489
KY,M,1946,James,2457
KY,M,1946,William,1516
KY,M,1946,Robert,1253
KY,M,1946,John,1189
KY,M,1946,Charles,1147
KY,M,1946,Larry,1078
KY,M,1946,David,938
KY,M,1946,Jerry,695
KY,M,1946,Donald,673
KY,M,1946,Ronald,652
KY,M,1947,James,2553
KY,M,1947,William,1709
KY,M,1947,Larry,1325
KY,M,1947,Robert,1321
KY,M,1947,John,1271
KY,M,1947,Charles,1260
KY,M,1947,David,1106
KY,M,1947,Michael,847
KY,M,1947,Gary,769
KY,M,1947,Donald,738
KY,M,1948,James,2384
KY,M,1948,William,1629
KY,M,1948,John,1371
KY,M,1948,Larry,1320
KY,M,1948,Robert,1316
KY,M,1948,Charles,1262
KY,M,1948,David,1136
KY,M,1948,Michael,934
KY,M,1948,Gary,789
KY,M,1948,Ronald,718
KY,M,1949,James,2297
KY,M,1949,William,1534
KY,M,1949,Larry,1354
KY,M,1949,Robert,1297
KY,M,1949,John,1273
KY,M,1949,Michael,1135
KY,M,1949,David,1126
KY,M,1949,Charles,1103
KY,M,1949,Gary,808
KY,M,1949,Thomas,744
KY,M,1950,James,2252
KY,M,1950,William,1486
KY,M,1950,Michael,1265
KY,M,1950,Robert,1262
KY,M,1950,John,1217
KY,M,1950,Larry,1215
KY,M,1950,David,1180
KY,M,1950,Charles,1133
KY,M,1950,Gary,863
KY,M,1950,Donald,699
KY,M,1951,James,2172
KY,M,1951,William,1453
KY,M,1951,Michael,1349
KY,M,1951,David,1340
KY,M,1951,Robert,1302
KY,M,1951,John,1292
KY,M,1951,Larry,1180
KY,M,1951,Charles,1112
KY,M,1951,Gary,932
KY,M,1951,Richard,707
KY,M,1952,James,2061
KY,M,1952,William,1382
KY,M,1952,Michael,1347
KY,M,1952,David,1342
KY,M,1952,Robert,1329
KY,M,1952,John,1265
KY,M,1952,Larry,1034
KY,M,1952,Charles,1011
KY,M,1952,Gary,956
KY,M,1952,Richard,724
KY,M,1953,James,2037
KY,M,1953,William,1468
KY,M,1953,David,1390
KY,M,1953,Michael,1326
KY,M,1953,Robert,1296
KY,M,1953,John,1172
KY,M,1953,Charles,1032
KY,M,1953,Gary,921
KY,M,1953,Larry,846
KY,M,1953,Richard,743
KY,M,1954,James,2123
KY,M,1954,David,1479
KY,M,1954,William,1466
KY,M,1954,Michael,1460
KY,M,1954,Robert,1283
KY,M,1954,John,1240
KY,M,1954,Charles,990
KY,M,1954,Gary,920
KY,M,1954,Larry,886
KY,M,1954,Richard,755
KY,M,1955,James,1909
KY,M,1955,David,1500
KY,M,1955,Michael,1353
KY,M,1955,William,1339
KY,M,1955,Robert,1230
KY,M,1955,John,1229
KY,M,1955,Charles,960
KY,M,1955,Gary,900
KY,M,1955,Larry,757
KY,M,1955,Richard,695
KY,M,1956,James,1910
KY,M,1956,Michael,1427
KY,M,1956,David,1402
KY,M,1956,William,1279
KY,M,1956,Robert,1180
KY,M,1956,John,1132
KY,M,1956,Charles,916
KY,M,1956,Gary,815
KY,M,1956,Richard,722
KY,M,1956,Mark,699
KY,M,1957,James,1890
KY,M,1957,David,1394
KY,M,1957,Michael,1379
KY,M,1957,William,1285
KY,M,1957,Robert,1210
KY,M,1957,John,1108
KY,M,1957,Charles,905
KY,M,1957,Gary,781
KY,M,1957,Mark,722
KY,M,1957,Richard,704
KY,M,1958,James,1760
KY,M,1958,David,1500
KY,M,1958,Michael,1368
KY,M,1958,William,1156
KY,M,1958,Robert,1110
KY,M,1958,John,1060
KY,M,1958,Charles,862
KY,M,1958,Mark,817
KY,M,1958,Timothy,668
KY,M,1958,Richard,660
KY,M,1959,James,1804
KY,M,1959,David,1542
KY,M,1959,Michael,1252
KY,M,1959,William,1235
KY,M,1959,Robert,1098
KY,M,1959,John,1023
KY,M,1959,Mark,917
KY,M,1959,Charles,807
KY,M,1959,Timothy,782
KY,M,1959,Ricky,672
KY,M,1960,James,1739
KY,M,1960,David,1546
KY,M,1960,Michael,1184
KY,M,1960,William,1112
KY,M,1960,John,1050
KY,M,1960,Robert,1029
KY,M,1960,Mark,991
KY,M,1960,Charles,833
KY,M,1960,Timothy,764
KY,M,1960,Kenneth,568
KY,M,1961,James,1625
KY,M,1961,David,1460
KY,M,1961,Michael,1290
KY,M,1961,John,1134
KY,M,1961,William,1081
KY,M,1961,Robert,1058
KY,M,1961,Mark,979
KY,M,1961,Timothy,792
KY,M,1961,Charles,744
KY,M,1961,Jeffrey,587
KY,M,1962,James,1728
KY,M,1962,David,1446
KY,M,1962,Michael,1230
KY,M,1962,Robert,1113
KY,M,1962,John,1087
KY,M,1962,William,983
KY,M,1962,Mark,896
KY,M,1962,Charles,727
KY,M,1962,Timothy,723
KY,M,1962,Jeffrey,703
KY,M,1963,James,1626
KY,M,1963,David,1339
KY,M,1963,Michael,1202
KY,M,1963,John,1146
KY,M,1963,Robert,1064
KY,M,1963,William,988
KY,M,1963,Mark,865
KY,M,1963,Charles,698
KY,M,1963,Timothy,686
KY,M,1963,Jeffrey,684
KY,M,1964,James,1636
KY,M,1964,David,1284
KY,M,1964,John,1258
KY,M,1964,Michael,1135
KY,M,1964,Robert,1076
KY,M,1964,William,1045
KY,M,1964,Mark,796
KY,M,1964,Timothy,736
KY,M,1964,Charles,711
KY,M,1964,Jeffrey,649
KY,M,1965,James,1585
KY,M,1965,David,1181
KY,M,1965,Michael,1117
KY,M,1965,John,1021
KY,M,1965,Robert,887
KY,M,1965,William,885
KY,M,1965,Timothy,763
KY,M,1965,Charles,650
KY,M,1965,Mark,641
KY,M,1965,Jeffrey,634
KY,M,1966,James,1452
KY,M,1966,Michael,1161
KY,M,1966,David,1080
KY,M,1966,Robert,923
KY,M,1966,John,904
KY,M,1966,William,884
KY,M,1966,Timothy,724
KY,M,1966,Mark,607
KY,M,1966,Jeffrey,584
KY,M,1966,Charles,571
KY,M,1967,James,1411
KY,M,1967,Michael,1167
KY,M,1967,David,1109
KY,M,1967,John,953
KY,M,1967,William,895
KY,M,1967,Robert,893
KY,M,1967,Timothy,691
KY,M,1967,Mark,606
KY,M,1967,Charles,569
KY,M,1967,Jeffrey,538
KY,M,1968,James,1349
KY,M,1968,Michael,1287
KY,M,1968,David,1020
KY,M,1968,John,980
KY,M,1968,Robert,904
KY,M,1968,William,830
KY,M,1968,Timothy,652
KY,M,1968,Mark,612
KY,M,1968,Charles,569
KY,M,1968,Jeffrey,531
KY,M,1969,James,1511
KY,M,1969,Michael,1301
KY,M,1969,David,1054
KY,M,1969,Robert,984
KY,M,1969,William,933
KY,M,1969,John,906
KY,M,1969,Mark,558
KY,M,1969,Christopher,552
KY,M,1969,Timothy,535
KY,M,1969,Charles,525
KY,M,1970,James,1569
KY,M,1970,Michael,1319
KY,M,1970,David,1151
KY,M,1970,William,984
KY,M,1970,John,955
KY,M,1970,Robert,915
KY,M,1970,Christopher,820
KY,M,1970,Charles,615
KY,M,1970,Brian,544
KY,M,1970,Timothy,544
KY,M,1971,James,1479
KY,M,1971,Michael,1284
KY,M,1971,David,1060
KY,M,1971,Christopher,1001
KY,M,1971,William,939
KY,M,1971,Robert,933
KY,M,1971,John,923
KY,M,1971,Brian,661
KY,M,1971,Charles,567
KY,M,1971,Timothy,503
KY,M,1972,James,1270
KY,M,1972,Michael,1191
KY,M,1972,Christopher,1157
KY,M,1972,David,814
KY,M,1972,Robert,808
KY,M,1972,John,793
KY,M,1972,William,782
KY,M,1972,Brian,721
KY,M,1972,Jason,572
KY,M,1972,Charles,519
KY,M,1973,Michael,1178
KY,M,1973,Christopher,1142
KY,M,1973,James,1140
KY,M,1973,Jason,854
KY,M,1973,Robert,794
KY,M,1973,William,779
KY,M,1973,David,772
KY,M,1973,Brian,718
KY,M,1973,John,711
KY,M,1973,Charles,493
KY,M,1974,Michael,1196
KY,M,1974,James,1160
KY,M,1974,Christopher,1156
KY,M,1974,Jason,1062
KY,M,1974,Robert,768
KY,M,1974,William,733
KY,M,1974,David,727
KY,M,1974,John,709
KY,M,1974,Brian,657
KY,M,1974,Charles,456
KY,M,1975,Michael,1207
KY,M,1975,Christopher,1160
KY,M,1975,Jason,1125
KY,M,1975,James,1105
KY,M,1975,David,732
KY,M,1975,William,722
KY,M,1975,John,703
KY,M,1975,Robert,679
KY,M,1975,Brian,567
KY,M,1975,Charles,502
KY,M,1976,Michael,1236
KY,M,1976,Jason,1144
KY,M,1976,James,1119
KY,M,1976,Christopher,1104
KY,M,1976,David,762
KY,M,1976,William,725
KY,M,1976,John,662
KY,M,1976,Robert,657
KY,M,1976,Brian,613
KY,M,1976,Jeremy,492
KY,M,1977,Jason,1280
KY,M,1977,Michael,1272
KY,M,1977,James,1208
KY,M,1977,Christopher,1200
KY,M,1977,William,784
KY,M,1977,David,750
KY,M,1977,Robert,695
KY,M,1977,John,684
KY,M,1977,Brian,661
KY,M,1977,Jeremy,572
KY,M,1978,Michael,1185
KY,M,1978,James,1183
KY,M,1978,Jason,1163
KY,M,1978,Christopher,1126
KY,M,1978,David,725
KY,M,1978,Robert,692
KY,M,1978,John,681
KY,M,1978,William,671
KY,M,1978,Jeremy,584
KY,M,1978,Brian,548
KY,M,1979,Jason,1164
KY,M,1979,Michael,1153
KY,M,1979,James,1119
KY,M,1979,Christopher,1057
KY,M,1979,David,757
KY,M,1979,William,721
KY,M,1979,John,699
KY,M,1979,Joshua,698
KY,M,1979,Robert,660
KY,M,1979,Jeremy,606
KY,M,1980,Jason,1167
KY,M,1980,Michael,1145
KY,M,1980,James,1088
KY,M,1980,Joshua,914
KY,M,1980,Christopher,907
KY,M,1980,David,743
KY,M,1980,William,732
KY,M,1980,John,703
KY,M,1980,Robert,629
KY,M,1980,Joseph,568
KY,M,1981,Joshua,1064
KY,M,1981,Michael,1063
KY,M,1981,James,1037
KY,M,1981,Christopher,920
KY,M,1981,Jason,854
KY,M,1981,William,690
KY,M,1981,Matthew,682
KY,M,1981,David,659
KY,M,1981,Robert,623
KY,M,1981,John,614
KY,M,1982,Christopher,1147
KY,M,1982,Joshua,1029
KY,M,1982,Michael,1021
KY,M,1982,James,933
KY,M,1982,Jason,797
KY,M,1982,Matthew,700
KY,M,1982,William,664
KY,M,1982,John,650
KY,M,1982,David,627
KY,M,1982,Robert,565
KY,M,1983,Christopher,1107
KY,M,1983,Joshua,1032
KY,M,1983,Michael,874
KY,M,1983,James,865
KY,M,1983,Matthew,838
KY,M,1983,William,643
KY,M,1983,Brandon,622
KY,M,1983,Jason,611
KY,M,1983,David,606
KY,M,1983,John,569
KY,M,1984,Christopher,1056
KY,M,1984,Joshua,989
KY,M,1984,James,883
KY,M,1984,Michael,880
KY,M,1984,Matthew,800
KY,M,1984,Brandon,620
KY,M,1984,William,611
KY,M,1984,David,560
KY,M,1984,John,560
KY,M,1984,Justin,534
KY,M,1985,Joshua,1034
KY,M,1985,Christopher,996
KY,M,1985,James,843
KY,M,1985,Michael,760
KY,M,1985,Brandon,755
KY,M,1985,Matthew,727
KY,M,1985,William,590
KY,M,1985,David,579
KY,M,1985,John,539
KY,M,1985,Justin,514
KY,M,1986,Christopher,959
KY,M,1986,Joshua,912
KY,M,1986,Michael,820
KY,M,1986,James,771
KY,M,1986,Matthew,669
KY,M,1986,Brandon,611
KY,M,1986,William,567
KY,M,1986,Justin,566
KY,M,1986,John,516
KY,M,1986,Robert,508
KY,M,1987,Joshua,947
KY,M,1987,Christopher,923
KY,M,1987,Michael,778
KY,M,1987,James,771
KY,M,1987,Justin,688
KY,M,1987,Matthew,680
KY,M,1987,Brandon,576
KY,M,1987,William,540
KY,M,1987,David,480
KY,M,1987,Robert,462
KY,M,1988,Joshua,921
KY,M,1988,Justin,784
KY,M,1988,Christopher,774
KY,M,1988,Michael,755
KY,M,1988,James,695
KY,M,1988,Matthew,663
KY,M,1988,William,527
KY,M,1988,Brandon,520
KY,M,1988,Andrew,474
KY,M,1988,David,455
KY,M,1989,Joshua,945
KY,M,1989,Christopher,883
KY,M,1989,James,755
KY,M,1989,Michael,747
KY,M,1989,Justin,735
KY,M,1989,Matthew,675
KY,M,1989,William,572
KY,M,1989,David,487
KY,M,1989,Robert,451
KY,M,1989,John,450
KY,M,1990,Joshua,891
KY,M,1990,Christopher,791
KY,M,1990,James,779
KY,M,1990,Michael,727
KY,M,1990,Matthew,651
KY,M,1990,Justin,624
KY,M,1990,William,573
KY,M,1990,John,483
KY,M,1990,Joseph,437
KY,M,1990,Robert,435
KY,M,1991,Joshua,799
KY,M,1991,James,712
KY,M,1991,Michael,698
KY,M,1991,Christopher,682
KY,M,1991,Matthew,612
KY,M,1991,William,579
KY,M,1991,Justin,514
KY,M,1991,Brandon,497
KY,M,1991,Jacob,488
KY,M,1991,Cody,463
KY,M,1992,Joshua,675
KY,M,1992,James,648
KY,M,1992,Christopher,646
KY,M,1992,Michael,613
KY,M,1992,Matthew,579
KY,M,1992,Jacob,539
KY,M,1992,Brandon,536
KY,M,1992,Cody,530
KY,M,1992,William,527
KY,M,1992,Justin,500
KY,M,1993,James,639
KY,M,1993,Michael,623
KY,M,1993,Joshua,603
KY,M,1993,Jacob,598
KY,M,1993,Christopher,575
KY,M,1993,Zachary,562
KY,M,1993,Matthew,547
KY,M,1993,William,530
KY,M,1993,Brandon,516
KY,M,1993,Cody,516
KY,M,1994,Austin,638
KY,M,1994,James,586
KY,M,1994,Christopher,550
KY,M,1994,Michael,550
KY,M,1994,Jacob,548
KY,M,1994,Cody,534
KY,M,1994,Joshua,532
KY,M,1994,William,522
KY,M,1994,Zachary,515
KY,M,1994,Brandon,506
KY,M,1995,Austin,732
KY,M,1995,Jacob,665
KY,M,1995,James,559
KY,M,1995,William,521
KY,M,1995,Christopher,508
KY,M,1995,Zachary,502
KY,M,1995,Michael,499
KY,M,1995,Tyler,492
KY,M,1995,Brandon,473
KY,M,1995,Joshua,469
KY,M,1996,Austin,727
KY,M,1996,Jacob,644
KY,M,1996,James,542
KY,M,1996,William,524
KY,M,1996,Zachary,496
KY,M,1996,Christopher,493
KY,M,1996,Matthew,493
KY,M,1996,Joshua,461
KY,M,1996,Tyler,459
KY,M,1996,Michael,450
KY,M,1997,Austin,729
KY,M,1997,Jacob,720
KY,M,1997,James,539
KY,M,1997,William,515
KY,M,1997,Matthew,485
KY,M,1997,Michael,461
KY,M,1997,Joshua,455
KY,M,1997,Brandon,447
KY,M,1997,Zachary,429
KY,M,1997,Christopher,422
KY,M,1998,Jacob,849
KY,M,1998,Austin,742
KY,M,1998,William,523
KY,M,1998,James,502
KY,M,1998,Matthew,474
KY,M,1998,Michael,468
KY,M,1998,Christopher,444
KY,M,1998,Zachary,432
KY,M,1998,Joshua,407
KY,M,1998,Brandon,382
KY,M,1999,Jacob,732
KY,M,1999,Austin,605
KY,M,1999,William,548
KY,M,1999,James,461
KY,M,1999,Matthew,448
KY,M,1999,Michael,425
KY,M,1999,Zachary,419
KY,M,1999,Christopher,414
KY,M,1999,Tyler,406
KY,M,1999,Joshua,392
KY,M,2000,Jacob,806
KY,M,2000,William,509
KY,M,2000,Austin,500
KY,M,2000,James,475
KY,M,2000,Michael,468
KY,M,2000,Matthew,436
KY,M,2000,Zachary,428
KY,M,2000,Joshua,422
KY,M,2000,Christopher,396
KY,M,2000,Tyler,383
KY,M,2001,Jacob,713
KY,M,2001,William,505
KY,M,2001,Austin,419
KY,M,2001,James,401
KY,M,2001,Ethan,384
KY,M,2001,Michael,375
KY,M,2001,Zachary,373
KY,M,2001,Matthew,372
KY,M,2001,Joshua,353
KY,M,2001,Christopher,348
KY,M,2002,Jacob,627
KY,M,2002,Ethan,498
KY,M,2002,William,487
KY,M,2002,James,421
KY,M,2002,Joshua,387
KY,M,2002,Austin,385
KY,M,2002,Zachary,343
KY,M,2002,Michael,342
KY,M,2002,Christopher,337
KY,M,2002,Matthew,326
KY,M,2003,Jacob,626
KY,M,2003,James,456
KY,M,2003,Ethan,435
KY,M,2003,William,429
KY,M,2003,Joshua,368
KY,M,2003,Matthew,361
KY,M,2003,Andrew,332
KY,M,2003,Zachary,332
KY,M,2003,Michael,327
KY,M,2003,Austin,312
KY,M,2004,Jacob,484
KY,M,2004,Ethan,391
KY,M,2004,William,370
KY,M,2004,James,340
KY,M,2004,Logan,279
KY,M,2004,Joshua,269
KY,M,2004,Matthew,268
KY,M,2004,Andrew,259
KY,M,2004,Michael,254
KY,M,2004,Austin,244
KY,M,2005,Jacob,553
KY,M,2005,Ethan,464
KY,M,2005,William,405
KY,M,2005,James,400
KY,M,2005,Joshua,352
KY,M,2005,Matthew,335
KY,M,2005,Michael,302
KY,M,2005,Andrew,298
KY,M,2005,Logan,282
KY,M,2005,Austin,280
KY,M,2006,Jacob,500
KY,M,2006,William,463
KY,M,2006,Ethan,429
KY,M,2006,James,367
KY,M,2006,Landon,339
KY,M,2006,Logan,303
KY,M,2006,Christopher,289
KY,M,2006,Michael,285
KY,M,2006,Austin,282
KY,M,2006,Andrew,281
KY,M,2007,Jacob,480
KY,M,2007,William,442
KY,M,2007,Ethan,414
KY,M,2007,James,365
KY,M,2007,Logan,315
KY,M,2007,Noah,297
KY,M,2007,Joshua,288
KY,M,2007,Michael,281
KY,M,2007,Christopher,271
KY,M,2007,Landon,268
KY,M,2008,William,429
KY,M,2008,Jacob,392
KY,M,2008,James,332
KY,M,2008,Ethan,324
KY,M,2008,Landon,298
KY,M,2008,Brayden,296
KY,M,2008,Logan,267
KY,M,2008,Aiden,266
KY,M,2008,Michael,259
KY,M,2008,Noah,258
KY,M,2009,Jacob,427
KY,M,2009,William,409
KY,M,2009,James,333
KY,M,2009,Ethan,313
KY,M,2009,Noah,300
KY,M,2009,Landon,289
KY,M,2009,Aiden,274
KY,M,2009,Brayden,271
KY,M,2009,Elijah,264
KY,M,2009,Jackson,251
KY,M,2010,William,376
KY,M,2010,Jacob,343
KY,M,2010,Brayden,306
KY,M,2010,Noah,296
KY,M,2010,James,293
KY,M,2010,Mason,289
KY,M,2010,Jackson,281
KY,M,2010,Landon,281
KY,M,2010,Ethan,263
KY,M,2010,Aiden,259
KY,M,2011,William,396
KY,M,2011,Mason,328
KY,M,2011,Elijah,324
KY,M,2011,Jacob,300
KY,M,2011,Brayden,278
KY,M,2011,Noah,271
KY,M,2011,Aiden,258
KY,M,2011,Landon,248
KY,M,2011,Jackson,247
KY,M,2011,James,230
KY,M,2012,William,352
KY,M,2012,Mason,336
KY,M,2012,James,306
KY,M,2012,Jacob,275
KY,M,2012,Noah,267
KY,M,2012,Elijah,250
KY,M,2012,Liam,249
KY,M,2012,Ethan,244
KY,M,2012,Jackson,243
KY,M,2012,Aiden,235
KY,M,2013,William,312
KY,M,2013,Mason,282
KY,M,2013,Noah,281
KY,M,2013,James,279
KY,M,2013,Elijah,272
KY,M,2013,Jacob,254
KY,M,2013,Hunter,253
KY,M,2013,Liam,236
KY,M,2013,Bentley,234
KY,M,2013,Jackson,202
KY,M,2014,William,364
KY,M,2014,Elijah,289
KY,M,2014,James,286
KY,M,2014,Mason,282
KY,M,2014,Noah,265
KY,M,2014,Liam,244
KY,M,2014,Hunter,212
KY,M,2014,Jackson,211
KY,M,2014,Samuel,209
KY,M,2014,Michael,204
KY,M,2015,William,337
KY,M,2015,Mason,285
KY,M,2015,Elijah,275
KY,M,2015,James,275
KY,M,2015,Noah,263
KY,M,2015,Jackson,240
KY,M,2015,Liam,238
KY,M,2015,Jaxon,217
KY,M,2015,Hunter,214
KY,M,2015,Levi,212
KY,M,2016,William,316
KY,M,2016,Elijah,262
KY,M,2016,James,259
KY,M,2016,Noah,258
KY,M,2016,Liam,256
KY,M,2016,Grayson,219
KY,M,2016,Wyatt,217
KY,M,2016,Mason,214
KY,M,2016,Jackson,201
KY,M,2016,Oliver,200
KY,M,2017,William,307
KY,M,2017,Elijah,283
KY,M,2017,Noah,276
KY,M,2017,Liam,267
KY,M,2017,James,259
KY,M,2017,Grayson,216
KY,M,2017,Lincoln,215
KY,M,2017,Mason,198
KY,M,2017,Jaxon,196
KY,M,2017,Carter,194
KY,M,2018,William,292
KY,M,2018,Liam,265
KY,M,2018,Noah,244
KY,M,2018,Elijah,243
KY,M,2018,Grayson,224
KY,M,2018,Oliver,212
KY,M,2018,Lincoln,206
KY,M,2018,James,205
KY,M,2018,Wyatt,197
KY,M,2018,Lucas,194
KY,M,2019,Liam,276
KY,M,2019,William,257
KY,M,2019,Elijah,248
KY,M,2019,Noah,237
KY,M,2019,James,236
KY,M,2019,Lincoln,196
KY,M,2019,Grayson,193
KY,M,2019,Oliver,190
KY,M,2019,John,179
KY,M,2019,Benjamin,176
