LA,F,1920,Mary,1301
LA,F,1920,Dorothy,497
LA,F,1920,Helen,388
LA,F,1920,Mildred,363
LA,F,1920,Marie,343
LA,F,1920,Annie,290
LA,F,1920,Rita,283
LA,F,1920,Hazel,264
LA,F,1920,Lucille,264
LA,F,1920,Ruby,255
LA,F,1921,Mary,1195
LA,F,1921,Dorothy,640
LA,F,1921,Marie,418
LA,F,1921,Helen,411
LA,F,1921,Mildred,388
LA,F,1921,Ruth,298
LA,F,1921,Annie,291
LA,F,1921,Rita,279
LA,F,1921,Doris,262
LA,F,1921,Louise,259
LA,F,1922,Mary,1268
LA,F,1922,Dorothy,672
LA,F,1922,Helen,411
LA,F,1922,Marie,396
LA,F,1922,Mildred,385
LA,F,1922,Annie,312
LA,F,1922,Ruby,269
LA,F,1922,Thelma,269
LA,F,1922,Doris,268
LA,F,1922,Rita,261
LA,F,1923,Mary,1263
LA,F,1923,Dorothy,661
LA,F,1923,Marie,399
LA,F,1923,Helen,395
LA,F,1923,Mildred,335
LA,F,1923,Annie,292
LA,F,1923,Ruby,283
LA,F,1923,Doris,264
LA,F,1923,Ruth,264
LA,F,1923,Evelyn,251
LA,F,1924,Mary,1289
LA,F,1924,Dorothy,810
LA,F,1924,Helen,450
LA,F,1924,Marie,388
LA,F,1924,Mildred,347
LA,F,1924,Doris,307
LA,F,1924,Ruth,307
LA,F,1924,Ruby,281
LA,F,1924,Annie,275
LA,F,1924,Willie,269
LA,F,1925,Mary,1303
LA,F,1925,Dorothy,733
LA,F,1925,Helen,433
LA,F,1925,Mildred,336
LA,F,1925,Marie,335
LA,F,1925,Gloria,328
LA,F,1925,Annie,316
LA,F,1925,Ruth,312
LA,F,1925,Doris,299
LA,F,1925,Ruby,270
LA,F,1926,Mary,1341
LA,F,1926,Dorothy,778
LA,F,1926,Helen,411
LA,F,1926,Marie,368
LA,F,1926,Doris,325
LA,F,1926,Gloria,312
LA,F,1926,Mildred,311
LA,F,1926,Annie,305
LA,F,1926,Ruby,287
LA,F,1926,Shirley,281
LA,F,1927,Mary,1378
LA,F,1927,Dorothy,782
LA,F,1927,Helen,416
LA,F,1927,Marie,347
LA,F,1927,Betty,346
LA,F,1927,Doris,319
LA,F,1927,Mildred,308
LA,F,1927,Annie,277
LA,F,1927,Joyce,273
LA,F,1927,Shirley,270
LA,F,1928,Mary,1266
LA,F,1928,Dorothy,663
LA,F,1928,Betty,395
LA,F,1928,Helen,347
LA,F,1928,Marie,312
LA,F,1928,Doris,306
LA,F,1928,Joyce,287
LA,F,1928,Annie,276
LA,F,1928,Mildred,268
LA,F,1928,Shirley,267
LA,F,1929,Mary,1306
LA,F,1929,Dorothy,685
LA,F,1929,Betty,443
LA,F,1929,Helen,357
LA,F,1929,Joyce,294
LA,F,1929,Doris,289
LA,F,1929,Marie,280
LA,F,1929,Mildred,273
LA,F,1929,Gloria,271
LA,F,1929,Annie,258
LA,F,1930,Mary,1200
LA,F,1930,Dorothy,677
LA,F,1930,Betty,521
LA,F,1930,Helen,368
LA,F,1930,Joyce,350
LA,F,1930,Gloria,314
LA,F,1930,Doris,286
LA,F,1930,Shirley,272
LA,F,1930,Marie,251
LA,F,1930,Annie,248
LA,F,1931,Mary,1227
LA,F,1931,Dorothy,619
LA,F,1931,Betty,572
LA,F,1931,Joyce,352
LA,F,1931,Helen,299
LA,F,1931,Gloria,293
LA,F,1931,Doris,282
LA,F,1931,Shirley,275
LA,F,1931,Marie,272
LA,F,1931,Mildred,226
LA,F,1932,Mary,1313
LA,F,1932,Dorothy,671
LA,F,1932,Betty,584
LA,F,1932,Joyce,343
LA,F,1932,Gloria,330
LA,F,1932,Shirley,297
LA,F,1932,Helen,285
LA,F,1932,Barbara,276
LA,F,1932,Doris,253
LA,F,1932,Marie,251
LA,F,1933,Mary,1140
LA,F,1933,Betty,562
LA,F,1933,Dorothy,509
LA,F,1933,Barbara,300
LA,F,1933,Joyce,291
LA,F,1933,Gloria,285
LA,F,1933,Helen,282
LA,F,1933,Shirley,249
LA,F,1933,Ruby,227
LA,F,1933,Doris,212
LA,F,1934,Mary,1245
LA,F,1934,Betty,656
LA,F,1934,Dorothy,607
LA,F,1934,Shirley,426
LA,F,1934,Barbara,351
LA,F,1934,Gloria,316
LA,F,1934,Joyce,290
LA,F,1934,Helen,263
LA,F,1934,Doris,240
LA,F,1934,Annie,216
LA,F,1935,Mary,1212
LA,F,1935,Shirley,763
LA,F,1935,Betty,644
LA,F,1935,Dorothy,568
LA,F,1935,Barbara,411
LA,F,1935,Joyce,300
LA,F,1935,Gloria,295
LA,F,1935,Helen,244
LA,F,1935,Doris,221
LA,F,1935,Patricia,218
LA,F,1936,Mary,1250
LA,F,1936,Shirley,720
LA,F,1936,Betty,599
LA,F,1936,Dorothy,506
LA,F,1936,Barbara,483
LA,F,1936,Joyce,292
LA,F,1936,Helen,272
LA,F,1936,Gloria,258
LA,F,1936,Rose,211
LA,F,1936,Patricia,210
LA,F,1937,Mary,1298
LA,F,1937,Betty,654
LA,F,1937,Shirley,611
LA,F,1937,Barbara,541
LA,F,1937,Dorothy,527
LA,F,1937,Gloria,309
LA,F,1937,Joyce,286
LA,F,1937,Patricia,249
LA,F,1937,Ruby,230
LA,F,1937,Margaret,225
LA,F,1938,Mary,1327
LA,F,1938,Barbara,698
LA,F,1938,Betty,693
LA,F,1938,Shirley,565
LA,F,1938,Dorothy,499
LA,F,1938,Gloria,298
LA,F,1938,Joyce,282
LA,F,1938,Patricia,275
LA,F,1938,Carolyn,220
LA,F,1938,Helen,219
LA,F,1939,Mary,1485
LA,F,1939,Betty,670
LA,F,1939,Barbara,638
LA,F,1939,Shirley,547
LA,F,1939,Dorothy,443
LA,F,1939,Gloria,348
LA,F,1939,Patricia,294
LA,F,1939,Carolyn,280
LA,F,1939,Joyce,278
LA,F,1939,Helen,260
LA,F,1940,Mary,1412
LA,F,1940,Barbara,705
LA,F,1940,Betty,645
LA,F,1940,Dorothy,502
LA,F,1940,Shirley,465
LA,F,1940,Patricia,429
LA,F,1940,Gloria,349
LA,F,1940,Carolyn,308
LA,F,1940,Linda,305
LA,F,1940,Helen,239
LA,F,1941,Mary,1553
LA,F,1941,Barbara,761
LA,F,1941,Betty,637
LA,F,1941,Linda,466
LA,F,1941,Patricia,466
LA,F,1941,Dorothy,455
LA,F,1941,Shirley,452
LA,F,1941,Gloria,406
LA,F,1941,Carolyn,391
LA,F,1941,Joyce,298
LA,F,1942,Mary,1625
LA,F,1942,Barbara,820
LA,F,1942,Betty,664
LA,F,1942,Linda,535
LA,F,1942,Patricia,529
LA,F,1942,Dorothy,479
LA,F,1942,Carolyn,468
LA,F,1942,Shirley,423
LA,F,1942,Gloria,391
LA,F,1942,Joyce,332
LA,F,1943,Mary,1605
LA,F,1943,Barbara,850
LA,F,1943,Betty,704
LA,F,1943,Linda,700
LA,F,1943,Patricia,576
LA,F,1943,Carolyn,513
LA,F,1943,Shirley,431
LA,F,1943,Dorothy,424
LA,F,1943,Gloria,398
LA,F,1943,Sandra,371
LA,F,1944,Mary,1639
LA,F,1944,Barbara,764
LA,F,1944,Betty,684
LA,F,1944,Linda,671
LA,F,1944,Patricia,589
LA,F,1944,Carolyn,498
LA,F,1944,Dorothy,487
LA,F,1944,Shirley,462
LA,F,1944,Gloria,388
LA,F,1944,Sandra,367
LA,F,1945,Mary,1468
LA,F,1945,Barbara,770
LA,F,1945,Linda,703
LA,F,1945,Betty,602
LA,F,1945,Patricia,545
LA,F,1945,Shirley,496
LA,F,1945,Gloria,439
LA,F,1945,Dorothy,434
LA,F,1945,Sandra,412
LA,F,1945,Carolyn,385
LA,F,1946,Mary,1598
LA,F,1946,Linda,927
LA,F,1946,Barbara,869
LA,F,1946,Patricia,732
LA,F,1946,Betty,706
LA,F,1946,Shirley,518
LA,F,1946,Sandra,508
LA,F,1946,Carolyn,493
LA,F,1946,Gloria,444
LA,F,1946,Judy,436
LA,F,1947,Linda,1648
LA,F,1947,Mary,1642
LA,F,1947,Barbara,897
LA,F,1947,Patricia,803
LA,F,1947,Betty,684
LA,F,1947,Carolyn,578
LA,F,1947,Sandra,576
LA,F,1947,Brenda,498
LA,F,1947,Shirley,457
LA,F,1947,Gloria,448
LA,F,1948,Linda,1598
LA,F,1948,Mary,1485
LA,F,1948,Barbara,857
LA,F,1948,Patricia,819
LA,F,1948,Betty,629
LA,F,1948,Brenda,601
LA,F,1948,Sandra,543
LA,F,1948,Carolyn,521
LA,F,1948,Shirley,512
LA,F,1948,Judy,406
LA,F,1949,Mary,1557
LA,F,1949,Linda,1550
LA,F,1949,Barbara,870
LA,F,1949,Patricia,866
LA,F,1949,Brenda,738
LA,F,1949,Sandra,537
LA,F,1949,Carolyn,508
LA,F,1949,Shirley,504
LA,F,1949,Betty,489
LA,F,1949,Susan,438
LA,F,1950,Mary,1581
LA,F,1950,Linda,1468
LA,F,1950,Patricia,928
LA,F,1950,Barbara,817
LA,F,1950,Brenda,801
LA,F,1950,Sandra,621
LA,F,1950,Deborah,524
LA,F,1950,Betty,516
LA,F,1950,Carolyn,484
LA,F,1950,Shirley,479
LA,F,1951,Mary,1515
LA,F,1951,Linda,1456
LA,F,1951,Patricia,991
LA,F,1951,Deborah,876
LA,F,1951,Barbara,852
LA,F,1951,Brenda,817
LA,F,1951,Carolyn,547
LA,F,1951,Sandra,542
LA,F,1951,Susan,470
LA,F,1951,Betty,464
LA,F,1952,Mary,1506
LA,F,1952,Linda,1364
LA,F,1952,Patricia,977
LA,F,1952,Deborah,865
LA,F,1952,Barbara,781
LA,F,1952,Brenda,780
LA,F,1952,Debra,586
LA,F,1952,Carolyn,545
LA,F,1952,Sandra,513
LA,F,1952,Susan,491
LA,F,1953,Mary,1471
LA,F,1953,Linda,1262
LA,F,1953,Patricia,991
LA,F,1953,Deborah,838
LA,F,1953,Debra,745
LA,F,1953,Barbara,721
LA,F,1953,Brenda,720
LA,F,1953,Cynthia,603
LA,F,1953,Susan,600
LA,F,1953,Carolyn,526
LA,F,1954,Mary,1565
LA,F,1954,Linda,1137
LA,F,1954,Debra,1016
LA,F,1954,Patricia,981
LA,F,1954,Deborah,830
LA,F,1954,Brenda,712
LA,F,1954,Barbara,682
LA,F,1954,Susan,615
LA,F,1954,Cynthia,597
LA,F,1954,Sandra,567
LA,F,1955,Mary,1341
LA,F,1955,Linda,1095
LA,F,1955,Debra,975
LA,F,1955,Patricia,858
LA,F,1955,Deborah,768
LA,F,1955,Brenda,691
LA,F,1955,Cynthia,655
LA,F,1955,Barbara,654
LA,F,1955,Susan,590
LA,F,1955,Sandra,531
LA,F,1956,Mary,1348
LA,F,1956,Linda,1092
LA,F,1956,Debra,917
LA,F,1956,Patricia,866
LA,F,1956,Cynthia,741
LA,F,1956,Deborah,740
LA,F,1956,Brenda,685
LA,F,1956,Donna,612
LA,F,1956,Susan,593
LA,F,1956,Barbara,584
LA,F,1957,Mary,1320
LA,F,1957,Debra,949
LA,F,1957,Linda,912
LA,F,1957,Cynthia,865
LA,F,1957,Patricia,794
LA,F,1957,Brenda,778
LA,F,1957,Deborah,686
LA,F,1957,Karen,642
LA,F,1957,Barbara,623
LA,F,1957,Pamela,595
LA,F,1958,Mary,1211
LA,F,1958,Linda,926
LA,F,1958,Debra,823
LA,F,1958,Patricia,817
LA,F,1958,Cynthia,739
LA,F,1958,Karen,702
LA,F,1958,Brenda,609
LA,F,1958,Pamela,592
LA,F,1958,Deborah,579
LA,F,1958,Susan,561
LA,F,1959,Mary,1130
LA,F,1959,Linda,803
LA,F,1959,Cynthia,792
LA,F,1959,Donna,788
LA,F,1959,Patricia,741
LA,F,1959,Debra,725
LA,F,1959,Karen,662
LA,F,1959,Brenda,576
LA,F,1959,Pamela,572
LA,F,1959,Susan,566
LA,F,1960,Mary,1087
LA,F,1960,Donna,756
LA,F,1960,Cynthia,750
LA,F,1960,Linda,720
LA,F,1960,Lisa,712
LA,F,1960,Patricia,699
LA,F,1960,Karen,656
LA,F,1960,Brenda,617
LA,F,1960,Sandra,614
LA,F,1960,Debra,610
LA,F,1961,Mary,1012
LA,F,1961,Lisa,882
LA,F,1961,Karen,661
LA,F,1961,Donna,647
LA,F,1961,Linda,644
LA,F,1961,Cynthia,589
LA,F,1961,Brenda,554
LA,F,1961,Sharon,536
LA,F,1961,Patricia,526
LA,F,1961,Pamela,508
LA,F,1962,Mary,963
LA,F,1962,Lisa,887
LA,F,1962,Karen,662
LA,F,1962,Cynthia,601
LA,F,1962,Donna,594
LA,F,1962,Sharon,575
LA,F,1962,Linda,563
LA,F,1962,Sandra,547
LA,F,1962,Brenda,533
LA,F,1962,Patricia,502
LA,F,1963,Lisa,947
LA,F,1963,Mary,871
LA,F,1963,Donna,617
LA,F,1963,Karen,615
LA,F,1963,Tammy,550
LA,F,1963,Cynthia,539
LA,F,1963,Pamela,528
LA,F,1963,Linda,499
LA,F,1963,Angela,482
LA,F,1963,Sharon,477
LA,F,1964,Lisa,967
LA,F,1964,Mary,937
LA,F,1964,Karen,599
LA,F,1964,Angela,582
LA,F,1964,Donna,569
LA,F,1964,Cynthia,541
LA,F,1964,Tammy,502
LA,F,1964,Pamela,492
LA,F,1964,Patricia,490
LA,F,1964,Sharon,488
LA,F,1965,Lisa,1245
LA,F,1965,Mary,684
LA,F,1965,Angela,631
LA,F,1965,Karen,615
LA,F,1965,Donna,520
LA,F,1965,Sharon,461
LA,F,1965,Pamela,438
LA,F,1965,Tammy,420
LA,F,1965,Cynthia,397
LA,F,1965,Patricia,396
LA,F,1966,Lisa,1063
LA,F,1966,Angela,627
LA,F,1966,Mary,622
LA,F,1966,Michelle,546
LA,F,1966,Karen,485
LA,F,1966,Melissa,476
LA,F,1966,Donna,438
LA,F,1966,Cynthia,428
LA,F,1966,Tammy,419
LA,F,1966,Pamela,411
LA,F,1967,Lisa,936
LA,F,1967,Angela,684
LA,F,1967,Melissa,592
LA,F,1967,Michelle,587
LA,F,1967,Mary,535
LA,F,1967,Tammy,467
LA,F,1967,Kimberly,408
LA,F,1967,Pamela,399
LA,F,1967,Karen,394
LA,F,1967,Stephanie,385
LA,F,1968,Lisa,817
LA,F,1968,Michelle,636
LA,F,1968,Angela,630
LA,F,1968,Melissa,586
LA,F,1968,Tammy,481
LA,F,1968,Mary,441
LA,F,1968,Kimberly,439
LA,F,1968,Karen,376
LA,F,1968,Stephanie,355
LA,F,1968,Jennifer,345
LA,F,1969,Lisa,711
LA,F,1969,Michelle,635
LA,F,1969,Angela,592
LA,F,1969,Melissa,570
LA,F,1969,Kimberly,488
LA,F,1969,Tammy,452
LA,F,1969,Stephanie,425
LA,F,1969,Mary,411
LA,F,1969,Jennifer,389
LA,F,1969,Karen,368
LA,F,1970,Angela,602
LA,F,1970,Michelle,578
LA,F,1970,Lisa,541
LA,F,1970,Melissa,516
LA,F,1970,Kimberly,512
LA,F,1970,Jennifer,506
LA,F,1970,Tammy,479
LA,F,1970,Mary,448
LA,F,1970,Shannon,426
LA,F,1970,Stephanie,369
LA,F,1971,Jennifer,663
LA,F,1971,Angela,631
LA,F,1971,Michelle,619
LA,F,1971,Melissa,503
LA,F,1971,Kimberly,488
LA,F,1971,Lisa,451
LA,F,1971,Tammy,421
LA,F,1971,Shannon,361
LA,F,1971,Mary,355
LA,F,1971,Stephanie,350
LA,F,1972,Jennifer,752
LA,F,1972,Angela,583
LA,F,1972,Michelle,487
LA,F,1972,Nicole,458
LA,F,1972,Melissa,443
LA,F,1972,Kimberly,419
LA,F,1972,Amy,378
LA,F,1972,Stephanie,361
LA,F,1972,Lisa,350
LA,F,1972,Shannon,321
LA,F,1973,Jennifer,771
LA,F,1973,Angela,527
LA,F,1973,Melissa,503
LA,F,1973,Michelle,479
LA,F,1973,Kimberly,422
LA,F,1973,Nicole,413
LA,F,1973,Stephanie,385
LA,F,1973,Amy,379
LA,F,1973,Lisa,296
LA,F,1973,Shannon,287
LA,F,1974,Jennifer,805
LA,F,1974,Angela,497
LA,F,1974,Melissa,452
LA,F,1974,Kimberly,435
LA,F,1974,Michelle,428
LA,F,1974,Amy,425
LA,F,1974,Nicole,346
LA,F,1974,Stephanie,346
LA,F,1974,Heather,287
LA,F,1974,Danielle,260
LA,F,1975,Jennifer,824
LA,F,1975,Angela,498
LA,F,1975,Melissa,466
LA,F,1975,Amy,448
LA,F,1975,Kimberly,417
LA,F,1975,Michelle,414
LA,F,1975,Nicole,317
LA,F,1975,Heather,311
LA,F,1975,Stephanie,308
LA,F,1975,Amanda,257
LA,F,1976,Jennifer,874
LA,F,1976,Melissa,478
LA,F,1976,Amy,446
LA,F,1976,Kimberly,442
LA,F,1976,Angela,410
LA,F,1976,Michelle,366
LA,F,1976,Nicole,359
LA,F,1976,Heather,342
LA,F,1976,Jessica,321
LA,F,1976,Amanda,319
LA,F,1977,Jennifer,873
LA,F,1977,Jessica,498
LA,F,1977,Melissa,471
LA,F,1977,Amy,431
LA,F,1977,Angela,426
LA,F,1977,Kimberly,405
LA,F,1977,Amanda,395
LA,F,1977,Michelle,380
LA,F,1977,Heather,341
LA,F,1977,Kelly,336
LA,F,1978,Jennifer,854
LA,F,1978,Jessica,490
LA,F,1978,Melissa,465
LA,F,1978,Amanda,433
LA,F,1978,Kimberly,433
LA,F,1978,Amy,384
LA,F,1978,Brandy,361
LA,F,1978,Angela,347
LA,F,1978,Heather,338
LA,F,1978,Michelle,334
LA,F,1979,Jennifer,879
LA,F,1979,Amanda,684
LA,F,1979,Melissa,530
LA,F,1979,Kimberly,500
LA,F,1979,Jessica,494
LA,F,1979,Angela,405
LA,F,1979,Nicole,392
LA,F,1979,Crystal,389
LA,F,1979,Amy,362
LA,F,1979,Heather,356
LA,F,1980,Jennifer,1002
LA,F,1980,Amanda,751
LA,F,1980,Jessica,683
LA,F,1980,Melissa,490
LA,F,1980,Tiffany,467
LA,F,1980,Kimberly,452
LA,F,1980,Crystal,416
LA,F,1980,Ashley,404
LA,F,1980,April,383
LA,F,1980,Heather,351
LA,F,1981,Jennifer,937
LA,F,1981,Jessica,882
LA,F,1981,Amanda,675
LA,F,1981,Crystal,477
LA,F,1981,Ashley,464
LA,F,1981,Tiffany,458
LA,F,1981,Melissa,452
LA,F,1981,Kimberly,412
LA,F,1981,Sarah,373
LA,F,1981,Stephanie,365
LA,F,1982,Jennifer,982
LA,F,1982,Jessica,887
LA,F,1982,Ashley,810
LA,F,1982,Amanda,686
LA,F,1982,Crystal,549
LA,F,1982,Tiffany,463
LA,F,1982,Sarah,438
LA,F,1982,Melissa,414
LA,F,1982,Kimberly,405
LA,F,1982,Nicole,370
LA,F,1983,Ashley,1413
LA,F,1983,Jennifer,928
LA,F,1983,Jessica,904
LA,F,1983,Amanda,676
LA,F,1983,Crystal,452
LA,F,1983,Tiffany,422
LA,F,1983,Sarah,416
LA,F,1983,Heather,403
LA,F,1983,Kimberly,373
LA,F,1983,Melissa,363
LA,F,1984,Ashley,1343
LA,F,1984,Jessica,892
LA,F,1984,Jennifer,859
LA,F,1984,Amanda,625
LA,F,1984,Heather,453
LA,F,1984,Tiffany,446
LA,F,1984,Danielle,443
LA,F,1984,Crystal,435
LA,F,1984,Sarah,433
LA,F,1984,Lauren,388
LA,F,1985,Ashley,1428
LA,F,1985,Jessica,837
LA,F,1985,Amanda,672
LA,F,1985,Jennifer,658
LA,F,1985,Brittany,530
LA,F,1985,Heather,441
LA,F,1985,Megan,420
LA,F,1985,Lauren,414
LA,F,1985,Kimberly,379
LA,F,1985,Crystal,367
LA,F,1986,Ashley,1283
LA,F,1986,Jessica,914
LA,F,1986,Brittany,720
LA,F,1986,Amanda,618
LA,F,1986,Jennifer,537
LA,F,1986,Sarah,470
LA,F,1986,Lauren,431
LA,F,1986,Heather,387
LA,F,1986,Megan,379
LA,F,1986,Tiffany,357
LA,F,1987,Ashley,1138
LA,F,1987,Jessica,908
LA,F,1987,Brittany,666
LA,F,1987,Amanda,581
LA,F,1987,Sarah,452
LA,F,1987,Jennifer,411
LA,F,1987,Lauren,365
LA,F,1987,Megan,364
LA,F,1987,Heather,358
LA,F,1987,Tiffany,328
LA,F,1988,Ashley,927
LA,F,1988,Jessica,856
LA,F,1988,Brittany,775
LA,F,1988,Amanda,548
LA,F,1988,Lauren,433
LA,F,1988,Sarah,414
LA,F,1988,Megan,370
LA,F,1988,Kayla,367
LA,F,1988,Jennifer,357
LA,F,1988,Tiffany,357
LA,F,1989,Brittany,1157
LA,F,1989,Ashley,823
LA,F,1989,Jessica,664
LA,F,1989,Amanda,463
LA,F,1989,Lauren,441
LA,F,1989,Sarah,414
LA,F,1989,Megan,408
LA,F,1989,Courtney,369
LA,F,1989,Kayla,360
LA,F,1989,Amber,332
LA,F,1990,Brittany,973
LA,F,1990,Ashley,775
LA,F,1990,Jessica,600
LA,F,1990,Lauren,411
LA,F,1990,Courtney,410
LA,F,1990,Amanda,399
LA,F,1990,Jasmine,380
LA,F,1990,Sarah,356
LA,F,1990,Kayla,353
LA,F,1990,Megan,343
LA,F,1991,Ashley,763
LA,F,1991,Brittany,691
LA,F,1991,Jessica,547
LA,F,1991,Jasmine,429
LA,F,1991,Lauren,392
LA,F,1991,Courtney,384
LA,F,1991,Megan,383
LA,F,1991,Kayla,375
LA,F,1991,Amanda,360
LA,F,1991,Amber,358
LA,F,1992,Ashley,600
LA,F,1992,Brittany,557
LA,F,1992,Jessica,450
LA,F,1992,Lauren,411
LA,F,1992,Megan,336
LA,F,1992,Sarah,335
LA,F,1992,Jasmine,331
LA,F,1992,Taylor,328
LA,F,1992,Courtney,324
LA,F,1992,Kayla,317
LA,F,1993,Ashley,556
LA,F,1993,Brittany,497
LA,F,1993,Taylor,479
LA,F,1993,Jessica,417
LA,F,1993,Jasmine,350
LA,F,1993,Sarah,338
LA,F,1993,Amber,325
LA,F,1993,Courtney,323
LA,F,1993,Emily,318
LA,F,1993,Lauren,311
LA,F,1994,Taylor,435
LA,F,1994,Brittany,423
LA,F,1994,Ashley,422
LA,F,1994,Emily,339
LA,F,1994,Jessica,330
LA,F,1994,Amber,328
LA,F,1994,Victoria,317
LA,F,1994,Jasmine,315
LA,F,1994,Alexis,312
LA,F,1994,Sarah,304
LA,F,1995,Taylor,466
LA,F,1995,Ashley,399
LA,F,1995,Emily,384
LA,F,1995,Brittany,366
LA,F,1995,Alexis,358
LA,F,1995,Victoria,342
LA,F,1995,Jasmine,326
LA,F,1995,Sarah,326
LA,F,1995,Hannah,307
LA,F,1995,Kayla,299
LA,F,1996,Alexis,396
LA,F,1996,Taylor,393
LA,F,1996,Emily,354
LA,F,1996,Ashley,348
LA,F,1996,Brittany,338
LA,F,1996,Sarah,320
LA,F,1996,Victoria,315
LA,F,1996,Hannah,314
LA,F,1996,Kayla,273
LA,F,1996,Courtney,272
LA,F,1997,Alexis,481
LA,F,1997,Taylor,418
LA,F,1997,Emily,398
LA,F,1997,Hannah,366
LA,F,1997,Sarah,345
LA,F,1997,Madison,319
LA,F,1997,Victoria,297
LA,F,1997,Ashley,285
LA,F,1997,Kayla,278
LA,F,1997,Brittany,242
LA,F,1998,Alexis,438
LA,F,1998,Taylor,406
LA,F,1998,Hannah,375
LA,F,1998,Madison,371
LA,F,1998,Emily,366
LA,F,1998,Sarah,292
LA,F,1998,Victoria,273
LA,F,1998,Kayla,249
LA,F,1998,Lauren,245
LA,F,1998,Ashley,244
LA,F,1999,Hannah,407
LA,F,1999,Alexis,406
LA,F,1999,Madison,390
LA,F,1999,Emily,358
LA,F,1999,Taylor,339
LA,F,1999,Victoria,285
LA,F,1999,Sarah,272
LA,F,1999,Ashley,250
LA,F,1999,Lauren,247
LA,F,1999,Destiny,241
LA,F,2000,Madison,465
LA,F,2000,Hannah,392
LA,F,2000,Alexis,381
LA,F,2000,Emily,373
LA,F,2000,Taylor,339
LA,F,2000,Sarah,279
LA,F,2000,Destiny,263
LA,F,2000,Kayla,262
LA,F,2000,Lauren,233
LA,F,2000,Victoria,233
LA,F,2001,Madison,482
LA,F,2001,Hannah,355
LA,F,2001,Emily,314
LA,F,2001,Alexis,308
LA,F,2001,Taylor,276
LA,F,2001,Destiny,270
LA,F,2001,Sarah,216
LA,F,2001,Kayla,214
LA,F,2001,Abigail,212
LA,F,2001,Victoria,202
LA,F,2002,Madison,520
LA,F,2002,Emily,334
LA,F,2002,Hannah,319
LA,F,2002,Alexis,303
LA,F,2002,Taylor,231
LA,F,2002,Emma,219
LA,F,2002,Alyssa,209
LA,F,2002,Sarah,203
LA,F,2002,Destiny,198
LA,F,2002,Abigail,190
LA,F,2003,Madison,455
LA,F,2003,Emily,353
LA,F,2003,Emma,328
LA,F,2003,Hannah,298
LA,F,2003,Alexis,285
LA,F,2003,Taylor,218
LA,F,2003,Abigail,216
LA,F,2003,Olivia,215
LA,F,2003,Alyssa,203
LA,F,2003,Chloe,197
LA,F,2004,Madison,431
LA,F,2004,Emma,362
LA,F,2004,Emily,332
LA,F,2004,Hannah,258
LA,F,2004,Alexis,226
LA,F,2004,Olivia,225
LA,F,2004,Alyssa,213
LA,F,2004,Abigail,211
LA,F,2004,Isabella,195
LA,F,2004,Sarah,188
LA,F,2005,Madison,418
LA,F,2005,Emma,338
LA,F,2005,Emily,295
LA,F,2005,Hannah,239
LA,F,2005,Olivia,211
LA,F,2005,Chloe,206
LA,F,2005,Abigail,200
LA,F,2005,Ava,199
LA,F,2005,Alexis,198
LA,F,2005,Alyssa,194
LA,F,2006,Madison,401
LA,F,2006,Emma,318
LA,F,2006,Ava,309
LA,F,2006,Emily,261
LA,F,2006,Hannah,226
LA,F,2006,Abigail,220
LA,F,2006,Olivia,215
LA,F,2006,Isabella,202
LA,F,2006,Chloe,197
LA,F,2006,Alyssa,191
LA,F,2007,Madison,351
LA,F,2007,Ava,330
LA,F,2007,Emma,297
LA,F,2007,Isabella,256
LA,F,2007,Olivia,227
LA,F,2007,Emily,224
LA,F,2007,Addison,221
LA,F,2007,Abigail,209
LA,F,2007,Chloe,202
LA,F,2007,Hannah,202
LA,F,2008,Madison,333
LA,F,2008,Ava,311
LA,F,2008,Emma,306
LA,F,2008,Olivia,247
LA,F,2008,Isabella,240
LA,F,2008,Addison,220
LA,F,2008,Emily,205
LA,F,2008,Chloe,201
LA,F,2008,Abigail,179
LA,F,2008,Alyssa,154
LA,F,2009,Ava,313
LA,F,2009,Emma,299
LA,F,2009,Isabella,284
LA,F,2009,Madison,263
LA,F,2009,Olivia,243
LA,F,2009,Chloe,237
LA,F,2009,Addison,216
LA,F,2009,Abigail,170
LA,F,2009,Emily,156
LA,F,2009,Sophia,149
LA,F,2010,Ava,299
LA,F,2010,Emma,291
LA,F,2010,Isabella,274
LA,F,2010,Madison,236
LA,F,2010,Olivia,223
LA,F,2010,Chloe,215
LA,F,2010,Sophia,208
LA,F,2010,Addison,198
LA,F,2010,Khloe,165
LA,F,2010,Ella,159
LA,F,2011,Ava,290
LA,F,2011,Emma,261
LA,F,2011,Isabella,258
LA,F,2011,Sophia,234
LA,F,2011,Olivia,218
LA,F,2011,Chloe,215
LA,F,2011,Madison,199
LA,F,2011,Ella,159
LA,F,2011,Aubrey,156
LA,F,2011,Addison,154
LA,F,2012,Emma,318
LA,F,2012,Ava,287
LA,F,2012,Isabella,233
LA,F,2012,Olivia,221
LA,F,2012,Chloe,210
LA,F,2012,Sophia,205
LA,F,2012,Madison,187
LA,F,2012,Aubrey,180
LA,F,2012,Abigail,155
LA,F,2012,Ella,150
LA,F,2013,Ava,280
LA,F,2013,Emma,278
LA,F,2013,Olivia,252
LA,F,2013,Sophia,224
LA,F,2013,Aubrey,199
LA,F,2013,Isabella,197
LA,F,2013,Madison,182
LA,F,2013,Avery,173
LA,F,2013,Chloe,168
LA,F,2013,Brooklyn,162
LA,F,2014,Emma,256
LA,F,2014,Ava,251
LA,F,2014,Olivia,249
LA,F,2014,Sophia,190
LA,F,2014,Aubrey,189
LA,F,2014,Amelia,183
LA,F,2014,Harper,182
LA,F,2014,Madison,181
LA,F,2014,Isabella,180
LA,F,2014,Avery,178
LA,F,2015,Ava,323
LA,F,2015,Emma,295
LA,F,2015,Olivia,256
LA,F,2015,Isabella,193
LA,F,2015,Madison,188
LA,F,2015,Harper,187
LA,F,2015,Aubrey,179
LA,F,2015,Avery,174
LA,F,2015,Amelia,172
LA,F,2015,Sophia,169
LA,F,2016,Ava,299
LA,F,2016,Olivia,290
LA,F,2016,Emma,251
LA,F,2016,Amelia,191
LA,F,2016,Harper,185
LA,F,2016,Charlotte,177
LA,F,2016,Mia,162
LA,F,2016,Sophia,162
LA,F,2016,Madison,161
LA,F,2016,Avery,160
LA,F,2017,Olivia,299
LA,F,2017,Ava,281
LA,F,2017,Emma,232
LA,F,2017,Amelia,196
LA,F,2017,Harper,188
LA,F,2017,Charlotte,168
LA,F,2017,Avery,160
LA,F,2017,Isabella,152
LA,F,2017,Sophia,141
LA,F,2017,Elizabeth,137
LA,F,2018,Ava,278
LA,F,2018,Olivia,247
LA,F,2018,Emma,228
LA,F,2018,Amelia,220
LA,F,2018,Harper,177
LA,F,2018,Avery,168
LA,F,2018,Charlotte,160
LA,F,2018,Sophia,136
LA,F,2018,Isabella,134
LA,F,2018,Lillian,130
LA,F,2019,Olivia,252
LA,F,2019,Ava,236
LA,F,2019,Amelia,208
LA,F,2019,Emma,197
LA,F,2019,Harper,172
LA,F,2019,Charlotte,148
LA,F,2019,Sophia,132
LA,F,2019,Ella,124
LA,F,2019,Avery,118
LA,F,2019,Isabella,116
LA,M,1920,John,913
LA,M,1920,James,869
LA,M,1920,Joseph,745
LA,M,1920,William,567
LA,M,1920,Robert,468
LA,M,1920,George,432
LA,M,1920,Charles,401
LA,M,1920,Willie,373
LA,M,1920,Henry,330
LA,M,1920,Edward,326
LA,M,1921,James,860
LA,M,1921,John,833
LA,M,1921,Joseph,775
LA,M,1921,William,534
LA,M,1921,Robert,497
LA,M,1921,George,404
LA,M,1921,Charles,396
LA,M,1921,Willie,376
LA,M,1921,Louis,336
LA,M,1921,Edward,324
LA,M,1922,James,952
LA,M,1922,John,870
LA,M,1922,Joseph,780
LA,M,1922,William,583
LA,M,1922,Robert,546
LA,M,1922,Charles,425
LA,M,1922,Willie,421
LA,M,1922,George,415
LA,M,1922,Henry,392
LA,M,1922,Edward,316
LA,M,1923,John,895
LA,M,1923,James,887
LA,M,1923,Joseph,793
LA,M,1923,William,527
LA,M,1923,Robert,501
LA,M,1923,Charles,434
LA,M,1923,George,412
LA,M,1923,Willie,371
LA,M,1923,Henry,369
LA,M,1923,Edward,314
LA,M,1924,James,925
LA,M,1924,John,859
LA,M,1924,Joseph,790
LA,M,1924,Robert,630
LA,M,1924,William,532
LA,M,1924,Charles,450
LA,M,1924,George,412
LA,M,1924,Willie,383
LA,M,1924,Henry,375
LA,M,1924,Edward,307
LA,M,1925,James,955
LA,M,1925,John,877
LA,M,1925,Joseph,798
LA,M,1925,Robert,575
LA,M,1925,William,555
LA,M,1925,Charles,455
LA,M,1925,George,423
LA,M,1925,Willie,362
LA,M,1925,Henry,361
LA,M,1925,Edward,317
LA,M,1926,James,953
LA,M,1926,John,877
LA,M,1926,Joseph,790
LA,M,1926,Robert,601
LA,M,1926,William,576
LA,M,1926,Charles,469
LA,M,1926,George,431
LA,M,1926,Willie,385
LA,M,1926,Henry,308
LA,M,1926,Edward,301
LA,M,1927,James,1028
LA,M,1927,John,962
LA,M,1927,Joseph,833
LA,M,1927,Robert,593
LA,M,1927,William,560
LA,M,1927,Charles,493
LA,M,1927,Willie,393
LA,M,1927,George,375
LA,M,1927,Henry,345
LA,M,1927,Edward,307
LA,M,1928,James,902
LA,M,1928,John,829
LA,M,1928,Joseph,734
LA,M,1928,Robert,573
LA,M,1928,Charles,550
LA,M,1928,William,453
LA,M,1928,Willie,374
LA,M,1928,George,365
LA,M,1928,Edward,307
LA,M,1928,Henry,307
LA,M,1929,James,860
LA,M,1929,John,814
LA,M,1929,Joseph,724
LA,M,1929,Robert,565
LA,M,1929,Charles,516
LA,M,1929,William,481
LA,M,1929,Willie,371
LA,M,1929,George,367
LA,M,1929,Edward,305
LA,M,1929,Henry,277
LA,M,1930,James,883
LA,M,1930,John,827
LA,M,1930,Joseph,688
LA,M,1930,Robert,569
LA,M,1930,Charles,526
LA,M,1930,William,509
LA,M,1930,Willie,360
LA,M,1930,George,351
LA,M,1930,Edward,319
LA,M,1930,Henry,295
LA,M,1931,James,915
LA,M,1931,John,762
LA,M,1931,Joseph,701
LA,M,1931,Robert,606
LA,M,1931,Charles,512
LA,M,1931,William,430
LA,M,1931,George,334
LA,M,1931,Willie,312
LA,M,1931,Henry,300
LA,M,1931,Edward,285
LA,M,1932,James,912
LA,M,1932,John,854
LA,M,1932,Joseph,691
LA,M,1932,Robert,673
LA,M,1932,Charles,581
LA,M,1932,William,475
LA,M,1932,Willie,373
LA,M,1932,George,332
LA,M,1932,Henry,284
LA,M,1932,Donald,278
LA,M,1933,James,876
LA,M,1933,John,711
LA,M,1933,Joseph,670
LA,M,1933,Charles,553
LA,M,1933,Robert,552
LA,M,1933,William,384
LA,M,1933,Willie,320
LA,M,1933,George,311
LA,M,1933,Donald,258
LA,M,1933,Thomas,241
LA,M,1934,James,911
LA,M,1934,John,833
LA,M,1934,Joseph,651
LA,M,1934,Charles,611
LA,M,1934,Robert,587
LA,M,1934,William,419
LA,M,1934,Willie,326
LA,M,1934,George,306
LA,M,1934,Donald,294
LA,M,1934,Edward,268
LA,M,1935,James,995
LA,M,1935,John,740
LA,M,1935,Charles,630
LA,M,1935,Joseph,622
LA,M,1935,Robert,584
LA,M,1935,William,441
LA,M,1935,Willie,344
LA,M,1935,Donald,333
LA,M,1935,George,317
LA,M,1935,Henry,258
LA,M,1936,James,1034
LA,M,1936,John,871
LA,M,1936,Joseph,677
LA,M,1936,Robert,626
LA,M,1936,Charles,579
LA,M,1936,William,418
LA,M,1936,Donald,331
LA,M,1936,Willie,324
LA,M,1936,George,298
LA,M,1936,Richard,290
LA,M,1937,James,943
LA,M,1937,John,941
LA,M,1937,Robert,716
LA,M,1937,Joseph,688
LA,M,1937,Charles,634
LA,M,1937,William,435
LA,M,1937,Willie,364
LA,M,1937,George,328
LA,M,1937,Donald,327
LA,M,1937,Richard,279
LA,M,1938,James,1071
LA,M,1938,John,888
LA,M,1938,Robert,761
LA,M,1938,Charles,694
LA,M,1938,Joseph,669
LA,M,1938,William,508
LA,M,1938,Willie,390
LA,M,1938,Donald,370
LA,M,1938,George,366
LA,M,1938,Edward,279
LA,M,1939,James,1150
LA,M,1939,John,971
LA,M,1939,Robert,769
LA,M,1939,Charles,724
LA,M,1939,Joseph,659
LA,M,1939,William,495
LA,M,1939,Willie,360
LA,M,1939,Donald,359
LA,M,1939,George,347
LA,M,1939,Thomas,313
LA,M,1940,James,1166
LA,M,1940,John,940
LA,M,1940,Robert,795
LA,M,1940,Charles,736
LA,M,1940,Joseph,715
LA,M,1940,William,528
LA,M,1940,Willie,390
LA,M,1940,Donald,356
LA,M,1940,George,341
LA,M,1940,Richard,340
LA,M,1941,James,1239
LA,M,1941,John,1088
LA,M,1941,Robert,865
LA,M,1941,Joseph,774
LA,M,1941,Charles,767
LA,M,1941,William,561
LA,M,1941,Donald,381
LA,M,1941,George,369
LA,M,1941,Willie,368
LA,M,1941,Jerry,363
LA,M,1942,James,1352
LA,M,1942,John,1070
LA,M,1942,Robert,940
LA,M,1942,Charles,831
LA,M,1942,Joseph,773
LA,M,1942,William,662
LA,M,1942,George,446
LA,M,1942,Willie,434
LA,M,1942,Thomas,405
LA,M,1942,Donald,388
LA,M,1943,James,1398
LA,M,1943,John,1177
LA,M,1943,Robert,1053
LA,M,1943,Charles,812
LA,M,1943,Joseph,714
LA,M,1943,William,669
LA,M,1943,Richard,487
LA,M,1943,George,415
LA,M,1943,Ronald,409
LA,M,1943,Donald,405
LA,M,1944,James,1378
LA,M,1944,John,1234
LA,M,1944,Robert,1025
LA,M,1944,Charles,870
LA,M,1944,Joseph,741
LA,M,1944,William,653
LA,M,1944,George,453
LA,M,1944,Richard,446
LA,M,1944,Donald,437
LA,M,1944,Willie,417
LA,M,1945,James,1287
LA,M,1945,John,1116
LA,M,1945,Robert,993
LA,M,1945,Charles,825
LA,M,1945,Joseph,677
LA,M,1945,William,593
LA,M,1945,Richard,472
LA,M,1945,Thomas,393
LA,M,1945,George,384
LA,M,1945,Donald,383
LA,M,1946,James,1490
LA,M,1946,John,1414
LA,M,1946,Robert,1263
LA,M,1946,Charles,954
LA,M,1946,Joseph,726
LA,M,1946,William,720
LA,M,1946,Richard,668
LA,M,1946,Michael,591
LA,M,1946,Ronald,521
LA,M,1946,Donald,490
LA,M,1947,James,1580
LA,M,1947,John,1520
LA,M,1947,Robert,1240
LA,M,1947,Charles,1001
LA,M,1947,Joseph,858
LA,M,1947,William,723
LA,M,1947,Michael,674
LA,M,1947,Ronald,659
LA,M,1947,Donald,596
LA,M,1947,Richard,585
LA,M,1948,James,1570
LA,M,1948,John,1354
LA,M,1948,Robert,1181
LA,M,1948,Charles,1029
LA,M,1948,Joseph,828
LA,M,1948,Michael,758
LA,M,1948,William,756
LA,M,1948,David,672
LA,M,1948,Larry,635
LA,M,1948,Ronald,631
LA,M,1949,James,1577
LA,M,1949,John,1393
LA,M,1949,Robert,1230
LA,M,1949,Charles,1050
LA,M,1949,Michael,934
LA,M,1949,Joseph,795
LA,M,1949,William,769
LA,M,1949,Larry,683
LA,M,1949,David,675
LA,M,1949,Ronald,672
LA,M,1950,James,1534
LA,M,1950,John,1338
LA,M,1950,Robert,1238
LA,M,1950,Charles,1054
LA,M,1950,Michael,1041
LA,M,1950,Larry,792
LA,M,1950,William,765
LA,M,1950,Joseph,760
LA,M,1950,David,741
LA,M,1950,Donald,634
LA,M,1951,James,1567
LA,M,1951,John,1295
LA,M,1951,Robert,1294
LA,M,1951,Michael,1196
LA,M,1951,Charles,1125
LA,M,1951,William,829
LA,M,1951,David,821
LA,M,1951,Joseph,803
LA,M,1951,Larry,785
LA,M,1951,Ronald,677
LA,M,1952,James,1499
LA,M,1952,John,1400
LA,M,1952,Michael,1263
LA,M,1952,Robert,1238
LA,M,1952,Charles,1043
LA,M,1952,David,940
LA,M,1952,Larry,777
LA,M,1952,William,771
LA,M,1952,Joseph,764
LA,M,1952,Donald,688
LA,M,1953,James,1555
LA,M,1953,John,1481
LA,M,1953,Michael,1380
LA,M,1953,Robert,1231
LA,M,1953,David,1097
LA,M,1953,Charles,1019
LA,M,1953,William,819
LA,M,1953,Joseph,770
LA,M,1953,Donald,726
LA,M,1953,Richard,697
LA,M,1954,James,1531
LA,M,1954,Michael,1471
LA,M,1954,John,1405
LA,M,1954,Robert,1265
LA,M,1954,David,1159
LA,M,1954,Charles,1035
LA,M,1954,William,808
LA,M,1954,Joseph,755
LA,M,1954,Donald,724
LA,M,1954,Richard,676
LA,M,1955,James,1485
LA,M,1955,Michael,1474
LA,M,1955,John,1389
LA,M,1955,David,1227
LA,M,1955,Robert,1213
LA,M,1955,Charles,1002
LA,M,1955,William,758
LA,M,1955,Donald,731
LA,M,1955,Joseph,714
LA,M,1955,Larry,667
LA,M,1956,James,1528
LA,M,1956,Michael,1498
LA,M,1956,John,1387
LA,M,1956,David,1238
LA,M,1956,Robert,1220
LA,M,1956,Charles,931
LA,M,1956,William,789
LA,M,1956,Joseph,779
LA,M,1956,Donald,770
LA,M,1956,Larry,681
LA,M,1957,Michael,1605
LA,M,1957,James,1549
LA,M,1957,John,1291
LA,M,1957,David,1280
LA,M,1957,Robert,1200
LA,M,1957,Charles,973
LA,M,1957,William,771
LA,M,1957,Kenneth,768
LA,M,1957,Donald,746
LA,M,1957,Joseph,733
LA,M,1958,Michael,1669
LA,M,1958,James,1411
LA,M,1958,David,1356
LA,M,1958,John,1221
LA,M,1958,Robert,1149
LA,M,1958,Charles,897
LA,M,1958,Kenneth,735
LA,M,1958,Mark,711
LA,M,1958,Donald,700
LA,M,1958,William,682
LA,M,1959,Michael,1587
LA,M,1959,David,1407
LA,M,1959,James,1346
LA,M,1959,John,1290
LA,M,1959,Robert,1069
LA,M,1959,Charles,852
LA,M,1959,Kenneth,774
LA,M,1959,Mark,774
LA,M,1959,William,694
LA,M,1959,Joseph,689
LA,M,1960,Michael,1556
LA,M,1960,David,1362
LA,M,1960,James,1358
LA,M,1960,John,1267
LA,M,1960,Robert,1066
LA,M,1960,Charles,811
LA,M,1960,Mark,779
LA,M,1960,Kenneth,723
LA,M,1960,Joseph,680
LA,M,1960,William,645
LA,M,1961,Michael,1584
LA,M,1961,John,1328
LA,M,1961,David,1258
LA,M,1961,James,1243
LA,M,1961,Robert,1052
LA,M,1961,Mark,851
LA,M,1961,Charles,753
LA,M,1961,Joseph,663
LA,M,1961,Kenneth,660
LA,M,1961,William,657
LA,M,1962,Michael,1492
LA,M,1962,John,1283
LA,M,1962,James,1250
LA,M,1962,David,1166
LA,M,1962,Robert,977
LA,M,1962,Mark,810
LA,M,1962,Charles,711
LA,M,1962,Joseph,692
LA,M,1962,Kenneth,678
LA,M,1962,Kevin,610
LA,M,1963,Michael,1437
LA,M,1963,John,1288
LA,M,1963,David,1237
LA,M,1963,James,1187
LA,M,1963,Robert,1055
LA,M,1963,Mark,777
LA,M,1963,Kevin,735
LA,M,1963,Charles,667
LA,M,1963,William,641
LA,M,1963,Kenneth,639
LA,M,1964,John,1467
LA,M,1964,Michael,1314
LA,M,1964,James,1261
LA,M,1964,David,1131
LA,M,1964,Robert,1046
LA,M,1964,Mark,716
LA,M,1964,Kevin,711
LA,M,1964,Charles,671
LA,M,1964,Joseph,657
LA,M,1964,Kenneth,642
LA,M,1965,Michael,1265
LA,M,1965,John,1256
LA,M,1965,James,1111
LA,M,1965,David,1006
LA,M,1965,Robert,914
LA,M,1965,Kevin,693
LA,M,1965,Joseph,627
LA,M,1965,Charles,577
LA,M,1965,Mark,576
LA,M,1965,Kenneth,534
LA,M,1966,Michael,1235
LA,M,1966,John,1157
LA,M,1966,James,1124
LA,M,1966,David,1003
LA,M,1966,Robert,834
LA,M,1966,Kevin,612
LA,M,1966,Charles,586
LA,M,1966,Joseph,551
LA,M,1966,Mark,548
LA,M,1966,Kenneth,532
LA,M,1967,Michael,1343
LA,M,1967,John,1158
LA,M,1967,James,1054
LA,M,1967,David,1019
LA,M,1967,Robert,838
LA,M,1967,Kevin,625
LA,M,1967,Charles,576
LA,M,1967,Joseph,562
LA,M,1967,Mark,524
LA,M,1967,William,497
LA,M,1968,Michael,1298
LA,M,1968,John,1141
LA,M,1968,James,1056
LA,M,1968,David,922
LA,M,1968,Robert,860
LA,M,1968,Kevin,612
LA,M,1968,William,576
LA,M,1968,Charles,571
LA,M,1968,Joseph,570
LA,M,1968,Mark,568
LA,M,1969,Michael,1315
LA,M,1969,James,1058
LA,M,1969,John,1033
LA,M,1969,David,933
LA,M,1969,Robert,915
LA,M,1969,Charles,589
LA,M,1969,Christopher,566
LA,M,1969,Kevin,562
LA,M,1969,Joseph,556
LA,M,1969,Mark,550
LA,M,1970,Michael,1262
LA,M,1970,James,1075
LA,M,1970,John,1034
LA,M,1970,Robert,841
LA,M,1970,David,812
LA,M,1970,Christopher,708
LA,M,1970,Kevin,636
LA,M,1970,Charles,580
LA,M,1970,William,563
LA,M,1970,Joseph,550
LA,M,1971,Michael,1183
LA,M,1971,James,944
LA,M,1971,John,865
LA,M,1971,Christopher,822
LA,M,1971,David,776
LA,M,1971,Robert,761
LA,M,1971,Jason,601
LA,M,1971,Kevin,566
LA,M,1971,William,556
LA,M,1971,Charles,526
LA,M,1972,Michael,1159
LA,M,1972,Christopher,954
LA,M,1972,James,835
LA,M,1972,John,829
LA,M,1972,Robert,650
LA,M,1972,Jason,649
LA,M,1972,David,647
LA,M,1972,Kevin,570
LA,M,1972,Brian,520
LA,M,1972,Joseph,512
LA,M,1973,Michael,1036
LA,M,1973,Christopher,943
LA,M,1973,John,792
LA,M,1973,Jason,784
LA,M,1973,James,777
LA,M,1973,Robert,625
LA,M,1973,David,617
LA,M,1973,Kevin,541
LA,M,1973,Brian,472
LA,M,1973,Charles,452
LA,M,1974,Michael,1048
LA,M,1974,Christopher,941
LA,M,1974,Jason,931
LA,M,1974,James,757
LA,M,1974,John,717
LA,M,1974,David,595
LA,M,1974,Robert,553
LA,M,1974,Kevin,457
LA,M,1974,Joseph,453
LA,M,1974,Brian,437
LA,M,1975,Michael,1087
LA,M,1975,Christopher,917
LA,M,1975,Jason,846
LA,M,1975,James,756
LA,M,1975,John,735
LA,M,1975,David,586
LA,M,1975,Robert,584
LA,M,1975,Joseph,468
LA,M,1975,Charles,443
LA,M,1975,Brian,412
LA,M,1976,Michael,1091
LA,M,1976,Christopher,933
LA,M,1976,Jason,889
LA,M,1976,James,750
LA,M,1976,John,666
LA,M,1976,David,606
LA,M,1976,Robert,568
LA,M,1976,Joseph,484
LA,M,1976,Kevin,461
LA,M,1976,Jeremy,448
LA,M,1977,Michael,1126
LA,M,1977,Christopher,1008
LA,M,1977,Jason,998
LA,M,1977,James,772
LA,M,1977,David,688
LA,M,1977,John,642
LA,M,1977,Robert,624
LA,M,1977,Joseph,522
LA,M,1977,Jeremy,491
LA,M,1977,Kevin,473
LA,M,1978,Michael,1141
LA,M,1978,Christopher,1040
LA,M,1978,Jason,940
LA,M,1978,James,803
LA,M,1978,John,719
LA,M,1978,David,687
LA,M,1978,Robert,615
LA,M,1978,Joseph,546
LA,M,1978,Jeremy,439
LA,M,1978,Kevin,438
LA,M,1979,Michael,1164
LA,M,1979,Christopher,1139
LA,M,1979,Jason,980
LA,M,1979,James,812
LA,M,1979,John,762
LA,M,1979,David,688
LA,M,1979,Robert,570
LA,M,1979,Joshua,567
LA,M,1979,Joseph,545
LA,M,1979,Jeremy,543
LA,M,1980,Michael,1209
LA,M,1980,Christopher,1036
LA,M,1980,Jason,967
LA,M,1980,John,819
LA,M,1980,James,790
LA,M,1980,Joshua,731
LA,M,1980,David,680
LA,M,1980,Brandon,618
LA,M,1980,Joseph,604
LA,M,1980,Robert,578
LA,M,1981,Michael,1141
LA,M,1981,Christopher,1091
LA,M,1981,Joshua,846
LA,M,1981,James,833
LA,M,1981,Jason,829
LA,M,1981,Brandon,752
LA,M,1981,John,738
LA,M,1981,David,690
LA,M,1981,Robert,648
LA,M,1981,Joseph,607
LA,M,1982,Christopher,1320
LA,M,1982,Michael,1142
LA,M,1982,Joshua,851
LA,M,1982,James,841
LA,M,1982,John,815
LA,M,1982,Jason,796
LA,M,1982,Brandon,786
LA,M,1982,David,695
LA,M,1982,Joseph,695
LA,M,1982,Robert,650
LA,M,1983,Christopher,1296
LA,M,1983,Michael,1113
LA,M,1983,Brandon,856
LA,M,1983,Joshua,818
LA,M,1983,James,760
LA,M,1983,John,754
LA,M,1983,Matthew,750
LA,M,1983,Jason,625
LA,M,1983,David,624
LA,M,1983,Robert,613
LA,M,1984,Christopher,1321
LA,M,1984,Michael,1063
LA,M,1984,Joshua,1033
LA,M,1984,Brandon,901
LA,M,1984,Matthew,774
LA,M,1984,John,713
LA,M,1984,James,693
LA,M,1984,Justin,615
LA,M,1984,Robert,562
LA,M,1984,David,561
LA,M,1985,Christopher,1228
LA,M,1985,Joshua,1058
LA,M,1985,Michael,1031
LA,M,1985,Brandon,968
LA,M,1985,James,731
LA,M,1985,Matthew,680
LA,M,1985,John,666
LA,M,1985,David,600
LA,M,1985,Robert,545
LA,M,1985,Jonathan,543
LA,M,1986,Christopher,1202
LA,M,1986,Michael,923
LA,M,1986,Joshua,844
LA,M,1986,Brandon,808
LA,M,1986,Matthew,678
LA,M,1986,John,631
LA,M,1986,James,604
LA,M,1986,Justin,553
LA,M,1986,David,549
LA,M,1986,Joseph,524
LA,M,1987,Christopher,1065
LA,M,1987,Joshua,1011
LA,M,1987,Michael,847
LA,M,1987,Brandon,718
LA,M,1987,Matthew,681
LA,M,1987,Justin,654
LA,M,1987,James,550
LA,M,1987,John,524
LA,M,1987,David,463
LA,M,1987,Robert,448
LA,M,1988,Christopher,974
LA,M,1988,Joshua,970
LA,M,1988,Michael,823
LA,M,1988,Justin,734
LA,M,1988,Brandon,626
LA,M,1988,Matthew,597
LA,M,1988,James,578
LA,M,1988,David,525
LA,M,1988,John,487
LA,M,1988,Jonathan,453
LA,M,1989,Christopher,1023
LA,M,1989,Joshua,940
LA,M,1989,Michael,865
LA,M,1989,Justin,682
LA,M,1989,Matthew,621
LA,M,1989,Brandon,605
LA,M,1989,John,527
LA,M,1989,James,507
LA,M,1989,David,453
LA,M,1989,Ryan,451
LA,M,1990,Joshua,945
LA,M,1990,Christopher,865
LA,M,1990,Michael,784
LA,M,1990,Justin,600
LA,M,1990,Brandon,549
LA,M,1990,James,540
LA,M,1990,Matthew,537
LA,M,1990,John,505
LA,M,1990,Joseph,431
LA,M,1990,David,417
LA,M,1991,Christopher,886
LA,M,1991,Joshua,864
LA,M,1991,Michael,765
LA,M,1991,Brandon,588
LA,M,1991,Justin,488
LA,M,1991,Matthew,488
LA,M,1991,James,487
LA,M,1991,John,466
LA,M,1991,Jacob,413
LA,M,1991,Joseph,405
LA,M,1992,Christopher,741
LA,M,1992,Joshua,705
LA,M,1992,Michael,626
LA,M,1992,Brandon,609
LA,M,1992,Tyler,521
LA,M,1992,Matthew,479
LA,M,1992,John,461
LA,M,1992,James,456
LA,M,1992,Justin,446
LA,M,1992,Nicholas,421
LA,M,1993,Christopher,669
LA,M,1993,Michael,633
LA,M,1993,Joshua,609
LA,M,1993,Brandon,606
LA,M,1993,Tyler,483
LA,M,1993,Justin,448
LA,M,1993,Matthew,429
LA,M,1993,James,425
LA,M,1993,Nicholas,419
LA,M,1993,Jacob,405
LA,M,1994,Christopher,594
LA,M,1994,Michael,589
LA,M,1994,Joshua,582
LA,M,1994,Brandon,536
LA,M,1994,Tyler,509
LA,M,1994,John,418
LA,M,1994,Jacob,417
LA,M,1994,Austin,404
LA,M,1994,Matthew,403
LA,M,1994,James,400
LA,M,1995,Joshua,593
LA,M,1995,Christopher,545
LA,M,1995,Michael,538
LA,M,1995,Tyler,522
LA,M,1995,Brandon,518
LA,M,1995,Nicholas,472
LA,M,1995,Austin,448
LA,M,1995,Jacob,418
LA,M,1995,Matthew,411
LA,M,1995,John,388
LA,M,1996,Christopher,518
LA,M,1996,Joshua,514
LA,M,1996,Tyler,504
LA,M,1996,Michael,498
LA,M,1996,Austin,458
LA,M,1996,Brandon,431
LA,M,1996,Jacob,414
LA,M,1996,Nicholas,397
LA,M,1996,Matthew,387
LA,M,1996,John,369
LA,M,1997,Joshua,538
LA,M,1997,Michael,500
LA,M,1997,Christopher,485
LA,M,1997,Tyler,453
LA,M,1997,Jacob,443
LA,M,1997,Austin,433
LA,M,1997,Matthew,431
LA,M,1997,Brandon,420
LA,M,1997,Nicholas,399
LA,M,1997,John,350
LA,M,1998,Jacob,494
LA,M,1998,Joshua,481
LA,M,1998,Michael,465
LA,M,1998,Austin,461
LA,M,1998,Christopher,444
LA,M,1998,Tyler,443
LA,M,1998,Matthew,413
LA,M,1998,Nicholas,406
LA,M,1998,Brandon,370
LA,M,1998,John,341
LA,M,1999,Joshua,461
LA,M,1999,Jacob,451
LA,M,1999,Christopher,427
LA,M,1999,Michael,405
LA,M,1999,Tyler,399
LA,M,1999,Austin,394
LA,M,1999,Matthew,374
LA,M,1999,Cameron,373
LA,M,1999,Nicholas,370
LA,M,1999,Dylan,355
LA,M,2000,Joshua,473
LA,M,2000,Jacob,438
LA,M,2000,Christopher,430
LA,M,2000,Michael,426
LA,M,2000,Tyler,399
LA,M,2000,Nicholas,366
LA,M,2000,Matthew,351
LA,M,2000,Cameron,334
LA,M,2000,John,325
LA,M,2000,Austin,323
LA,M,2001,Jacob,426
LA,M,2001,Joshua,408
LA,M,2001,Michael,389
LA,M,2001,Christopher,362
LA,M,2001,Matthew,345
LA,M,2001,Tyler,336
LA,M,2001,William,322
LA,M,2001,Nicholas,321
LA,M,2001,Cameron,305
LA,M,2001,Ethan,299
LA,M,2002,Joshua,411
LA,M,2002,Jacob,410
LA,M,2002,Michael,398
LA,M,2002,Ethan,352
LA,M,2002,Christopher,330
LA,M,2002,Cameron,311
LA,M,2002,Tyler,308
LA,M,2002,Matthew,304
LA,M,2002,John,293
LA,M,2002,Nicholas,290
LA,M,2003,Jacob,422
LA,M,2003,Ethan,385
LA,M,2003,Joshua,378
LA,M,2003,Michael,338
LA,M,2003,Christopher,332
LA,M,2003,Tyler,308
LA,M,2003,Cameron,283
LA,M,2003,William,279
LA,M,2003,Nicholas,277
LA,M,2003,John,272
LA,M,2004,Ethan,377
LA,M,2004,Joshua,371
LA,M,2004,Jacob,358
LA,M,2004,Michael,332
LA,M,2004,Christopher,311
LA,M,2004,William,304
LA,M,2004,Joseph,288
LA,M,2004,Matthew,286
LA,M,2004,Tyler,276
LA,M,2004,John,273
LA,M,2005,Joshua,324
LA,M,2005,Ethan,322
LA,M,2005,Michael,313
LA,M,2005,Jacob,305
LA,M,2005,William,272
LA,M,2005,John,265
LA,M,2005,Christopher,264
LA,M,2005,Landon,257
LA,M,2005,Tyler,251
LA,M,2005,Matthew,247
LA,M,2006,Ethan,321
LA,M,2006,Landon,319
LA,M,2006,Joshua,304
LA,M,2006,Jacob,293
LA,M,2006,Christopher,279
LA,M,2006,Michael,274
LA,M,2006,Noah,274
LA,M,2006,Cameron,252
LA,M,2006,John,252
LA,M,2006,William,250
LA,M,2007,Joshua,301
LA,M,2007,Jacob,298
LA,M,2007,Ethan,296
LA,M,2007,Michael,288
LA,M,2007,Christopher,286
LA,M,2007,Noah,268
LA,M,2007,Landon,263
LA,M,2007,Jayden,262
LA,M,2007,William,248
LA,M,2007,Joseph,246
LA,M,2008,Ethan,301
LA,M,2008,Jayden,287
LA,M,2008,Christopher,285
LA,M,2008,Jacob,281
LA,M,2008,William,264
LA,M,2008,Michael,260
LA,M,2008,Joshua,249
LA,M,2008,Landon,247
LA,M,2008,Christian,242
LA,M,2008,Noah,225
LA,M,2009,Jayden,301
LA,M,2009,Ethan,289
LA,M,2009,Landon,272
LA,M,2009,Joshua,269
LA,M,2009,Noah,249
LA,M,2009,Michael,240
LA,M,2009,William,239
LA,M,2009,Christopher,234
LA,M,2009,Aiden,233
LA,M,2009,John,231
LA,M,2010,Jayden,313
LA,M,2010,Ethan,265
LA,M,2010,Mason,264
LA,M,2010,Michael,241
LA,M,2010,Noah,239
LA,M,2010,Aiden,227
LA,M,2010,Joshua,227
LA,M,2010,Landon,227
LA,M,2010,Jacob,221
LA,M,2010,Brayden,217
LA,M,2011,Mason,310
LA,M,2011,Jayden,287
LA,M,2011,Aiden,255
LA,M,2011,William,232
LA,M,2011,Landon,230
LA,M,2011,Noah,227
LA,M,2011,Ethan,224
LA,M,2011,Michael,221
LA,M,2011,Elijah,214
LA,M,2011,John,214
LA,M,2012,Mason,312
LA,M,2012,Jayden,263
LA,M,2012,William,248
LA,M,2012,Noah,244
LA,M,2012,Liam,230
LA,M,2012,Michael,216
LA,M,2012,Joshua,214
LA,M,2012,Ethan,213
LA,M,2012,Elijah,210
LA,M,2012,Aiden,209
LA,M,2013,Mason,293
LA,M,2013,Noah,267
LA,M,2013,Liam,251
LA,M,2013,Elijah,245
LA,M,2013,Aiden,234
LA,M,2013,William,227
LA,M,2013,Ethan,213
LA,M,2013,Michael,213
LA,M,2013,James,211
LA,M,2013,John,209
LA,M,2014,Mason,297
LA,M,2014,Liam,274
LA,M,2014,Noah,272
LA,M,2014,William,259
LA,M,2014,Elijah,240
LA,M,2014,John,233
LA,M,2014,Carter,228
LA,M,2014,Luke,227
LA,M,2014,James,222
LA,M,2014,Aiden,220
LA,M,2015,Noah,297
LA,M,2015,Mason,281
LA,M,2015,Liam,266
LA,M,2015,Elijah,256
LA,M,2015,William,231
LA,M,2015,Carter,228
LA,M,2015,John,226
LA,M,2015,Aiden,217
LA,M,2015,James,210
LA,M,2015,Luke,200
LA,M,2016,Liam,281
LA,M,2016,Noah,271
LA,M,2016,Mason,263
LA,M,2016,Elijah,258
LA,M,2016,William,252
LA,M,2016,Luke,237
LA,M,2016,Carter,229
LA,M,2016,John,228
LA,M,2016,James,227
LA,M,2016,Wyatt,197
LA,M,2017,Liam,256
LA,M,2017,Noah,253
LA,M,2017,Mason,248
LA,M,2017,Elijah,241
LA,M,2017,William,230
LA,M,2017,James,219
LA,M,2017,John,203
LA,M,2017,Luke,195
LA,M,2017,Carter,190
LA,M,2017,Grayson,186
LA,M,2018,Noah,274
LA,M,2018,Liam,259
LA,M,2018,Elijah,243
LA,M,2018,James,218
LA,M,2018,William,205
LA,M,2018,Mason,201
LA,M,2018,John,183
LA,M,2018,Luke,182
LA,M,2018,Wyatt,172
LA,M,2018,Oliver,169
LA,M,2019,Noah,287
LA,M,2019,Elijah,282
LA,M,2019,Liam,282
LA,M,2019,James,208
LA,M,2019,William,188
LA,M,2019,John,184
LA,M,2019,Mason,181
LA,M,2019,Luke,174
LA,M,2019,Levi,163
LA,M,2019,Michael,156
