MD,F,1920,Mary,1208
MD,F,1920,Margaret,642
MD,F,1920,Dorothy,583
MD,F,1920,Helen,488
MD,F,1920,Ruth,446
MD,F,1920,Anna,346
MD,F,1920,Doris,345
MD,F,1920,Elizabeth,330
MD,F,1920,Mildred,326
MD,F,1920,Catherine,313
MD,F,1921,Mary,1302
MD,F,1921,Dorothy,669
MD,F,1921,Margaret,600
MD,F,1921,Helen,512
MD,F,1921,Ruth,400
MD,F,1921,Doris,350
MD,F,1921,Anna,343
MD,F,1921,Elizabeth,328
MD,F,1921,Mildred,327
MD,F,1921,Catherine,286
MD,F,1922,Mary,1189
MD,F,1922,Dorothy,646
MD,F,1922,Margaret,619
MD,F,1922,Helen,450
MD,F,1922,Ruth,379
MD,F,1922,Doris,334
MD,F,1922,Anna,323
MD,F,1922,Elizabeth,316
MD,F,1922,Catherine,297
MD,F,1922,Mildred,279
MD,F,1923,Mary,1226
MD,F,1923,Dorothy,629
MD,F,1923,Margaret,555
MD,F,1923,Helen,469
MD,F,1923,Ruth,378
MD,F,1923,Doris,347
MD,F,1923,Elizabeth,343
MD,F,1923,Mildred,307
MD,F,1923,Anna,292
MD,F,1923,Betty,283
MD,F,1924,Mary,1248
MD,F,1924,Dorothy,611
MD,F,1924,Margaret,550
MD,F,1924,Helen,416
MD,F,1924,Ruth,409
MD,F,1924,Betty,403
MD,F,1924,Doris,392
MD,F,1924,Elizabeth,306
MD,F,1924,Anna,301
MD,F,1924,Catherine,288
MD,F,1925,Mary,1181
MD,F,1925,Dorothy,574
MD,F,1925,Margaret,480
MD,F,1925,Betty,433
MD,F,1925,Helen,408
MD,F,1925,Doris,405
MD,F,1925,Ruth,348
MD,F,1925,Anna,280
MD,F,1925,Elizabeth,263
MD,F,1925,Catherine,258
MD,F,1926,Mary,1145
MD,F,1926,Betty,502
MD,F,1926,Dorothy,491
MD,F,1926,Margaret,451
MD,F,1926,Helen,405
MD,F,1926,Doris,379
MD,F,1926,Ruth,330
MD,F,1926,Elizabeth,272
MD,F,1926,Catherine,257
MD,F,1926,Anna,247
MD,F,1927,Mary,1201
MD,F,1927,Dorothy,581
MD,F,1927,Betty,575
MD,F,1927,Margaret,469
MD,F,1927,Helen,376
MD,F,1927,Doris,346
MD,F,1927,Ruth,327
MD,F,1927,Catherine,272
MD,F,1927,Anna,270
MD,F,1927,Elizabeth,267
MD,F,1928,Mary,1132
MD,F,1928,Betty,580
MD,F,1928,Dorothy,479
MD,F,1928,Margaret,432
MD,F,1928,Doris,398
MD,F,1928,Helen,339
MD,F,1928,Ruth,287
MD,F,1928,Anna,250
MD,F,1928,Elizabeth,236
MD,F,1928,Shirley,195
MD,F,1929,Mary,1050
MD,F,1929,Betty,551
MD,F,1929,Dorothy,513
MD,F,1929,Margaret,376
MD,F,1929,Doris,348
MD,F,1929,Helen,318
MD,F,1929,Ruth,262
MD,F,1929,Elizabeth,244
MD,F,1929,Shirley,241
MD,F,1929,Anna,226
MD,F,1930,Mary,1044
MD,F,1930,Betty,557
MD,F,1930,Dorothy,443
MD,F,1930,Doris,336
MD,F,1930,Margaret,336
MD,F,1930,Helen,316
MD,F,1930,Shirley,280
MD,F,1930,Ruth,264
MD,F,1930,Elizabeth,229
MD,F,1930,Dolores,222
MD,F,1931,Mary,930
MD,F,1931,Betty,535
MD,F,1931,Dorothy,366
MD,F,1931,Margaret,353
MD,F,1931,Doris,281
MD,F,1931,Helen,260
MD,F,1931,Shirley,256
MD,F,1931,Ruth,229
MD,F,1931,Elizabeth,208
MD,F,1931,Anna,200
MD,F,1932,Mary,995
MD,F,1932,Betty,501
MD,F,1932,Dorothy,378
MD,F,1932,Margaret,348
MD,F,1932,Joan,291
MD,F,1932,Shirley,282
MD,F,1932,Doris,278
MD,F,1932,Helen,269
MD,F,1932,Barbara,230
MD,F,1932,Patricia,212
MD,F,1933,Mary,904
MD,F,1933,Betty,486
MD,F,1933,Dorothy,354
MD,F,1933,Margaret,313
MD,F,1933,Joan,300
MD,F,1933,Patricia,267
MD,F,1933,Shirley,258
MD,F,1933,Doris,255
MD,F,1933,Barbara,254
MD,F,1933,Helen,220
MD,F,1934,Mary,886
MD,F,1934,Shirley,461
MD,F,1934,Betty,421
MD,F,1934,Dorothy,312
MD,F,1934,Joan,309
MD,F,1934,Barbara,307
MD,F,1934,Patricia,291
MD,F,1934,Margaret,282
MD,F,1934,Doris,235
MD,F,1934,Nancy,219
MD,F,1935,Mary,882
MD,F,1935,Shirley,809
MD,F,1935,Joan,351
MD,F,1935,Betty,340
MD,F,1935,Patricia,334
MD,F,1935,Margaret,311
MD,F,1935,Barbara,283
MD,F,1935,Dorothy,272
MD,F,1935,Nancy,236
MD,F,1935,Doris,207
MD,F,1936,Mary,875
MD,F,1936,Shirley,623
MD,F,1936,Barbara,359
MD,F,1936,Patricia,355
MD,F,1936,Betty,322
MD,F,1936,Joan,306
MD,F,1936,Margaret,277
MD,F,1936,Nancy,253
MD,F,1936,Dorothy,239
MD,F,1936,Helen,195
MD,F,1937,Mary,877
MD,F,1937,Shirley,497
MD,F,1937,Patricia,443
MD,F,1937,Barbara,386
MD,F,1937,Margaret,319
MD,F,1937,Dorothy,296
MD,F,1937,Joan,269
MD,F,1937,Betty,263
MD,F,1937,Nancy,242
MD,F,1937,Doris,216
MD,F,1938,Mary,890
MD,F,1938,Barbara,595
MD,F,1938,Patricia,431
MD,F,1938,Shirley,428
MD,F,1938,Margaret,307
MD,F,1938,Betty,283
MD,F,1938,Nancy,275
MD,F,1938,Joan,258
MD,F,1938,Dorothy,256
MD,F,1938,Elizabeth,188
MD,F,1939,Mary,847
MD,F,1939,Barbara,498
MD,F,1939,Patricia,422
MD,F,1939,Shirley,339
MD,F,1939,Nancy,326
MD,F,1939,Joan,298
MD,F,1939,Margaret,288
MD,F,1939,Betty,287
MD,F,1939,Dorothy,228
MD,F,1939,Catherine,181
MD,F,1940,Mary,905
MD,F,1940,Patricia,566
MD,F,1940,Barbara,547
MD,F,1940,Margaret,324
MD,F,1940,Joan,296
MD,F,1940,Nancy,290
MD,F,1940,Shirley,276
MD,F,1940,Dorothy,271
MD,F,1940,Betty,260
MD,F,1940,Joyce,211
MD,F,1941,Mary,988
MD,F,1941,Patricia,644
MD,F,1941,Barbara,640
MD,F,1941,Nancy,375
MD,F,1941,Shirley,321
MD,F,1941,Joan,314
MD,F,1941,Margaret,314
MD,F,1941,Dorothy,265
MD,F,1941,Joyce,262
MD,F,1941,Betty,255
MD,F,1942,Mary,1064
MD,F,1942,Patricia,798
MD,F,1942,Barbara,786
MD,F,1942,Nancy,400
MD,F,1942,Margaret,374
MD,F,1942,Carol,369
MD,F,1942,Carolyn,345
MD,F,1942,Joyce,329
MD,F,1942,Linda,326
MD,F,1942,Shirley,300
MD,F,1943,Mary,1192
MD,F,1943,Barbara,778
MD,F,1943,Patricia,712
MD,F,1943,Nancy,447
MD,F,1943,Linda,417
MD,F,1943,Carol,406
MD,F,1943,Margaret,381
MD,F,1943,Carolyn,376
MD,F,1943,Sandra,337
MD,F,1943,Joyce,325
MD,F,1944,Mary,1082
MD,F,1944,Barbara,693
MD,F,1944,Patricia,665
MD,F,1944,Linda,460
MD,F,1944,Carol,441
MD,F,1944,Nancy,376
MD,F,1944,Margaret,360
MD,F,1944,Sandra,339
MD,F,1944,Carolyn,332
MD,F,1944,Joyce,314
MD,F,1945,Mary,965
MD,F,1945,Barbara,702
MD,F,1945,Patricia,630
MD,F,1945,Linda,515
MD,F,1945,Carol,445
MD,F,1945,Nancy,385
MD,F,1945,Margaret,341
MD,F,1945,Sandra,336
MD,F,1945,Carolyn,307
MD,F,1945,Joyce,300
MD,F,1946,Mary,1183
MD,F,1946,Patricia,828
MD,F,1946,Barbara,825
MD,F,1946,Linda,674
MD,F,1946,Carol,508
MD,F,1946,Nancy,503
MD,F,1946,Sharon,426
MD,F,1946,Carolyn,386
MD,F,1946,Sandra,377
MD,F,1946,Margaret,374
MD,F,1947,Linda,1505
MD,F,1947,Mary,1255
MD,F,1947,Patricia,919
MD,F,1947,Barbara,879
MD,F,1947,Nancy,555
MD,F,1947,Sharon,553
MD,F,1947,Sandra,472
MD,F,1947,Susan,461
MD,F,1947,Carol,445
MD,F,1947,Margaret,413
MD,F,1948,Linda,1419
MD,F,1948,Mary,1041
MD,F,1948,Barbara,902
MD,F,1948,Patricia,792
MD,F,1948,Sharon,541
MD,F,1948,Susan,450
MD,F,1948,Nancy,422
MD,F,1948,Sandra,419
MD,F,1948,Carol,390
MD,F,1948,Margaret,386
MD,F,1949,Linda,1346
MD,F,1949,Mary,1023
MD,F,1949,Barbara,781
MD,F,1949,Patricia,757
MD,F,1949,Sharon,589
MD,F,1949,Susan,547
MD,F,1949,Nancy,430
MD,F,1949,Deborah,414
MD,F,1949,Margaret,380
MD,F,1949,Sandra,380
MD,F,1950,Linda,1180
MD,F,1950,Mary,1028
MD,F,1950,Patricia,852
MD,F,1950,Barbara,771
MD,F,1950,Deborah,614
MD,F,1950,Sharon,586
MD,F,1950,Susan,482
MD,F,1950,Sandra,464
MD,F,1950,Nancy,456
MD,F,1950,Carol,343
MD,F,1951,Linda,1135
MD,F,1951,Mary,1063
MD,F,1951,Patricia,1028
MD,F,1951,Deborah,886
MD,F,1951,Barbara,721
MD,F,1951,Susan,586
MD,F,1951,Sharon,568
MD,F,1951,Nancy,468
MD,F,1951,Donna,382
MD,F,1951,Sandra,382
MD,F,1952,Mary,1088
MD,F,1952,Deborah,1075
MD,F,1952,Linda,1069
MD,F,1952,Patricia,982
MD,F,1952,Barbara,715
MD,F,1952,Susan,653
MD,F,1952,Sharon,589
MD,F,1952,Nancy,488
MD,F,1952,Karen,412
MD,F,1952,Donna,403
MD,F,1953,Deborah,1137
MD,F,1953,Mary,1128
MD,F,1953,Linda,977
MD,F,1953,Patricia,939
MD,F,1953,Susan,692
MD,F,1953,Barbara,669
MD,F,1953,Sharon,528
MD,F,1953,Karen,511
MD,F,1953,Nancy,461
MD,F,1953,Donna,430
MD,F,1954,Deborah,1240
MD,F,1954,Mary,1206
MD,F,1954,Linda,955
MD,F,1954,Patricia,913
MD,F,1954,Barbara,686
MD,F,1954,Susan,685
MD,F,1954,Sharon,576
MD,F,1954,Debra,555
MD,F,1954,Karen,538
MD,F,1954,Donna,494
MD,F,1955,Deborah,1333
MD,F,1955,Mary,1105
MD,F,1955,Patricia,847
MD,F,1955,Linda,816
MD,F,1955,Susan,693
MD,F,1955,Barbara,672
MD,F,1955,Sharon,592
MD,F,1955,Debra,590
MD,F,1955,Karen,580
MD,F,1955,Donna,544
MD,F,1956,Deborah,1154
MD,F,1956,Mary,1107
MD,F,1956,Linda,773
MD,F,1956,Patricia,768
MD,F,1956,Karen,763
MD,F,1956,Susan,750
MD,F,1956,Sharon,712
MD,F,1956,Barbara,603
MD,F,1956,Donna,593
MD,F,1956,Debra,529
MD,F,1957,Deborah,1015
MD,F,1957,Mary,1014
MD,F,1957,Patricia,791
MD,F,1957,Karen,738
MD,F,1957,Susan,702
MD,F,1957,Linda,694
MD,F,1957,Sharon,650
MD,F,1957,Cynthia,631
MD,F,1957,Barbara,580
MD,F,1957,Donna,535
MD,F,1958,Mary,1013
MD,F,1958,Deborah,822
MD,F,1958,Karen,744
MD,F,1958,Patricia,737
MD,F,1958,Susan,730
MD,F,1958,Linda,687
MD,F,1958,Barbara,585
MD,F,1958,Sharon,576
MD,F,1958,Donna,517
MD,F,1958,Cynthia,498
MD,F,1959,Mary,1002
MD,F,1959,Donna,821
MD,F,1959,Karen,782
MD,F,1959,Deborah,747
MD,F,1959,Patricia,668
MD,F,1959,Linda,661
MD,F,1959,Susan,644
MD,F,1959,Cynthia,540
MD,F,1959,Sharon,532
MD,F,1959,Barbara,487
MD,F,1960,Mary,920
MD,F,1960,Donna,742
MD,F,1960,Karen,731
MD,F,1960,Linda,651
MD,F,1960,Patricia,643
MD,F,1960,Deborah,617
MD,F,1960,Susan,607
MD,F,1960,Barbara,508
MD,F,1960,Sharon,500
MD,F,1960,Lisa,499
MD,F,1961,Mary,849
MD,F,1961,Karen,717
MD,F,1961,Donna,656
MD,F,1961,Lisa,624
MD,F,1961,Linda,616
MD,F,1961,Susan,615
MD,F,1961,Patricia,537
MD,F,1961,Sharon,528
MD,F,1961,Brenda,506
MD,F,1961,Barbara,496
MD,F,1962,Mary,815
MD,F,1962,Karen,694
MD,F,1962,Lisa,649
MD,F,1962,Donna,593
MD,F,1962,Susan,562
MD,F,1962,Linda,525
MD,F,1962,Patricia,512
MD,F,1962,Deborah,504
MD,F,1962,Sharon,497
MD,F,1962,Kimberly,436
MD,F,1963,Lisa,912
MD,F,1963,Mary,827
MD,F,1963,Karen,736
MD,F,1963,Donna,610
MD,F,1963,Susan,555
MD,F,1963,Patricia,522
MD,F,1963,Kimberly,484
MD,F,1963,Deborah,475
MD,F,1963,Linda,464
MD,F,1963,Sharon,399
MD,F,1964,Lisa,979
MD,F,1964,Mary,729
MD,F,1964,Karen,672
MD,F,1964,Kimberly,551
MD,F,1964,Susan,540
MD,F,1964,Donna,531
MD,F,1964,Patricia,513
MD,F,1964,Deborah,438
MD,F,1964,Linda,423
MD,F,1964,Robin,397
MD,F,1965,Lisa,1176
MD,F,1965,Karen,808
MD,F,1965,Mary,713
MD,F,1965,Kimberly,677
MD,F,1965,Donna,488
MD,F,1965,Patricia,462
MD,F,1965,Susan,457
MD,F,1965,Dawn,388
MD,F,1965,Sharon,381
MD,F,1965,Deborah,364
MD,F,1966,Lisa,1103
MD,F,1966,Kimberly,731
MD,F,1966,Karen,598
MD,F,1966,Mary,539
MD,F,1966,Michelle,453
MD,F,1966,Donna,413
MD,F,1966,Patricia,408
MD,F,1966,Susan,396
MD,F,1966,Deborah,380
MD,F,1966,Dawn,368
MD,F,1967,Lisa,999
MD,F,1967,Kimberly,802
MD,F,1967,Mary,530
MD,F,1967,Michelle,522
MD,F,1967,Karen,509
MD,F,1967,Dawn,415
MD,F,1967,Susan,396
MD,F,1967,Donna,389
MD,F,1967,Patricia,350
MD,F,1967,Melissa,337
MD,F,1968,Lisa,947
MD,F,1968,Kimberly,715
MD,F,1968,Michelle,590
MD,F,1968,Jennifer,488
MD,F,1968,Karen,487
MD,F,1968,Mary,439
MD,F,1968,Melissa,414
MD,F,1968,Laura,399
MD,F,1968,Dawn,382
MD,F,1968,Tammy,353
MD,F,1969,Lisa,864
MD,F,1969,Kimberly,756
MD,F,1969,Jennifer,617
MD,F,1969,Michelle,578
MD,F,1969,Karen,400
MD,F,1969,Melissa,397
MD,F,1969,Mary,383
MD,F,1969,Laura,347
MD,F,1969,Amy,345
MD,F,1969,Kelly,340
MD,F,1970,Kimberly,743
MD,F,1970,Jennifer,724
MD,F,1970,Lisa,724
MD,F,1970,Michelle,499
MD,F,1970,Melissa,422
MD,F,1970,Karen,393
MD,F,1970,Mary,371
MD,F,1970,Dawn,361
MD,F,1970,Tammy,348
MD,F,1970,Amy,347
MD,F,1971,Jennifer,920
MD,F,1971,Kimberly,660
MD,F,1971,Lisa,615
MD,F,1971,Michelle,525
MD,F,1971,Dawn,427
MD,F,1971,Amy,374
MD,F,1971,Melissa,369
MD,F,1971,Angela,357
MD,F,1971,Karen,353
MD,F,1971,Tammy,352
MD,F,1972,Jennifer,1047
MD,F,1972,Kimberly,470
MD,F,1972,Lisa,462
MD,F,1972,Michelle,448
MD,F,1972,Amy,397
MD,F,1972,Melissa,359
MD,F,1972,Nicole,321
MD,F,1972,Angela,315
MD,F,1972,Tammy,307
MD,F,1972,Dawn,296
MD,F,1973,Jennifer,1077
MD,F,1973,Michelle,417
MD,F,1973,Amy,406
MD,F,1973,Kimberly,406
MD,F,1973,Lisa,370
MD,F,1973,Melissa,339
MD,F,1973,Heather,298
MD,F,1973,Nicole,294
MD,F,1973,Angela,251
MD,F,1973,Stephanie,251
MD,F,1974,Jennifer,1007
MD,F,1974,Amy,451
MD,F,1974,Michelle,411
MD,F,1974,Kimberly,400
MD,F,1974,Heather,351
MD,F,1974,Melissa,337
MD,F,1974,Lisa,317
MD,F,1974,Angela,310
MD,F,1974,Nicole,262
MD,F,1974,Dawn,238
MD,F,1975,Jennifer,905
MD,F,1975,Amy,426
MD,F,1975,Kimberly,374
MD,F,1975,Heather,371
MD,F,1975,Angela,351
MD,F,1975,Michelle,334
MD,F,1975,Melissa,328
MD,F,1975,Nicole,265
MD,F,1975,Christina,264
MD,F,1975,Lisa,254
MD,F,1976,Jennifer,893
MD,F,1976,Amy,423
MD,F,1976,Melissa,365
MD,F,1976,Heather,345
MD,F,1976,Kimberly,305
MD,F,1976,Michelle,302
MD,F,1976,Angela,295
MD,F,1976,Nicole,270
MD,F,1976,Christina,267
MD,F,1976,Shannon,257
MD,F,1977,Jennifer,902
MD,F,1977,Melissa,401
MD,F,1977,Jessica,367
MD,F,1977,Amy,356
MD,F,1977,Kelly,337
MD,F,1977,Heather,326
MD,F,1977,Kimberly,326
MD,F,1977,Christina,303
MD,F,1977,Angela,277
MD,F,1977,Shannon,272
MD,F,1978,Jennifer,908
MD,F,1978,Jessica,392
MD,F,1978,Melissa,383
MD,F,1978,Christina,338
MD,F,1978,Amy,326
MD,F,1978,Heather,326
MD,F,1978,Nicole,325
MD,F,1978,Kelly,300
MD,F,1978,Kimberly,285
MD,F,1978,Angela,284
MD,F,1979,Jennifer,932
MD,F,1979,Melissa,485
MD,F,1979,Jessica,445
MD,F,1979,Amanda,374
MD,F,1979,Christina,367
MD,F,1979,Nicole,349
MD,F,1979,Kimberly,321
MD,F,1979,Heather,311
MD,F,1979,Kelly,308
MD,F,1979,Amy,297
MD,F,1980,Jennifer,904
MD,F,1980,Jessica,539
MD,F,1980,Melissa,432
MD,F,1980,Amanda,379
MD,F,1980,Christina,368
MD,F,1980,Heather,336
MD,F,1980,Sarah,335
MD,F,1980,Nicole,334
MD,F,1980,Kimberly,319
MD,F,1980,Kelly,301
MD,F,1981,Jennifer,892
MD,F,1981,Jessica,707
MD,F,1981,Amanda,426
MD,F,1981,Sarah,384
MD,F,1981,Melissa,370
MD,F,1981,Nicole,357
MD,F,1981,Heather,343
MD,F,1981,Christina,322
MD,F,1981,Rebecca,316
MD,F,1981,Tiffany,306
MD,F,1982,Jennifer,972
MD,F,1982,Jessica,677
MD,F,1982,Amanda,464
MD,F,1982,Sarah,395
MD,F,1982,Nicole,385
MD,F,1982,Stephanie,378
MD,F,1982,Heather,367
MD,F,1982,Melissa,360
MD,F,1982,Christina,329
MD,F,1982,Crystal,326
MD,F,1983,Jennifer,858
MD,F,1983,Jessica,758
MD,F,1983,Ashley,533
MD,F,1983,Amanda,447
MD,F,1983,Sarah,421
MD,F,1983,Heather,404
MD,F,1983,Nicole,379
MD,F,1983,Stephanie,368
MD,F,1983,Crystal,351
MD,F,1983,Melissa,349
MD,F,1984,Jennifer,859
MD,F,1984,Jessica,710
MD,F,1984,Ashley,661
MD,F,1984,Amanda,534
MD,F,1984,Heather,459
MD,F,1984,Sarah,425
MD,F,1984,Stephanie,385
MD,F,1984,Lauren,378
MD,F,1984,Nicole,362
MD,F,1984,Danielle,332
MD,F,1985,Ashley,879
MD,F,1985,Jennifer,760
MD,F,1985,Jessica,752
MD,F,1985,Amanda,633
MD,F,1985,Sarah,444
MD,F,1985,Nicole,440
MD,F,1985,Heather,423
MD,F,1985,Stephanie,401
MD,F,1985,Lauren,388
MD,F,1985,Christina,369
MD,F,1986,Ashley,982
MD,F,1986,Jessica,875
MD,F,1986,Amanda,698
MD,F,1986,Jennifer,639
MD,F,1986,Sarah,561
MD,F,1986,Lauren,427
MD,F,1986,Nicole,405
MD,F,1986,Heather,404
MD,F,1986,Brittany,402
MD,F,1986,Stephanie,377
MD,F,1987,Ashley,1056
MD,F,1987,Jessica,901
MD,F,1987,Amanda,819
MD,F,1987,Jennifer,593
MD,F,1987,Brittany,575
MD,F,1987,Sarah,525
MD,F,1987,Lauren,424
MD,F,1987,Stephanie,382
MD,F,1987,Heather,373
MD,F,1987,Nicole,356
MD,F,1988,Ashley,1002
MD,F,1988,Jessica,866
MD,F,1988,Amanda,737
MD,F,1988,Brittany,637
MD,F,1988,Sarah,617
MD,F,1988,Jennifer,527
MD,F,1988,Lauren,450
MD,F,1988,Stephanie,395
MD,F,1988,Samantha,385
MD,F,1988,Nicole,371
MD,F,1989,Ashley,963
MD,F,1989,Brittany,904
MD,F,1989,Jessica,829
MD,F,1989,Amanda,706
MD,F,1989,Sarah,572
MD,F,1989,Lauren,493
MD,F,1989,Samantha,456
MD,F,1989,Jennifer,443
MD,F,1989,Megan,435
MD,F,1989,Stephanie,404
MD,F,1990,Brittany,903
MD,F,1990,Ashley,883
MD,F,1990,Jessica,798
MD,F,1990,Amanda,648
MD,F,1990,Sarah,561
MD,F,1990,Samantha,506
MD,F,1990,Lauren,499
MD,F,1990,Emily,448
MD,F,1990,Stephanie,411
MD,F,1990,Jennifer,406
MD,F,1991,Ashley,794
MD,F,1991,Jessica,735
MD,F,1991,Brittany,652
MD,F,1991,Sarah,554
MD,F,1991,Amanda,548
MD,F,1991,Samantha,477
MD,F,1991,Lauren,461
MD,F,1991,Megan,437
MD,F,1991,Emily,433
MD,F,1991,Rachel,373
MD,F,1992,Ashley,708
MD,F,1992,Jessica,636
MD,F,1992,Sarah,527
MD,F,1992,Brittany,522
MD,F,1992,Amanda,487
MD,F,1992,Samantha,484
MD,F,1992,Emily,479
MD,F,1992,Lauren,414
MD,F,1992,Rachel,365
MD,F,1992,Megan,348
MD,F,1993,Ashley,580
MD,F,1993,Jessica,543
MD,F,1993,Sarah,507
MD,F,1993,Brittany,492
MD,F,1993,Emily,475
MD,F,1993,Samantha,432
MD,F,1993,Amanda,390
MD,F,1993,Rachel,355
MD,F,1993,Taylor,344
MD,F,1993,Lauren,335
MD,F,1994,Ashley,488
MD,F,1994,Jessica,477
MD,F,1994,Emily,475
MD,F,1994,Sarah,474
MD,F,1994,Samantha,401
MD,F,1994,Taylor,391
MD,F,1994,Amanda,365
MD,F,1994,Rachel,358
MD,F,1994,Brittany,339
MD,F,1994,Megan,335
MD,F,1995,Emily,475
MD,F,1995,Jessica,435
MD,F,1995,Sarah,421
MD,F,1995,Ashley,411
MD,F,1995,Samantha,406
MD,F,1995,Taylor,400
MD,F,1995,Rachel,362
MD,F,1995,Megan,325
MD,F,1995,Brittany,314
MD,F,1995,Amanda,305
MD,F,1996,Emily,488
MD,F,1996,Sarah,452
MD,F,1996,Rachel,410
MD,F,1996,Ashley,407
MD,F,1996,Jessica,401
MD,F,1996,Taylor,394
MD,F,1996,Kayla,361
MD,F,1996,Samantha,351
MD,F,1996,Hannah,328
MD,F,1996,Megan,308
MD,F,1997,Emily,458
MD,F,1997,Taylor,426
MD,F,1997,Sarah,370
MD,F,1997,Samantha,343
MD,F,1997,Hannah,340
MD,F,1997,Kayla,326
MD,F,1997,Ashley,325
MD,F,1997,Rachel,324
MD,F,1997,Alexis,314
MD,F,1997,Megan,288
MD,F,1998,Emily,477
MD,F,1998,Taylor,421
MD,F,1998,Sarah,415
MD,F,1998,Alexis,404
MD,F,1998,Kayla,381
MD,F,1998,Hannah,335
MD,F,1998,Samantha,315
MD,F,1998,Jessica,291
MD,F,1998,Madison,289
MD,F,1998,Ashley,286
MD,F,1999,Emily,476
MD,F,1999,Sarah,394
MD,F,1999,Taylor,379
MD,F,1999,Hannah,363
MD,F,1999,Kayla,355
MD,F,1999,Samantha,305
MD,F,1999,Alexis,297
MD,F,1999,Madison,276
MD,F,1999,Jessica,274
MD,F,1999,Rachel,267
MD,F,2000,Emily,459
MD,F,2000,Kayla,397
MD,F,2000,Hannah,389
MD,F,2000,Sarah,356
MD,F,2000,Taylor,352
MD,F,2000,Madison,349
MD,F,2000,Alexis,289
MD,F,2000,Elizabeth,266
MD,F,2000,Jessica,265
MD,F,2000,Samantha,265
MD,F,2001,Emily,450
MD,F,2001,Kayla,373
MD,F,2001,Madison,353
MD,F,2001,Hannah,342
MD,F,2001,Sarah,329
MD,F,2001,Taylor,299
MD,F,2001,Alexis,286
MD,F,2001,Abigail,276
MD,F,2001,Samantha,266
MD,F,2001,Emma,256
MD,F,2002,Madison,422
MD,F,2002,Emily,391
MD,F,2002,Kayla,331
MD,F,2002,Sarah,319
MD,F,2002,Hannah,314
MD,F,2002,Abigail,289
MD,F,2002,Emma,271
MD,F,2002,Olivia,259
MD,F,2002,Taylor,249
MD,F,2002,Alexis,241
MD,F,2003,Emily,429
MD,F,2003,Madison,369
MD,F,2003,Emma,364
MD,F,2003,Kayla,320
MD,F,2003,Hannah,299
MD,F,2003,Olivia,295
MD,F,2003,Sarah,278
MD,F,2003,Abigail,253
MD,F,2003,Grace,253
MD,F,2003,Alexis,244
MD,F,2004,Madison,431
MD,F,2004,Emily,385
MD,F,2004,Emma,356
MD,F,2004,Kayla,320
MD,F,2004,Hannah,291
MD,F,2004,Abigail,275
MD,F,2004,Olivia,262
MD,F,2004,Sarah,260
MD,F,2004,Elizabeth,232
MD,F,2004,Grace,231
MD,F,2005,Emily,401
MD,F,2005,Madison,364
MD,F,2005,Emma,309
MD,F,2005,Abigail,296
MD,F,2005,Kayla,289
MD,F,2005,Olivia,270
MD,F,2005,Sophia,253
MD,F,2005,Hannah,242
MD,F,2005,Grace,230
MD,F,2005,Sarah,229
MD,F,2006,Madison,375
MD,F,2006,Emily,308
MD,F,2006,Abigail,291
MD,F,2006,Emma,287
MD,F,2006,Ava,273
MD,F,2006,Isabella,263
MD,F,2006,Sophia,242
MD,F,2006,Olivia,240
MD,F,2006,Sarah,231
MD,F,2006,Hannah,230
MD,F,2007,Madison,376
MD,F,2007,Emily,311
MD,F,2007,Ava,300
MD,F,2007,Olivia,289
MD,F,2007,Abigail,276
MD,F,2007,Sophia,275
MD,F,2007,Emma,269
MD,F,2007,Isabella,268
MD,F,2007,Hannah,222
MD,F,2007,Grace,210
MD,F,2008,Madison,383
MD,F,2008,Emily,294
MD,F,2008,Emma,291
MD,F,2008,Olivia,286
MD,F,2008,Ava,276
MD,F,2008,Sophia,269
MD,F,2008,Isabella,248
MD,F,2008,Abigail,247
MD,F,2008,Taylor,234
MD,F,2008,Chloe,214
MD,F,2009,Madison,338
MD,F,2009,Olivia,332
MD,F,2009,Ava,288
MD,F,2009,Isabella,284
MD,F,2009,Emma,270
MD,F,2009,Sophia,266
MD,F,2009,Abigail,257
MD,F,2009,Chloe,229
MD,F,2009,Emily,222
MD,F,2009,Taylor,209
MD,F,2010,Sophia,344
MD,F,2010,Madison,302
MD,F,2010,Isabella,294
MD,F,2010,Olivia,294
MD,F,2010,Abigail,282
MD,F,2010,Ava,277
MD,F,2010,Emma,272
MD,F,2010,Chloe,244
MD,F,2010,Emily,229
MD,F,2010,Elizabeth,174
MD,F,2011,Sophia,367
MD,F,2011,Olivia,299
MD,F,2011,Isabella,296
MD,F,2011,Madison,290
MD,F,2011,Ava,284
MD,F,2011,Emma,281
MD,F,2011,Abigail,252
MD,F,2011,Chloe,243
MD,F,2011,Emily,231
MD,F,2011,Elizabeth,168
MD,F,2012,Sophia,359
MD,F,2012,Emma,318
MD,F,2012,Ava,309
MD,F,2012,Olivia,306
MD,F,2012,Isabella,300
MD,F,2012,Madison,258
MD,F,2012,Abigail,256
MD,F,2012,Emily,227
MD,F,2012,Chloe,202
MD,F,2012,Elizabeth,185
MD,F,2013,Sophia,303
MD,F,2013,Olivia,301
MD,F,2013,Ava,288
MD,F,2013,Emma,285
MD,F,2013,Abigail,239
MD,F,2013,Isabella,239
MD,F,2013,Madison,229
MD,F,2013,Emily,225
MD,F,2013,Charlotte,186
MD,F,2013,Elizabeth,180
MD,F,2014,Olivia,348
MD,F,2014,Ava,334
MD,F,2014,Emma,300
MD,F,2014,Sophia,272
MD,F,2014,Abigail,230
MD,F,2014,Isabella,221
MD,F,2014,Madison,216
MD,F,2014,Emily,211
MD,F,2014,Charlotte,187
MD,F,2014,Mia,176
MD,F,2015,Olivia,321
MD,F,2015,Ava,308
MD,F,2015,Sophia,308
MD,F,2015,Emma,278
MD,F,2015,Charlotte,234
MD,F,2015,Madison,218
MD,F,2015,Isabella,216
MD,F,2015,Mia,203
MD,F,2015,Abigail,202
MD,F,2015,Elizabeth,186
MD,F,2016,Ava,308
MD,F,2016,Olivia,299
MD,F,2016,Emma,258
MD,F,2016,Charlotte,254
MD,F,2016,Sophia,251
MD,F,2016,Abigail,238
MD,F,2016,Isabella,215
MD,F,2016,Harper,204
MD,F,2016,Elizabeth,200
MD,F,2016,Emily,188
MD,F,2017,Ava,343
MD,F,2017,Olivia,283
MD,F,2017,Emma,267
MD,F,2017,Sophia,259
MD,F,2017,Charlotte,220
MD,F,2017,Isabella,207
MD,F,2017,Mia,207
MD,F,2017,Abigail,204
MD,F,2017,Harper,192
MD,F,2017,Amelia,186
MD,F,2018,Ava,312
MD,F,2018,Olivia,265
MD,F,2018,Charlotte,256
MD,F,2018,Emma,251
MD,F,2018,Sophia,232
MD,F,2018,Isabella,201
MD,F,2018,Mia,185
MD,F,2018,Harper,182
MD,F,2018,Amelia,180
MD,F,2018,Evelyn,175
MD,F,2019,Olivia,324
MD,F,2019,Ava,275
MD,F,2019,Sophia,266
MD,F,2019,Emma,229
MD,F,2019,Charlotte,227
MD,F,2019,Isabella,207
MD,F,2019,Mia,206
MD,F,2019,Abigail,185
MD,F,2019,Amelia,174
MD,F,2019,Harper,172
MD,M,1920,William,1020
MD,M,1920,John,895
MD,M,1920,James,745
MD,M,1920,Charles,727
MD,M,1920,Robert,495
MD,M,1920,Joseph,479
MD,M,1920,George,465
MD,M,1920,Edward,389
MD,M,1920,Thomas,274
MD,M,1920,Harry,227
MD,M,1921,William,1063
MD,M,1921,John,895
MD,M,1921,Charles,766
MD,M,1921,James,717
MD,M,1921,Robert,534
MD,M,1921,George,533
MD,M,1921,Joseph,519
MD,M,1921,Edward,352
MD,M,1921,Thomas,263
MD,M,1921,Harry,235
MD,M,1922,William,1022
MD,M,1922,John,851
MD,M,1922,James,687
MD,M,1922,Charles,675
MD,M,1922,Robert,532
MD,M,1922,George,520
MD,M,1922,Joseph,447
MD,M,1922,Edward,321
MD,M,1922,Thomas,253
MD,M,1922,Richard,227
MD,M,1923,William,1002
MD,M,1923,John,922
MD,M,1923,James,701
MD,M,1923,Charles,690
MD,M,1923,Robert,526
MD,M,1923,George,500
MD,M,1923,Joseph,493
MD,M,1923,Edward,305
MD,M,1923,Thomas,274
MD,M,1923,Paul,220
MD,M,1924,William,1097
MD,M,1924,John,922
MD,M,1924,James,766
MD,M,1924,Charles,741
MD,M,1924,Robert,676
MD,M,1924,George,479
MD,M,1924,Joseph,446
MD,M,1924,Edward,295
MD,M,1924,Richard,280
MD,M,1924,Thomas,278
MD,M,1925,William,1004
MD,M,1925,John,972
MD,M,1925,James,763
MD,M,1925,Charles,718
MD,M,1925,Robert,673
MD,M,1925,George,494
MD,M,1925,Joseph,476
MD,M,1925,Thomas,326
MD,M,1925,Edward,288
MD,M,1925,Richard,270
MD,M,1926,William,999
MD,M,1926,John,882
MD,M,1926,James,742
MD,M,1926,Charles,691
MD,M,1926,Robert,682
MD,M,1926,George,485
MD,M,1926,Joseph,465
MD,M,1926,Edward,320
MD,M,1926,Richard,300
MD,M,1926,Thomas,277
MD,M,1927,William,990
MD,M,1927,John,851
MD,M,1927,James,760
MD,M,1927,Charles,709
MD,M,1927,Robert,647
MD,M,1927,George,454
MD,M,1927,Joseph,447
MD,M,1927,Edward,296
MD,M,1927,Thomas,296
MD,M,1927,Richard,261
MD,M,1928,John,875
MD,M,1928,William,866
MD,M,1928,James,729
MD,M,1928,Charles,696
MD,M,1928,Robert,661
MD,M,1928,George,450
MD,M,1928,Joseph,412
MD,M,1928,Richard,334
MD,M,1928,Edward,292
MD,M,1928,Donald,284
MD,M,1929,William,894
MD,M,1929,John,834
MD,M,1929,James,720
MD,M,1929,Robert,677
MD,M,1929,Charles,629
MD,M,1929,Joseph,412
MD,M,1929,George,399
MD,M,1929,Richard,322
MD,M,1929,Edward,299
MD,M,1929,Donald,278
MD,M,1930,William,901
MD,M,1930,John,824
MD,M,1930,James,753
MD,M,1930,Robert,706
MD,M,1930,Charles,693
MD,M,1930,Joseph,448
MD,M,1930,George,443
MD,M,1930,Richard,326
MD,M,1930,Donald,321
MD,M,1930,Edward,298
MD,M,1931,William,860
MD,M,1931,John,772
MD,M,1931,Robert,738
MD,M,1931,Charles,691
MD,M,1931,James,670
MD,M,1931,Joseph,376
MD,M,1931,George,365
MD,M,1931,Richard,347
MD,M,1931,Donald,342
MD,M,1931,Thomas,263
MD,M,1932,William,820
MD,M,1932,John,807
MD,M,1932,Robert,764
MD,M,1932,James,712
MD,M,1932,Charles,650
MD,M,1932,Joseph,418
MD,M,1932,George,381
MD,M,1932,Donald,373
MD,M,1932,Richard,336
MD,M,1932,Thomas,306
MD,M,1933,William,739
MD,M,1933,Robert,719
MD,M,1933,John,712
MD,M,1933,James,709
MD,M,1933,Charles,612
MD,M,1933,Donald,374
MD,M,1933,Joseph,356
MD,M,1933,George,341
MD,M,1933,Richard,316
MD,M,1933,Thomas,275
MD,M,1934,William,760
MD,M,1934,John,738
MD,M,1934,Robert,704
MD,M,1934,James,699
MD,M,1934,Charles,617
MD,M,1934,Joseph,415
MD,M,1934,Donald,388
MD,M,1934,Richard,373
MD,M,1934,George,332
MD,M,1934,Thomas,264
MD,M,1935,Robert,747
MD,M,1935,John,742
MD,M,1935,William,738
MD,M,1935,James,705
MD,M,1935,Charles,573
MD,M,1935,Joseph,423
MD,M,1935,Donald,394
MD,M,1935,Richard,376
MD,M,1935,George,347
MD,M,1935,Thomas,280
MD,M,1936,John,788
MD,M,1936,Robert,788
MD,M,1936,William,778
MD,M,1936,James,674
MD,M,1936,Charles,612
MD,M,1936,Donald,384
MD,M,1936,George,361
MD,M,1936,Richard,359
MD,M,1936,Joseph,358
MD,M,1936,Thomas,277
MD,M,1937,Robert,834
MD,M,1937,William,818
MD,M,1937,John,744
MD,M,1937,James,707
MD,M,1937,Charles,564
MD,M,1937,Joseph,375
MD,M,1937,Donald,361
MD,M,1937,Richard,352
MD,M,1937,George,324
MD,M,1937,Thomas,299
MD,M,1938,Robert,864
MD,M,1938,William,834
MD,M,1938,John,787
MD,M,1938,James,768
MD,M,1938,Charles,616
MD,M,1938,Richard,391
MD,M,1938,George,375
MD,M,1938,Joseph,362
MD,M,1938,Donald,329
MD,M,1938,Thomas,321
MD,M,1939,Robert,838
MD,M,1939,John,818
MD,M,1939,William,801
MD,M,1939,James,757
MD,M,1939,Charles,632
MD,M,1939,Joseph,386
MD,M,1939,Richard,383
MD,M,1939,George,374
MD,M,1939,Donald,318
MD,M,1939,Thomas,302
MD,M,1940,William,870
MD,M,1940,Robert,868
MD,M,1940,John,867
MD,M,1940,James,828
MD,M,1940,Charles,683
MD,M,1940,Richard,478
MD,M,1940,George,359
MD,M,1940,Joseph,358
MD,M,1940,Thomas,346
MD,M,1940,Donald,286
MD,M,1941,John,966
MD,M,1941,Robert,963
MD,M,1941,William,928
MD,M,1941,James,906
MD,M,1941,Charles,767
MD,M,1941,Richard,536
MD,M,1941,Joseph,463
MD,M,1941,Thomas,421
MD,M,1941,George,405
MD,M,1941,Ronald,379
MD,M,1942,Robert,1154
MD,M,1942,John,1141
MD,M,1942,William,1135
MD,M,1942,James,1112
MD,M,1942,Charles,901
MD,M,1942,Richard,605
MD,M,1942,Joseph,525
MD,M,1942,George,486
MD,M,1942,Thomas,477
MD,M,1942,Ronald,456
MD,M,1943,James,1291
MD,M,1943,John,1215
MD,M,1943,Robert,1151
MD,M,1943,William,1149
MD,M,1943,Charles,916
MD,M,1943,Richard,588
MD,M,1943,Thomas,574
MD,M,1943,Joseph,524
MD,M,1943,Ronald,521
MD,M,1943,David,500
MD,M,1944,James,1271
MD,M,1944,John,1142
MD,M,1944,William,1105
MD,M,1944,Robert,1078
MD,M,1944,Charles,777
MD,M,1944,Richard,646
MD,M,1944,Thomas,494
MD,M,1944,David,476
MD,M,1944,Joseph,472
MD,M,1944,George,446
MD,M,1945,John,1202
MD,M,1945,James,1172
MD,M,1945,Robert,1102
MD,M,1945,William,1057
MD,M,1945,Charles,754
MD,M,1945,Richard,667
MD,M,1945,Thomas,504
MD,M,1945,David,503
MD,M,1945,Joseph,481
MD,M,1945,George,458
MD,M,1946,John,1343
MD,M,1946,Robert,1342
MD,M,1946,James,1317
MD,M,1946,William,1225
MD,M,1946,Charles,906
MD,M,1946,Richard,828
MD,M,1946,Thomas,588
MD,M,1946,Ronald,563
MD,M,1946,Joseph,546
MD,M,1946,Michael,520
MD,M,1947,John,1536
MD,M,1947,James,1486
MD,M,1947,Robert,1475
MD,M,1947,William,1362
MD,M,1947,Charles,934
MD,M,1947,Richard,867
MD,M,1947,Thomas,750
MD,M,1947,David,735
MD,M,1947,Michael,684
MD,M,1947,Joseph,636
MD,M,1948,John,1429
MD,M,1948,James,1347
MD,M,1948,Robert,1297
MD,M,1948,William,1236
MD,M,1948,Charles,954
MD,M,1948,Richard,755
MD,M,1948,Thomas,751
MD,M,1948,Michael,722
MD,M,1948,David,692
MD,M,1948,Joseph,585
MD,M,1949,John,1359
MD,M,1949,James,1288
MD,M,1949,Robert,1233
MD,M,1949,William,1153
MD,M,1949,Charles,883
MD,M,1949,Michael,830
MD,M,1949,Richard,739
MD,M,1949,David,710
MD,M,1949,Thomas,708
MD,M,1949,Joseph,572
MD,M,1950,John,1286
MD,M,1950,Robert,1279
MD,M,1950,James,1265
MD,M,1950,William,1152
MD,M,1950,Michael,979
MD,M,1950,Charles,838
MD,M,1950,David,782
MD,M,1950,Richard,713
MD,M,1950,Thomas,704
MD,M,1950,Joseph,563
MD,M,1951,Robert,1406
MD,M,1951,John,1384
MD,M,1951,James,1335
MD,M,1951,William,1281
MD,M,1951,Michael,1067
MD,M,1951,David,854
MD,M,1951,Charles,840
MD,M,1951,Richard,806
MD,M,1951,Thomas,769
MD,M,1951,Joseph,584
MD,M,1952,Robert,1464
MD,M,1952,John,1442
MD,M,1952,James,1344
MD,M,1952,William,1311
MD,M,1952,Michael,1250
MD,M,1952,David,951
MD,M,1952,Richard,903
MD,M,1952,Charles,894
MD,M,1952,Thomas,747
MD,M,1952,Joseph,592
MD,M,1953,John,1402
MD,M,1953,Robert,1396
MD,M,1953,James,1382
MD,M,1953,Michael,1380
MD,M,1953,William,1290
MD,M,1953,David,1127
MD,M,1953,Charles,870
MD,M,1953,Richard,846
MD,M,1953,Thomas,737
MD,M,1953,Joseph,605
MD,M,1954,Michael,1522
MD,M,1954,John,1515
MD,M,1954,Robert,1509
MD,M,1954,James,1379
MD,M,1954,William,1301
MD,M,1954,David,1194
MD,M,1954,Charles,917
MD,M,1954,Richard,898
MD,M,1954,Thomas,725
MD,M,1954,Joseph,684
MD,M,1955,Michael,1475
MD,M,1955,Robert,1465
MD,M,1955,John,1460
MD,M,1955,James,1421
MD,M,1955,David,1335
MD,M,1955,William,1246
MD,M,1955,Charles,883
MD,M,1955,Richard,829
MD,M,1955,Thomas,760
MD,M,1955,Joseph,671
MD,M,1956,Michael,1652
MD,M,1956,John,1552
MD,M,1956,Robert,1471
MD,M,1956,James,1453
MD,M,1956,William,1294
MD,M,1956,David,1276
MD,M,1956,Richard,838
MD,M,1956,Charles,806
MD,M,1956,Thomas,735
MD,M,1956,Mark,686
MD,M,1957,Michael,1787
MD,M,1957,John,1503
MD,M,1957,Robert,1476
MD,M,1957,James,1422
MD,M,1957,William,1271
MD,M,1957,David,1256
MD,M,1957,Charles,825
MD,M,1957,Richard,802
MD,M,1957,Mark,774
MD,M,1957,Thomas,770
MD,M,1958,Michael,1737
MD,M,1958,John,1435
MD,M,1958,Robert,1399
MD,M,1958,James,1347
MD,M,1958,David,1337
MD,M,1958,William,1152
MD,M,1958,Richard,846
MD,M,1958,Charles,812
MD,M,1958,Mark,794
MD,M,1958,Joseph,753
MD,M,1959,Michael,1639
MD,M,1959,James,1429
MD,M,1959,John,1394
MD,M,1959,David,1377
MD,M,1959,Robert,1321
MD,M,1959,William,1219
MD,M,1959,Mark,940
MD,M,1959,Richard,800
MD,M,1959,Charles,788
MD,M,1959,Thomas,699
MD,M,1960,Michael,1592
MD,M,1960,David,1448
MD,M,1960,John,1374
MD,M,1960,Robert,1331
MD,M,1960,James,1267
MD,M,1960,William,1097
MD,M,1960,Mark,968
MD,M,1960,Charles,790
MD,M,1960,Thomas,737
MD,M,1960,Richard,711
MD,M,1961,John,1584
MD,M,1961,Michael,1584
MD,M,1961,David,1434
MD,M,1961,James,1314
MD,M,1961,Robert,1309
MD,M,1961,William,1109
MD,M,1961,Mark,926
MD,M,1961,Charles,733
MD,M,1961,Richard,709
MD,M,1961,Joseph,648
MD,M,1962,John,1546
MD,M,1962,Michael,1540
MD,M,1962,James,1390
MD,M,1962,Robert,1349
MD,M,1962,David,1342
MD,M,1962,William,1031
MD,M,1962,Mark,889
MD,M,1962,Charles,681
MD,M,1962,Richard,664
MD,M,1962,Thomas,660
MD,M,1963,Michael,1646
MD,M,1963,John,1593
MD,M,1963,David,1390
MD,M,1963,Robert,1355
MD,M,1963,James,1325
MD,M,1963,William,1076
MD,M,1963,Mark,799
MD,M,1963,Richard,718
MD,M,1963,Charles,711
MD,M,1963,Kevin,677
MD,M,1964,John,1670
MD,M,1964,Michael,1537
MD,M,1964,James,1418
MD,M,1964,Robert,1361
MD,M,1964,David,1345
MD,M,1964,William,1121
MD,M,1964,Mark,774
MD,M,1964,Richard,761
MD,M,1964,Joseph,706
MD,M,1964,Charles,693
MD,M,1965,Michael,1564
MD,M,1965,John,1435
MD,M,1965,David,1269
MD,M,1965,James,1251
MD,M,1965,Robert,1244
MD,M,1965,William,995
MD,M,1965,Richard,752
MD,M,1965,Mark,685
MD,M,1965,Kevin,643
MD,M,1965,Joseph,634
MD,M,1966,Michael,1525
MD,M,1966,John,1308
MD,M,1966,David,1237
MD,M,1966,James,1230
MD,M,1966,Robert,1116
MD,M,1966,William,953
MD,M,1966,Richard,689
MD,M,1966,Charles,607
MD,M,1966,Jeffrey,581
MD,M,1966,Thomas,576
MD,M,1967,Michael,1555
MD,M,1967,John,1236
MD,M,1967,David,1201
MD,M,1967,James,1198
MD,M,1967,Robert,1123
MD,M,1967,William,916
MD,M,1967,Richard,622
MD,M,1967,Mark,616
MD,M,1967,Brian,594
MD,M,1967,Joseph,581
MD,M,1968,Michael,1463
MD,M,1968,John,1226
MD,M,1968,David,1134
MD,M,1968,James,1109
MD,M,1968,Robert,1100
MD,M,1968,William,867
MD,M,1968,Richard,650
MD,M,1968,Mark,587
MD,M,1968,Charles,564
MD,M,1968,Christopher,549
MD,M,1969,Michael,1583
MD,M,1969,David,1206
MD,M,1969,John,1140
MD,M,1969,Robert,1096
MD,M,1969,James,1088
MD,M,1969,William,844
MD,M,1969,Christopher,657
MD,M,1969,Richard,626
MD,M,1969,Brian,611
MD,M,1969,Charles,570
MD,M,1970,Michael,1493
MD,M,1970,David,1114
MD,M,1970,John,1106
MD,M,1970,James,1081
MD,M,1970,Robert,1060
MD,M,1970,William,921
MD,M,1970,Christopher,665
MD,M,1970,Brian,609
MD,M,1970,Charles,560
MD,M,1970,Richard,542
MD,M,1971,Michael,1328
MD,M,1971,Robert,1004
MD,M,1971,John,990
MD,M,1971,David,908
MD,M,1971,James,904
MD,M,1971,William,772
MD,M,1971,Christopher,771
MD,M,1971,Brian,610
MD,M,1971,Charles,502
MD,M,1971,Joseph,492
MD,M,1972,Michael,1229
MD,M,1972,James,883
MD,M,1972,David,851
MD,M,1972,Christopher,821
MD,M,1972,John,817
MD,M,1972,Robert,803
MD,M,1972,Brian,711
MD,M,1972,William,693
MD,M,1972,Jason,427
MD,M,1972,Kevin,416
MD,M,1973,Michael,1160
MD,M,1973,Christopher,756
MD,M,1973,James,747
MD,M,1973,John,733
MD,M,1973,David,689
MD,M,1973,Brian,658
MD,M,1973,Robert,653
MD,M,1973,William,573
MD,M,1973,Jason,496
MD,M,1973,Matthew,399
MD,M,1974,Michael,1062
MD,M,1974,James,753
MD,M,1974,David,727
MD,M,1974,John,701
MD,M,1974,Christopher,700
MD,M,1974,Robert,668
MD,M,1974,Jason,632
MD,M,1974,William,584
MD,M,1974,Brian,566
MD,M,1974,Matthew,397
MD,M,1975,Michael,1171
MD,M,1975,Christopher,705
MD,M,1975,Jason,665
MD,M,1975,David,655
MD,M,1975,James,641
MD,M,1975,Robert,613
MD,M,1975,John,593
MD,M,1975,Brian,546
MD,M,1975,William,519
MD,M,1975,Matthew,402
MD,M,1976,Michael,1064
MD,M,1976,Christopher,712
MD,M,1976,James,694
MD,M,1976,Jason,680
MD,M,1976,David,658
MD,M,1976,John,618
MD,M,1976,Robert,589
MD,M,1976,William,507
MD,M,1976,Brian,485
MD,M,1976,Matthew,438
MD,M,1977,Michael,1046
MD,M,1977,Jason,793
MD,M,1977,Christopher,679
MD,M,1977,James,677
MD,M,1977,David,655
MD,M,1977,Robert,619
MD,M,1977,John,592
MD,M,1977,Brian,545
MD,M,1977,William,523
MD,M,1977,Joseph,455
MD,M,1978,Michael,1110
MD,M,1978,Jason,735
MD,M,1978,Christopher,704
MD,M,1978,James,693
MD,M,1978,David,635
MD,M,1978,John,602
MD,M,1978,Robert,597
MD,M,1978,William,515
MD,M,1978,Brian,493
MD,M,1978,Matthew,455
MD,M,1979,Michael,1141
MD,M,1979,Christopher,813
MD,M,1979,Jason,745
MD,M,1979,David,704
MD,M,1979,James,679
MD,M,1979,John,633
MD,M,1979,Robert,620
MD,M,1979,Matthew,507
MD,M,1979,Brian,505
MD,M,1979,William,492
MD,M,1980,Michael,1160
MD,M,1980,Christopher,774
MD,M,1980,Jason,772
MD,M,1980,James,706
MD,M,1980,David,705
MD,M,1980,John,682
MD,M,1980,Robert,624
MD,M,1980,Matthew,547
MD,M,1980,Brian,481
MD,M,1980,William,470
MD,M,1981,Michael,1206
MD,M,1981,Christopher,807
MD,M,1981,James,706
MD,M,1981,David,680
MD,M,1981,Jason,665
MD,M,1981,Matthew,657
MD,M,1981,Robert,641
MD,M,1981,John,616
MD,M,1981,William,527
MD,M,1981,Brian,498
MD,M,1982,Michael,1230
MD,M,1982,Christopher,995
MD,M,1982,James,743
MD,M,1982,Jason,732
MD,M,1982,David,691
MD,M,1982,Matthew,689
MD,M,1982,Robert,680
MD,M,1982,John,648
MD,M,1982,William,574
MD,M,1982,Joseph,529
MD,M,1983,Michael,1267
MD,M,1983,Christopher,965
MD,M,1983,Matthew,823
MD,M,1983,James,725
MD,M,1983,David,713
MD,M,1983,Robert,653
MD,M,1983,John,622
MD,M,1983,Jason,580
MD,M,1983,Daniel,564
MD,M,1983,William,557
MD,M,1984,Michael,1248
MD,M,1984,Christopher,1042
MD,M,1984,Matthew,901
MD,M,1984,David,721
MD,M,1984,James,714
MD,M,1984,Robert,656
MD,M,1984,John,643
MD,M,1984,Daniel,599
MD,M,1984,Jason,573
MD,M,1984,Joseph,524
MD,M,1985,Michael,1213
MD,M,1985,Christopher,1059
MD,M,1985,Matthew,786
MD,M,1985,David,681
MD,M,1985,James,645
MD,M,1985,Daniel,635
MD,M,1985,John,632
MD,M,1985,Robert,623
MD,M,1985,Joshua,607
MD,M,1985,Jason,543
MD,M,1986,Michael,1220
MD,M,1986,Christopher,1074
MD,M,1986,Matthew,879
MD,M,1986,David,709
MD,M,1986,Robert,697
MD,M,1986,James,657
MD,M,1986,Daniel,636
MD,M,1986,John,613
MD,M,1986,Andrew,583
MD,M,1986,William,548
MD,M,1987,Michael,1246
MD,M,1987,Christopher,1066
MD,M,1987,Matthew,849
MD,M,1987,David,742
MD,M,1987,James,686
MD,M,1987,Andrew,671
MD,M,1987,Daniel,619
MD,M,1987,Robert,616
MD,M,1987,Joshua,612
MD,M,1987,John,605
MD,M,1988,Michael,1332
MD,M,1988,Christopher,1036
MD,M,1988,Matthew,900
MD,M,1988,James,713
MD,M,1988,Joshua,694
MD,M,1988,David,674
MD,M,1988,Andrew,666
MD,M,1988,Daniel,661
MD,M,1988,Robert,658
MD,M,1988,Justin,645
MD,M,1989,Michael,1341
MD,M,1989,Christopher,1061
MD,M,1989,Matthew,901
MD,M,1989,Joshua,761
MD,M,1989,David,720
MD,M,1989,James,714
MD,M,1989,John,670
MD,M,1989,Robert,657
MD,M,1989,Andrew,652
MD,M,1989,Justin,616
MD,M,1990,Michael,1337
MD,M,1990,Christopher,1081
MD,M,1990,Matthew,886
MD,M,1990,Joshua,769
MD,M,1990,David,708
MD,M,1990,James,699
MD,M,1990,John,651
MD,M,1990,Andrew,640
MD,M,1990,Joseph,629
MD,M,1990,William,628
MD,M,1991,Michael,1258
MD,M,1991,Christopher,905
MD,M,1991,Matthew,849
MD,M,1991,Joshua,745
MD,M,1991,James,655
MD,M,1991,Andrew,650
MD,M,1991,David,646
MD,M,1991,John,642
MD,M,1991,Joseph,627
MD,M,1991,Robert,599
MD,M,1992,Michael,1140
MD,M,1992,Christopher,809
MD,M,1992,Matthew,751
MD,M,1992,Joshua,652
MD,M,1992,James,635
MD,M,1992,John,619
MD,M,1992,Brandon,611
MD,M,1992,Andrew,600
MD,M,1992,Ryan,586
MD,M,1992,Nicholas,569
MD,M,1993,Michael,964
MD,M,1993,Matthew,721
MD,M,1993,Christopher,695
MD,M,1993,Joshua,625
MD,M,1993,Ryan,601
MD,M,1993,Brandon,597
MD,M,1993,James,563
MD,M,1993,Nicholas,544
MD,M,1993,John,534
MD,M,1993,Daniel,528
MD,M,1994,Michael,948
MD,M,1994,Matthew,724
MD,M,1994,Christopher,704
MD,M,1994,Ryan,582
MD,M,1994,Joshua,577
MD,M,1994,Brandon,575
MD,M,1994,John,562
MD,M,1994,Tyler,545
MD,M,1994,Nicholas,542
MD,M,1994,James,538
MD,M,1995,Michael,845
MD,M,1995,Matthew,685
MD,M,1995,Christopher,622
MD,M,1995,Joshua,602
MD,M,1995,Nicholas,601
MD,M,1995,Ryan,556
MD,M,1995,John,542
MD,M,1995,Brandon,535
MD,M,1995,Andrew,534
MD,M,1995,Tyler,511
MD,M,1996,Michael,770
MD,M,1996,Matthew,643
MD,M,1996,Christopher,585
MD,M,1996,Nicholas,546
MD,M,1996,Joshua,544
MD,M,1996,Jacob,498
MD,M,1996,Brandon,492
MD,M,1996,William,482
MD,M,1996,James,477
MD,M,1996,Tyler,476
MD,M,1997,Michael,762
MD,M,1997,Matthew,648
MD,M,1997,Joshua,547
MD,M,1997,Nicholas,532
MD,M,1997,Christopher,529
MD,M,1997,Jacob,494
MD,M,1997,John,490
MD,M,1997,Brandon,469
MD,M,1997,Ryan,458
MD,M,1997,Andrew,456
MD,M,1998,Michael,713
MD,M,1998,Jacob,647
MD,M,1998,Matthew,607
MD,M,1998,Nicholas,537
MD,M,1998,Joshua,504
MD,M,1998,Ryan,470
MD,M,1998,Christopher,463
MD,M,1998,John,460
MD,M,1998,Tyler,456
MD,M,1998,William,447
MD,M,1999,Michael,687
MD,M,1999,Matthew,600
MD,M,1999,Jacob,566
MD,M,1999,Joshua,542
MD,M,1999,Ryan,505
MD,M,1999,Nicholas,497
MD,M,1999,John,459
MD,M,1999,Christopher,458
MD,M,1999,Andrew,456
MD,M,1999,William,440
MD,M,2000,Michael,618
MD,M,2000,Joshua,554
MD,M,2000,Jacob,541
MD,M,2000,Matthew,531
MD,M,2000,Ryan,525
MD,M,2000,Nicholas,479
MD,M,2000,Andrew,474
MD,M,2000,Christopher,431
MD,M,2000,William,431
MD,M,2000,John,425
MD,M,2001,Michael,600
MD,M,2001,Matthew,536
MD,M,2001,Joshua,520
MD,M,2001,Jacob,505
MD,M,2001,Nicholas,457
MD,M,2001,Christopher,436
MD,M,2001,William,432
MD,M,2001,Andrew,425
MD,M,2001,Ryan,414
MD,M,2001,John,399
MD,M,2002,Michael,552
MD,M,2002,Jacob,519
MD,M,2002,Matthew,518
MD,M,2002,Joshua,501
MD,M,2002,Christopher,460
MD,M,2002,Andrew,430
MD,M,2002,Ethan,421
MD,M,2002,Nicholas,414
MD,M,2002,William,411
MD,M,2002,Ryan,394
MD,M,2003,Joshua,536
MD,M,2003,Michael,518
MD,M,2003,Jacob,492
MD,M,2003,Ryan,485
MD,M,2003,Andrew,435
MD,M,2003,Nicholas,424
MD,M,2003,Matthew,423
MD,M,2003,Christopher,402
MD,M,2003,William,402
MD,M,2003,Joseph,372
MD,M,2004,Michael,509
MD,M,2004,Jacob,475
MD,M,2004,Joshua,464
MD,M,2004,Ryan,430
MD,M,2004,Matthew,426
MD,M,2004,William,406
MD,M,2004,Andrew,393
MD,M,2004,Christopher,382
MD,M,2004,Nicholas,367
MD,M,2004,Daniel,358
MD,M,2005,Joshua,462
MD,M,2005,Michael,462
MD,M,2005,Ryan,417
MD,M,2005,William,417
MD,M,2005,Matthew,414
MD,M,2005,Christopher,377
MD,M,2005,Jacob,377
MD,M,2005,Andrew,372
MD,M,2005,Daniel,364
MD,M,2005,Joseph,352
MD,M,2006,Joshua,471
MD,M,2006,Michael,457
MD,M,2006,Jacob,409
MD,M,2006,William,407
MD,M,2006,Matthew,383
MD,M,2006,Ryan,379
MD,M,2006,Christopher,371
MD,M,2006,Daniel,349
MD,M,2006,Andrew,341
MD,M,2006,Nicholas,335
MD,M,2007,Michael,467
MD,M,2007,Christopher,401
MD,M,2007,Joshua,400
MD,M,2007,Jacob,385
MD,M,2007,William,377
MD,M,2007,Ethan,367
MD,M,2007,Ryan,366
MD,M,2007,Matthew,357
MD,M,2007,Anthony,336
MD,M,2007,David,328
MD,M,2008,Michael,393
MD,M,2008,Jacob,391
MD,M,2008,Ryan,377
MD,M,2008,Joshua,371
MD,M,2008,William,356
MD,M,2008,Christopher,347
MD,M,2008,Ethan,344
MD,M,2008,Jayden,338
MD,M,2008,Andrew,332
MD,M,2008,Anthony,325
MD,M,2009,Michael,391
MD,M,2009,Jayden,347
MD,M,2009,Joshua,345
MD,M,2009,Ethan,337
MD,M,2009,William,336
MD,M,2009,Alexander,325
MD,M,2009,Jacob,321
MD,M,2009,Matthew,311
MD,M,2009,Noah,311
MD,M,2009,Ryan,309
MD,M,2010,Jacob,388
MD,M,2010,Joshua,364
MD,M,2010,Michael,361
MD,M,2010,Noah,334
MD,M,2010,Ethan,312
MD,M,2010,Mason,307
MD,M,2010,Ryan,307
MD,M,2010,Daniel,305
MD,M,2010,Alexander,298
MD,M,2010,Jayden,296
MD,M,2011,Mason,432
MD,M,2011,Jacob,342
MD,M,2011,Michael,323
MD,M,2011,Ethan,317
MD,M,2011,Ryan,311
MD,M,2011,William,309
MD,M,2011,Alexander,288
MD,M,2011,Noah,286
MD,M,2011,Daniel,285
MD,M,2011,Aiden,282
MD,M,2012,Mason,364
MD,M,2012,Michael,333
MD,M,2012,Jacob,328
MD,M,2012,Noah,328
MD,M,2012,Ethan,315
MD,M,2012,Liam,311
MD,M,2012,William,307
MD,M,2012,Joshua,294
MD,M,2012,Daniel,292
MD,M,2012,Alexander,275
MD,M,2013,Liam,322
MD,M,2013,Noah,318
MD,M,2013,Jacob,314
MD,M,2013,Mason,313
MD,M,2013,Ethan,311
MD,M,2013,Michael,304
MD,M,2013,William,287
MD,M,2013,Benjamin,273
MD,M,2013,Daniel,265
MD,M,2013,Joshua,265
MD,M,2014,Noah,324
MD,M,2014,Liam,321
MD,M,2014,William,316
MD,M,2014,Mason,313
MD,M,2014,Michael,307
MD,M,2014,Logan,303
MD,M,2014,Jacob,300
MD,M,2014,Alexander,273
MD,M,2014,Daniel,273
MD,M,2014,Ethan,270
MD,M,2015,Noah,388
MD,M,2015,Logan,324
MD,M,2015,James,322
MD,M,2015,Mason,319
MD,M,2015,Jacob,297
MD,M,2015,William,294
MD,M,2015,Liam,290
MD,M,2015,Michael,288
MD,M,2015,Ethan,286
MD,M,2015,Benjamin,260
MD,M,2016,Noah,336
MD,M,2016,Mason,308
MD,M,2016,Liam,286
MD,M,2016,Ethan,283
MD,M,2016,Daniel,280
MD,M,2016,Michael,280
MD,M,2016,Jacob,273
MD,M,2016,James,268
MD,M,2016,Benjamin,267
MD,M,2016,Dylan,267
MD,M,2017,Liam,341
MD,M,2017,Noah,298
MD,M,2017,James,282
MD,M,2017,Logan,282
MD,M,2017,Jacob,278
MD,M,2017,Dylan,265
MD,M,2017,Lucas,258
MD,M,2017,Benjamin,257
MD,M,2017,William,257
MD,M,2017,Ethan,254
MD,M,2018,Liam,360
MD,M,2018,Noah,338
MD,M,2018,William,265
MD,M,2018,Dylan,262
MD,M,2018,Ethan,252
MD,M,2018,James,252
MD,M,2018,Logan,246
MD,M,2018,Mason,240
MD,M,2018,Benjamin,235
MD,M,2018,Lucas,221
MD,M,2019,Liam,394
MD,M,2019,Noah,349
MD,M,2019,James,274
MD,M,2019,Jacob,230
MD,M,2019,Benjamin,228
MD,M,2019,Ethan,225
MD,M,2019,Lucas,224
MD,M,2019,Daniel,223
MD,M,2019,Michael,218
MD,M,2019,Logan,209
