MN,F,1920,Dorothy,889
MN,F,1920,Mary,825
MN,F,1920,Helen,795
MN,F,1920,Margaret,651
MN,F,1920,Ruth,545
MN,F,1920,Lorraine,444
MN,F,1920,Evelyn,442
MN,F,1920,Irene,365
MN,F,1920,Mildred,360
MN,F,1920,Doris,357
MN,F,1921,Dorothy,953
MN,F,1921,Mary,872
MN,F,1921,Helen,685
MN,F,1921,Margaret,675
MN,F,1921,Ruth,547
MN,F,1921,Lorraine,501
MN,F,1921,Evelyn,408
MN,F,1921,Betty,398
MN,F,1921,Doris,397
MN,F,1921,Marjorie,383
MN,F,1922,Dorothy,937
MN,F,1922,Mary,849
MN,F,1922,Helen,657
MN,F,1922,Margaret,616
MN,F,1922,Lorraine,573
MN,F,1922,Betty,481
MN,F,1922,Ruth,476
MN,F,1922,Doris,384
MN,F,1922,Irene,373
MN,F,1922,Mildred,361
MN,F,1923,Dorothy,935
MN,F,1923,Mary,895
MN,F,1923,Helen,630
MN,F,1923,Betty,612
MN,F,1923,Margaret,580
MN,F,1923,Lorraine,555
MN,F,1923,Ruth,484
MN,F,1923,Doris,374
MN,F,1923,Irene,354
MN,F,1923,Evelyn,349
MN,F,1924,Mary,854
MN,F,1924,Dorothy,850
MN,F,1924,Betty,710
MN,F,1924,Helen,554
MN,F,1924,Lorraine,547
MN,F,1924,Margaret,542
MN,F,1924,Ruth,458
MN,F,1924,Shirley,399
MN,F,1924,Doris,361
MN,F,1924,Lois,342
MN,F,1925,Mary,805
MN,F,1925,Dorothy,783
MN,F,1925,Betty,758
MN,F,1925,Helen,546
MN,F,1925,Margaret,546
MN,F,1925,Lorraine,478
MN,F,1925,Shirley,453
MN,F,1925,Ruth,423
MN,F,1925,Lois,382
MN,F,1925,Doris,336
MN,F,1926,Mary,942
MN,F,1926,Betty,727
MN,F,1926,Dorothy,699
MN,F,1926,Shirley,500
MN,F,1926,Lorraine,483
MN,F,1926,Helen,463
MN,F,1926,Lois,429
MN,F,1926,Margaret,399
MN,F,1926,Ruth,388
MN,F,1926,Doris,360
MN,F,1927,Mary,913
MN,F,1927,Betty,808
MN,F,1927,Dorothy,715
MN,F,1927,Shirley,532
MN,F,1927,Helen,447
MN,F,1927,Lois,410
MN,F,1927,Lorraine,402
MN,F,1927,Margaret,393
MN,F,1927,Ruth,388
MN,F,1927,Patricia,368
MN,F,1928,Mary,889
MN,F,1928,Betty,756
MN,F,1928,Dorothy,622
MN,F,1928,Shirley,551
MN,F,1928,Lois,428
MN,F,1928,Patricia,404
MN,F,1928,Helen,397
MN,F,1928,Donna,394
MN,F,1928,Lorraine,379
MN,F,1928,Joyce,376
MN,F,1929,Mary,942
MN,F,1929,Betty,644
MN,F,1929,Dorothy,538
MN,F,1929,Shirley,468
MN,F,1929,Donna,455
MN,F,1929,Lois,443
MN,F,1929,Patricia,406
MN,F,1929,Joyce,362
MN,F,1929,Helen,333
MN,F,1929,Lorraine,331
MN,F,1930,Mary,931
MN,F,1930,Betty,653
MN,F,1930,Dorothy,520
MN,F,1930,Patricia,482
MN,F,1930,Shirley,474
MN,F,1930,Donna,449
MN,F,1930,Joyce,405
MN,F,1930,Lois,382
MN,F,1930,Joan,376
MN,F,1930,Beverly,371
MN,F,1931,Mary,944
MN,F,1931,Betty,647
MN,F,1931,Donna,528
MN,F,1931,Patricia,503
MN,F,1931,Dorothy,473
MN,F,1931,Joan,470
MN,F,1931,Shirley,432
MN,F,1931,Beverly,416
MN,F,1931,Marilyn,399
MN,F,1931,Lois,391
MN,F,1932,Mary,979
MN,F,1932,Donna,558
MN,F,1932,Betty,541
MN,F,1932,Joan,511
MN,F,1932,Patricia,499
MN,F,1932,Barbara,463
MN,F,1932,Beverly,456
MN,F,1932,Lois,411
MN,F,1932,Shirley,405
MN,F,1932,Dorothy,388
MN,F,1933,Mary,895
MN,F,1933,Patricia,504
MN,F,1933,Donna,491
MN,F,1933,Betty,488
MN,F,1933,Joan,475
MN,F,1933,Barbara,441
MN,F,1933,Beverly,420
MN,F,1933,Dorothy,392
MN,F,1933,Shirley,354
MN,F,1933,Marilyn,339
MN,F,1934,Mary,931
MN,F,1934,Patricia,583
MN,F,1934,Barbara,513
MN,F,1934,Shirley,481
MN,F,1934,Donna,480
MN,F,1934,Betty,451
MN,F,1934,Joan,450
MN,F,1934,Carol,426
MN,F,1934,Beverly,374
MN,F,1934,Marilyn,344
MN,F,1935,Mary,981
MN,F,1935,Shirley,871
MN,F,1935,Patricia,582
MN,F,1935,Barbara,537
MN,F,1935,Carol,480
MN,F,1935,Joan,442
MN,F,1935,Donna,423
MN,F,1935,Beverly,392
MN,F,1935,Marilyn,382
MN,F,1935,Betty,369
MN,F,1936,Mary,1024
MN,F,1936,Shirley,777
MN,F,1936,Barbara,617
MN,F,1936,Patricia,617
MN,F,1936,Carol,565
MN,F,1936,Marilyn,421
MN,F,1936,Joan,406
MN,F,1936,Beverly,401
MN,F,1936,Marlene,376
MN,F,1936,Betty,362
MN,F,1937,Mary,962
MN,F,1937,Patricia,649
MN,F,1937,Carol,643
MN,F,1937,Barbara,622
MN,F,1937,Shirley,546
MN,F,1937,Janice,422
MN,F,1937,Darlene,369
MN,F,1937,Donna,358
MN,F,1937,Beverly,356
MN,F,1937,Joan,352
MN,F,1938,Mary,1010
MN,F,1938,Carol,716
MN,F,1938,Barbara,710
MN,F,1938,Patricia,646
MN,F,1938,Sharon,489
MN,F,1938,Shirley,458
MN,F,1938,Janice,442
MN,F,1938,Beverly,367
MN,F,1938,Joan,356
MN,F,1938,Judith,349
MN,F,1939,Mary,1053
MN,F,1939,Barbara,716
MN,F,1939,Carol,697
MN,F,1939,Patricia,683
MN,F,1939,Sharon,557
MN,F,1939,Judith,526
MN,F,1939,Karen,427
MN,F,1939,Janice,406
MN,F,1939,Shirley,405
MN,F,1939,Darlene,373
MN,F,1940,Mary,1135
MN,F,1940,Judith,748
MN,F,1940,Carol,738
MN,F,1940,Sharon,730
MN,F,1940,Patricia,697
MN,F,1940,Barbara,681
MN,F,1940,Karen,598
MN,F,1940,Sandra,480
MN,F,1940,Janice,427
MN,F,1940,Janet,387
MN,F,1941,Mary,1148
MN,F,1941,Sharon,841
MN,F,1941,Judith,813
MN,F,1941,Patricia,808
MN,F,1941,Carol,742
MN,F,1941,Karen,724
MN,F,1941,Barbara,716
MN,F,1941,Sandra,542
MN,F,1941,Judy,440
MN,F,1941,Nancy,411
MN,F,1942,Mary,1293
MN,F,1942,Sharon,921
MN,F,1942,Carol,916
MN,F,1942,Karen,905
MN,F,1942,Judith,872
MN,F,1942,Barbara,817
MN,F,1942,Patricia,783
MN,F,1942,Sandra,714
MN,F,1942,Kathleen,599
MN,F,1942,Judy,463
MN,F,1943,Mary,1400
MN,F,1943,Sharon,994
MN,F,1943,Carol,927
MN,F,1943,Judith,865
MN,F,1943,Karen,849
MN,F,1943,Barbara,746
MN,F,1943,Patricia,717
MN,F,1943,Kathleen,670
MN,F,1943,Sandra,659
MN,F,1943,Diane,515
MN,F,1944,Mary,1316
MN,F,1944,Sharon,844
MN,F,1944,Carol,826
MN,F,1944,Judith,721
MN,F,1944,Patricia,718
MN,F,1944,Barbara,697
MN,F,1944,Karen,696
MN,F,1944,Sandra,679
MN,F,1944,Kathleen,644
MN,F,1944,Nancy,497
MN,F,1945,Mary,1348
MN,F,1945,Carol,750
MN,F,1945,Barbara,737
MN,F,1945,Kathleen,697
MN,F,1945,Sharon,692
MN,F,1945,Sandra,656
MN,F,1945,Patricia,621
MN,F,1945,Judith,617
MN,F,1945,Karen,608
MN,F,1945,Susan,581
MN,F,1946,Mary,1693
MN,F,1946,Barbara,940
MN,F,1946,Patricia,897
MN,F,1946,Carol,881
MN,F,1946,Sharon,844
MN,F,1946,Kathleen,833
MN,F,1946,Susan,809
MN,F,1946,Sandra,807
MN,F,1946,Linda,769
MN,F,1946,Judith,753
MN,F,1947,Linda,1928
MN,F,1947,Mary,1753
MN,F,1947,Barbara,1056
MN,F,1947,Patricia,978
MN,F,1947,Carol,967
MN,F,1947,Susan,920
MN,F,1947,Sandra,897
MN,F,1947,Nancy,880
MN,F,1947,Kathleen,834
MN,F,1947,Sharon,828
MN,F,1948,Linda,2144
MN,F,1948,Mary,1768
MN,F,1948,Barbara,1087
MN,F,1948,Susan,1072
MN,F,1948,Patricia,955
MN,F,1948,Kathleen,894
MN,F,1948,Sandra,799
MN,F,1948,Nancy,797
MN,F,1948,Carol,791
MN,F,1948,Sharon,672
MN,F,1949,Linda,2119
MN,F,1949,Mary,1639
MN,F,1949,Susan,1216
MN,F,1949,Kathleen,1015
MN,F,1949,Barbara,1000
MN,F,1949,Patricia,989
MN,F,1949,Nancy,775
MN,F,1949,Carol,745
MN,F,1949,Sandra,741
MN,F,1949,Diane,666
MN,F,1950,Mary,1813
MN,F,1950,Linda,1742
MN,F,1950,Susan,1199
MN,F,1950,Barbara,1053
MN,F,1950,Patricia,969
MN,F,1950,Kathleen,942
MN,F,1950,Nancy,843
MN,F,1950,Carol,782
MN,F,1950,Sandra,698
MN,F,1950,Diane,682
MN,F,1951,Mary,1856
MN,F,1951,Linda,1619
MN,F,1951,Susan,1239
MN,F,1951,Patricia,1177
MN,F,1951,Barbara,1041
MN,F,1951,Kathleen,937
MN,F,1951,Nancy,922
MN,F,1951,Deborah,714
MN,F,1951,Diane,705
MN,F,1951,Sandra,703
MN,F,1952,Mary,1756
MN,F,1952,Linda,1335
MN,F,1952,Susan,1188
MN,F,1952,Barbara,1020
MN,F,1952,Patricia,1000
MN,F,1952,Nancy,873
MN,F,1952,Kathleen,868
MN,F,1952,Deborah,749
MN,F,1952,Diane,717
MN,F,1952,Debra,675
MN,F,1953,Mary,1681
MN,F,1953,Susan,1236
MN,F,1953,Linda,1183
MN,F,1953,Debra,1038
MN,F,1953,Barbara,968
MN,F,1953,Patricia,961
MN,F,1953,Nancy,935
MN,F,1953,Deborah,784
MN,F,1953,Kathleen,734
MN,F,1953,Diane,674
MN,F,1954,Mary,1917
MN,F,1954,Debra,1330
MN,F,1954,Susan,1258
MN,F,1954,Linda,1029
MN,F,1954,Nancy,870
MN,F,1954,Patricia,866
MN,F,1954,Barbara,843
MN,F,1954,Deborah,747
MN,F,1954,Kathleen,683
MN,F,1954,Cynthia,668
MN,F,1955,Mary,1721
MN,F,1955,Debra,1391
MN,F,1955,Susan,1289
MN,F,1955,Linda,894
MN,F,1955,Patricia,888
MN,F,1955,Barbara,887
MN,F,1955,Nancy,863
MN,F,1955,Deborah,729
MN,F,1955,Cynthia,669
MN,F,1955,Kathleen,640
MN,F,1956,Mary,1725
MN,F,1956,Debra,1290
MN,F,1956,Susan,1203
MN,F,1956,Linda,875
MN,F,1956,Nancy,873
MN,F,1956,Barbara,821
MN,F,1956,Cynthia,736
MN,F,1956,Karen,732
MN,F,1956,Patricia,726
MN,F,1956,Diane,630
MN,F,1957,Mary,1731
MN,F,1957,Susan,1215
MN,F,1957,Debra,1165
MN,F,1957,Cynthia,939
MN,F,1957,Linda,832
MN,F,1957,Nancy,809
MN,F,1957,Julie,795
MN,F,1957,Karen,767
MN,F,1957,Barbara,736
MN,F,1957,Patricia,674
MN,F,1958,Mary,1595
MN,F,1958,Susan,1215
MN,F,1958,Julie,1061
MN,F,1958,Debra,914
MN,F,1958,Linda,736
MN,F,1958,Nancy,725
MN,F,1958,Karen,698
MN,F,1958,Diane,651
MN,F,1958,Patricia,646
MN,F,1958,Lori,616
MN,F,1959,Mary,1635
MN,F,1959,Susan,1088
MN,F,1959,Julie,1022
MN,F,1959,Debra,820
MN,F,1959,Linda,761
MN,F,1959,Karen,734
MN,F,1959,Lori,716
MN,F,1959,Nancy,715
MN,F,1959,Barbara,645
MN,F,1959,Diane,595
MN,F,1960,Mary,1468
MN,F,1960,Susan,1029
MN,F,1960,Julie,950
MN,F,1960,Lori,895
MN,F,1960,Karen,728
MN,F,1960,Linda,699
MN,F,1960,Nancy,661
MN,F,1960,Debra,648
MN,F,1960,Lisa,617
MN,F,1960,Barbara,580
MN,F,1961,Mary,1327
MN,F,1961,Susan,1074
MN,F,1961,Lori,986
MN,F,1961,Julie,921
MN,F,1961,Lisa,833
MN,F,1961,Karen,681
MN,F,1961,Linda,655
MN,F,1961,Barbara,601
MN,F,1961,Nancy,597
MN,F,1961,Debra,582
MN,F,1962,Mary,1242
MN,F,1962,Susan,968
MN,F,1962,Lisa,951
MN,F,1962,Julie,903
MN,F,1962,Lori,848
MN,F,1962,Karen,703
MN,F,1962,Nancy,595
MN,F,1962,Linda,583
MN,F,1962,Brenda,543
MN,F,1962,Pamela,509
MN,F,1963,Mary,1142
MN,F,1963,Lisa,1076
MN,F,1963,Julie,853
MN,F,1963,Susan,838
MN,F,1963,Lori,777
MN,F,1963,Karen,626
MN,F,1963,Brenda,567
MN,F,1963,Nancy,526
MN,F,1963,Linda,483
MN,F,1963,Michelle,467
MN,F,1964,Mary,1112
MN,F,1964,Lisa,1091
MN,F,1964,Julie,808
MN,F,1964,Susan,807
MN,F,1964,Lori,590
MN,F,1964,Karen,546
MN,F,1964,Brenda,496
MN,F,1964,Michelle,483
MN,F,1964,Kimberly,444
MN,F,1964,Linda,444
MN,F,1965,Lisa,1209
MN,F,1965,Mary,821
MN,F,1965,Julie,778
MN,F,1965,Susan,688
MN,F,1965,Karen,619
MN,F,1965,Kimberly,514
MN,F,1965,Lori,486
MN,F,1965,Michelle,462
MN,F,1965,Jennifer,415
MN,F,1965,Brenda,413
MN,F,1966,Lisa,1142
MN,F,1966,Julie,720
MN,F,1966,Mary,669
MN,F,1966,Michelle,640
MN,F,1966,Susan,624
MN,F,1966,Kimberly,536
MN,F,1966,Jennifer,465
MN,F,1966,Karen,441
MN,F,1966,Lori,441
MN,F,1966,Amy,415
MN,F,1967,Lisa,1114
MN,F,1967,Michelle,744
MN,F,1967,Julie,669
MN,F,1967,Kimberly,538
MN,F,1967,Mary,533
MN,F,1967,Susan,529
MN,F,1967,Jennifer,458
MN,F,1967,Amy,452
MN,F,1967,Lori,395
MN,F,1967,Christine,393
MN,F,1968,Lisa,1111
MN,F,1968,Michelle,797
MN,F,1968,Jennifer,737
MN,F,1968,Julie,625
MN,F,1968,Kimberly,520
MN,F,1968,Susan,516
MN,F,1968,Amy,513
MN,F,1968,Mary,443
MN,F,1968,Kelly,429
MN,F,1968,Christine,422
MN,F,1969,Lisa,1033
MN,F,1969,Michelle,834
MN,F,1969,Jennifer,768
MN,F,1969,Amy,698
MN,F,1969,Julie,655
MN,F,1969,Kimberly,533
MN,F,1969,Kelly,424
MN,F,1969,Melissa,412
MN,F,1969,Susan,412
MN,F,1969,Christine,410
MN,F,1970,Jennifer,1153
MN,F,1970,Lisa,867
MN,F,1970,Michelle,829
MN,F,1970,Amy,726
MN,F,1970,Julie,625
MN,F,1970,Kimberly,506
MN,F,1970,Melissa,456
MN,F,1970,Angela,392
MN,F,1970,Susan,390
MN,F,1970,Dawn,372
MN,F,1971,Jennifer,1282
MN,F,1971,Amy,793
MN,F,1971,Michelle,734
MN,F,1971,Lisa,678
MN,F,1971,Julie,499
MN,F,1971,Kimberly,481
MN,F,1971,Melissa,475
MN,F,1971,Angela,440
MN,F,1971,Heather,383
MN,F,1971,Kelly,325
MN,F,1972,Jennifer,1488
MN,F,1972,Amy,713
MN,F,1972,Michelle,649
MN,F,1972,Lisa,581
MN,F,1972,Melissa,449
MN,F,1972,Julie,411
MN,F,1972,Angela,405
MN,F,1972,Kimberly,402
MN,F,1972,Nicole,390
MN,F,1972,Heather,362
MN,F,1973,Jennifer,1372
MN,F,1973,Amy,770
MN,F,1973,Michelle,597
MN,F,1973,Heather,495
MN,F,1973,Lisa,494
MN,F,1973,Melissa,451
MN,F,1973,Angela,381
MN,F,1973,Nicole,379
MN,F,1973,Julie,365
MN,F,1973,Kimberly,356
MN,F,1974,Jennifer,1387
MN,F,1974,Amy,835
MN,F,1974,Heather,606
MN,F,1974,Michelle,552
MN,F,1974,Angela,504
MN,F,1974,Melissa,473
MN,F,1974,Lisa,421
MN,F,1974,Sarah,417
MN,F,1974,Nicole,397
MN,F,1974,Jessica,394
MN,F,1975,Jennifer,1322
MN,F,1975,Amy,893
MN,F,1975,Angela,644
MN,F,1975,Heather,632
MN,F,1975,Melissa,601
MN,F,1975,Sarah,511
MN,F,1975,Jessica,464
MN,F,1975,Nicole,423
MN,F,1975,Michelle,422
MN,F,1975,Lisa,417
MN,F,1976,Jennifer,1273
MN,F,1976,Amy,803
MN,F,1976,Jessica,662
MN,F,1976,Angela,645
MN,F,1976,Sarah,577
MN,F,1976,Melissa,568
MN,F,1976,Heather,510
MN,F,1976,Sara,451
MN,F,1976,Lisa,413
MN,F,1976,Michelle,412
MN,F,1977,Jennifer,1310
MN,F,1977,Jessica,805
MN,F,1977,Sarah,753
MN,F,1977,Amy,729
MN,F,1977,Melissa,654
MN,F,1977,Angela,633
MN,F,1977,Kelly,505
MN,F,1977,Heather,482
MN,F,1977,Michelle,440
MN,F,1977,Nicole,430
MN,F,1978,Jennifer,1247
MN,F,1978,Jessica,783
MN,F,1978,Sarah,783
MN,F,1978,Melissa,724
MN,F,1978,Angela,657
MN,F,1978,Amy,603
MN,F,1978,Nicole,545
MN,F,1978,Kelly,476
MN,F,1978,Heather,420
MN,F,1978,Lisa,415
MN,F,1979,Jennifer,1239
MN,F,1979,Melissa,856
MN,F,1979,Jessica,823
MN,F,1979,Sarah,727
MN,F,1979,Angela,708
MN,F,1979,Amanda,641
MN,F,1979,Amy,585
MN,F,1979,Nicole,552
MN,F,1979,Kelly,459
MN,F,1979,Heather,395
MN,F,1980,Jennifer,1147
MN,F,1980,Jessica,907
MN,F,1980,Sarah,865
MN,F,1980,Melissa,785
MN,F,1980,Amanda,782
MN,F,1980,Angela,590
MN,F,1980,Amy,566
MN,F,1980,Nicole,565
MN,F,1980,Elizabeth,480
MN,F,1980,Sara,451
MN,F,1981,Jennifer,1160
MN,F,1981,Jessica,977
MN,F,1981,Sarah,865
MN,F,1981,Amanda,746
MN,F,1981,Melissa,661
MN,F,1981,Nicole,582
MN,F,1981,Angela,548
MN,F,1981,Amy,532
MN,F,1981,Rebecca,458
MN,F,1981,Elizabeth,446
MN,F,1982,Jennifer,1122
MN,F,1982,Jessica,1003
MN,F,1982,Sarah,894
MN,F,1982,Amanda,759
MN,F,1982,Melissa,612
MN,F,1982,Nicole,579
MN,F,1982,Angela,507
MN,F,1982,Amy,496
MN,F,1982,Elizabeth,448
MN,F,1982,Emily,430
MN,F,1983,Jennifer,1045
MN,F,1983,Jessica,814
MN,F,1983,Sarah,781
MN,F,1983,Amanda,689
MN,F,1983,Nicole,626
MN,F,1983,Melissa,560
MN,F,1983,Ashley,509
MN,F,1983,Angela,466
MN,F,1983,Amy,461
MN,F,1983,Elizabeth,446
MN,F,1984,Jennifer,1051
MN,F,1984,Amanda,822
MN,F,1984,Jessica,822
MN,F,1984,Sarah,715
MN,F,1984,Ashley,691
MN,F,1984,Nicole,642
MN,F,1984,Melissa,505
MN,F,1984,Emily,467
MN,F,1984,Elizabeth,449
MN,F,1984,Amy,447
MN,F,1985,Amanda,893
MN,F,1985,Ashley,893
MN,F,1985,Jennifer,878
MN,F,1985,Jessica,800
MN,F,1985,Nicole,627
MN,F,1985,Sarah,605
MN,F,1985,Laura,513
MN,F,1985,Megan,477
MN,F,1985,Elizabeth,453
MN,F,1985,Emily,445
MN,F,1986,Ashley,949
MN,F,1986,Amanda,902
MN,F,1986,Jessica,851
MN,F,1986,Sarah,687
MN,F,1986,Jennifer,665
MN,F,1986,Nicole,635
MN,F,1986,Emily,471
MN,F,1986,Megan,448
MN,F,1986,Elizabeth,410
MN,F,1986,Stephanie,407
MN,F,1987,Ashley,1059
MN,F,1987,Amanda,846
MN,F,1987,Jessica,819
MN,F,1987,Sarah,584
MN,F,1987,Jennifer,578
MN,F,1987,Nicole,538
MN,F,1987,Emily,468
MN,F,1987,Megan,447
MN,F,1987,Danielle,413
MN,F,1987,Samantha,412
MN,F,1988,Ashley,990
MN,F,1988,Amanda,769
MN,F,1988,Jessica,752
MN,F,1988,Sarah,601
MN,F,1988,Jennifer,573
MN,F,1988,Nicole,524
MN,F,1988,Samantha,490
MN,F,1988,Emily,489
MN,F,1988,Megan,448
MN,F,1988,Elizabeth,412
MN,F,1989,Ashley,879
MN,F,1989,Amanda,750
MN,F,1989,Jessica,694
MN,F,1989,Sarah,563
MN,F,1989,Brittany,561
MN,F,1989,Emily,556
MN,F,1989,Samantha,524
MN,F,1989,Megan,516
MN,F,1989,Nicole,469
MN,F,1989,Jennifer,456
MN,F,1990,Ashley,882
MN,F,1990,Amanda,675
MN,F,1990,Jessica,635
MN,F,1990,Samantha,617
MN,F,1990,Brittany,566
MN,F,1990,Emily,558
MN,F,1990,Megan,518
MN,F,1990,Sarah,504
MN,F,1990,Nicole,462
MN,F,1990,Kayla,452
MN,F,1991,Ashley,747
MN,F,1991,Samantha,660
MN,F,1991,Jessica,573
MN,F,1991,Emily,568
MN,F,1991,Amanda,551
MN,F,1991,Sarah,501
MN,F,1991,Kayla,480
MN,F,1991,Brittany,450
MN,F,1991,Megan,437
MN,F,1991,Rachel,424
MN,F,1992,Ashley,686
MN,F,1992,Emily,623
MN,F,1992,Samantha,621
MN,F,1992,Jessica,542
MN,F,1992,Amanda,490
MN,F,1992,Megan,477
MN,F,1992,Sarah,456
MN,F,1992,Nicole,402
MN,F,1992,Rachel,385
MN,F,1992,Elizabeth,380
MN,F,1993,Ashley,656
MN,F,1993,Emily,634
MN,F,1993,Samantha,578
MN,F,1993,Sarah,494
MN,F,1993,Jessica,470
MN,F,1993,Nicole,431
MN,F,1993,Rachel,420
MN,F,1993,Megan,417
MN,F,1993,Amanda,412
MN,F,1993,Taylor,385
MN,F,1994,Emily,596
MN,F,1994,Samantha,561
MN,F,1994,Ashley,531
MN,F,1994,Megan,444
MN,F,1994,Taylor,428
MN,F,1994,Sarah,422
MN,F,1994,Nicole,405
MN,F,1994,Jessica,395
MN,F,1994,Hannah,386
MN,F,1994,Amanda,378
MN,F,1995,Samantha,561
MN,F,1995,Emily,552
MN,F,1995,Ashley,438
MN,F,1995,Megan,421
MN,F,1995,Rachel,420
MN,F,1995,Hannah,396
MN,F,1995,Sarah,394
MN,F,1995,Taylor,394
MN,F,1995,Jessica,371
MN,F,1995,Elizabeth,344
MN,F,1996,Emily,542
MN,F,1996,Samantha,469
MN,F,1996,Hannah,449
MN,F,1996,Ashley,404
MN,F,1996,Megan,402
MN,F,1996,Sarah,375
MN,F,1996,Rachel,374
MN,F,1996,Elizabeth,370
MN,F,1996,Taylor,353
MN,F,1996,Jessica,321
MN,F,1997,Emily,613
MN,F,1997,Hannah,510
MN,F,1997,Samantha,444
MN,F,1997,Megan,378
MN,F,1997,Sarah,371
MN,F,1997,Taylor,352
MN,F,1997,Ashley,338
MN,F,1997,Elizabeth,331
MN,F,1997,Madison,328
MN,F,1997,Rachel,321
MN,F,1998,Emily,577
MN,F,1998,Hannah,495
MN,F,1998,Samantha,406
MN,F,1998,Madison,396
MN,F,1998,Megan,366
MN,F,1998,Taylor,349
MN,F,1998,Emma,348
MN,F,1998,Elizabeth,345
MN,F,1998,Sarah,337
MN,F,1998,Anna,320
MN,F,1999,Emily,585
MN,F,1999,Samantha,416
MN,F,1999,Hannah,411
MN,F,1999,Emma,382
MN,F,1999,Madison,370
MN,F,1999,Elizabeth,361
MN,F,1999,Megan,361
MN,F,1999,Grace,354
MN,F,1999,Anna,347
MN,F,1999,Taylor,326
MN,F,2000,Emily,559
MN,F,2000,Hannah,484
MN,F,2000,Grace,429
MN,F,2000,Emma,412
MN,F,2000,Elizabeth,373
MN,F,2000,Samantha,356
MN,F,2000,Madison,353
MN,F,2000,Anna,346
MN,F,2000,Megan,338
MN,F,2000,Lauren,312
MN,F,2001,Emily,482
MN,F,2001,Grace,447
MN,F,2001,Emma,415
MN,F,2001,Madison,410
MN,F,2001,Hannah,401
MN,F,2001,Abigail,400
MN,F,2001,Olivia,376
MN,F,2001,Anna,353
MN,F,2001,Elizabeth,338
MN,F,2001,Alexis,309
MN,F,2002,Emma,505
MN,F,2002,Grace,488
MN,F,2002,Emily,442
MN,F,2002,Olivia,398
MN,F,2002,Abigail,395
MN,F,2002,Hannah,383
MN,F,2002,Madison,382
MN,F,2002,Anna,346
MN,F,2002,Elizabeth,310
MN,F,2002,Alexis,290
MN,F,2003,Emma,617
MN,F,2003,Grace,451
MN,F,2003,Emily,429
MN,F,2003,Olivia,402
MN,F,2003,Abigail,368
MN,F,2003,Hannah,352
MN,F,2003,Elizabeth,323
MN,F,2003,Madison,304
MN,F,2003,Ella,294
MN,F,2003,Anna,272
MN,F,2004,Emma,563
MN,F,2004,Grace,476
MN,F,2004,Olivia,426
MN,F,2004,Emily,394
MN,F,2004,Abigail,348
MN,F,2004,Ella,337
MN,F,2004,Madison,311
MN,F,2004,Ava,307
MN,F,2004,Hannah,307
MN,F,2004,Elizabeth,302
MN,F,2005,Ava,460
MN,F,2005,Grace,428
MN,F,2005,Emma,421
MN,F,2005,Ella,394
MN,F,2005,Emily,394
MN,F,2005,Olivia,371
MN,F,2005,Abigail,354
MN,F,2005,Madison,330
MN,F,2005,Sophia,326
MN,F,2005,Hannah,308
MN,F,2006,Ava,484
MN,F,2006,Grace,375
MN,F,2006,Olivia,375
MN,F,2006,Emma,366
MN,F,2006,Sophia,356
MN,F,2006,Ella,350
MN,F,2006,Abigail,342
MN,F,2006,Emily,339
MN,F,2006,Hannah,306
MN,F,2006,Isabella,289
MN,F,2007,Ava,457
MN,F,2007,Olivia,400
MN,F,2007,Emma,377
MN,F,2007,Sophia,350
MN,F,2007,Addison,349
MN,F,2007,Grace,326
MN,F,2007,Abigail,306
MN,F,2007,Ella,306
MN,F,2007,Isabella,299
MN,F,2007,Emily,292
MN,F,2008,Ava,446
MN,F,2008,Olivia,386
MN,F,2008,Emma,367
MN,F,2008,Sophia,327
MN,F,2008,Grace,304
MN,F,2008,Isabella,304
MN,F,2008,Abigail,288
MN,F,2008,Ella,276
MN,F,2008,Madison,262
MN,F,2008,Addison,250
MN,F,2009,Olivia,406
MN,F,2009,Ava,363
MN,F,2009,Emma,342
MN,F,2009,Sophia,340
MN,F,2009,Isabella,331
MN,F,2009,Ella,304
MN,F,2009,Grace,267
MN,F,2009,Abigail,265
MN,F,2009,Addison,244
MN,F,2009,Chloe,205
MN,F,2010,Ava,384
MN,F,2010,Olivia,376
MN,F,2010,Sophia,373
MN,F,2010,Isabella,318
MN,F,2010,Emma,303
MN,F,2010,Abigail,267
MN,F,2010,Ella,262
MN,F,2010,Addison,247
MN,F,2010,Grace,213
MN,F,2010,Emily,201
MN,F,2011,Olivia,366
MN,F,2011,Sophia,356
MN,F,2011,Emma,340
MN,F,2011,Ava,337
MN,F,2011,Isabella,256
MN,F,2011,Abigail,241
MN,F,2011,Grace,236
MN,F,2011,Ella,234
MN,F,2011,Elizabeth,203
MN,F,2011,Emily,203
MN,F,2012,Olivia,368
MN,F,2012,Emma,367
MN,F,2012,Sophia,329
MN,F,2012,Ava,326
MN,F,2012,Avery,281
MN,F,2012,Evelyn,239
MN,F,2012,Ella,224
MN,F,2012,Isabella,221
MN,F,2012,Grace,219
MN,F,2012,Abigail,217
MN,F,2013,Olivia,367
MN,F,2013,Emma,346
MN,F,2013,Sophia,323
MN,F,2013,Ava,269
MN,F,2013,Charlotte,252
MN,F,2013,Evelyn,248
MN,F,2013,Isabella,224
MN,F,2013,Amelia,216
MN,F,2013,Harper,215
MN,F,2013,Avery,209
MN,F,2014,Olivia,363
MN,F,2014,Emma,353
MN,F,2014,Evelyn,298
MN,F,2014,Ava,267
MN,F,2014,Charlotte,245
MN,F,2014,Sophia,242
MN,F,2014,Harper,221
MN,F,2014,Avery,218
MN,F,2014,Amelia,211
MN,F,2014,Ella,210
MN,F,2015,Olivia,378
MN,F,2015,Emma,323
MN,F,2015,Evelyn,272
MN,F,2015,Ava,267
MN,F,2015,Nora,244
MN,F,2015,Charlotte,241
MN,F,2015,Harper,236
MN,F,2015,Sophia,234
MN,F,2015,Amelia,232
MN,F,2015,Grace,207
MN,F,2016,Evelyn,335
MN,F,2016,Olivia,314
MN,F,2016,Emma,310
MN,F,2016,Charlotte,286
MN,F,2016,Harper,253
MN,F,2016,Ava,234
MN,F,2016,Grace,219
MN,F,2016,Amelia,218
MN,F,2016,Sophia,215
MN,F,2016,Nora,201
MN,F,2017,Olivia,311
MN,F,2017,Evelyn,310
MN,F,2017,Emma,297
MN,F,2017,Charlotte,259
MN,F,2017,Nora,235
MN,F,2017,Harper,227
MN,F,2017,Ava,223
MN,F,2017,Amelia,217
MN,F,2017,Sophia,191
MN,F,2017,Eleanor,184
MN,F,2018,Evelyn,314
MN,F,2018,Olivia,306
MN,F,2018,Charlotte,290
MN,F,2018,Emma,288
MN,F,2018,Harper,261
MN,F,2018,Amelia,238
MN,F,2018,Ava,226
MN,F,2018,Nora,215
MN,F,2018,Sophia,198
MN,F,2018,Hazel,189
MN,F,2019,Olivia,322
MN,F,2019,Charlotte,290
MN,F,2019,Evelyn,266
MN,F,2019,Emma,247
MN,F,2019,Amelia,245
MN,F,2019,Harper,243
MN,F,2019,Nora,219
MN,F,2019,Sophia,199
MN,F,2019,Ava,196
MN,F,2019,Eleanor,181
MN,M,1920,Robert,1305
MN,M,1920,John,918
MN,M,1920,Donald,736
MN,M,1920,William,634
MN,M,1920,James,536
MN,M,1920,George,530
MN,M,1920,Harold,468
MN,M,1920,Richard,461
MN,M,1920,Raymond,418
MN,M,1920,Kenneth,329
MN,M,1921,Robert,1381
MN,M,1921,John,970
MN,M,1921,Donald,811
MN,M,1921,William,685
MN,M,1921,James,637
MN,M,1921,George,516
MN,M,1921,Richard,459
MN,M,1921,Harold,452
MN,M,1921,Raymond,403
MN,M,1921,Kenneth,368
MN,M,1922,Robert,1481
MN,M,1922,John,1043
MN,M,1922,Donald,899
MN,M,1922,William,712
MN,M,1922,James,642
MN,M,1922,Richard,570
MN,M,1922,George,484
MN,M,1922,Harold,401
MN,M,1922,Raymond,376
MN,M,1922,Edward,371
MN,M,1923,Robert,1497
MN,M,1923,Donald,975
MN,M,1923,John,963
MN,M,1923,William,714
MN,M,1923,James,661
MN,M,1923,Richard,657
MN,M,1923,George,433
MN,M,1923,Kenneth,417
MN,M,1923,Harold,399
MN,M,1923,Raymond,387
MN,M,1924,Robert,1529
MN,M,1924,John,1012
MN,M,1924,Donald,971
MN,M,1924,William,740
MN,M,1924,Richard,688
MN,M,1924,James,676
MN,M,1924,George,474
MN,M,1924,Harold,426
MN,M,1924,Kenneth,420
MN,M,1924,Raymond,395
MN,M,1925,Robert,1515
MN,M,1925,Donald,951
MN,M,1925,John,946
MN,M,1925,Richard,768
MN,M,1925,James,708
MN,M,1925,William,689
MN,M,1925,George,445
MN,M,1925,Harold,387
MN,M,1925,Kenneth,369
MN,M,1925,Charles,356
MN,M,1926,Robert,1462
MN,M,1926,Donald,1076
MN,M,1926,John,968
MN,M,1926,Richard,827
MN,M,1926,James,723
MN,M,1926,William,695
MN,M,1926,George,414
MN,M,1926,Kenneth,372
MN,M,1926,Harold,370
MN,M,1926,Charles,345
MN,M,1927,Robert,1407
MN,M,1927,Donald,1134
MN,M,1927,John,936
MN,M,1927,Richard,882
MN,M,1927,James,768
MN,M,1927,William,677
MN,M,1927,George,434
MN,M,1927,Kenneth,388
MN,M,1927,Charles,373
MN,M,1927,Harold,354
MN,M,1928,Robert,1280
MN,M,1928,Donald,1107
MN,M,1928,John,890
MN,M,1928,Richard,883
MN,M,1928,James,812
MN,M,1928,William,639
MN,M,1928,Kenneth,377
MN,M,1928,George,374
MN,M,1928,Charles,338
MN,M,1928,Gerald,314
MN,M,1929,Robert,1348
MN,M,1929,Donald,1111
MN,M,1929,Richard,912
MN,M,1929,John,911
MN,M,1929,James,800
MN,M,1929,William,635
MN,M,1929,Kenneth,373
MN,M,1929,Charles,344
MN,M,1929,George,302
MN,M,1929,Raymond,302
MN,M,1930,Robert,1297
MN,M,1930,Donald,1079
MN,M,1930,Richard,1008
MN,M,1930,John,872
MN,M,1930,James,863
MN,M,1930,William,634
MN,M,1930,Charles,376
MN,M,1930,Kenneth,362
MN,M,1930,Thomas,324
MN,M,1930,Gerald,322
MN,M,1931,Robert,1303
MN,M,1931,Donald,1065
MN,M,1931,Richard,977
MN,M,1931,John,884
MN,M,1931,James,869
MN,M,1931,William,565
MN,M,1931,Charles,387
MN,M,1931,Kenneth,382
MN,M,1931,Gerald,377
MN,M,1931,Roger,324
MN,M,1932,Robert,1299
MN,M,1932,Richard,1030
MN,M,1932,Donald,974
MN,M,1932,John,918
MN,M,1932,James,908
MN,M,1932,William,560
MN,M,1932,Gerald,430
MN,M,1932,Kenneth,394
MN,M,1932,Ronald,384
MN,M,1932,Charles,378
MN,M,1933,Robert,1129
MN,M,1933,Richard,1118
MN,M,1933,John,921
MN,M,1933,James,886
MN,M,1933,Donald,858
MN,M,1933,William,545
MN,M,1933,Ronald,454
MN,M,1933,Gerald,421
MN,M,1933,Charles,393
MN,M,1933,Kenneth,352
MN,M,1934,Robert,1126
MN,M,1934,Richard,1125
MN,M,1934,James,1011
MN,M,1934,John,899
MN,M,1934,Donald,877
MN,M,1934,William,535
MN,M,1934,Gerald,453
MN,M,1934,Ronald,443
MN,M,1934,David,406
MN,M,1934,Charles,390
MN,M,1935,Robert,1112
MN,M,1935,Richard,1050
MN,M,1935,James,1030
MN,M,1935,John,933
MN,M,1935,Donald,821
MN,M,1935,William,534
MN,M,1935,David,508
MN,M,1935,Ronald,486
MN,M,1935,Gerald,467
MN,M,1935,Roger,411
MN,M,1936,Robert,1214
MN,M,1936,Richard,1125
MN,M,1936,James,1053
MN,M,1936,John,884
MN,M,1936,Donald,837
MN,M,1936,David,577
MN,M,1936,Ronald,543
MN,M,1936,William,539
MN,M,1936,Gerald,509
MN,M,1936,Roger,475
MN,M,1937,Robert,1193
MN,M,1937,James,1104
MN,M,1937,Richard,1020
MN,M,1937,John,977
MN,M,1937,Donald,835
MN,M,1937,David,746
MN,M,1937,William,568
MN,M,1937,Ronald,558
MN,M,1937,Roger,486
MN,M,1937,Gerald,483
MN,M,1938,Robert,1273
MN,M,1938,James,1193
MN,M,1938,Richard,1021
MN,M,1938,John,1016
MN,M,1938,David,808
MN,M,1938,Donald,773
MN,M,1938,William,629
MN,M,1938,Ronald,581
MN,M,1938,Gerald,577
MN,M,1938,Thomas,512
MN,M,1939,Robert,1256
MN,M,1939,James,1177
MN,M,1939,Richard,1082
MN,M,1939,John,1051
MN,M,1939,David,901
MN,M,1939,Donald,712
MN,M,1939,William,609
MN,M,1939,Ronald,557
MN,M,1939,Gerald,535
MN,M,1939,Thomas,525
MN,M,1940,Robert,1314
MN,M,1940,James,1276
MN,M,1940,Richard,1151
MN,M,1940,John,1129
MN,M,1940,David,988
MN,M,1940,William,654
MN,M,1940,Gary,637
MN,M,1940,Donald,628
MN,M,1940,Thomas,615
MN,M,1940,Ronald,607
MN,M,1941,James,1334
MN,M,1941,Robert,1299
MN,M,1941,Richard,1180
MN,M,1941,John,1157
MN,M,1941,David,1067
MN,M,1941,Thomas,712
MN,M,1941,Ronald,683
MN,M,1941,William,673
MN,M,1941,Gary,639
MN,M,1941,Dennis,632
MN,M,1942,James,1511
MN,M,1942,Robert,1395
MN,M,1942,John,1259
MN,M,1942,Richard,1252
MN,M,1942,David,1210
MN,M,1942,Thomas,802
MN,M,1942,Gary,728
MN,M,1942,Dennis,722
MN,M,1942,William,699
MN,M,1942,Donald,628
MN,M,1943,James,1508
MN,M,1943,Robert,1364
MN,M,1943,John,1297
MN,M,1943,Richard,1196
MN,M,1943,David,1135
MN,M,1943,Thomas,828
MN,M,1943,William,759
MN,M,1943,Gary,730
MN,M,1943,Ronald,712
MN,M,1943,Dennis,708
MN,M,1944,James,1405
MN,M,1944,Robert,1299
MN,M,1944,John,1259
MN,M,1944,Richard,1259
MN,M,1944,David,1109
MN,M,1944,Thomas,834
MN,M,1944,Gary,815
MN,M,1944,Michael,721
MN,M,1944,Dennis,674
MN,M,1944,William,664
MN,M,1945,James,1375
MN,M,1945,Robert,1281
MN,M,1945,Richard,1242
MN,M,1945,John,1187
MN,M,1945,David,1091
MN,M,1945,Gary,874
MN,M,1945,Thomas,787
MN,M,1945,Michael,735
MN,M,1945,Dennis,636
MN,M,1945,William,595
MN,M,1946,James,1713
MN,M,1946,Robert,1588
MN,M,1946,John,1501
MN,M,1946,Richard,1497
MN,M,1946,David,1325
MN,M,1946,Michael,1127
MN,M,1946,Thomas,1080
MN,M,1946,Gary,991
MN,M,1946,Dennis,819
MN,M,1946,William,819
MN,M,1947,James,1785
MN,M,1947,Robert,1681
MN,M,1947,John,1651
MN,M,1947,David,1592
MN,M,1947,Richard,1462
MN,M,1947,Michael,1296
MN,M,1947,Thomas,1209
MN,M,1947,Gary,1127
MN,M,1947,Dennis,828
MN,M,1947,William,825
MN,M,1948,James,1659
MN,M,1948,David,1531
MN,M,1948,John,1519
MN,M,1948,Robert,1494
MN,M,1948,Michael,1412
MN,M,1948,Richard,1389
MN,M,1948,Thomas,1251
MN,M,1948,Gary,1016
MN,M,1948,William,791
MN,M,1948,Steven,773
MN,M,1949,James,1685
MN,M,1949,David,1648
MN,M,1949,Michael,1552
MN,M,1949,John,1534
MN,M,1949,Robert,1533
MN,M,1949,Thomas,1400
MN,M,1949,Richard,1222
MN,M,1949,Steven,982
MN,M,1949,Gary,933
MN,M,1949,William,823
MN,M,1950,Michael,1682
MN,M,1950,James,1653
MN,M,1950,David,1645
MN,M,1950,John,1510
MN,M,1950,Robert,1506
MN,M,1950,Thomas,1389
MN,M,1950,Steven,1207
MN,M,1950,Richard,1204
MN,M,1950,Gary,977
MN,M,1950,William,907
MN,M,1951,James,1760
MN,M,1951,David,1736
MN,M,1951,Michael,1696
MN,M,1951,John,1540
MN,M,1951,Robert,1464
MN,M,1951,Thomas,1459
MN,M,1951,Steven,1347
MN,M,1951,Richard,1278
MN,M,1951,Mark,1060
MN,M,1951,Gary,1041
MN,M,1952,Michael,1864
MN,M,1952,David,1777
MN,M,1952,James,1650
MN,M,1952,Steven,1478
MN,M,1952,John,1469
MN,M,1952,Thomas,1400
MN,M,1952,Robert,1398
MN,M,1952,Richard,1337
MN,M,1952,Mark,1089
MN,M,1952,Gary,1005
MN,M,1953,David,1867
MN,M,1953,Michael,1866
MN,M,1953,James,1555
MN,M,1953,John,1435
MN,M,1953,Steven,1378
MN,M,1953,Robert,1364
MN,M,1953,Thomas,1305
MN,M,1953,Richard,1292
MN,M,1953,Mark,1180
MN,M,1953,Gary,934
MN,M,1954,Michael,1889
MN,M,1954,David,1853
MN,M,1954,James,1509
MN,M,1954,John,1483
MN,M,1954,Steven,1471
MN,M,1954,Robert,1361
MN,M,1954,Mark,1329
MN,M,1954,Thomas,1294
MN,M,1954,Richard,1292
MN,M,1954,Gary,899
MN,M,1955,David,2046
MN,M,1955,Michael,1893
MN,M,1955,Mark,1502
MN,M,1955,James,1444
MN,M,1955,John,1439
MN,M,1955,Steven,1389
MN,M,1955,Robert,1330
MN,M,1955,Thomas,1306
MN,M,1955,Richard,1118
MN,M,1955,Daniel,865
MN,M,1956,David,1901
MN,M,1956,Michael,1852
MN,M,1956,Mark,1561
MN,M,1956,James,1473
MN,M,1956,John,1410
MN,M,1956,Steven,1350
MN,M,1956,Robert,1328
MN,M,1956,Thomas,1292
MN,M,1956,Richard,1122
MN,M,1956,Daniel,885
MN,M,1957,David,1943
MN,M,1957,Michael,1902
MN,M,1957,Mark,1614
MN,M,1957,James,1459
MN,M,1957,John,1444
MN,M,1957,Steven,1276
MN,M,1957,Thomas,1250
MN,M,1957,Robert,1217
MN,M,1957,Richard,1065
MN,M,1957,Scott,918
MN,M,1958,Michael,1782
MN,M,1958,David,1756
MN,M,1958,Mark,1671
MN,M,1958,James,1348
MN,M,1958,John,1330
MN,M,1958,Thomas,1235
MN,M,1958,Robert,1198
MN,M,1958,Steven,1076
MN,M,1958,Scott,1042
MN,M,1958,Richard,944
MN,M,1959,David,1853
MN,M,1959,Michael,1830
MN,M,1959,Mark,1693
MN,M,1959,James,1437
MN,M,1959,John,1431
MN,M,1959,Thomas,1221
MN,M,1959,Steven,1156
MN,M,1959,Robert,1120
MN,M,1959,Scott,1100
MN,M,1959,Timothy,1012
MN,M,1960,David,1977
MN,M,1960,Mark,1759
MN,M,1960,Michael,1669
MN,M,1960,John,1520
MN,M,1960,James,1460
MN,M,1960,Thomas,1229
MN,M,1960,Robert,1221
MN,M,1960,Steven,1167
MN,M,1960,Scott,1154
MN,M,1960,Timothy,955
MN,M,1961,David,1928
MN,M,1961,Michael,1707
MN,M,1961,Mark,1607
MN,M,1961,John,1511
MN,M,1961,James,1343
MN,M,1961,Scott,1176
MN,M,1961,Robert,1157
MN,M,1961,Steven,1080
MN,M,1961,Thomas,1080
MN,M,1961,Jeffrey,935
MN,M,1962,David,1860
MN,M,1962,Michael,1703
MN,M,1962,Mark,1530
MN,M,1962,John,1517
MN,M,1962,Scott,1382
MN,M,1962,James,1294
MN,M,1962,Thomas,1109
MN,M,1962,Robert,1070
MN,M,1962,Steven,979
MN,M,1962,Jeffrey,977
MN,M,1963,Michael,1752
MN,M,1963,David,1715
MN,M,1963,John,1510
MN,M,1963,Mark,1386
MN,M,1963,Scott,1215
MN,M,1963,James,1167
MN,M,1963,Robert,1032
MN,M,1963,Thomas,1005
MN,M,1963,Steven,933
MN,M,1963,Jeffrey,926
MN,M,1964,David,1649
MN,M,1964,Michael,1642
MN,M,1964,John,1589
MN,M,1964,Mark,1261
MN,M,1964,James,1246
MN,M,1964,Scott,1088
MN,M,1964,Robert,1056
MN,M,1964,Thomas,1011
MN,M,1964,Steven,921
MN,M,1964,Daniel,904
MN,M,1965,Michael,1654
MN,M,1965,David,1368
MN,M,1965,John,1302
MN,M,1965,James,1140
MN,M,1965,Mark,1005
MN,M,1965,Scott,980
MN,M,1965,Robert,911
MN,M,1965,Thomas,903
MN,M,1965,Jeffrey,868
MN,M,1965,Daniel,847
MN,M,1966,Michael,1592
MN,M,1966,David,1350
MN,M,1966,John,1169
MN,M,1966,James,1012
MN,M,1966,Scott,987
MN,M,1966,Mark,917
MN,M,1966,Robert,907
MN,M,1966,Steven,848
MN,M,1966,Jeffrey,845
MN,M,1966,Thomas,817
MN,M,1967,Michael,1601
MN,M,1967,David,1359
MN,M,1967,John,1079
MN,M,1967,James,969
MN,M,1967,Scott,937
MN,M,1967,Mark,902
MN,M,1967,Jeffrey,821
MN,M,1967,Thomas,792
MN,M,1967,Robert,775
MN,M,1967,Timothy,773
MN,M,1968,Michael,1577
MN,M,1968,David,1272
MN,M,1968,John,1021
MN,M,1968,Mark,944
MN,M,1968,Scott,940
MN,M,1968,James,877
MN,M,1968,Robert,830
MN,M,1968,Jeffrey,824
MN,M,1968,Brian,796
MN,M,1968,Daniel,759
MN,M,1969,Michael,1622
MN,M,1969,David,1223
MN,M,1969,John,957
MN,M,1969,Scott,957
MN,M,1969,Mark,887
MN,M,1969,Robert,858
MN,M,1969,James,827
MN,M,1969,Jeffrey,791
MN,M,1969,Daniel,778
MN,M,1969,Brian,764
MN,M,1970,Michael,1568
MN,M,1970,Jason,1143
MN,M,1970,David,1134
MN,M,1970,John,949
MN,M,1970,Scott,925
MN,M,1970,James,882
MN,M,1970,Jeffrey,819
MN,M,1970,Mark,809
MN,M,1970,Robert,808
MN,M,1970,Christopher,782
MN,M,1971,Michael,1346
MN,M,1971,Jason,1235
MN,M,1971,David,911
MN,M,1971,Scott,887
MN,M,1971,Christopher,807
MN,M,1971,John,755
MN,M,1971,Chad,732
MN,M,1971,Robert,684
MN,M,1971,James,681
MN,M,1971,Brian,674
MN,M,1972,Jason,1268
MN,M,1972,Michael,1118
MN,M,1972,Christopher,923
MN,M,1972,Chad,835
MN,M,1972,David,761
MN,M,1972,Brian,729
MN,M,1972,Scott,674
MN,M,1972,Daniel,615
MN,M,1972,John,614
MN,M,1972,James,574
MN,M,1973,Jason,1320
MN,M,1973,Michael,1125
MN,M,1973,Christopher,837
MN,M,1973,Chad,738
MN,M,1973,Brian,731
MN,M,1973,Matthew,675
MN,M,1973,David,674
MN,M,1973,Daniel,635
MN,M,1973,Scott,569
MN,M,1973,John,525
MN,M,1974,Jason,1273
MN,M,1974,Michael,1140
MN,M,1974,Christopher,803
MN,M,1974,Matthew,796
MN,M,1974,Brian,719
MN,M,1974,Chad,707
MN,M,1974,David,658
MN,M,1974,Ryan,571
MN,M,1974,Daniel,570
MN,M,1974,Jeremy,554
MN,M,1975,Jason,1241
MN,M,1975,Michael,1181
MN,M,1975,Matthew,913
MN,M,1975,Christopher,822
MN,M,1975,Ryan,675
MN,M,1975,Brian,670
MN,M,1975,Chad,655
MN,M,1975,David,611
MN,M,1975,Jeremy,584
MN,M,1975,Daniel,569
MN,M,1976,Michael,1143
MN,M,1976,Jason,1118
MN,M,1976,Matthew,916
MN,M,1976,Christopher,809
MN,M,1976,Ryan,733
MN,M,1976,Brian,686
MN,M,1976,Jeremy,681
MN,M,1976,Daniel,610
MN,M,1976,David,596
MN,M,1976,Chad,550
MN,M,1977,Michael,1199
MN,M,1977,Jason,1107
MN,M,1977,Matthew,931
MN,M,1977,Ryan,896
MN,M,1977,Christopher,767
MN,M,1977,Brian,732
MN,M,1977,Daniel,710
MN,M,1977,Jeremy,649
MN,M,1977,David,601
MN,M,1977,Joshua,594
MN,M,1978,Michael,1275
MN,M,1978,Jason,1038
MN,M,1978,Matthew,982
MN,M,1978,Ryan,865
MN,M,1978,Christopher,763
MN,M,1978,David,694
MN,M,1978,Joshua,692
MN,M,1978,Andrew,668
MN,M,1978,Daniel,641
MN,M,1978,Brian,633
MN,M,1979,Michael,1204
MN,M,1979,Matthew,1126
MN,M,1979,Jason,949
MN,M,1979,Joshua,892
MN,M,1979,Christopher,832
MN,M,1979,Ryan,828
MN,M,1979,Nicholas,760
MN,M,1979,Andrew,740
MN,M,1979,Daniel,708
MN,M,1979,David,670
MN,M,1980,Michael,1351
MN,M,1980,Matthew,1099
MN,M,1980,Joshua,981
MN,M,1980,Ryan,887
MN,M,1980,Jason,884
MN,M,1980,Christopher,837
MN,M,1980,Andrew,783
MN,M,1980,Nicholas,777
MN,M,1980,Daniel,761
MN,M,1980,Joseph,719
MN,M,1981,Michael,1372
MN,M,1981,Matthew,1233
MN,M,1981,Joshua,963
MN,M,1981,Ryan,944
MN,M,1981,Andrew,819
MN,M,1981,Christopher,800
MN,M,1981,Nicholas,772
MN,M,1981,Daniel,754
MN,M,1981,Joseph,738
MN,M,1981,Jason,735
MN,M,1982,Matthew,1317
MN,M,1982,Michael,1302
MN,M,1982,Christopher,965
MN,M,1982,Joshua,927
MN,M,1982,Andrew,865
MN,M,1982,Ryan,850
MN,M,1982,Daniel,811
MN,M,1982,Joseph,745
MN,M,1982,Adam,739
MN,M,1982,Jason,719
MN,M,1983,Matthew,1261
MN,M,1983,Michael,1225
MN,M,1983,Andrew,907
MN,M,1983,Christopher,901
MN,M,1983,Daniel,846
MN,M,1983,Ryan,831
MN,M,1983,Adam,809
MN,M,1983,Joshua,805
MN,M,1983,Joseph,739
MN,M,1983,Nicholas,707
MN,M,1984,Matthew,1245
MN,M,1984,Michael,1209
MN,M,1984,Daniel,897
MN,M,1984,Ryan,871
MN,M,1984,Christopher,868
MN,M,1984,Andrew,863
MN,M,1984,Adam,839
MN,M,1984,Joshua,837
MN,M,1984,Joseph,797
MN,M,1984,David,707
MN,M,1985,Matthew,1235
MN,M,1985,Michael,1146
MN,M,1985,Andrew,989
MN,M,1985,Daniel,901
MN,M,1985,Joshua,866
MN,M,1985,Ryan,806
MN,M,1985,Christopher,794
MN,M,1985,Joseph,726
MN,M,1985,Nicholas,713
MN,M,1985,David,652
MN,M,1986,Matthew,1185
MN,M,1986,Michael,1142
MN,M,1986,Andrew,1097
MN,M,1986,Christopher,805
MN,M,1986,Ryan,796
MN,M,1986,Daniel,767
MN,M,1986,Nicholas,743
MN,M,1986,Joshua,706
MN,M,1986,Joseph,644
MN,M,1986,David,584
MN,M,1987,Michael,1144
MN,M,1987,Andrew,1095
MN,M,1987,Matthew,990
MN,M,1987,Daniel,800
MN,M,1987,Nicholas,740
MN,M,1987,Joshua,727
MN,M,1987,Christopher,694
MN,M,1987,Joseph,659
MN,M,1987,Ryan,658
MN,M,1987,David,611
MN,M,1988,Michael,1096
MN,M,1988,Matthew,1078
MN,M,1988,Andrew,1052
MN,M,1988,Joshua,761
MN,M,1988,Daniel,711
MN,M,1988,Nicholas,682
MN,M,1988,Jacob,667
MN,M,1988,Ryan,665
MN,M,1988,Joseph,648
MN,M,1988,Christopher,639
MN,M,1989,Michael,1090
MN,M,1989,Andrew,1031
MN,M,1989,Matthew,1028
MN,M,1989,Nicholas,773
MN,M,1989,Jacob,734
MN,M,1989,Joshua,726
MN,M,1989,Daniel,685
MN,M,1989,Christopher,661
MN,M,1989,Ryan,652
MN,M,1989,Joseph,642
MN,M,1990,Michael,1075
MN,M,1990,Andrew,943
MN,M,1990,Matthew,940
MN,M,1990,Nicholas,768
MN,M,1990,Jacob,738
MN,M,1990,Joshua,737
MN,M,1990,Daniel,662
MN,M,1990,Tyler,642
MN,M,1990,Joseph,640
MN,M,1990,Christopher,634
MN,M,1991,Michael,1036
MN,M,1991,Matthew,857
MN,M,1991,Andrew,850
MN,M,1991,Tyler,751
MN,M,1991,Jacob,728
MN,M,1991,Nicholas,712
MN,M,1991,Joshua,699
MN,M,1991,Joseph,659
MN,M,1991,Ryan,613
MN,M,1991,Daniel,568
MN,M,1992,Michael,908
MN,M,1992,Tyler,791
MN,M,1992,Andrew,790
MN,M,1992,Matthew,781
MN,M,1992,Jacob,721
MN,M,1992,Nicholas,693
MN,M,1992,Ryan,605
MN,M,1992,Joshua,596
MN,M,1992,Joseph,594
MN,M,1992,Zachary,589
MN,M,1993,Tyler,783
MN,M,1993,Matthew,772
MN,M,1993,Michael,762
MN,M,1993,Nicholas,687
MN,M,1993,Jacob,684
MN,M,1993,Andrew,669
MN,M,1993,Zachary,641
MN,M,1993,Joseph,567
MN,M,1993,Alexander,543
MN,M,1993,Joshua,522
MN,M,1994,Jacob,779
MN,M,1994,Tyler,726
MN,M,1994,Michael,702
MN,M,1994,Matthew,667
MN,M,1994,Nicholas,665
MN,M,1994,Andrew,647
MN,M,1994,Zachary,590
MN,M,1994,Joseph,572
MN,M,1994,Alexander,549
MN,M,1994,Joshua,503
MN,M,1995,Jacob,747
MN,M,1995,Tyler,703
MN,M,1995,Matthew,673
MN,M,1995,Nicholas,655
MN,M,1995,Andrew,641
MN,M,1995,Michael,589
MN,M,1995,Austin,550
MN,M,1995,Zachary,531
MN,M,1995,Alexander,496
MN,M,1995,Ryan,488
MN,M,1996,Jacob,820
MN,M,1996,Nicholas,647
MN,M,1996,Matthew,642
MN,M,1996,Tyler,573
MN,M,1996,Michael,571
MN,M,1996,Andrew,511
MN,M,1996,Zachary,511
MN,M,1996,Joseph,494
MN,M,1996,Austin,482
MN,M,1996,Ryan,481
MN,M,1997,Jacob,823
MN,M,1997,Matthew,657
MN,M,1997,Nicholas,628
MN,M,1997,Andrew,569
MN,M,1997,Austin,523
MN,M,1997,Michael,508
MN,M,1997,Tyler,504
MN,M,1997,Samuel,479
MN,M,1997,Joseph,474
MN,M,1997,Zachary,471
MN,M,1998,Jacob,801
MN,M,1998,Matthew,605
MN,M,1998,Nicholas,579
MN,M,1998,Tyler,526
MN,M,1998,Andrew,521
MN,M,1998,Michael,517
MN,M,1998,Samuel,492
MN,M,1998,Austin,471
MN,M,1998,Zachary,466
MN,M,1998,Benjamin,442
MN,M,1999,Jacob,755
MN,M,1999,Nicholas,549
MN,M,1999,Matthew,538
MN,M,1999,Benjamin,515
MN,M,1999,Andrew,501
MN,M,1999,Tyler,482
MN,M,1999,Austin,470
MN,M,1999,Zachary,470
MN,M,1999,Samuel,456
MN,M,1999,Michael,447
MN,M,2000,Jacob,752
MN,M,2000,Nicholas,536
MN,M,2000,Matthew,510
MN,M,2000,Andrew,501
MN,M,2000,Samuel,491
MN,M,2000,Benjamin,476
MN,M,2000,Tyler,452
MN,M,2000,Zachary,451
MN,M,2000,Michael,449
MN,M,2000,Joseph,438
MN,M,2001,Jacob,720
MN,M,2001,Samuel,509
MN,M,2001,Joseph,487
MN,M,2001,Benjamin,480
MN,M,2001,Andrew,478
MN,M,2001,Nicholas,452
MN,M,2001,Tyler,430
MN,M,2001,Matthew,428
MN,M,2001,Zachary,422
MN,M,2001,Joshua,411
MN,M,2002,Jacob,619
MN,M,2002,Ethan,497
MN,M,2002,Benjamin,460
MN,M,2002,Samuel,458
MN,M,2002,Nicholas,452
MN,M,2002,Joseph,447
MN,M,2002,Zachary,421
MN,M,2002,Andrew,418
MN,M,2002,Joshua,409
MN,M,2002,Alexander,402
MN,M,2003,Jacob,589
MN,M,2003,Ethan,496
MN,M,2003,Joseph,453
MN,M,2003,Andrew,452
MN,M,2003,Samuel,449
MN,M,2003,Tyler,428
MN,M,2003,Nicholas,399
MN,M,2003,Benjamin,393
MN,M,2003,Zachary,387
MN,M,2003,Joshua,386
MN,M,2004,Jacob,522
MN,M,2004,Ethan,465
MN,M,2004,Samuel,448
MN,M,2004,Andrew,436
MN,M,2004,Tyler,407
MN,M,2004,Benjamin,406
MN,M,2004,Joseph,384
MN,M,2004,Alexander,378
MN,M,2004,Jack,363
MN,M,2004,William,361
MN,M,2005,Ethan,494
MN,M,2005,Jacob,476
MN,M,2005,Samuel,441
MN,M,2005,Jack,420
MN,M,2005,Andrew,414
MN,M,2005,Benjamin,394
MN,M,2005,Joseph,373
MN,M,2005,Alexander,372
MN,M,2005,Logan,358
MN,M,2005,William,356
MN,M,2006,Ethan,463
MN,M,2006,Jacob,448
MN,M,2006,Logan,411
MN,M,2006,Benjamin,406
MN,M,2006,Jack,401
MN,M,2006,Noah,380
MN,M,2006,William,377
MN,M,2006,Andrew,370
MN,M,2006,Samuel,367
MN,M,2006,Joseph,355
MN,M,2007,Jacob,462
MN,M,2007,Ethan,413
MN,M,2007,Logan,405
MN,M,2007,Jack,365
MN,M,2007,Samuel,364
MN,M,2007,Alexander,358
MN,M,2007,Benjamin,357
MN,M,2007,Noah,357
MN,M,2007,Andrew,354
MN,M,2007,Gavin,354
MN,M,2008,Ethan,408
MN,M,2008,Alexander,375
MN,M,2008,Logan,364
MN,M,2008,William,354
MN,M,2008,Benjamin,343
MN,M,2008,Jacob,343
MN,M,2008,Mason,331
MN,M,2008,Noah,326
MN,M,2008,Samuel,326
MN,M,2008,Gavin,322
MN,M,2009,Logan,390
MN,M,2009,Benjamin,370
MN,M,2009,William,357
MN,M,2009,Ethan,352
MN,M,2009,Jacob,345
MN,M,2009,Alexander,339
MN,M,2009,Owen,338
MN,M,2009,Carter,329
MN,M,2009,Samuel,327
MN,M,2009,Noah,318
MN,M,2010,Mason,406
MN,M,2010,Ethan,345
MN,M,2010,William,334
MN,M,2010,Owen,322
MN,M,2010,Logan,317
MN,M,2010,Jack,299
MN,M,2010,Jacob,298
MN,M,2010,Samuel,297
MN,M,2010,Jackson,283
MN,M,2010,Carter,273
MN,M,2011,Mason,447
MN,M,2011,William,366
MN,M,2011,Jacob,327
MN,M,2011,Liam,325
MN,M,2011,Benjamin,322
MN,M,2011,Logan,319
MN,M,2011,Ethan,318
MN,M,2011,Jack,301
MN,M,2011,Noah,293
MN,M,2011,Jackson,289
MN,M,2012,Mason,363
MN,M,2012,William,352
MN,M,2012,Ethan,334
MN,M,2012,Liam,330
MN,M,2012,Henry,315
MN,M,2012,Owen,313
MN,M,2012,Benjamin,271
MN,M,2012,Noah,268
MN,M,2012,Jackson,265
MN,M,2012,Logan,254
MN,M,2013,William,354
MN,M,2013,Liam,342
MN,M,2013,Mason,340
MN,M,2013,Henry,334
MN,M,2013,Logan,305
MN,M,2013,Benjamin,279
MN,M,2013,Owen,275
MN,M,2013,Jack,272
MN,M,2013,Jackson,265
MN,M,2013,Noah,263
MN,M,2014,Henry,352
MN,M,2014,William,344
MN,M,2014,Liam,330
MN,M,2014,Owen,305
MN,M,2014,Benjamin,302
MN,M,2014,Mason,292
MN,M,2014,Oliver,288
MN,M,2014,Logan,258
MN,M,2014,Noah,252
MN,M,2014,Ethan,251
MN,M,2015,Henry,393
MN,M,2015,Oliver,360
MN,M,2015,William,339
MN,M,2015,Liam,323
MN,M,2015,Mason,291
MN,M,2015,Jack,287
MN,M,2015,Owen,280
MN,M,2015,Jackson,236
MN,M,2015,Lucas,235
MN,M,2015,Ethan,232
MN,M,2016,Henry,399
MN,M,2016,Oliver,368
MN,M,2016,William,325
MN,M,2016,Owen,293
MN,M,2016,Liam,278
MN,M,2016,Jack,272
MN,M,2016,Mason,267
MN,M,2016,James,255
MN,M,2016,Noah,249
MN,M,2016,Theodore,248
MN,M,2017,Oliver,358
MN,M,2017,William,344
MN,M,2017,Henry,339
MN,M,2017,Liam,301
MN,M,2017,Theodore,265
MN,M,2017,Logan,240
MN,M,2017,Mason,239
MN,M,2017,Noah,239
MN,M,2017,Wyatt,236
MN,M,2017,Owen,232
MN,M,2018,Henry,379
MN,M,2018,Oliver,328
MN,M,2018,William,298
MN,M,2018,Liam,289
MN,M,2018,Theodore,271
MN,M,2018,Benjamin,263
MN,M,2018,Jack,260
MN,M,2018,Owen,243
MN,M,2018,James,231
MN,M,2018,Noah,223
MN,M,2019,Henry,378
MN,M,2019,Oliver,310
MN,M,2019,William,301
MN,M,2019,Theodore,287
MN,M,2019,Liam,286
MN,M,2019,Jack,278
MN,M,2019,Owen,268
MN,M,2019,Noah,252
MN,M,2019,James,224
MN,M,2019,Leo,222
