MS,F,1920,Mary,1557
MS,F,1920,Annie,656
MS,F,1920,Willie,432
MS,F,1920,Dorothy,317
MS,F,1920,Ruby,304
MS,F,1920,Lillie,273
MS,F,1920,Mattie,272
MS,F,1920,Mildred,267
MS,F,1920,Ruth,261
MS,F,1920,Helen,252
MS,F,1921,Mary,1525
MS,F,1921,Annie,599
MS,F,1921,Dorothy,377
MS,F,1921,Willie,364
MS,F,1921,Ruby,324
MS,F,1921,Mildred,287
MS,F,1921,Helen,281
MS,F,1921,Ruth,246
MS,F,1921,Louise,245
MS,F,1921,Lillie,241
MS,F,1922,Mary,1720
MS,F,1922,Annie,653
MS,F,1922,Willie,452
MS,F,1922,Dorothy,397
MS,F,1922,Mildred,301
MS,F,1922,Ruby,300
MS,F,1922,Louise,275
MS,F,1922,Lillie,274
MS,F,1922,Mattie,267
MS,F,1922,Helen,263
MS,F,1923,Mary,1617
MS,F,1923,Annie,672
MS,F,1923,Willie,437
MS,F,1923,Dorothy,423
MS,F,1923,Ruby,344
MS,F,1923,Mildred,317
MS,F,1923,Helen,290
MS,F,1923,Ruth,279
MS,F,1923,Louise,273
MS,F,1923,Lillie,261
MS,F,1924,Mary,1735
MS,F,1924,Annie,684
MS,F,1924,Dorothy,469
MS,F,1924,Willie,446
MS,F,1924,Ruby,359
MS,F,1924,Helen,319
MS,F,1924,Mildred,292
MS,F,1924,Louise,267
MS,F,1924,Ruth,257
MS,F,1924,Frances,234
MS,F,1925,Mary,1777
MS,F,1925,Annie,636
MS,F,1925,Dorothy,482
MS,F,1925,Willie,439
MS,F,1925,Ruby,348
MS,F,1925,Mildred,306
MS,F,1925,Mattie,304
MS,F,1925,Helen,300
MS,F,1925,Lillie,276
MS,F,1925,Ruth,266
MS,F,1926,Mary,1714
MS,F,1926,Annie,729
MS,F,1926,Dorothy,562
MS,F,1926,Willie,490
MS,F,1926,Ruby,359
MS,F,1926,Helen,343
MS,F,1926,Mildred,290
MS,F,1926,Louise,278
MS,F,1926,Lillie,267
MS,F,1926,Ruth,266
MS,F,1927,Mary,1841
MS,F,1927,Annie,662
MS,F,1927,Dorothy,605
MS,F,1927,Willie,454
MS,F,1927,Ruby,365
MS,F,1927,Mildred,323
MS,F,1927,Helen,295
MS,F,1927,Louise,290
MS,F,1927,Lillie,282
MS,F,1927,Ruth,264
MS,F,1928,Mary,1679
MS,F,1928,Dorothy,628
MS,F,1928,Annie,604
MS,F,1928,Willie,395
MS,F,1928,Ruby,361
MS,F,1928,Mildred,299
MS,F,1928,Helen,287
MS,F,1928,Rosie,255
MS,F,1928,Betty,252
MS,F,1928,Ruth,249
MS,F,1929,Mary,1623
MS,F,1929,Annie,628
MS,F,1929,Dorothy,564
MS,F,1929,Willie,400
MS,F,1929,Betty,323
MS,F,1929,Ruby,292
MS,F,1929,Helen,280
MS,F,1929,Lillie,267
MS,F,1929,Mildred,260
MS,F,1929,Louise,255
MS,F,1930,Mary,1663
MS,F,1930,Annie,650
MS,F,1930,Dorothy,634
MS,F,1930,Betty,412
MS,F,1930,Willie,341
MS,F,1930,Ruby,299
MS,F,1930,Helen,276
MS,F,1930,Ruth,259
MS,F,1930,Lillie,251
MS,F,1930,Mildred,250
MS,F,1931,Mary,1464
MS,F,1931,Dorothy,587
MS,F,1931,Annie,553
MS,F,1931,Betty,479
MS,F,1931,Willie,333
MS,F,1931,Ruby,292
MS,F,1931,Martha,249
MS,F,1931,Margaret,230
MS,F,1931,Rosie,221
MS,F,1931,Helen,220
MS,F,1932,Mary,1569
MS,F,1932,Dorothy,628
MS,F,1932,Annie,583
MS,F,1932,Betty,539
MS,F,1932,Willie,330
MS,F,1932,Ruby,320
MS,F,1932,Helen,288
MS,F,1932,Martha,263
MS,F,1932,Doris,255
MS,F,1932,Mildred,248
MS,F,1933,Mary,1497
MS,F,1933,Dorothy,641
MS,F,1933,Annie,553
MS,F,1933,Betty,549
MS,F,1933,Willie,313
MS,F,1933,Martha,276
MS,F,1933,Ruby,239
MS,F,1933,Lillie,232
MS,F,1933,Helen,222
MS,F,1933,Sarah,215
MS,F,1934,Mary,1492
MS,F,1934,Dorothy,657
MS,F,1934,Betty,577
MS,F,1934,Annie,549
MS,F,1934,Willie,312
MS,F,1934,Ruby,283
MS,F,1934,Martha,268
MS,F,1934,Helen,255
MS,F,1934,Margaret,234
MS,F,1934,Doris,230
MS,F,1935,Mary,1504
MS,F,1935,Dorothy,651
MS,F,1935,Betty,599
MS,F,1935,Annie,563
MS,F,1935,Shirley,455
MS,F,1935,Willie,311
MS,F,1935,Barbara,279
MS,F,1935,Ruby,277
MS,F,1935,Martha,276
MS,F,1935,Helen,241
MS,F,1936,Mary,1548
MS,F,1936,Dorothy,591
MS,F,1936,Betty,558
MS,F,1936,Annie,528
MS,F,1936,Shirley,443
MS,F,1936,Willie,310
MS,F,1936,Barbara,303
MS,F,1936,Martha,279
MS,F,1936,Helen,248
MS,F,1936,Ruby,244
MS,F,1937,Mary,1500
MS,F,1937,Betty,614
MS,F,1937,Dorothy,560
MS,F,1937,Annie,523
MS,F,1937,Shirley,483
MS,F,1937,Barbara,385
MS,F,1937,Willie,310
MS,F,1937,Martha,292
MS,F,1937,Ruby,251
MS,F,1937,Doris,246
MS,F,1938,Mary,1539
MS,F,1938,Betty,663
MS,F,1938,Dorothy,636
MS,F,1938,Annie,527
MS,F,1938,Shirley,449
MS,F,1938,Barbara,431
MS,F,1938,Martha,325
MS,F,1938,Willie,287
MS,F,1938,Ruby,266
MS,F,1938,Doris,254
MS,F,1939,Mary,1564
MS,F,1939,Betty,659
MS,F,1939,Dorothy,585
MS,F,1939,Barbara,466
MS,F,1939,Annie,454
MS,F,1939,Shirley,390
MS,F,1939,Martha,341
MS,F,1939,Willie,272
MS,F,1939,Ruby,239
MS,F,1939,Doris,226
MS,F,1940,Mary,1557
MS,F,1940,Betty,631
MS,F,1940,Dorothy,604
MS,F,1940,Annie,492
MS,F,1940,Barbara,456
MS,F,1940,Shirley,392
MS,F,1940,Martha,360
MS,F,1940,Willie,270
MS,F,1940,Ruby,238
MS,F,1940,Linda,236
MS,F,1941,Mary,1631
MS,F,1941,Betty,634
MS,F,1941,Dorothy,622
MS,F,1941,Annie,510
MS,F,1941,Barbara,494
MS,F,1941,Shirley,392
MS,F,1941,Martha,376
MS,F,1941,Linda,311
MS,F,1941,Patricia,294
MS,F,1941,Willie,280
MS,F,1942,Mary,1652
MS,F,1942,Betty,697
MS,F,1942,Dorothy,684
MS,F,1942,Barbara,570
MS,F,1942,Annie,511
MS,F,1942,Shirley,400
MS,F,1942,Martha,370
MS,F,1942,Linda,347
MS,F,1942,Patricia,328
MS,F,1942,Willie,315
MS,F,1943,Mary,1715
MS,F,1943,Dorothy,685
MS,F,1943,Betty,684
MS,F,1943,Barbara,653
MS,F,1943,Linda,515
MS,F,1943,Annie,485
MS,F,1943,Martha,391
MS,F,1943,Shirley,384
MS,F,1943,Patricia,332
MS,F,1943,Carolyn,330
MS,F,1944,Mary,1544
MS,F,1944,Betty,678
MS,F,1944,Dorothy,627
MS,F,1944,Barbara,578
MS,F,1944,Linda,544
MS,F,1944,Annie,485
MS,F,1944,Patricia,391
MS,F,1944,Shirley,387
MS,F,1944,Martha,345
MS,F,1944,Carolyn,310
MS,F,1945,Mary,1500
MS,F,1945,Betty,625
MS,F,1945,Dorothy,608
MS,F,1945,Barbara,568
MS,F,1945,Linda,542
MS,F,1945,Annie,464
MS,F,1945,Shirley,437
MS,F,1945,Patricia,365
MS,F,1945,Carolyn,318
MS,F,1945,Martha,308
MS,F,1946,Mary,1621
MS,F,1946,Linda,803
MS,F,1946,Betty,691
MS,F,1946,Barbara,653
MS,F,1946,Dorothy,640
MS,F,1946,Annie,505
MS,F,1946,Shirley,486
MS,F,1946,Patricia,471
MS,F,1946,Carolyn,384
MS,F,1946,Sandra,372
MS,F,1947,Mary,1742
MS,F,1947,Linda,1233
MS,F,1947,Betty,732
MS,F,1947,Dorothy,730
MS,F,1947,Barbara,727
MS,F,1947,Patricia,578
MS,F,1947,Shirley,494
MS,F,1947,Annie,484
MS,F,1947,Carolyn,427
MS,F,1947,Sandra,414
MS,F,1948,Mary,1715
MS,F,1948,Linda,1095
MS,F,1948,Barbara,724
MS,F,1948,Dorothy,715
MS,F,1948,Betty,699
MS,F,1948,Patricia,522
MS,F,1948,Shirley,518
MS,F,1948,Annie,486
MS,F,1948,Brenda,426
MS,F,1948,Carolyn,398
MS,F,1949,Mary,1766
MS,F,1949,Linda,1123
MS,F,1949,Betty,651
MS,F,1949,Dorothy,644
MS,F,1949,Barbara,641
MS,F,1949,Shirley,586
MS,F,1949,Patricia,562
MS,F,1949,Annie,468
MS,F,1949,Brenda,441
MS,F,1949,Sandra,402
MS,F,1950,Mary,1636
MS,F,1950,Linda,1078
MS,F,1950,Barbara,628
MS,F,1950,Patricia,614
MS,F,1950,Betty,579
MS,F,1950,Dorothy,570
MS,F,1950,Shirley,567
MS,F,1950,Brenda,533
MS,F,1950,Annie,472
MS,F,1950,Sandra,403
MS,F,1951,Mary,1593
MS,F,1951,Linda,1048
MS,F,1951,Patricia,676
MS,F,1951,Betty,650
MS,F,1951,Barbara,621
MS,F,1951,Dorothy,593
MS,F,1951,Shirley,544
MS,F,1951,Brenda,532
MS,F,1951,Deborah,438
MS,F,1951,Annie,409
MS,F,1952,Mary,1532
MS,F,1952,Linda,1000
MS,F,1952,Patricia,649
MS,F,1952,Barbara,582
MS,F,1952,Betty,573
MS,F,1952,Dorothy,561
MS,F,1952,Deborah,529
MS,F,1952,Brenda,522
MS,F,1952,Shirley,514
MS,F,1952,Annie,423
MS,F,1953,Mary,1498
MS,F,1953,Linda,917
MS,F,1953,Deborah,600
MS,F,1953,Patricia,593
MS,F,1953,Barbara,582
MS,F,1953,Dorothy,565
MS,F,1953,Shirley,565
MS,F,1953,Betty,534
MS,F,1953,Brenda,465
MS,F,1953,Carolyn,349
MS,F,1954,Mary,1377
MS,F,1954,Linda,858
MS,F,1954,Deborah,665
MS,F,1954,Patricia,611
MS,F,1954,Shirley,547
MS,F,1954,Dorothy,538
MS,F,1954,Barbara,535
MS,F,1954,Betty,501
MS,F,1954,Brenda,476
MS,F,1954,Gloria,394
MS,F,1955,Mary,1312
MS,F,1955,Linda,843
MS,F,1955,Deborah,612
MS,F,1955,Patricia,596
MS,F,1955,Barbara,530
MS,F,1955,Brenda,517
MS,F,1955,Shirley,504
MS,F,1955,Betty,454
MS,F,1955,Dorothy,451
MS,F,1955,Debra,439
MS,F,1956,Mary,1225
MS,F,1956,Linda,822
MS,F,1956,Patricia,611
MS,F,1956,Deborah,551
MS,F,1956,Brenda,503
MS,F,1956,Debra,502
MS,F,1956,Barbara,474
MS,F,1956,Shirley,471
MS,F,1956,Dorothy,426
MS,F,1956,Betty,379
MS,F,1957,Mary,1162
MS,F,1957,Linda,808
MS,F,1957,Patricia,601
MS,F,1957,Brenda,591
MS,F,1957,Deborah,512
MS,F,1957,Barbara,479
MS,F,1957,Shirley,470
MS,F,1957,Debra,439
MS,F,1957,Cynthia,415
MS,F,1957,Carolyn,361
MS,F,1958,Mary,1003
MS,F,1958,Linda,744
MS,F,1958,Patricia,565
MS,F,1958,Brenda,543
MS,F,1958,Barbara,431
MS,F,1958,Debra,429
MS,F,1958,Shirley,426
MS,F,1958,Deborah,418
MS,F,1958,Cynthia,374
MS,F,1958,Sandra,342
MS,F,1959,Mary,1010
MS,F,1959,Linda,805
MS,F,1959,Patricia,550
MS,F,1959,Brenda,537
MS,F,1959,Cynthia,435
MS,F,1959,Debra,421
MS,F,1959,Barbara,412
MS,F,1959,Deborah,403
MS,F,1959,Shirley,400
MS,F,1959,Sandra,397
MS,F,1960,Mary,939
MS,F,1960,Linda,776
MS,F,1960,Brenda,555
MS,F,1960,Patricia,542
MS,F,1960,Sandra,466
MS,F,1960,Barbara,409
MS,F,1960,Cynthia,397
MS,F,1960,Donna,393
MS,F,1960,Shirley,371
MS,F,1960,Debra,356
MS,F,1961,Mary,837
MS,F,1961,Linda,703
MS,F,1961,Brenda,596
MS,F,1961,Patricia,494
MS,F,1961,Lisa,466
MS,F,1961,Sandra,424
MS,F,1961,Cynthia,384
MS,F,1961,Barbara,362
MS,F,1961,Deborah,325
MS,F,1961,Debra,320
MS,F,1962,Mary,813
MS,F,1962,Linda,587
MS,F,1962,Brenda,586
MS,F,1962,Lisa,448
MS,F,1962,Patricia,447
MS,F,1962,Sandra,411
MS,F,1962,Cynthia,403
MS,F,1962,Barbara,354
MS,F,1962,Donna,335
MS,F,1962,Debra,297
MS,F,1963,Mary,765
MS,F,1963,Linda,549
MS,F,1963,Brenda,500
MS,F,1963,Lisa,495
MS,F,1963,Patricia,441
MS,F,1963,Sandra,426
MS,F,1963,Cynthia,386
MS,F,1963,Donna,342
MS,F,1963,Barbara,338
MS,F,1963,Tammy,305
MS,F,1964,Mary,721
MS,F,1964,Linda,490
MS,F,1964,Lisa,479
MS,F,1964,Patricia,426
MS,F,1964,Brenda,382
MS,F,1964,Sandra,361
MS,F,1964,Cynthia,351
MS,F,1964,Angela,344
MS,F,1964,Jacqueline,312
MS,F,1964,Donna,305
MS,F,1965,Lisa,647
MS,F,1965,Mary,617
MS,F,1965,Angela,444
MS,F,1965,Patricia,426
MS,F,1965,Linda,412
MS,F,1965,Brenda,360
MS,F,1965,Cynthia,319
MS,F,1965,Sandra,318
MS,F,1965,Tammy,271
MS,F,1965,Sharon,265
MS,F,1966,Lisa,618
MS,F,1966,Mary,564
MS,F,1966,Angela,394
MS,F,1966,Linda,351
MS,F,1966,Patricia,337
MS,F,1966,Cynthia,325
MS,F,1966,Brenda,315
MS,F,1966,Sandra,302
MS,F,1966,Tammy,302
MS,F,1966,Pamela,286
MS,F,1967,Mary,513
MS,F,1967,Lisa,504
MS,F,1967,Angela,446
MS,F,1967,Patricia,330
MS,F,1967,Melissa,312
MS,F,1967,Linda,309
MS,F,1967,Pamela,292
MS,F,1967,Kimberly,290
MS,F,1967,Cynthia,279
MS,F,1967,Sandra,275
MS,F,1968,Angela,471
MS,F,1968,Lisa,443
MS,F,1968,Mary,424
MS,F,1968,Tammy,343
MS,F,1968,Melissa,321
MS,F,1968,Kimberly,296
MS,F,1968,Patricia,268
MS,F,1968,Pamela,252
MS,F,1968,Sharon,242
MS,F,1968,Linda,240
MS,F,1969,Angela,461
MS,F,1969,Lisa,424
MS,F,1969,Mary,374
MS,F,1969,Kimberly,351
MS,F,1969,Pamela,300
MS,F,1969,Tammy,296
MS,F,1969,Melissa,288
MS,F,1969,Jennifer,260
MS,F,1969,Stephanie,251
MS,F,1969,Sharon,250
MS,F,1970,Angela,521
MS,F,1970,Mary,406
MS,F,1970,Kimberly,386
MS,F,1970,Jennifer,375
MS,F,1970,Lisa,350
MS,F,1970,Pamela,343
MS,F,1970,Tammy,284
MS,F,1970,Melissa,278
MS,F,1970,Stephanie,271
MS,F,1970,Sharon,260
MS,F,1971,Angela,523
MS,F,1971,Jennifer,450
MS,F,1971,Kimberly,411
MS,F,1971,Mary,353
MS,F,1971,Melissa,305
MS,F,1971,Stephanie,288
MS,F,1971,Lisa,278
MS,F,1971,Tammy,273
MS,F,1971,Pamela,267
MS,F,1971,Amy,246
MS,F,1972,Angela,584
MS,F,1972,Jennifer,566
MS,F,1972,Kimberly,401
MS,F,1972,Mary,315
MS,F,1972,Stephanie,294
MS,F,1972,Melissa,281
MS,F,1972,Tammy,245
MS,F,1972,Lisa,237
MS,F,1972,Amy,230
MS,F,1972,Cynthia,199
MS,F,1973,Jennifer,592
MS,F,1973,Angela,480
MS,F,1973,Kimberly,382
MS,F,1973,Stephanie,328
MS,F,1973,Melissa,285
MS,F,1973,Mary,284
MS,F,1973,Amy,250
MS,F,1973,Lisa,219
MS,F,1973,Tammy,184
MS,F,1973,Sharon,166
MS,F,1974,Jennifer,609
MS,F,1974,Angela,426
MS,F,1974,Kimberly,377
MS,F,1974,Stephanie,316
MS,F,1974,Amy,277
MS,F,1974,Melissa,259
MS,F,1974,Mary,254
MS,F,1974,Tonya,203
MS,F,1974,Lisa,188
MS,F,1974,Amanda,183
MS,F,1975,Jennifer,593
MS,F,1975,Angela,421
MS,F,1975,Kimberly,326
MS,F,1975,Amy,310
MS,F,1975,Stephanie,265
MS,F,1975,Amanda,258
MS,F,1975,Melissa,253
MS,F,1975,Mary,237
MS,F,1975,Heather,190
MS,F,1975,Lisa,161
MS,F,1976,Jennifer,611
MS,F,1976,Angela,370
MS,F,1976,Kimberly,363
MS,F,1976,Amanda,312
MS,F,1976,Amy,289
MS,F,1976,Melissa,242
MS,F,1976,Heather,229
MS,F,1976,Stephanie,222
MS,F,1976,Mary,212
MS,F,1976,Rebecca,140
MS,F,1977,Jennifer,560
MS,F,1977,Kimberly,336
MS,F,1977,Angela,319
MS,F,1977,Amanda,302
MS,F,1977,Amy,261
MS,F,1977,Melissa,251
MS,F,1977,Stephanie,244
MS,F,1977,Mary,232
MS,F,1977,Heather,214
MS,F,1977,Jessica,193
MS,F,1978,Jennifer,572
MS,F,1978,Amanda,356
MS,F,1978,Angela,318
MS,F,1978,Kimberly,315
MS,F,1978,Amy,254
MS,F,1978,Melissa,219
MS,F,1978,Stephanie,217
MS,F,1978,Heather,205
MS,F,1978,Jessica,201
MS,F,1978,April,192
MS,F,1979,Amanda,507
MS,F,1979,Jennifer,493
MS,F,1979,Kimberly,371
MS,F,1979,Angela,316
MS,F,1979,Melissa,299
MS,F,1979,Jessica,260
MS,F,1979,April,232
MS,F,1979,Mary,222
MS,F,1979,Amy,205
MS,F,1979,Stephanie,189
MS,F,1980,Jennifer,561
MS,F,1980,Amanda,528
MS,F,1980,Kimberly,409
MS,F,1980,Jessica,407
MS,F,1980,Tiffany,283
MS,F,1980,Melissa,257
MS,F,1980,April,250
MS,F,1980,Angela,249
MS,F,1980,Mary,231
MS,F,1980,Ashley,216
MS,F,1981,Jennifer,587
MS,F,1981,Amanda,469
MS,F,1981,Jessica,464
MS,F,1981,Kimberly,337
MS,F,1981,Tiffany,320
MS,F,1981,Ashley,243
MS,F,1981,April,234
MS,F,1981,Melissa,230
MS,F,1981,Latoya,218
MS,F,1981,Angela,213
MS,F,1982,Jennifer,546
MS,F,1982,Jessica,504
MS,F,1982,Amanda,419
MS,F,1982,Ashley,354
MS,F,1982,Kimberly,328
MS,F,1982,Tiffany,301
MS,F,1982,Crystal,268
MS,F,1982,Mary,261
MS,F,1982,Stephanie,215
MS,F,1982,Melissa,208
MS,F,1983,Jennifer,525
MS,F,1983,Ashley,478
MS,F,1983,Jessica,445
MS,F,1983,Amanda,395
MS,F,1983,Kimberly,302
MS,F,1983,Tiffany,295
MS,F,1983,Crystal,229
MS,F,1983,Stephanie,218
MS,F,1983,Heather,185
MS,F,1983,Angela,180
MS,F,1984,Ashley,504
MS,F,1984,Jessica,493
MS,F,1984,Jennifer,447
MS,F,1984,Amanda,368
MS,F,1984,Kimberly,301
MS,F,1984,Crystal,238
MS,F,1984,Tiffany,225
MS,F,1984,Heather,204
MS,F,1984,Stephanie,202
MS,F,1984,Latoya,194
MS,F,1985,Ashley,599
MS,F,1985,Jessica,502
MS,F,1985,Amanda,396
MS,F,1985,Jennifer,379
MS,F,1985,Kimberly,327
MS,F,1985,Brittany,282
MS,F,1985,Tiffany,229
MS,F,1985,Crystal,203
MS,F,1985,Heather,190
MS,F,1985,Stephanie,185
MS,F,1986,Ashley,587
MS,F,1986,Jessica,487
MS,F,1986,Brittany,362
MS,F,1986,Amanda,345
MS,F,1986,Jennifer,279
MS,F,1986,Kimberly,267
MS,F,1986,Tiffany,218
MS,F,1986,Heather,185
MS,F,1986,Courtney,178
MS,F,1986,Amber,172
MS,F,1987,Jessica,614
MS,F,1987,Ashley,564
MS,F,1987,Brittany,361
MS,F,1987,Amanda,297
MS,F,1987,Jennifer,260
MS,F,1987,Kimberly,255
MS,F,1987,Tiffany,216
MS,F,1987,Kayla,199
MS,F,1987,Amber,185
MS,F,1987,Heather,182
MS,F,1988,Jessica,550
MS,F,1988,Ashley,521
MS,F,1988,Brittany,397
MS,F,1988,Amanda,315
MS,F,1988,Tiffany,245
MS,F,1988,Kayla,233
MS,F,1988,Kimberly,223
MS,F,1988,Courtney,222
MS,F,1988,Heather,202
MS,F,1988,Jennifer,198
MS,F,1989,Brittany,562
MS,F,1989,Ashley,507
MS,F,1989,Jessica,478
MS,F,1989,Amanda,257
MS,F,1989,Courtney,248
MS,F,1989,Kayla,236
MS,F,1989,Amber,226
MS,F,1989,Jasmine,219
MS,F,1989,Tiffany,208
MS,F,1989,Lauren,186
MS,F,1990,Brittany,519
MS,F,1990,Ashley,513
MS,F,1990,Jessica,476
MS,F,1990,Jasmine,297
MS,F,1990,Kayla,255
MS,F,1990,Amanda,244
MS,F,1990,Courtney,227
MS,F,1990,Amber,219
MS,F,1990,Tiffany,198
MS,F,1990,Lauren,187
MS,F,1991,Ashley,480
MS,F,1991,Brittany,421
MS,F,1991,Jessica,392
MS,F,1991,Jasmine,306
MS,F,1991,Kayla,284
MS,F,1991,Courtney,219
MS,F,1991,Amber,218
MS,F,1991,Tiffany,175
MS,F,1991,Kimberly,169
MS,F,1991,Samantha,169
MS,F,1992,Ashley,417
MS,F,1992,Jessica,363
MS,F,1992,Brittany,309
MS,F,1992,Jasmine,275
MS,F,1992,Kayla,224
MS,F,1992,Amber,216
MS,F,1992,Courtney,177
MS,F,1992,Sarah,162
MS,F,1992,Lauren,157
MS,F,1992,Mary,153
MS,F,1993,Ashley,403
MS,F,1993,Brittany,318
MS,F,1993,Jessica,299
MS,F,1993,Jasmine,292
MS,F,1993,Amber,229
MS,F,1993,Emily,178
MS,F,1993,Courtney,163
MS,F,1993,Sarah,158
MS,F,1993,Kayla,155
MS,F,1993,Lauren,154
MS,F,1994,Ashley,311
MS,F,1994,Jessica,287
MS,F,1994,Jasmine,256
MS,F,1994,Brittany,254
MS,F,1994,Amber,198
MS,F,1994,Kayla,187
MS,F,1994,Courtney,173
MS,F,1994,Emily,163
MS,F,1994,Taylor,161
MS,F,1994,Mary,159
MS,F,1995,Ashley,278
MS,F,1995,Brittany,236
MS,F,1995,Jessica,212
MS,F,1995,Kayla,198
MS,F,1995,Hannah,194
MS,F,1995,Mary,194
MS,F,1995,Jasmine,192
MS,F,1995,Emily,174
MS,F,1995,Taylor,174
MS,F,1995,Amber,173
MS,F,1996,Ashley,234
MS,F,1996,Hannah,224
MS,F,1996,Alexis,205
MS,F,1996,Jasmine,197
MS,F,1996,Taylor,185
MS,F,1996,Jessica,177
MS,F,1996,Anna,174
MS,F,1996,Brittany,173
MS,F,1996,Kayla,156
MS,F,1996,Amber,154
MS,F,1997,Hannah,203
MS,F,1997,Alexis,202
MS,F,1997,Ashley,202
MS,F,1997,Anna,183
MS,F,1997,Taylor,181
MS,F,1997,Emily,178
MS,F,1997,Jasmine,178
MS,F,1997,Kayla,171
MS,F,1997,Sarah,167
MS,F,1997,Madison,155
MS,F,1998,Alexis,235
MS,F,1998,Hannah,233
MS,F,1998,Madison,231
MS,F,1998,Taylor,202
MS,F,1998,Anna,186
MS,F,1998,Emily,182
MS,F,1998,Ashley,173
MS,F,1998,Destiny,169
MS,F,1998,Sarah,158
MS,F,1998,Jasmine,152
MS,F,1999,Madison,246
MS,F,1999,Hannah,230
MS,F,1999,Alexis,224
MS,F,1999,Anna,198
MS,F,1999,Emily,179
MS,F,1999,Destiny,173
MS,F,1999,Jasmine,159
MS,F,1999,Sarah,156
MS,F,1999,Taylor,149
MS,F,1999,Ashley,148
MS,F,2000,Hannah,283
MS,F,2000,Madison,233
MS,F,2000,Anna,228
MS,F,2000,Destiny,202
MS,F,2000,Alexis,197
MS,F,2000,Emily,164
MS,F,2000,Taylor,156
MS,F,2000,Mary,152
MS,F,2000,Sarah,151
MS,F,2000,Elizabeth,140
MS,F,2001,Madison,264
MS,F,2001,Hannah,257
MS,F,2001,Anna,237
MS,F,2001,Alexis,194
MS,F,2001,Destiny,173
MS,F,2001,Taylor,151
MS,F,2001,Kayla,150
MS,F,2001,Mary,149
MS,F,2001,Emily,135
MS,F,2001,Brianna,125
MS,F,2002,Madison,264
MS,F,2002,Hannah,212
MS,F,2002,Anna,206
MS,F,2002,Alexis,177
MS,F,2002,Emily,159
MS,F,2002,Sarah,158
MS,F,2002,Ashanti,149
MS,F,2002,Destiny,148
MS,F,2002,Mary,124
MS,F,2002,Elizabeth,121
MS,F,2003,Madison,303
MS,F,2003,Hannah,197
MS,F,2003,Anna,187
MS,F,2003,Emma,169
MS,F,2003,Alexis,166
MS,F,2003,Emily,166
MS,F,2003,Taylor,134
MS,F,2003,Sarah,125
MS,F,2003,Destiny,123
MS,F,2003,Olivia,118
MS,F,2004,Madison,262
MS,F,2004,Emily,194
MS,F,2004,Hannah,185
MS,F,2004,Anna,182
MS,F,2004,Emma,179
MS,F,2004,Alexis,154
MS,F,2004,Taylor,138
MS,F,2004,Sarah,136
MS,F,2004,Olivia,129
MS,F,2004,Elizabeth,123
MS,F,2005,Madison,271
MS,F,2005,Emma,186
MS,F,2005,Anna,173
MS,F,2005,Emily,168
MS,F,2005,Hannah,156
MS,F,2005,Alexis,131
MS,F,2005,Destiny,130
MS,F,2005,Olivia,123
MS,F,2005,Mary,121
MS,F,2005,Makayla,119
MS,F,2006,Madison,284
MS,F,2006,Anna,201
MS,F,2006,Emma,183
MS,F,2006,Hannah,155
MS,F,2006,Emily,148
MS,F,2006,Alexis,138
MS,F,2006,Chloe,128
MS,F,2006,Olivia,124
MS,F,2006,Ava,121
MS,F,2006,Isabella,117
MS,F,2007,Madison,267
MS,F,2007,Emma,162
MS,F,2007,Chloe,152
MS,F,2007,Hannah,144
MS,F,2007,Addison,141
MS,F,2007,Anna,139
MS,F,2007,Olivia,133
MS,F,2007,Emily,129
MS,F,2007,Elizabeth,126
MS,F,2007,Ava,119
MS,F,2008,Madison,253
MS,F,2008,Emma,191
MS,F,2008,Ava,152
MS,F,2008,Addison,150
MS,F,2008,Anna,143
MS,F,2008,Olivia,142
MS,F,2008,Chloe,127
MS,F,2008,Makayla,120
MS,F,2008,Taylor,114
MS,F,2008,Elizabeth,113
MS,F,2009,Madison,235
MS,F,2009,Emma,183
MS,F,2009,Addison,161
MS,F,2009,Ava,142
MS,F,2009,Anna,132
MS,F,2009,Chloe,128
MS,F,2009,Isabella,126
MS,F,2009,Olivia,122
MS,F,2009,Makayla,105
MS,F,2009,Alyssa,104
MS,F,2010,Madison,203
MS,F,2010,Emma,153
MS,F,2010,Addison,139
MS,F,2010,Ava,134
MS,F,2010,Isabella,133
MS,F,2010,Chloe,129
MS,F,2010,Olivia,102
MS,F,2010,Elizabeth,98
MS,F,2010,Anna,97
MS,F,2010,Khloe,97
MS,F,2011,Madison,160
MS,F,2011,Emma,150
MS,F,2011,Ava,125
MS,F,2011,Olivia,117
MS,F,2011,Addison,116
MS,F,2011,Isabella,114
MS,F,2011,Chloe,109
MS,F,2011,Brooklyn,108
MS,F,2011,Aubrey,96
MS,F,2011,Mary,96
MS,F,2012,Emma,161
MS,F,2012,Madison,149
MS,F,2012,Ava,148
MS,F,2012,Olivia,120
MS,F,2012,Chloe,112
MS,F,2012,Aubrey,107
MS,F,2012,Isabella,106
MS,F,2012,Brooklyn,102
MS,F,2012,Elizabeth,98
MS,F,2012,Mary,90
MS,F,2013,Ava,168
MS,F,2013,Emma,146
MS,F,2013,Madison,144
MS,F,2013,Aubrey,117
MS,F,2013,Chloe,114
MS,F,2013,Brooklyn,112
MS,F,2013,Addison,107
MS,F,2013,Olivia,99
MS,F,2013,Taylor,98
MS,F,2013,Isabella,97
MS,F,2014,Ava,176
MS,F,2014,Emma,155
MS,F,2014,Olivia,151
MS,F,2014,Madison,144
MS,F,2014,Aubrey,115
MS,F,2014,Brooklyn,108
MS,F,2014,Paisley,103
MS,F,2014,Isabella,101
MS,F,2014,Chloe,99
MS,F,2014,Harper,95
MS,F,2015,Ava,214
MS,F,2015,Emma,166
MS,F,2015,Olivia,141
MS,F,2015,Madison,120
MS,F,2015,Brooklyn,118
MS,F,2015,Paisley,117
MS,F,2015,Addison,97
MS,F,2015,Aubrey,96
MS,F,2015,Chloe,96
MS,F,2015,Mary,95
MS,F,2016,Ava,211
MS,F,2016,Olivia,138
MS,F,2016,Emma,134
MS,F,2016,Harper,114
MS,F,2016,Brooklyn,113
MS,F,2016,Skylar,110
MS,F,2016,Paisley,107
MS,F,2016,Madison,105
MS,F,2016,Chloe,91
MS,F,2016,Isabella,90
MS,F,2017,Ava,211
MS,F,2017,Emma,152
MS,F,2017,Olivia,129
MS,F,2017,Paisley,105
MS,F,2017,Isabella,100
MS,F,2017,Amelia,98
MS,F,2017,Madison,93
MS,F,2017,Kinsley,91
MS,F,2017,Chloe,89
MS,F,2017,Aubrey,88
MS,F,2018,Ava,217
MS,F,2018,Emma,127
MS,F,2018,Olivia,127
MS,F,2018,Amelia,109
MS,F,2018,Skylar,101
MS,F,2018,Isabella,98
MS,F,2018,Harper,97
MS,F,2018,Avery,90
MS,F,2018,Paisley,88
MS,F,2018,Addison,85
MS,F,2019,Ava,228
MS,F,2019,Olivia,121
MS,F,2019,Emma,111
MS,F,2019,Amelia,100
MS,F,2019,Harper,94
MS,F,2019,Paisley,89
MS,F,2019,Skylar,88
MS,F,2019,Ella,85
MS,F,2019,Elizabeth,80
MS,F,2019,Mary,80
MS,M,1920,James,1574
MS,M,1920,John,981
MS,M,1920,William,879
MS,M,1920,Willie,829
MS,M,1920,Robert,799
MS,M,1920,George,481
MS,M,1920,Charles,399
MS,M,1920,Henry,328
MS,M,1920,Thomas,314
MS,M,1920,Joe,265
MS,M,1921,James,1537
MS,M,1921,John,955
MS,M,1921,William,895
MS,M,1921,Robert,761
MS,M,1921,Willie,747
MS,M,1921,Charles,442
MS,M,1921,George,431
MS,M,1921,Henry,343
MS,M,1921,Thomas,275
MS,M,1921,Joe,252
MS,M,1922,James,1599
MS,M,1922,John,931
MS,M,1922,William,885
MS,M,1922,Willie,841
MS,M,1922,Robert,810
MS,M,1922,George,513
MS,M,1922,Charles,449
MS,M,1922,Henry,393
MS,M,1922,Thomas,303
MS,M,1922,Joe,275
MS,M,1923,James,1547
MS,M,1923,John,969
MS,M,1923,William,877
MS,M,1923,Willie,811
MS,M,1923,Robert,790
MS,M,1923,George,450
MS,M,1923,Charles,430
MS,M,1923,Henry,334
MS,M,1923,Thomas,276
MS,M,1923,Walter,251
MS,M,1924,James,1645
MS,M,1924,John,941
MS,M,1924,William,872
MS,M,1924,Robert,820
MS,M,1924,Willie,762
MS,M,1924,Charles,447
MS,M,1924,George,426
MS,M,1924,Henry,356
MS,M,1924,Thomas,277
MS,M,1924,Walter,249
MS,M,1925,James,1660
MS,M,1925,John,976
MS,M,1925,William,877
MS,M,1925,Willie,855
MS,M,1925,Robert,843
MS,M,1925,Charles,513
MS,M,1925,George,457
MS,M,1925,Henry,371
MS,M,1925,Thomas,309
MS,M,1925,Walter,251
MS,M,1926,James,1854
MS,M,1926,John,1083
MS,M,1926,William,942
MS,M,1926,Robert,886
MS,M,1926,Willie,869
MS,M,1926,Charles,498
MS,M,1926,George,425
MS,M,1926,Henry,338
MS,M,1926,Thomas,309
MS,M,1926,Walter,285
MS,M,1927,James,1793
MS,M,1927,John,971
MS,M,1927,Robert,932
MS,M,1927,William,889
MS,M,1927,Willie,834
MS,M,1927,Charles,545
MS,M,1927,George,469
MS,M,1927,Henry,344
MS,M,1927,Thomas,316
MS,M,1927,Joe,279
MS,M,1928,James,1690
MS,M,1928,John,937
MS,M,1928,William,929
MS,M,1928,Willie,860
MS,M,1928,Robert,839
MS,M,1928,Charles,592
MS,M,1928,George,471
MS,M,1928,Henry,357
MS,M,1928,Thomas,304
MS,M,1928,Joe,264
MS,M,1929,James,1593
MS,M,1929,John,915
MS,M,1929,Willie,829
MS,M,1929,William,819
MS,M,1929,Robert,771
MS,M,1929,Charles,571
MS,M,1929,George,424
MS,M,1929,Henry,328
MS,M,1929,Thomas,322
MS,M,1929,Joe,277
MS,M,1930,James,1736
MS,M,1930,John,923
MS,M,1930,Willie,913
MS,M,1930,Robert,901
MS,M,1930,William,807
MS,M,1930,Charles,628
MS,M,1930,George,438
MS,M,1930,Billy,312
MS,M,1930,Thomas,303
MS,M,1930,Joe,302
MS,M,1931,James,1521
MS,M,1931,Robert,888
MS,M,1931,John,788
MS,M,1931,Willie,738
MS,M,1931,William,694
MS,M,1931,Charles,602
MS,M,1931,George,389
MS,M,1931,Henry,327
MS,M,1931,Billy,304
MS,M,1931,Joe,272
MS,M,1932,James,1634
MS,M,1932,Robert,933
MS,M,1932,John,855
MS,M,1932,Willie,822
MS,M,1932,Charles,716
MS,M,1932,William,704
MS,M,1932,George,443
MS,M,1932,Billy,353
MS,M,1932,Thomas,314
MS,M,1932,Henry,311
MS,M,1933,James,1511
MS,M,1933,Robert,854
MS,M,1933,John,771
MS,M,1933,Willie,747
MS,M,1933,William,718
MS,M,1933,Charles,682
MS,M,1933,George,365
MS,M,1933,Billy,341
MS,M,1933,Joe,308
MS,M,1933,Thomas,275
MS,M,1934,James,1600
MS,M,1934,Robert,893
MS,M,1934,John,870
MS,M,1934,Willie,799
MS,M,1934,William,728
MS,M,1934,Charles,716
MS,M,1934,Billy,449
MS,M,1934,George,397
MS,M,1934,Joe,323
MS,M,1934,Bobby,313
MS,M,1935,James,1638
MS,M,1935,Robert,935
MS,M,1935,Willie,894
MS,M,1935,John,886
MS,M,1935,William,769
MS,M,1935,Charles,744
MS,M,1935,George,449
MS,M,1935,Billy,421
MS,M,1935,Joe,385
MS,M,1935,Bobby,359
MS,M,1936,James,1583
MS,M,1936,John,945
MS,M,1936,Robert,861
MS,M,1936,Willie,790
MS,M,1936,William,777
MS,M,1936,Charles,654
MS,M,1936,Joe,428
MS,M,1936,George,421
MS,M,1936,Billy,420
MS,M,1936,Bobby,329
MS,M,1937,James,1697
MS,M,1937,John,957
MS,M,1937,Robert,934
MS,M,1937,Willie,796
MS,M,1937,William,761
MS,M,1937,Charles,743
MS,M,1937,Joe,458
MS,M,1937,Billy,407
MS,M,1937,George,394
MS,M,1937,Bobby,345
MS,M,1938,James,1719
MS,M,1938,Robert,997
MS,M,1938,John,948
MS,M,1938,Willie,878
MS,M,1938,Charles,771
MS,M,1938,William,752
MS,M,1938,Billy,437
MS,M,1938,George,394
MS,M,1938,Joe,393
MS,M,1938,Thomas,353
MS,M,1939,James,1758
MS,M,1939,Robert,1011
MS,M,1939,John,932
MS,M,1939,Willie,860
MS,M,1939,William,805
MS,M,1939,Charles,802
MS,M,1939,Joe,425
MS,M,1939,George,412
MS,M,1939,Billy,404
MS,M,1939,Bobby,356
MS,M,1940,James,1781
MS,M,1940,Robert,1026
MS,M,1940,John,916
MS,M,1940,Charles,853
MS,M,1940,Willie,823
MS,M,1940,William,807
MS,M,1940,George,417
MS,M,1940,Billy,401
MS,M,1940,Thomas,390
MS,M,1940,Bobby,387
MS,M,1941,James,1878
MS,M,1941,Robert,1074
MS,M,1941,John,974
MS,M,1941,Willie,895
MS,M,1941,William,867
MS,M,1941,Charles,789
MS,M,1941,George,434
MS,M,1941,Thomas,410
MS,M,1941,Billy,397
MS,M,1941,Joe,363
MS,M,1942,James,1985
MS,M,1942,Robert,1136
MS,M,1942,John,1011
MS,M,1942,Willie,964
MS,M,1942,Charles,839
MS,M,1942,William,830
MS,M,1942,George,485
MS,M,1942,Joe,381
MS,M,1942,Thomas,367
MS,M,1942,Billy,364
MS,M,1943,James,2071
MS,M,1943,Robert,1143
MS,M,1943,John,1085
MS,M,1943,Willie,1006
MS,M,1943,Charles,933
MS,M,1943,William,929
MS,M,1943,George,546
MS,M,1943,Thomas,414
MS,M,1943,Billy,399
MS,M,1943,David,359
MS,M,1944,James,1917
MS,M,1944,Robert,1149
MS,M,1944,John,1088
MS,M,1944,Willie,1002
MS,M,1944,William,848
MS,M,1944,Charles,824
MS,M,1944,George,470
MS,M,1944,Thomas,398
MS,M,1944,Jerry,376
MS,M,1944,Billy,351
MS,M,1945,James,1905
MS,M,1945,Robert,1106
MS,M,1945,Willie,975
MS,M,1945,John,921
MS,M,1945,William,808
MS,M,1945,Charles,806
MS,M,1945,George,432
MS,M,1945,Thomas,403
MS,M,1945,Jerry,358
MS,M,1945,Henry,319
MS,M,1946,James,2137
MS,M,1946,Robert,1279
MS,M,1946,John,1170
MS,M,1946,Willie,1041
MS,M,1946,William,1005
MS,M,1946,Charles,954
MS,M,1946,George,472
MS,M,1946,Larry,434
MS,M,1946,Thomas,434
MS,M,1946,David,423
MS,M,1947,James,2277
MS,M,1947,Robert,1321
MS,M,1947,John,1219
MS,M,1947,Willie,1091
MS,M,1947,William,1055
MS,M,1947,Charles,1022
MS,M,1947,Larry,586
MS,M,1947,David,530
MS,M,1947,Jerry,500
MS,M,1947,Thomas,498
MS,M,1948,James,2138
MS,M,1948,Robert,1264
MS,M,1948,John,1147
MS,M,1948,Willie,1090
MS,M,1948,Charles,968
MS,M,1948,William,941
MS,M,1948,Larry,569
MS,M,1948,David,541
MS,M,1948,Jerry,507
MS,M,1948,Thomas,493
MS,M,1949,James,1998
MS,M,1949,Robert,1322
MS,M,1949,Willie,1130
MS,M,1949,John,1106
MS,M,1949,Charles,1014
MS,M,1949,William,975
MS,M,1949,Larry,640
MS,M,1949,David,542
MS,M,1949,Jerry,470
MS,M,1949,Thomas,469
MS,M,1950,James,1979
MS,M,1950,Robert,1393
MS,M,1950,Willie,1144
MS,M,1950,John,1090
MS,M,1950,Charles,1013
MS,M,1950,William,970
MS,M,1950,Larry,812
MS,M,1950,David,605
MS,M,1950,George,476
MS,M,1950,Jerry,475
MS,M,1951,James,1985
MS,M,1951,Robert,1303
MS,M,1951,John,1090
MS,M,1951,Willie,1037
MS,M,1951,Charles,1031
MS,M,1951,William,898
MS,M,1951,Larry,780
MS,M,1951,David,626
MS,M,1951,Jerry,522
MS,M,1951,George,464
MS,M,1952,James,1838
MS,M,1952,Robert,1202
MS,M,1952,Charles,1029
MS,M,1952,John,1012
MS,M,1952,Willie,961
MS,M,1952,William,845
MS,M,1952,Larry,827
MS,M,1952,David,688
MS,M,1952,Michael,479
MS,M,1952,Jerry,465
MS,M,1953,James,1842
MS,M,1953,Robert,1202
MS,M,1953,John,1047
MS,M,1953,Willie,979
MS,M,1953,Charles,972
MS,M,1953,William,887
MS,M,1953,Larry,786
MS,M,1953,David,669
MS,M,1953,Michael,594
MS,M,1953,Thomas,444
MS,M,1954,James,1784
MS,M,1954,Robert,1259
MS,M,1954,John,1015
MS,M,1954,Charles,969
MS,M,1954,Willie,932
MS,M,1954,William,836
MS,M,1954,Larry,736
MS,M,1954,David,689
MS,M,1954,Michael,648
MS,M,1954,Jerry,485
MS,M,1955,James,1742
MS,M,1955,Robert,1142
MS,M,1955,John,978
MS,M,1955,Charles,883
MS,M,1955,Willie,875
MS,M,1955,William,827
MS,M,1955,Larry,800
MS,M,1955,David,780
MS,M,1955,Michael,619
MS,M,1955,Jerry,430
MS,M,1956,James,1632
MS,M,1956,Robert,1150
MS,M,1956,John,929
MS,M,1956,Charles,873
MS,M,1956,Willie,850
MS,M,1956,William,797
MS,M,1956,Larry,713
MS,M,1956,David,705
MS,M,1956,Michael,705
MS,M,1956,Thomas,435
MS,M,1957,James,1617
MS,M,1957,Robert,1088
MS,M,1957,John,843
MS,M,1957,Willie,803
MS,M,1957,Charles,781
MS,M,1957,Larry,747
MS,M,1957,Michael,740
MS,M,1957,William,737
MS,M,1957,David,716
MS,M,1957,Jerry,422
MS,M,1958,James,1494
MS,M,1958,Robert,963
MS,M,1958,John,827
MS,M,1958,David,735
MS,M,1958,William,735
MS,M,1958,Charles,716
MS,M,1958,Michael,679
MS,M,1958,Willie,654
MS,M,1958,Larry,653
MS,M,1958,Jerry,422
MS,M,1959,James,1472
MS,M,1959,Robert,946
MS,M,1959,John,832
MS,M,1959,David,808
MS,M,1959,Michael,732
MS,M,1959,Charles,721
MS,M,1959,William,678
MS,M,1959,Larry,601
MS,M,1959,Willie,599
MS,M,1959,Jerry,406
MS,M,1960,James,1376
MS,M,1960,Robert,878
MS,M,1960,David,792
MS,M,1960,John,764
MS,M,1960,Michael,718
MS,M,1960,Charles,651
MS,M,1960,William,639
MS,M,1960,Willie,593
MS,M,1960,Larry,482
MS,M,1960,Kenneth,424
MS,M,1961,James,1408
MS,M,1961,Robert,886
MS,M,1961,John,870
MS,M,1961,David,826
MS,M,1961,Michael,826
MS,M,1961,Charles,660
MS,M,1961,William,611
MS,M,1961,Willie,556
MS,M,1961,Larry,434
MS,M,1961,Jerry,373
MS,M,1962,James,1309
MS,M,1962,Robert,900
MS,M,1962,Michael,848
MS,M,1962,John,843
MS,M,1962,David,710
MS,M,1962,William,673
MS,M,1962,Charles,599
MS,M,1962,Willie,530
MS,M,1962,Larry,398
MS,M,1962,Jerry,397
MS,M,1963,James,1327
MS,M,1963,Robert,855
MS,M,1963,John,840
MS,M,1963,Michael,802
MS,M,1963,David,712
MS,M,1963,Charles,594
MS,M,1963,William,570
MS,M,1963,Willie,452
MS,M,1963,Kenneth,386
MS,M,1963,Richard,360
MS,M,1964,James,1243
MS,M,1964,John,894
MS,M,1964,Robert,813
MS,M,1964,Michael,812
MS,M,1964,David,641
MS,M,1964,William,582
MS,M,1964,Charles,575
MS,M,1964,Willie,469
MS,M,1964,Kenneth,381
MS,M,1964,Richard,359
MS,M,1965,James,1161
MS,M,1965,Robert,764
MS,M,1965,John,728
MS,M,1965,Michael,696
MS,M,1965,David,573
MS,M,1965,Charles,530
MS,M,1965,William,520
MS,M,1965,Willie,414
MS,M,1965,Kenneth,347
MS,M,1965,Richard,318
MS,M,1966,James,1140
MS,M,1966,Michael,716
MS,M,1966,John,685
MS,M,1966,Robert,683
MS,M,1966,David,533
MS,M,1966,Charles,496
MS,M,1966,William,489
MS,M,1966,Willie,357
MS,M,1966,Kenneth,329
MS,M,1966,Richard,301
MS,M,1967,James,994
MS,M,1967,Michael,756
MS,M,1967,Robert,684
MS,M,1967,John,666
MS,M,1967,David,603
MS,M,1967,William,514
MS,M,1967,Charles,429
MS,M,1967,Timothy,352
MS,M,1967,Richard,328
MS,M,1967,Willie,315
MS,M,1968,James,990
MS,M,1968,Michael,791
MS,M,1968,Robert,654
MS,M,1968,John,653
MS,M,1968,David,528
MS,M,1968,William,504
MS,M,1968,Charles,426
MS,M,1968,Anthony,318
MS,M,1968,Richard,317
MS,M,1968,Willie,316
MS,M,1969,James,1063
MS,M,1969,Michael,827
MS,M,1969,John,673
MS,M,1969,Robert,664
MS,M,1969,William,585
MS,M,1969,David,564
MS,M,1969,Charles,435
MS,M,1969,Christopher,344
MS,M,1969,Timothy,307
MS,M,1969,Richard,306
MS,M,1970,James,970
MS,M,1970,Michael,861
MS,M,1970,John,739
MS,M,1970,Robert,641
MS,M,1970,William,572
MS,M,1970,David,552
MS,M,1970,Charles,486
MS,M,1970,Christopher,460
MS,M,1970,Anthony,359
MS,M,1970,Timothy,303
MS,M,1971,James,967
MS,M,1971,Michael,840
MS,M,1971,John,660
MS,M,1971,Robert,660
MS,M,1971,Christopher,616
MS,M,1971,William,568
MS,M,1971,David,502
MS,M,1971,Charles,412
MS,M,1971,Anthony,342
MS,M,1971,Timothy,294
MS,M,1972,James,904
MS,M,1972,Michael,811
MS,M,1972,Christopher,769
MS,M,1972,John,611
MS,M,1972,Robert,550
MS,M,1972,William,518
MS,M,1972,David,430
MS,M,1972,Charles,348
MS,M,1972,Jason,310
MS,M,1972,Anthony,306
MS,M,1973,James,793
MS,M,1973,Michael,740
MS,M,1973,Christopher,711
MS,M,1973,Robert,529
MS,M,1973,John,506
MS,M,1973,William,474
MS,M,1973,Jason,446
MS,M,1973,David,430
MS,M,1973,Charles,342
MS,M,1973,Anthony,282
MS,M,1974,Michael,792
MS,M,1974,James,774
MS,M,1974,Christopher,704
MS,M,1974,John,502
MS,M,1974,David,480
MS,M,1974,Robert,470
MS,M,1974,William,458
MS,M,1974,Jason,456
MS,M,1974,Charles,337
MS,M,1974,Timothy,283
MS,M,1975,Michael,782
MS,M,1975,James,741
MS,M,1975,Christopher,718
MS,M,1975,Robert,498
MS,M,1975,Jason,496
MS,M,1975,John,487
MS,M,1975,William,485
MS,M,1975,David,362
MS,M,1975,Charles,339
MS,M,1975,Anthony,264
MS,M,1976,James,745
MS,M,1976,Michael,732
MS,M,1976,Christopher,704
MS,M,1976,Jason,487
MS,M,1976,Robert,476
MS,M,1976,John,469
MS,M,1976,William,416
MS,M,1976,David,385
MS,M,1976,Charles,294
MS,M,1976,Anthony,275
MS,M,1977,James,728
MS,M,1977,Michael,678
MS,M,1977,Christopher,671
MS,M,1977,Jason,575
MS,M,1977,Robert,472
MS,M,1977,John,467
MS,M,1977,William,405
MS,M,1977,David,394
MS,M,1977,Charles,309
MS,M,1977,Timothy,269
MS,M,1978,James,722
MS,M,1978,Christopher,675
MS,M,1978,Michael,627
MS,M,1978,Jason,552
MS,M,1978,John,462
MS,M,1978,William,448
MS,M,1978,Robert,428
MS,M,1978,David,354
MS,M,1978,Charles,310
MS,M,1978,Timothy,297
MS,M,1979,James,727
MS,M,1979,Christopher,700
MS,M,1979,Michael,623
MS,M,1979,Jason,527
MS,M,1979,John,491
MS,M,1979,Robert,459
MS,M,1979,William,457
MS,M,1979,David,355
MS,M,1979,Charles,302
MS,M,1979,Jeremy,285
MS,M,1980,James,721
MS,M,1980,Christopher,695
MS,M,1980,Michael,619
MS,M,1980,Jason,512
MS,M,1980,John,499
MS,M,1980,William,489
MS,M,1980,Robert,481
MS,M,1980,David,431
MS,M,1980,Joshua,397
MS,M,1980,Joseph,345
MS,M,1981,James,705
MS,M,1981,Christopher,626
MS,M,1981,Michael,566
MS,M,1981,John,476
MS,M,1981,Joshua,475
MS,M,1981,William,468
MS,M,1981,Jason,436
MS,M,1981,Robert,418
MS,M,1981,Jonathan,337
MS,M,1981,David,333
MS,M,1982,Christopher,774
MS,M,1982,James,643
MS,M,1982,Michael,569
MS,M,1982,John,476
MS,M,1982,Joshua,441
MS,M,1982,William,440
MS,M,1982,Jason,423
MS,M,1982,Robert,402
MS,M,1982,David,357
MS,M,1982,Matthew,349
MS,M,1983,Christopher,806
MS,M,1983,James,626
MS,M,1983,Michael,536
MS,M,1983,William,436
MS,M,1983,John,434
MS,M,1983,Joshua,411
MS,M,1983,Robert,406
MS,M,1983,Matthew,358
MS,M,1983,David,347
MS,M,1983,Jason,345
MS,M,1984,Christopher,744
MS,M,1984,James,600
MS,M,1984,Michael,557
MS,M,1984,Joshua,455
MS,M,1984,William,441
MS,M,1984,John,414
MS,M,1984,Robert,399
MS,M,1984,Matthew,368
MS,M,1984,David,359
MS,M,1984,Jonathan,330
MS,M,1985,Christopher,679
MS,M,1985,James,564
MS,M,1985,Michael,493
MS,M,1985,Joshua,489
MS,M,1985,William,427
MS,M,1985,John,392
MS,M,1985,Brandon,380
MS,M,1985,Robert,377
MS,M,1985,Matthew,329
MS,M,1985,Jonathan,311
MS,M,1986,Christopher,676
MS,M,1986,James,537
MS,M,1986,Michael,499
MS,M,1986,William,455
MS,M,1986,Joshua,423
MS,M,1986,John,386
MS,M,1986,Brandon,376
MS,M,1986,Matthew,353
MS,M,1986,Jeremy,351
MS,M,1986,Robert,336
MS,M,1987,Christopher,634
MS,M,1987,James,490
MS,M,1987,Michael,447
MS,M,1987,Justin,434
MS,M,1987,Joshua,431
MS,M,1987,William,386
MS,M,1987,John,339
MS,M,1987,Jeremy,332
MS,M,1987,Robert,310
MS,M,1987,Matthew,300
MS,M,1988,Christopher,573
MS,M,1988,Justin,527
MS,M,1988,James,497
MS,M,1988,Joshua,475
MS,M,1988,Michael,440
MS,M,1988,William,392
MS,M,1988,Matthew,337
MS,M,1988,John,328
MS,M,1988,Robert,302
MS,M,1988,Jonathan,287
MS,M,1989,Christopher,590
MS,M,1989,James,499
MS,M,1989,Justin,494
MS,M,1989,Joshua,485
MS,M,1989,Michael,451
MS,M,1989,William,418
MS,M,1989,Robert,344
MS,M,1989,Jeremy,326
MS,M,1989,Matthew,320
MS,M,1989,John,308
MS,M,1990,Christopher,590
MS,M,1990,James,508
MS,M,1990,Joshua,488
MS,M,1990,Michael,464
MS,M,1990,Justin,433
MS,M,1990,William,433
MS,M,1990,John,315
MS,M,1990,Robert,308
MS,M,1990,Jonathan,280
MS,M,1990,Matthew,276
MS,M,1991,Christopher,502
MS,M,1991,Joshua,500
MS,M,1991,James,462
MS,M,1991,Michael,458
MS,M,1991,William,411
MS,M,1991,Justin,372
MS,M,1991,Robert,307
MS,M,1991,John,301
MS,M,1991,Matthew,272
MS,M,1991,Brandon,265
MS,M,1992,Christopher,516
MS,M,1992,James,474
MS,M,1992,Michael,399
MS,M,1992,William,395
MS,M,1992,Joshua,351
MS,M,1992,John,332
MS,M,1992,Brandon,305
MS,M,1992,Justin,304
MS,M,1992,Robert,278
MS,M,1992,Matthew,263
MS,M,1993,James,439
MS,M,1993,Christopher,430
MS,M,1993,Michael,380
MS,M,1993,William,374
MS,M,1993,Joshua,353
MS,M,1993,John,284
MS,M,1993,Brandon,277
MS,M,1993,Justin,273
MS,M,1993,Robert,260
MS,M,1993,David,233
MS,M,1994,James,406
MS,M,1994,Christopher,403
MS,M,1994,William,386
MS,M,1994,Michael,379
MS,M,1994,Joshua,349
MS,M,1994,Austin,313
MS,M,1994,Brandon,282
MS,M,1994,Justin,266
MS,M,1994,John,261
MS,M,1994,Jacob,233
MS,M,1995,James,395
MS,M,1995,Christopher,380
MS,M,1995,William,378
MS,M,1995,Joshua,344
MS,M,1995,Michael,319
MS,M,1995,Austin,283
MS,M,1995,John,272
MS,M,1995,Justin,270
MS,M,1995,Robert,256
MS,M,1995,Brandon,242
MS,M,1996,William,378
MS,M,1996,Christopher,375
MS,M,1996,Joshua,349
MS,M,1996,James,333
MS,M,1996,Austin,320
MS,M,1996,Michael,294
MS,M,1996,Justin,271
MS,M,1996,Brandon,263
MS,M,1996,John,258
MS,M,1996,Jacob,243
MS,M,1997,William,378
MS,M,1997,Christopher,357
MS,M,1997,James,341
MS,M,1997,Joshua,336
MS,M,1997,John,305
MS,M,1997,Michael,289
MS,M,1997,Brandon,282
MS,M,1997,Tyler,253
MS,M,1997,Austin,248
MS,M,1997,Robert,238
MS,M,1998,James,383
MS,M,1998,William,380
MS,M,1998,Christopher,333
MS,M,1998,Austin,301
MS,M,1998,Joshua,301
MS,M,1998,Michael,296
MS,M,1998,John,269
MS,M,1998,Jacob,268
MS,M,1998,Brandon,260
MS,M,1998,Matthew,234
MS,M,1999,William,336
MS,M,1999,James,333
MS,M,1999,Christopher,330
MS,M,1999,Joshua,315
MS,M,1999,Michael,306
MS,M,1999,John,290
MS,M,1999,Jacob,279
MS,M,1999,Austin,264
MS,M,1999,Brandon,253
MS,M,1999,Tyler,219
MS,M,2000,William,391
MS,M,2000,James,326
MS,M,2000,Christopher,316
MS,M,2000,Michael,270
MS,M,2000,Jacob,269
MS,M,2000,John,267
MS,M,2000,Joshua,256
MS,M,2000,Tyler,217
MS,M,2000,Joseph,214
MS,M,2000,Austin,208
MS,M,2001,William,339
MS,M,2001,James,289
MS,M,2001,Jacob,282
MS,M,2001,Michael,278
MS,M,2001,Christopher,273
MS,M,2001,John,256
MS,M,2001,Joshua,246
MS,M,2001,Tyler,214
MS,M,2001,Austin,212
MS,M,2001,Brandon,195
MS,M,2002,William,336
MS,M,2002,Christopher,297
MS,M,2002,James,286
MS,M,2002,Joshua,286
MS,M,2002,Jacob,249
MS,M,2002,John,244
MS,M,2002,Michael,241
MS,M,2002,Matthew,190
MS,M,2002,Ethan,185
MS,M,2002,Tyler,185
MS,M,2003,William,334
MS,M,2003,Christopher,294
MS,M,2003,James,279
MS,M,2003,Jacob,264
MS,M,2003,Joshua,249
MS,M,2003,John,241
MS,M,2003,Michael,227
MS,M,2003,Ethan,211
MS,M,2003,Tyler,210
MS,M,2003,Matthew,191
MS,M,2004,William,354
MS,M,2004,James,285
MS,M,2004,John,257
MS,M,2004,Joshua,247
MS,M,2004,Michael,243
MS,M,2004,Christopher,240
MS,M,2004,Jacob,233
MS,M,2004,Tyler,201
MS,M,2004,Ethan,192
MS,M,2004,Matthew,192
MS,M,2005,William,337
MS,M,2005,James,287
MS,M,2005,John,237
MS,M,2005,Christopher,234
MS,M,2005,Jacob,233
MS,M,2005,Michael,222
MS,M,2005,Joshua,217
MS,M,2005,Ethan,199
MS,M,2005,Tyler,180
MS,M,2005,Cameron,154
MS,M,2006,William,311
MS,M,2006,James,303
MS,M,2006,Joshua,252
MS,M,2006,Christopher,240
MS,M,2006,John,234
MS,M,2006,Michael,223
MS,M,2006,Jacob,219
MS,M,2006,Tyler,206
MS,M,2006,Ethan,204
MS,M,2006,Jordan,169
MS,M,2007,William,304
MS,M,2007,James,280
MS,M,2007,Christopher,270
MS,M,2007,John,263
MS,M,2007,Joshua,234
MS,M,2007,Ethan,215
MS,M,2007,Jacob,209
MS,M,2007,Michael,195
MS,M,2007,Jayden,190
MS,M,2007,Landon,177
MS,M,2008,William,288
MS,M,2008,James,237
MS,M,2008,Christopher,226
MS,M,2008,Jayden,224
MS,M,2008,John,224
MS,M,2008,Joshua,215
MS,M,2008,Michael,193
MS,M,2008,Ethan,181
MS,M,2008,Landon,173
MS,M,2008,Jacob,169
MS,M,2009,William,252
MS,M,2009,Jayden,236
MS,M,2009,James,228
MS,M,2009,Christopher,224
MS,M,2009,Joshua,188
MS,M,2009,John,182
MS,M,2009,Michael,175
MS,M,2009,Ethan,172
MS,M,2009,Landon,166
MS,M,2009,Jacob,162
MS,M,2010,William,218
MS,M,2010,James,201
MS,M,2010,Jayden,200
MS,M,2010,John,189
MS,M,2010,Elijah,160
MS,M,2010,Jacob,160
MS,M,2010,Christopher,155
MS,M,2010,Aiden,153
MS,M,2010,Michael,151
MS,M,2010,Joshua,150
MS,M,2011,William,291
MS,M,2011,James,208
MS,M,2011,Jayden,205
MS,M,2011,John,178
MS,M,2011,Christopher,169
MS,M,2011,Elijah,169
MS,M,2011,Jacob,167
MS,M,2011,Mason,163
MS,M,2011,Ethan,158
MS,M,2011,Joshua,158
MS,M,2012,William,226
MS,M,2012,Mason,205
MS,M,2012,James,170
MS,M,2012,John,170
MS,M,2012,Jayden,167
MS,M,2012,Aiden,152
MS,M,2012,Brayden,149
MS,M,2012,Elijah,149
MS,M,2012,Noah,144
MS,M,2012,Joshua,140
MS,M,2013,William,241
MS,M,2013,Mason,208
MS,M,2013,James,198
MS,M,2013,John,187
MS,M,2013,Aiden,150
MS,M,2013,Noah,143
MS,M,2013,Jayden,140
MS,M,2013,Elijah,135
MS,M,2013,Christopher,133
MS,M,2013,Jacob,132
MS,M,2014,William,226
MS,M,2014,James,194
MS,M,2014,John,191
MS,M,2014,Elijah,175
MS,M,2014,Mason,172
MS,M,2014,Noah,151
MS,M,2014,Aiden,140
MS,M,2014,Christopher,140
MS,M,2014,Jayden,138
MS,M,2014,Carter,133
MS,M,2015,William,212
MS,M,2015,John,205
MS,M,2015,James,197
MS,M,2015,Mason,189
MS,M,2015,Elijah,158
MS,M,2015,Aiden,152
MS,M,2015,Noah,151
MS,M,2015,Carter,141
MS,M,2015,Jayden,118
MS,M,2015,Michael,115
MS,M,2016,William,226
MS,M,2016,James,206
MS,M,2016,Mason,199
MS,M,2016,John,186
MS,M,2016,Elijah,167
MS,M,2016,Noah,153
MS,M,2016,Carter,142
MS,M,2016,Aiden,131
MS,M,2016,Kingston,119
MS,M,2016,Michael,109
MS,M,2017,John,181
MS,M,2017,William,180
MS,M,2017,James,166
MS,M,2017,Mason,166
MS,M,2017,Elijah,158
MS,M,2017,Noah,151
MS,M,2017,Aiden,141
MS,M,2017,Carter,125
MS,M,2017,Kingston,124
MS,M,2017,Liam,115
MS,M,2018,William,194
MS,M,2018,John,193
MS,M,2018,Noah,158
MS,M,2018,Elijah,155
MS,M,2018,James,154
MS,M,2018,Mason,146
MS,M,2018,Liam,124
MS,M,2018,Kingston,114
MS,M,2018,Carter,113
MS,M,2018,Aiden,106
MS,M,2019,William,185
MS,M,2019,Noah,169
MS,M,2019,James,166
MS,M,2019,Elijah,158
MS,M,2019,John,151
MS,M,2019,Liam,131
MS,M,2019,Mason,123
MS,M,2019,Aiden,111
MS,M,2019,Grayson,102
MS,M,2019,Michael,101
