NE,F,1920,Dorothy,587
NE,F,1920,Mary,516
NE,F,1920,Helen,467
NE,F,1920,Ruth,349
NE,F,1920,Margaret,294
NE,F,1920,Betty,290
NE,F,1920,Doris,258
NE,F,1920,Mildred,250
NE,F,1920,Evelyn,213
NE,F,1920,Virginia,201
NE,F,1921,Mary,574
NE,F,1921,Dorothy,544
NE,F,1921,Helen,389
NE,F,1921,Ruth,353
NE,F,1921,Betty,341
NE,F,1921,Margaret,332
NE,F,1921,Doris,253
NE,F,1921,Evelyn,252
NE,F,1921,Virginia,245
NE,F,1921,Marjorie,239
NE,F,1922,Dorothy,558
NE,F,1922,Mary,531
NE,F,1922,Betty,470
NE,F,1922,Helen,383
NE,F,1922,Ruth,309
NE,F,1922,Margaret,269
NE,F,1922,Marjorie,250
NE,F,1922,Doris,244
NE,F,1922,Evelyn,243
NE,F,1922,Virginia,242
NE,F,1923,Betty,587
NE,F,1923,Mary,533
NE,F,1923,Dorothy,518
NE,F,1923,Helen,348
NE,F,1923,Ruth,299
NE,F,1923,Margaret,294
NE,F,1923,Doris,246
NE,F,1923,Virginia,220
NE,F,1923,Evelyn,206
NE,F,1923,Marjorie,196
NE,F,1924,Betty,671
NE,F,1924,Mary,581
NE,F,1924,Dorothy,500
NE,F,1924,Helen,341
NE,F,1924,Margaret,266
NE,F,1924,Ruth,266
NE,F,1924,Evelyn,231
NE,F,1924,Doris,230
NE,F,1924,Virginia,219
NE,F,1924,Lois,217
NE,F,1925,Betty,599
NE,F,1925,Dorothy,488
NE,F,1925,Mary,485
NE,F,1925,Helen,304
NE,F,1925,Margaret,268
NE,F,1925,Doris,249
NE,F,1925,Lois,245
NE,F,1925,Ruth,233
NE,F,1925,Virginia,202
NE,F,1925,Marjorie,187
NE,F,1926,Betty,559
NE,F,1926,Mary,483
NE,F,1926,Dorothy,434
NE,F,1926,Helen,280
NE,F,1926,Ruth,218
NE,F,1926,Lois,212
NE,F,1926,Doris,201
NE,F,1926,Margaret,198
NE,F,1926,Virginia,193
NE,F,1926,Shirley,188
NE,F,1927,Betty,602
NE,F,1927,Mary,578
NE,F,1927,Dorothy,392
NE,F,1927,Helen,234
NE,F,1927,Ruth,232
NE,F,1927,Shirley,231
NE,F,1927,Donna,209
NE,F,1927,Margaret,208
NE,F,1927,Norma,206
NE,F,1927,Virginia,204
NE,F,1928,Betty,573
NE,F,1928,Mary,512
NE,F,1928,Dorothy,424
NE,F,1928,Shirley,290
NE,F,1928,Helen,220
NE,F,1928,Donna,218
NE,F,1928,Ruth,214
NE,F,1928,Phyllis,211
NE,F,1928,Lois,209
NE,F,1928,Patricia,200
NE,F,1929,Mary,545
NE,F,1929,Betty,532
NE,F,1929,Dorothy,337
NE,F,1929,Shirley,317
NE,F,1929,Donna,289
NE,F,1929,Phyllis,211
NE,F,1929,Patricia,204
NE,F,1929,Lois,196
NE,F,1929,Ruth,190
NE,F,1929,Norma,179
NE,F,1930,Betty,541
NE,F,1930,Mary,535
NE,F,1930,Dorothy,333
NE,F,1930,Shirley,311
NE,F,1930,Donna,292
NE,F,1930,Patricia,232
NE,F,1930,Lois,229
NE,F,1930,Marilyn,202
NE,F,1930,Helen,194
NE,F,1930,Joan,194
NE,F,1931,Mary,546
NE,F,1931,Betty,517
NE,F,1931,Dorothy,306
NE,F,1931,Donna,297
NE,F,1931,Shirley,295
NE,F,1931,Barbara,250
NE,F,1931,Patricia,246
NE,F,1931,Marilyn,226
NE,F,1931,Joan,224
NE,F,1931,Norma,188
NE,F,1932,Mary,514
NE,F,1932,Betty,357
NE,F,1932,Donna,349
NE,F,1932,Shirley,274
NE,F,1932,Dorothy,255
NE,F,1932,Barbara,248
NE,F,1932,Joan,241
NE,F,1932,Patricia,238
NE,F,1932,Marilyn,226
NE,F,1932,Norma,201
NE,F,1933,Mary,476
NE,F,1933,Betty,360
NE,F,1933,Donna,330
NE,F,1933,Shirley,291
NE,F,1933,Barbara,264
NE,F,1933,Joan,251
NE,F,1933,Dorothy,235
NE,F,1933,Marilyn,235
NE,F,1933,Patricia,230
NE,F,1933,Beverly,208
NE,F,1934,Mary,561
NE,F,1934,Shirley,412
NE,F,1934,Betty,319
NE,F,1934,Donna,301
NE,F,1934,Barbara,279
NE,F,1934,Patricia,248
NE,F,1934,Marilyn,239
NE,F,1934,Joan,210
NE,F,1934,Dorothy,198
NE,F,1934,Beverly,188
NE,F,1935,Shirley,613
NE,F,1935,Mary,480
NE,F,1935,Barbara,272
NE,F,1935,Betty,262
NE,F,1935,Donna,250
NE,F,1935,Patricia,236
NE,F,1935,Marilyn,234
NE,F,1935,Beverly,184
NE,F,1935,Joan,174
NE,F,1935,Dorothy,171
NE,F,1936,Mary,503
NE,F,1936,Shirley,445
NE,F,1936,Barbara,279
NE,F,1936,Marilyn,279
NE,F,1936,Patricia,267
NE,F,1936,Donna,258
NE,F,1936,Betty,239
NE,F,1936,Beverly,197
NE,F,1936,Carol,192
NE,F,1936,Joan,177
NE,F,1937,Mary,466
NE,F,1937,Barbara,294
NE,F,1937,Shirley,292
NE,F,1937,Patricia,229
NE,F,1937,Marilyn,228
NE,F,1937,Donna,221
NE,F,1937,Carol,211
NE,F,1937,Betty,210
NE,F,1937,Sharon,203
NE,F,1937,Beverly,187
NE,F,1938,Mary,510
NE,F,1938,Barbara,279
NE,F,1938,Shirley,275
NE,F,1938,Sharon,273
NE,F,1938,Patricia,242
NE,F,1938,Donna,216
NE,F,1938,Marilyn,197
NE,F,1938,Betty,195
NE,F,1938,Janice,195
NE,F,1938,Carol,191
NE,F,1939,Mary,458
NE,F,1939,Sharon,303
NE,F,1939,Barbara,281
NE,F,1939,Patricia,264
NE,F,1939,Marilyn,226
NE,F,1939,Karen,220
NE,F,1939,Shirley,214
NE,F,1939,Janice,207
NE,F,1939,Carol,206
NE,F,1939,Betty,174
NE,F,1940,Mary,460
NE,F,1940,Sharon,362
NE,F,1940,Barbara,300
NE,F,1940,Karen,286
NE,F,1940,Patricia,260
NE,F,1940,Carol,249
NE,F,1940,Judy,244
NE,F,1940,Judith,221
NE,F,1940,Sandra,198
NE,F,1940,Betty,182
NE,F,1941,Mary,421
NE,F,1941,Sharon,400
NE,F,1941,Karen,288
NE,F,1941,Judith,249
NE,F,1941,Judy,247
NE,F,1941,Patricia,236
NE,F,1941,Barbara,234
NE,F,1941,Carol,223
NE,F,1941,Linda,212
NE,F,1941,Janice,177
NE,F,1942,Mary,454
NE,F,1942,Sharon,433
NE,F,1942,Karen,309
NE,F,1942,Patricia,295
NE,F,1942,Barbara,290
NE,F,1942,Carol,258
NE,F,1942,Judy,246
NE,F,1942,Judith,244
NE,F,1942,Linda,240
NE,F,1942,Sandra,236
NE,F,1943,Mary,506
NE,F,1943,Sharon,449
NE,F,1943,Linda,348
NE,F,1943,Carol,306
NE,F,1943,Barbara,296
NE,F,1943,Karen,280
NE,F,1943,Patricia,279
NE,F,1943,Judy,278
NE,F,1943,Judith,256
NE,F,1943,Sandra,234
NE,F,1944,Mary,530
NE,F,1944,Sharon,376
NE,F,1944,Linda,366
NE,F,1944,Carol,337
NE,F,1944,Karen,297
NE,F,1944,Judy,282
NE,F,1944,Patricia,278
NE,F,1944,Barbara,265
NE,F,1944,Sandra,244
NE,F,1944,Judith,205
NE,F,1945,Mary,498
NE,F,1945,Linda,438
NE,F,1945,Sharon,319
NE,F,1945,Carol,307
NE,F,1945,Barbara,295
NE,F,1945,Judy,264
NE,F,1945,Patricia,257
NE,F,1945,Karen,242
NE,F,1945,Sandra,230
NE,F,1945,Nancy,210
NE,F,1946,Mary,562
NE,F,1946,Linda,524
NE,F,1946,Sharon,397
NE,F,1946,Patricia,380
NE,F,1946,Carol,367
NE,F,1946,Barbara,323
NE,F,1946,Sandra,302
NE,F,1946,Judy,293
NE,F,1946,Karen,242
NE,F,1946,Susan,237
NE,F,1947,Linda,1055
NE,F,1947,Mary,624
NE,F,1947,Patricia,392
NE,F,1947,Sharon,377
NE,F,1947,Barbara,368
NE,F,1947,Sandra,346
NE,F,1947,Carol,323
NE,F,1947,Susan,308
NE,F,1947,Judy,295
NE,F,1947,Nancy,291
NE,F,1948,Linda,1008
NE,F,1948,Mary,658
NE,F,1948,Patricia,376
NE,F,1948,Barbara,370
NE,F,1948,Susan,349
NE,F,1948,Carol,306
NE,F,1948,Sandra,287
NE,F,1948,Nancy,286
NE,F,1948,Sharon,284
NE,F,1948,Karen,279
NE,F,1949,Linda,898
NE,F,1949,Mary,644
NE,F,1949,Patricia,392
NE,F,1949,Susan,388
NE,F,1949,Barbara,351
NE,F,1949,Nancy,332
NE,F,1949,Kathleen,304
NE,F,1949,Carol,288
NE,F,1949,Sandra,279
NE,F,1949,Sharon,276
NE,F,1950,Linda,768
NE,F,1950,Mary,665
NE,F,1950,Susan,411
NE,F,1950,Patricia,374
NE,F,1950,Barbara,366
NE,F,1950,Nancy,317
NE,F,1950,Kathleen,313
NE,F,1950,Carol,295
NE,F,1950,Sandra,267
NE,F,1950,Karen,265
NE,F,1951,Linda,704
NE,F,1951,Mary,619
NE,F,1951,Patricia,525
NE,F,1951,Susan,435
NE,F,1951,Nancy,376
NE,F,1951,Barbara,372
NE,F,1951,Deborah,317
NE,F,1951,Kathleen,305
NE,F,1951,Sandra,277
NE,F,1951,Karen,267
NE,F,1952,Mary,638
NE,F,1952,Linda,582
NE,F,1952,Patricia,438
NE,F,1952,Susan,433
NE,F,1952,Barbara,358
NE,F,1952,Deborah,343
NE,F,1952,Nancy,339
NE,F,1952,Debra,322
NE,F,1952,Kathleen,295
NE,F,1952,Karen,283
NE,F,1953,Mary,631
NE,F,1953,Linda,529
NE,F,1953,Debra,459
NE,F,1953,Patricia,451
NE,F,1953,Susan,449
NE,F,1953,Barbara,331
NE,F,1953,Deborah,296
NE,F,1953,Nancy,290
NE,F,1953,Cynthia,284
NE,F,1953,Pamela,267
NE,F,1954,Mary,622
NE,F,1954,Debra,613
NE,F,1954,Susan,469
NE,F,1954,Linda,463
NE,F,1954,Patricia,386
NE,F,1954,Nancy,333
NE,F,1954,Deborah,321
NE,F,1954,Cynthia,317
NE,F,1954,Pamela,312
NE,F,1954,Barbara,297
NE,F,1955,Debra,605
NE,F,1955,Mary,552
NE,F,1955,Susan,485
NE,F,1955,Linda,412
NE,F,1955,Patricia,359
NE,F,1955,Barbara,347
NE,F,1955,Cynthia,305
NE,F,1955,Deborah,289
NE,F,1955,Nancy,275
NE,F,1955,Karen,270
NE,F,1956,Mary,618
NE,F,1956,Debra,515
NE,F,1956,Susan,418
NE,F,1956,Linda,321
NE,F,1956,Cynthia,310
NE,F,1956,Patricia,301
NE,F,1956,Pamela,293
NE,F,1956,Karen,291
NE,F,1956,Nancy,284
NE,F,1956,Barbara,266
NE,F,1957,Mary,512
NE,F,1957,Susan,439
NE,F,1957,Debra,431
NE,F,1957,Cynthia,369
NE,F,1957,Linda,324
NE,F,1957,Karen,290
NE,F,1957,Patricia,278
NE,F,1957,Barbara,248
NE,F,1957,Cindy,241
NE,F,1957,Nancy,231
NE,F,1958,Mary,478
NE,F,1958,Susan,378
NE,F,1958,Debra,343
NE,F,1958,Linda,329
NE,F,1958,Cynthia,293
NE,F,1958,Julie,260
NE,F,1958,Patricia,255
NE,F,1958,Karen,249
NE,F,1958,Barbara,247
NE,F,1958,Pamela,242
NE,F,1959,Mary,493
NE,F,1959,Susan,389
NE,F,1959,Debra,329
NE,F,1959,Linda,315
NE,F,1959,Cynthia,293
NE,F,1959,Lori,274
NE,F,1959,Julie,272
NE,F,1959,Pamela,261
NE,F,1959,Karen,235
NE,F,1959,Patricia,226
NE,F,1960,Mary,452
NE,F,1960,Susan,358
NE,F,1960,Lori,313
NE,F,1960,Linda,297
NE,F,1960,Debra,272
NE,F,1960,Julie,266
NE,F,1960,Karen,257
NE,F,1960,Pamela,229
NE,F,1960,Diane,215
NE,F,1960,Nancy,215
NE,F,1961,Mary,433
NE,F,1961,Lori,405
NE,F,1961,Susan,339
NE,F,1961,Julie,315
NE,F,1961,Lisa,286
NE,F,1961,Debra,277
NE,F,1961,Linda,264
NE,F,1961,Karen,261
NE,F,1961,Teresa,204
NE,F,1961,Sandra,203
NE,F,1962,Lori,350
NE,F,1962,Mary,326
NE,F,1962,Lisa,324
NE,F,1962,Susan,317
NE,F,1962,Julie,301
NE,F,1962,Linda,249
NE,F,1962,Karen,246
NE,F,1962,Debra,230
NE,F,1962,Brenda,227
NE,F,1962,Kimberly,227
NE,F,1963,Lisa,442
NE,F,1963,Mary,399
NE,F,1963,Lori,322
NE,F,1963,Susan,313
NE,F,1963,Julie,273
NE,F,1963,Kimberly,226
NE,F,1963,Linda,222
NE,F,1963,Brenda,216
NE,F,1963,Karen,201
NE,F,1963,Pamela,181
NE,F,1964,Mary,396
NE,F,1964,Lisa,393
NE,F,1964,Lori,311
NE,F,1964,Susan,263
NE,F,1964,Julie,261
NE,F,1964,Kimberly,213
NE,F,1964,Brenda,200
NE,F,1964,Karen,190
NE,F,1964,Michelle,189
NE,F,1964,Linda,178
NE,F,1965,Lisa,377
NE,F,1965,Mary,283
NE,F,1965,Julie,278
NE,F,1965,Lori,241
NE,F,1965,Kimberly,212
NE,F,1965,Susan,209
NE,F,1965,Michelle,185
NE,F,1965,Karen,171
NE,F,1965,Brenda,168
NE,F,1965,Christine,149
NE,F,1966,Lisa,406
NE,F,1966,Michelle,280
NE,F,1966,Kimberly,270
NE,F,1966,Julie,223
NE,F,1966,Susan,201
NE,F,1966,Mary,197
NE,F,1966,Lori,181
NE,F,1966,Brenda,165
NE,F,1966,Christine,152
NE,F,1966,Amy,148
NE,F,1967,Lisa,335
NE,F,1967,Michelle,328
NE,F,1967,Kimberly,217
NE,F,1967,Susan,195
NE,F,1967,Amy,189
NE,F,1967,Julie,188
NE,F,1967,Mary,177
NE,F,1967,Christine,164
NE,F,1967,Angela,158
NE,F,1967,Lori,152
NE,F,1968,Lisa,357
NE,F,1968,Michelle,334
NE,F,1968,Kimberly,216
NE,F,1968,Julie,210
NE,F,1968,Jennifer,198
NE,F,1968,Amy,196
NE,F,1968,Angela,182
NE,F,1968,Susan,160
NE,F,1968,Mary,152
NE,F,1968,Christine,151
NE,F,1969,Michelle,351
NE,F,1969,Lisa,324
NE,F,1969,Amy,261
NE,F,1969,Kimberly,249
NE,F,1969,Jennifer,234
NE,F,1969,Julie,206
NE,F,1969,Angela,186
NE,F,1969,Lori,160
NE,F,1969,Susan,158
NE,F,1969,Christine,134
NE,F,1970,Jennifer,358
NE,F,1970,Michelle,327
NE,F,1970,Amy,286
NE,F,1970,Lisa,281
NE,F,1970,Kimberly,275
NE,F,1970,Angela,212
NE,F,1970,Julie,207
NE,F,1970,Mary,145
NE,F,1970,Tammy,140
NE,F,1970,Tracy,138
NE,F,1971,Jennifer,472
NE,F,1971,Michelle,356
NE,F,1971,Amy,320
NE,F,1971,Lisa,256
NE,F,1971,Kimberly,233
NE,F,1971,Angela,208
NE,F,1971,Julie,191
NE,F,1971,Dawn,146
NE,F,1971,Melissa,141
NE,F,1971,Tammy,133
NE,F,1972,Jennifer,541
NE,F,1972,Amy,322
NE,F,1972,Michelle,296
NE,F,1972,Lisa,224
NE,F,1972,Angela,219
NE,F,1972,Kimberly,187
NE,F,1972,Heather,166
NE,F,1972,Julie,155
NE,F,1972,Nicole,148
NE,F,1972,Melissa,139
NE,F,1973,Jennifer,583
NE,F,1973,Amy,297
NE,F,1973,Michelle,276
NE,F,1973,Angela,222
NE,F,1973,Heather,194
NE,F,1973,Lisa,189
NE,F,1973,Kimberly,177
NE,F,1973,Julie,155
NE,F,1973,Melissa,149
NE,F,1973,Nicole,140
NE,F,1974,Jennifer,573
NE,F,1974,Amy,327
NE,F,1974,Michelle,278
NE,F,1974,Angela,256
NE,F,1974,Heather,222
NE,F,1974,Lisa,194
NE,F,1974,Kimberly,165
NE,F,1974,Melissa,162
NE,F,1974,Rebecca,154
NE,F,1974,Stephanie,146
NE,F,1975,Jennifer,523
NE,F,1975,Amy,358
NE,F,1975,Angela,236
NE,F,1975,Heather,233
NE,F,1975,Michelle,224
NE,F,1975,Melissa,201
NE,F,1975,Lisa,172
NE,F,1975,Nicole,164
NE,F,1975,Stephanie,148
NE,F,1975,Kimberly,146
NE,F,1976,Jennifer,513
NE,F,1976,Amy,341
NE,F,1976,Angela,272
NE,F,1976,Michelle,195
NE,F,1976,Heather,189
NE,F,1976,Sarah,172
NE,F,1976,Melissa,171
NE,F,1976,Rebecca,162
NE,F,1976,Lisa,156
NE,F,1976,Jamie,153
NE,F,1977,Jennifer,528
NE,F,1977,Amy,296
NE,F,1977,Angela,253
NE,F,1977,Melissa,238
NE,F,1977,Heather,217
NE,F,1977,Sarah,208
NE,F,1977,Jessica,205
NE,F,1977,Michelle,190
NE,F,1977,Jamie,172
NE,F,1977,Lisa,158
NE,F,1978,Jennifer,479
NE,F,1978,Sarah,248
NE,F,1978,Amy,243
NE,F,1978,Angela,234
NE,F,1978,Melissa,234
NE,F,1978,Jessica,229
NE,F,1978,Heather,185
NE,F,1978,Nicole,167
NE,F,1978,Lisa,158
NE,F,1978,Michelle,157
NE,F,1979,Jennifer,444
NE,F,1979,Melissa,281
NE,F,1979,Amanda,268
NE,F,1979,Sarah,247
NE,F,1979,Angela,237
NE,F,1979,Jessica,228
NE,F,1979,Nicole,224
NE,F,1979,Amy,213
NE,F,1979,Heather,172
NE,F,1979,Michelle,158
NE,F,1980,Jennifer,505
NE,F,1980,Amanda,317
NE,F,1980,Sarah,280
NE,F,1980,Jessica,276
NE,F,1980,Melissa,272
NE,F,1980,Amy,211
NE,F,1980,Nicole,195
NE,F,1980,Angela,183
NE,F,1980,Heather,168
NE,F,1980,Sara,167
NE,F,1981,Jennifer,473
NE,F,1981,Jessica,355
NE,F,1981,Amanda,324
NE,F,1981,Sarah,321
NE,F,1981,Melissa,238
NE,F,1981,Nicole,220
NE,F,1981,Amber,197
NE,F,1981,Amy,189
NE,F,1981,Stephanie,189
NE,F,1981,Elizabeth,172
NE,F,1982,Jennifer,479
NE,F,1982,Jessica,378
NE,F,1982,Sarah,318
NE,F,1982,Amanda,305
NE,F,1982,Melissa,243
NE,F,1982,Nicole,212
NE,F,1982,Elizabeth,183
NE,F,1982,Amber,170
NE,F,1982,Angela,169
NE,F,1982,Amy,164
NE,F,1983,Jennifer,425
NE,F,1983,Jessica,339
NE,F,1983,Amanda,303
NE,F,1983,Sarah,289
NE,F,1983,Ashley,279
NE,F,1983,Melissa,222
NE,F,1983,Megan,194
NE,F,1983,Nicole,189
NE,F,1983,Stephanie,182
NE,F,1983,Amy,166
NE,F,1984,Ashley,387
NE,F,1984,Jennifer,371
NE,F,1984,Jessica,361
NE,F,1984,Amanda,337
NE,F,1984,Sarah,276
NE,F,1984,Megan,245
NE,F,1984,Nicole,206
NE,F,1984,Amber,172
NE,F,1984,Melissa,170
NE,F,1984,Stephanie,169
NE,F,1985,Ashley,401
NE,F,1985,Jessica,351
NE,F,1985,Jennifer,336
NE,F,1985,Amanda,329
NE,F,1985,Sarah,256
NE,F,1985,Megan,216
NE,F,1985,Nicole,197
NE,F,1985,Stephanie,180
NE,F,1985,Elizabeth,169
NE,F,1985,Melissa,166
NE,F,1986,Ashley,368
NE,F,1986,Jessica,348
NE,F,1986,Amanda,331
NE,F,1986,Sarah,260
NE,F,1986,Jennifer,247
NE,F,1986,Megan,214
NE,F,1986,Amber,180
NE,F,1986,Elizabeth,174
NE,F,1986,Nicole,163
NE,F,1986,Stephanie,149
NE,F,1987,Ashley,391
NE,F,1987,Jessica,372
NE,F,1987,Amanda,303
NE,F,1987,Sarah,227
NE,F,1987,Jennifer,215
NE,F,1987,Megan,204
NE,F,1987,Nicole,176
NE,F,1987,Amber,164
NE,F,1987,Elizabeth,146
NE,F,1987,Stephanie,145
NE,F,1988,Ashley,357
NE,F,1988,Jessica,349
NE,F,1988,Amanda,274
NE,F,1988,Sarah,236
NE,F,1988,Megan,200
NE,F,1988,Jennifer,159
NE,F,1988,Elizabeth,158
NE,F,1988,Nicole,156
NE,F,1988,Stephanie,144
NE,F,1988,Emily,142
NE,F,1989,Ashley,346
NE,F,1989,Jessica,328
NE,F,1989,Amanda,273
NE,F,1989,Megan,208
NE,F,1989,Brittany,189
NE,F,1989,Sarah,180
NE,F,1989,Emily,175
NE,F,1989,Elizabeth,163
NE,F,1989,Jennifer,160
NE,F,1989,Samantha,154
NE,F,1990,Ashley,296
NE,F,1990,Jessica,292
NE,F,1990,Amanda,229
NE,F,1990,Megan,203
NE,F,1990,Brittany,196
NE,F,1990,Emily,191
NE,F,1990,Sarah,181
NE,F,1990,Elizabeth,165
NE,F,1990,Samantha,163
NE,F,1990,Kelsey,130
NE,F,1991,Jessica,255
NE,F,1991,Ashley,253
NE,F,1991,Amanda,208
NE,F,1991,Sarah,181
NE,F,1991,Emily,179
NE,F,1991,Megan,171
NE,F,1991,Elizabeth,161
NE,F,1991,Samantha,158
NE,F,1991,Brittany,150
NE,F,1991,Kelsey,135
NE,F,1992,Ashley,235
NE,F,1992,Emily,222
NE,F,1992,Jessica,206
NE,F,1992,Sarah,189
NE,F,1992,Amanda,176
NE,F,1992,Elizabeth,157
NE,F,1992,Samantha,155
NE,F,1992,Megan,153
NE,F,1992,Taylor,149
NE,F,1992,Kelsey,127
NE,F,1993,Ashley,217
NE,F,1993,Jessica,204
NE,F,1993,Emily,199
NE,F,1993,Taylor,197
NE,F,1993,Samantha,172
NE,F,1993,Sarah,166
NE,F,1993,Megan,149
NE,F,1993,Amanda,144
NE,F,1993,Rachel,127
NE,F,1993,Elizabeth,124
NE,F,1994,Jessica,201
NE,F,1994,Emily,193
NE,F,1994,Taylor,191
NE,F,1994,Samantha,157
NE,F,1994,Ashley,156
NE,F,1994,Megan,148
NE,F,1994,Hannah,140
NE,F,1994,Sarah,128
NE,F,1994,Elizabeth,125
NE,F,1994,Amanda,121
NE,F,1995,Emily,196
NE,F,1995,Taylor,162
NE,F,1995,Sarah,160
NE,F,1995,Jessica,148
NE,F,1995,Hannah,147
NE,F,1995,Ashley,146
NE,F,1995,Megan,145
NE,F,1995,Elizabeth,140
NE,F,1995,Samantha,136
NE,F,1995,Rachel,121
NE,F,1996,Emily,184
NE,F,1996,Hannah,175
NE,F,1996,Taylor,173
NE,F,1996,Megan,144
NE,F,1996,Jessica,137
NE,F,1996,Samantha,135
NE,F,1996,Sarah,128
NE,F,1996,Ashley,126
NE,F,1996,Madison,126
NE,F,1996,Elizabeth,119
NE,F,1997,Emily,182
NE,F,1997,Hannah,169
NE,F,1997,Taylor,161
NE,F,1997,Madison,152
NE,F,1997,Megan,135
NE,F,1997,Elizabeth,131
NE,F,1997,Ashley,128
NE,F,1997,Jessica,122
NE,F,1997,Samantha,122
NE,F,1997,Sarah,117
NE,F,1998,Emily,189
NE,F,1998,Hannah,189
NE,F,1998,Madison,177
NE,F,1998,Alexis,140
NE,F,1998,Taylor,134
NE,F,1998,Megan,128
NE,F,1998,Samantha,120
NE,F,1998,Elizabeth,119
NE,F,1998,Ashley,110
NE,F,1998,Jessica,106
NE,F,1999,Emily,187
NE,F,1999,Hannah,170
NE,F,1999,Madison,156
NE,F,1999,Samantha,134
NE,F,1999,Taylor,129
NE,F,1999,Emma,117
NE,F,1999,Alexis,116
NE,F,1999,Elizabeth,114
NE,F,1999,Sarah,114
NE,F,1999,Megan,112
NE,F,2000,Hannah,195
NE,F,2000,Madison,181
NE,F,2000,Emily,177
NE,F,2000,Taylor,125
NE,F,2000,Emma,124
NE,F,2000,Samantha,117
NE,F,2000,Alexis,115
NE,F,2000,Megan,111
NE,F,2000,Morgan,105
NE,F,2000,Grace,104
NE,F,2001,Madison,190
NE,F,2001,Emily,175
NE,F,2001,Hannah,167
NE,F,2001,Emma,137
NE,F,2001,Grace,122
NE,F,2001,Abigail,121
NE,F,2001,Taylor,118
NE,F,2001,Samantha,117
NE,F,2001,Ashley,116
NE,F,2001,Alexis,110
NE,F,2002,Emma,176
NE,F,2002,Madison,175
NE,F,2002,Emily,171
NE,F,2002,Hannah,151
NE,F,2002,Grace,126
NE,F,2002,Alexis,120
NE,F,2002,Elizabeth,118
NE,F,2002,Olivia,109
NE,F,2002,Abigail,105
NE,F,2002,Anna,101
NE,F,2003,Emma,207
NE,F,2003,Emily,152
NE,F,2003,Olivia,130
NE,F,2003,Grace,126
NE,F,2003,Madison,125
NE,F,2003,Abigail,120
NE,F,2003,Hannah,117
NE,F,2003,Elizabeth,112
NE,F,2003,Alexis,104
NE,F,2003,Taylor,93
NE,F,2004,Emma,169
NE,F,2004,Emily,151
NE,F,2004,Madison,142
NE,F,2004,Grace,137
NE,F,2004,Hannah,127
NE,F,2004,Olivia,122
NE,F,2004,Abigail,113
NE,F,2004,Elizabeth,110
NE,F,2004,Alexis,106
NE,F,2004,Samantha,104
NE,F,2005,Emma,158
NE,F,2005,Emily,145
NE,F,2005,Madison,142
NE,F,2005,Grace,131
NE,F,2005,Olivia,129
NE,F,2005,Ava,125
NE,F,2005,Hannah,121
NE,F,2005,Elizabeth,104
NE,F,2005,Ella,103
NE,F,2005,Abigail,94
NE,F,2006,Emma,165
NE,F,2006,Ava,163
NE,F,2006,Madison,134
NE,F,2006,Addison,132
NE,F,2006,Emily,119
NE,F,2006,Hannah,114
NE,F,2006,Abigail,113
NE,F,2006,Olivia,109
NE,F,2006,Grace,100
NE,F,2006,Isabella,100
NE,F,2007,Addison,158
NE,F,2007,Emma,157
NE,F,2007,Ava,153
NE,F,2007,Elizabeth,117
NE,F,2007,Emily,115
NE,F,2007,Grace,113
NE,F,2007,Olivia,113
NE,F,2007,Madison,104
NE,F,2007,Sophia,103
NE,F,2007,Ella,95
NE,F,2008,Ava,128
NE,F,2008,Addison,124
NE,F,2008,Emma,123
NE,F,2008,Olivia,111
NE,F,2008,Sophia,109
NE,F,2008,Ella,103
NE,F,2008,Grace,101
NE,F,2008,Alexis,100
NE,F,2008,Isabella,93
NE,F,2008,Madison,89
NE,F,2009,Addison,129
NE,F,2009,Isabella,119
NE,F,2009,Ava,118
NE,F,2009,Olivia,116
NE,F,2009,Sophia,110
NE,F,2009,Emma,108
NE,F,2009,Ella,101
NE,F,2009,Emily,98
NE,F,2009,Alexis,85
NE,F,2009,Grace,84
NE,F,2010,Olivia,156
NE,F,2010,Isabella,129
NE,F,2010,Ava,125
NE,F,2010,Sophia,116
NE,F,2010,Emma,115
NE,F,2010,Addison,98
NE,F,2010,Ella,92
NE,F,2010,Chloe,84
NE,F,2010,Elizabeth,83
NE,F,2010,Emily,77
NE,F,2011,Emma,142
NE,F,2011,Sophia,126
NE,F,2011,Ava,118
NE,F,2011,Olivia,118
NE,F,2011,Ella,104
NE,F,2011,Isabella,98
NE,F,2011,Chloe,83
NE,F,2011,Madison,82
NE,F,2011,Harper,80
NE,F,2011,Avery,78
NE,F,2012,Emma,157
NE,F,2012,Olivia,137
NE,F,2012,Sophia,129
NE,F,2012,Harper,106
NE,F,2012,Ava,90
NE,F,2012,Ella,76
NE,F,2012,Avery,73
NE,F,2012,Isabella,70
NE,F,2012,Addison,67
NE,F,2012,Emily,67
NE,F,2013,Emma,127
NE,F,2013,Olivia,121
NE,F,2013,Sophia,112
NE,F,2013,Harper,97
NE,F,2013,Charlotte,94
NE,F,2013,Avery,93
NE,F,2013,Isabella,91
NE,F,2013,Ava,84
NE,F,2013,Elizabeth,76
NE,F,2013,Emily,74
NE,F,2014,Olivia,138
NE,F,2014,Emma,135
NE,F,2014,Harper,121
NE,F,2014,Ava,118
NE,F,2014,Sophia,113
NE,F,2014,Avery,84
NE,F,2014,Isabella,83
NE,F,2014,Charlotte,75
NE,F,2014,Ella,70
NE,F,2014,Evelyn,70
NE,F,2015,Olivia,121
NE,F,2015,Emma,120
NE,F,2015,Harper,117
NE,F,2015,Charlotte,109
NE,F,2015,Ava,103
NE,F,2015,Sophia,85
NE,F,2015,Elizabeth,84
NE,F,2015,Evelyn,76
NE,F,2015,Mia,76
NE,F,2015,Avery,70
NE,F,2016,Emma,138
NE,F,2016,Harper,117
NE,F,2016,Ava,107
NE,F,2016,Olivia,105
NE,F,2016,Charlotte,97
NE,F,2016,Sophia,91
NE,F,2016,Evelyn,86
NE,F,2016,Avery,79
NE,F,2016,Mia,78
NE,F,2016,Emily,76
NE,F,2017,Emma,124
NE,F,2017,Olivia,116
NE,F,2017,Amelia,103
NE,F,2017,Charlotte,103
NE,F,2017,Evelyn,91
NE,F,2017,Sophia,90
NE,F,2017,Harper,86
NE,F,2017,Ava,80
NE,F,2017,Mia,72
NE,F,2017,Elizabeth,69
NE,F,2018,Olivia,128
NE,F,2018,Emma,124
NE,F,2018,Evelyn,114
NE,F,2018,Charlotte,109
NE,F,2018,Harper,104
NE,F,2018,Amelia,95
NE,F,2018,Ava,81
NE,F,2018,Sophia,71
NE,F,2018,Scarlett,68
NE,F,2018,Isabella,62
NE,F,2019,Olivia,121
NE,F,2019,Emma,107
NE,F,2019,Charlotte,106
NE,F,2019,Amelia,102
NE,F,2019,Harper,98
NE,F,2019,Ava,88
NE,F,2019,Sophia,85
NE,F,2019,Evelyn,72
NE,F,2019,Nora,64
NE,F,2019,Isabella,63
NE,M,1920,Robert,679
NE,M,1920,John,456
NE,M,1920,William,391
NE,M,1920,Donald,350
NE,M,1920,Harold,306
NE,M,1920,Charles,284
NE,M,1920,James,282
NE,M,1920,George,261
NE,M,1920,Richard,229
NE,M,1920,Kenneth,210
NE,M,1921,Robert,797
NE,M,1921,John,500
NE,M,1921,Donald,426
NE,M,1921,William,426
NE,M,1921,James,328
NE,M,1921,Charles,299
NE,M,1921,Harold,288
NE,M,1921,Richard,278
NE,M,1921,George,260
NE,M,1921,Raymond,221
NE,M,1922,Robert,764
NE,M,1922,John,437
NE,M,1922,Donald,422
NE,M,1922,William,421
NE,M,1922,James,321
NE,M,1922,Harold,320
NE,M,1922,Charles,285
NE,M,1922,Richard,260
NE,M,1922,Kenneth,219
NE,M,1922,George,197
NE,M,1923,Robert,868
NE,M,1923,Donald,485
NE,M,1923,John,458
NE,M,1923,William,438
NE,M,1923,James,362
NE,M,1923,Richard,332
NE,M,1923,Harold,283
NE,M,1923,Charles,260
NE,M,1923,George,244
NE,M,1923,Kenneth,210
NE,M,1924,Robert,936
NE,M,1924,Donald,499
NE,M,1924,John,495
NE,M,1924,William,427
NE,M,1924,James,362
NE,M,1924,Richard,358
NE,M,1924,Charles,286
NE,M,1924,Harold,285
NE,M,1924,Kenneth,228
NE,M,1924,George,224
NE,M,1925,Robert,886
NE,M,1925,Donald,509
NE,M,1925,John,466
NE,M,1925,William,422
NE,M,1925,Richard,369
NE,M,1925,James,345
NE,M,1925,Harold,261
NE,M,1925,Charles,258
NE,M,1925,Kenneth,217
NE,M,1925,George,216
NE,M,1926,Robert,881
NE,M,1926,Donald,513
NE,M,1926,John,441
NE,M,1926,Richard,416
NE,M,1926,William,411
NE,M,1926,James,327
NE,M,1926,Charles,265
NE,M,1926,Harold,234
NE,M,1926,Kenneth,225
NE,M,1926,Jack,209
NE,M,1927,Robert,864
NE,M,1927,Donald,592
NE,M,1927,John,434
NE,M,1927,Richard,414
NE,M,1927,William,383
NE,M,1927,James,355
NE,M,1927,Charles,246
NE,M,1927,Kenneth,246
NE,M,1927,Harold,234
NE,M,1927,George,189
NE,M,1928,Robert,839
NE,M,1928,Donald,599
NE,M,1928,Richard,440
NE,M,1928,William,394
NE,M,1928,John,391
NE,M,1928,James,357
NE,M,1928,Charles,258
NE,M,1928,Kenneth,231
NE,M,1928,Harold,223
NE,M,1928,Jack,188
NE,M,1929,Robert,801
NE,M,1929,Donald,609
NE,M,1929,Richard,476
NE,M,1929,John,424
NE,M,1929,William,391
NE,M,1929,James,387
NE,M,1929,Kenneth,221
NE,M,1929,Charles,220
NE,M,1929,Harold,215
NE,M,1929,George,170
NE,M,1930,Robert,815
NE,M,1930,Donald,599
NE,M,1930,Richard,484
NE,M,1930,John,405
NE,M,1930,James,385
NE,M,1930,William,376
NE,M,1930,Charles,265
NE,M,1930,Kenneth,252
NE,M,1930,Harold,204
NE,M,1930,Jack,187
NE,M,1931,Robert,826
NE,M,1931,Donald,618
NE,M,1931,Richard,548
NE,M,1931,James,378
NE,M,1931,John,351
NE,M,1931,William,328
NE,M,1931,Charles,285
NE,M,1931,Kenneth,222
NE,M,1931,Harold,182
NE,M,1931,Jack,177
NE,M,1932,Robert,777
NE,M,1932,Donald,584
NE,M,1932,Richard,495
NE,M,1932,John,410
NE,M,1932,James,361
NE,M,1932,William,315
NE,M,1932,Charles,259
NE,M,1932,Kenneth,212
NE,M,1932,Jack,208
NE,M,1932,Harold,173
NE,M,1933,Robert,627
NE,M,1933,Donald,522
NE,M,1933,Richard,497
NE,M,1933,John,360
NE,M,1933,James,350
NE,M,1933,William,294
NE,M,1933,Charles,222
NE,M,1933,Ronald,180
NE,M,1933,Kenneth,171
NE,M,1933,Jack,147
NE,M,1934,Robert,669
NE,M,1934,Donald,528
NE,M,1934,Richard,496
NE,M,1934,James,427
NE,M,1934,John,409
NE,M,1934,William,272
NE,M,1934,Ronald,229
NE,M,1934,Charles,227
NE,M,1934,Kenneth,205
NE,M,1934,Larry,163
NE,M,1935,Robert,607
NE,M,1935,Richard,504
NE,M,1935,Donald,433
NE,M,1935,James,397
NE,M,1935,John,353
NE,M,1935,William,257
NE,M,1935,Charles,230
NE,M,1935,Ronald,226
NE,M,1935,Kenneth,191
NE,M,1935,Larry,182
NE,M,1936,Robert,602
NE,M,1936,Richard,454
NE,M,1936,Donald,429
NE,M,1936,James,390
NE,M,1936,John,381
NE,M,1936,Ronald,276
NE,M,1936,William,262
NE,M,1936,Charles,228
NE,M,1936,Larry,221
NE,M,1936,Jerry,198
NE,M,1937,Robert,613
NE,M,1937,Richard,418
NE,M,1937,James,394
NE,M,1937,Donald,381
NE,M,1937,Larry,362
NE,M,1937,John,313
NE,M,1937,William,260
NE,M,1937,Ronald,233
NE,M,1937,Gary,211
NE,M,1937,Charles,205
NE,M,1938,Robert,585
NE,M,1938,Richard,464
NE,M,1938,Larry,406
NE,M,1938,James,396
NE,M,1938,John,367
NE,M,1938,Donald,351
NE,M,1938,William,285
NE,M,1938,Gary,284
NE,M,1938,Ronald,266
NE,M,1938,Charles,216
NE,M,1939,Robert,526
NE,M,1939,Larry,471
NE,M,1939,Richard,437
NE,M,1939,James,426
NE,M,1939,John,351
NE,M,1939,Donald,340
NE,M,1939,Gary,334
NE,M,1939,Ronald,289
NE,M,1939,William,246
NE,M,1939,Jerry,215
NE,M,1940,Robert,517
NE,M,1940,Larry,476
NE,M,1940,James,422
NE,M,1940,Richard,409
NE,M,1940,John,375
NE,M,1940,Gary,355
NE,M,1940,Donald,310
NE,M,1940,Ronald,287
NE,M,1940,William,254
NE,M,1940,Jerry,202
NE,M,1941,Robert,552
NE,M,1941,Larry,503
NE,M,1941,Richard,413
NE,M,1941,James,406
NE,M,1941,John,356
NE,M,1941,Gary,328
NE,M,1941,Ronald,324
NE,M,1941,William,297
NE,M,1941,Jerry,239
NE,M,1941,Donald,232
NE,M,1942,Robert,555
NE,M,1942,Larry,517
NE,M,1942,James,469
NE,M,1942,Richard,420
NE,M,1942,John,391
NE,M,1942,Gary,368
NE,M,1942,Ronald,322
NE,M,1942,Donald,310
NE,M,1942,William,288
NE,M,1942,Dennis,264
NE,M,1943,Robert,617
NE,M,1943,James,547
NE,M,1943,Larry,493
NE,M,1943,Richard,474
NE,M,1943,John,418
NE,M,1943,Gary,405
NE,M,1943,Ronald,380
NE,M,1943,William,327
NE,M,1943,Donald,312
NE,M,1943,Dennis,265
NE,M,1944,Robert,600
NE,M,1944,James,498
NE,M,1944,John,490
NE,M,1944,Richard,468
NE,M,1944,Larry,438
NE,M,1944,Gary,355
NE,M,1944,William,333
NE,M,1944,David,322
NE,M,1944,Ronald,315
NE,M,1944,Donald,265
NE,M,1945,Robert,624
NE,M,1945,James,558
NE,M,1945,John,494
NE,M,1945,Richard,480
NE,M,1945,Larry,368
NE,M,1945,Gary,351
NE,M,1945,William,327
NE,M,1945,David,319
NE,M,1945,Ronald,284
NE,M,1945,Donald,259
NE,M,1946,Robert,685
NE,M,1946,James,674
NE,M,1946,John,539
NE,M,1946,Richard,524
NE,M,1946,Larry,449
NE,M,1946,Gary,413
NE,M,1946,William,356
NE,M,1946,David,354
NE,M,1946,Michael,348
NE,M,1946,Ronald,338
NE,M,1947,Robert,745
NE,M,1947,James,689
NE,M,1947,John,652
NE,M,1947,Richard,554
NE,M,1947,David,502
NE,M,1947,Michael,477
NE,M,1947,Larry,462
NE,M,1947,Gary,423
NE,M,1947,William,402
NE,M,1947,Dennis,382
NE,M,1948,James,741
NE,M,1948,Robert,725
NE,M,1948,John,602
NE,M,1948,Michael,522
NE,M,1948,Richard,501
NE,M,1948,David,467
NE,M,1948,William,433
NE,M,1948,Larry,419
NE,M,1948,Gary,387
NE,M,1948,Ronald,362
NE,M,1949,James,705
NE,M,1949,Robert,670
NE,M,1949,John,634
NE,M,1949,Michael,608
NE,M,1949,David,544
NE,M,1949,Richard,516
NE,M,1949,Thomas,402
NE,M,1949,Larry,397
NE,M,1949,William,376
NE,M,1949,Gary,364
NE,M,1950,Robert,771
NE,M,1950,James,718
NE,M,1950,Michael,656
NE,M,1950,John,636
NE,M,1950,David,544
NE,M,1950,Richard,489
NE,M,1950,Thomas,418
NE,M,1950,William,418
NE,M,1950,Steven,413
NE,M,1950,Gary,355
NE,M,1951,Michael,739
NE,M,1951,Robert,739
NE,M,1951,James,708
NE,M,1951,John,646
NE,M,1951,David,623
NE,M,1951,Richard,520
NE,M,1951,Steven,471
NE,M,1951,William,466
NE,M,1951,Thomas,439
NE,M,1951,Gary,412
NE,M,1952,Michael,775
NE,M,1952,Robert,736
NE,M,1952,David,713
NE,M,1952,James,656
NE,M,1952,John,616
NE,M,1952,Richard,538
NE,M,1952,Thomas,507
NE,M,1952,Steven,466
NE,M,1952,William,413
NE,M,1952,Gary,367
NE,M,1953,Michael,709
NE,M,1953,James,670
NE,M,1953,David,643
NE,M,1953,Robert,624
NE,M,1953,John,574
NE,M,1953,Richard,528
NE,M,1953,Steven,488
NE,M,1953,William,414
NE,M,1953,Thomas,400
NE,M,1953,Mark,342
NE,M,1954,Michael,800
NE,M,1954,David,685
NE,M,1954,James,651
NE,M,1954,Robert,634
NE,M,1954,John,549
NE,M,1954,Steven,531
NE,M,1954,Richard,475
NE,M,1954,Thomas,427
NE,M,1954,William,374
NE,M,1954,Mark,370
NE,M,1955,Michael,833
NE,M,1955,David,778
NE,M,1955,Robert,658
NE,M,1955,John,596
NE,M,1955,Steven,582
NE,M,1955,James,569
NE,M,1955,Richard,457
NE,M,1955,Mark,456
NE,M,1955,William,422
NE,M,1955,Thomas,402
NE,M,1956,Michael,836
NE,M,1956,David,714
NE,M,1956,James,603
NE,M,1956,John,578
NE,M,1956,Mark,567
NE,M,1956,Robert,549
NE,M,1956,Steven,522
NE,M,1956,Richard,403
NE,M,1956,Thomas,381
NE,M,1956,William,379
NE,M,1957,Michael,735
NE,M,1957,David,670
NE,M,1957,Robert,589
NE,M,1957,James,571
NE,M,1957,Mark,487
NE,M,1957,John,484
NE,M,1957,Steven,475
NE,M,1957,Richard,409
NE,M,1957,Thomas,376
NE,M,1957,William,360
NE,M,1958,Michael,726
NE,M,1958,David,688
NE,M,1958,Mark,536
NE,M,1958,Robert,535
NE,M,1958,James,533
NE,M,1958,John,506
NE,M,1958,Steven,382
NE,M,1958,Thomas,369
NE,M,1958,Daniel,339
NE,M,1958,Richard,338
NE,M,1959,Michael,723
NE,M,1959,David,682
NE,M,1959,Mark,633
NE,M,1959,James,570
NE,M,1959,Robert,515
NE,M,1959,John,503
NE,M,1959,Steven,410
NE,M,1959,Richard,344
NE,M,1959,Thomas,338
NE,M,1959,Kevin,322
NE,M,1960,Michael,721
NE,M,1960,David,685
NE,M,1960,Mark,637
NE,M,1960,John,528
NE,M,1960,James,506
NE,M,1960,Robert,481
NE,M,1960,Kevin,383
NE,M,1960,Steven,372
NE,M,1960,Timothy,333
NE,M,1960,Thomas,332
NE,M,1961,Michael,735
NE,M,1961,David,697
NE,M,1961,Mark,647
NE,M,1961,John,546
NE,M,1961,Robert,505
NE,M,1961,James,500
NE,M,1961,Steven,381
NE,M,1961,Scott,360
NE,M,1961,Jeffrey,325
NE,M,1961,Kevin,319
NE,M,1962,Michael,765
NE,M,1962,David,714
NE,M,1962,Mark,593
NE,M,1962,John,546
NE,M,1962,James,502
NE,M,1962,Robert,501
NE,M,1962,Scott,450
NE,M,1962,Kevin,374
NE,M,1962,Jeffrey,322
NE,M,1962,Steven,319
NE,M,1963,Michael,723
NE,M,1963,David,633
NE,M,1963,John,536
NE,M,1963,James,507
NE,M,1963,Mark,503
NE,M,1963,Robert,449
NE,M,1963,Scott,448
NE,M,1963,Jeffrey,353
NE,M,1963,Kevin,313
NE,M,1963,Todd,304
NE,M,1964,Michael,659
NE,M,1964,David,587
NE,M,1964,John,542
NE,M,1964,James,473
NE,M,1964,Robert,467
NE,M,1964,Mark,431
NE,M,1964,Scott,388
NE,M,1964,Jeffrey,319
NE,M,1964,Todd,318
NE,M,1964,Timothy,305
NE,M,1965,Michael,620
NE,M,1965,David,496
NE,M,1965,John,485
NE,M,1965,James,410
NE,M,1965,Mark,398
NE,M,1965,Robert,365
NE,M,1965,Scott,342
NE,M,1965,Jeffrey,298
NE,M,1965,Steven,296
NE,M,1965,Kevin,276
NE,M,1966,Michael,622
NE,M,1966,David,500
NE,M,1966,John,386
NE,M,1966,James,377
NE,M,1966,Mark,374
NE,M,1966,Scott,352
NE,M,1966,Robert,350
NE,M,1966,Jeffrey,298
NE,M,1966,Brian,293
NE,M,1966,Steven,256
NE,M,1967,Michael,613
NE,M,1967,David,472
NE,M,1967,John,371
NE,M,1967,Robert,358
NE,M,1967,James,340
NE,M,1967,Scott,335
NE,M,1967,Mark,328
NE,M,1967,Jeffrey,277
NE,M,1967,Brian,261
NE,M,1967,Timothy,252
NE,M,1968,Michael,624
NE,M,1968,David,404
NE,M,1968,John,380
NE,M,1968,Robert,365
NE,M,1968,James,363
NE,M,1968,Scott,336
NE,M,1968,Mark,305
NE,M,1968,Jeffrey,287
NE,M,1968,Brian,267
NE,M,1968,Timothy,240
NE,M,1969,Michael,619
NE,M,1969,David,429
NE,M,1969,John,369
NE,M,1969,Robert,369
NE,M,1969,James,364
NE,M,1969,Scott,355
NE,M,1969,Jeffrey,319
NE,M,1969,Mark,302
NE,M,1969,Brian,275
NE,M,1969,Steven,246
NE,M,1970,Michael,586
NE,M,1970,David,415
NE,M,1970,James,406
NE,M,1970,Jeffrey,362
NE,M,1970,Scott,360
NE,M,1970,John,359
NE,M,1970,Robert,343
NE,M,1970,Mark,276
NE,M,1970,Jason,274
NE,M,1970,Brian,272
NE,M,1971,Michael,530
NE,M,1971,Scott,405
NE,M,1971,Jason,363
NE,M,1971,James,331
NE,M,1971,David,320
NE,M,1971,John,304
NE,M,1971,Christopher,303
NE,M,1971,Jeffrey,301
NE,M,1971,Robert,283
NE,M,1971,Brian,279
NE,M,1972,Michael,478
NE,M,1972,Jason,454
NE,M,1972,Christopher,376
NE,M,1972,Brian,331
NE,M,1972,David,317
NE,M,1972,Jeffrey,310
NE,M,1972,Scott,293
NE,M,1972,Chad,261
NE,M,1972,Matthew,257
NE,M,1972,John,255
NE,M,1973,Michael,494
NE,M,1973,Jason,474
NE,M,1973,Brian,378
NE,M,1973,Christopher,358
NE,M,1973,Matthew,287
NE,M,1973,David,275
NE,M,1973,Scott,256
NE,M,1973,James,241
NE,M,1973,Jeffrey,241
NE,M,1973,John,239
NE,M,1974,Jason,581
NE,M,1974,Michael,491
NE,M,1974,Brian,350
NE,M,1974,Christopher,346
NE,M,1974,Matthew,321
NE,M,1974,David,277
NE,M,1974,Scott,248
NE,M,1974,Jeffrey,246
NE,M,1974,Chad,244
NE,M,1974,James,244
NE,M,1975,Jason,508
NE,M,1975,Michael,449
NE,M,1975,Matthew,356
NE,M,1975,Christopher,329
NE,M,1975,Brian,305
NE,M,1975,David,246
NE,M,1975,Ryan,246
NE,M,1975,John,237
NE,M,1975,Robert,233
NE,M,1975,James,227
NE,M,1976,Jason,479
NE,M,1976,Michael,449
NE,M,1976,Matthew,365
NE,M,1976,Christopher,321
NE,M,1976,Brian,303
NE,M,1976,Ryan,291
NE,M,1976,Jeremy,248
NE,M,1976,David,225
NE,M,1976,James,224
NE,M,1976,Daniel,215
NE,M,1977,Jason,490
NE,M,1977,Michael,407
NE,M,1977,Matthew,353
NE,M,1977,Christopher,328
NE,M,1977,Ryan,313
NE,M,1977,Brian,285
NE,M,1977,David,270
NE,M,1977,Jeremy,265
NE,M,1977,James,256
NE,M,1977,John,246
NE,M,1978,Michael,453
NE,M,1978,Jason,411
NE,M,1978,Matthew,407
NE,M,1978,Christopher,330
NE,M,1978,Ryan,307
NE,M,1978,Joshua,274
NE,M,1978,Brian,263
NE,M,1978,John,255
NE,M,1978,James,247
NE,M,1978,David,243
NE,M,1979,Michael,428
NE,M,1979,Jason,410
NE,M,1979,Christopher,372
NE,M,1979,Matthew,356
NE,M,1979,Ryan,308
NE,M,1979,Joshua,307
NE,M,1979,Nicholas,307
NE,M,1979,David,286
NE,M,1979,Brian,282
NE,M,1979,Daniel,234
NE,M,1980,Matthew,434
NE,M,1980,Michael,426
NE,M,1980,Jason,409
NE,M,1980,Joshua,366
NE,M,1980,Christopher,359
NE,M,1980,Justin,337
NE,M,1980,Ryan,320
NE,M,1980,David,292
NE,M,1980,Andrew,281
NE,M,1980,Brian,278
NE,M,1981,Matthew,456
NE,M,1981,Michael,436
NE,M,1981,Joshua,391
NE,M,1981,Ryan,334
NE,M,1981,Justin,331
NE,M,1981,Jason,328
NE,M,1981,Christopher,325
NE,M,1981,David,268
NE,M,1981,Adam,257
NE,M,1981,Andrew,249
NE,M,1982,Michael,452
NE,M,1982,Matthew,430
NE,M,1982,Christopher,404
NE,M,1982,Joshua,354
NE,M,1982,Ryan,301
NE,M,1982,Andrew,300
NE,M,1982,Justin,288
NE,M,1982,Jason,269
NE,M,1982,Nicholas,257
NE,M,1982,David,250
NE,M,1983,Matthew,438
NE,M,1983,Michael,426
NE,M,1983,Christopher,373
NE,M,1983,Joshua,316
NE,M,1983,Adam,310
NE,M,1983,Andrew,306
NE,M,1983,Justin,302
NE,M,1983,Ryan,301
NE,M,1983,Daniel,260
NE,M,1983,Nicholas,240
NE,M,1984,Matthew,437
NE,M,1984,Michael,426
NE,M,1984,Christopher,350
NE,M,1984,Joshua,338
NE,M,1984,Andrew,318
NE,M,1984,Ryan,287
NE,M,1984,Adam,277
NE,M,1984,Daniel,266
NE,M,1984,Nicholas,250
NE,M,1984,Justin,248
NE,M,1985,Matthew,413
NE,M,1985,Michael,382
NE,M,1985,Andrew,348
NE,M,1985,Joshua,347
NE,M,1985,Christopher,314
NE,M,1985,Ryan,300
NE,M,1985,Adam,252
NE,M,1985,Daniel,250
NE,M,1985,Justin,248
NE,M,1985,Brandon,230
NE,M,1986,Matthew,400
NE,M,1986,Michael,348
NE,M,1986,Andrew,347
NE,M,1986,Christopher,298
NE,M,1986,Joshua,298
NE,M,1986,Ryan,246
NE,M,1986,Tyler,239
NE,M,1986,Justin,228
NE,M,1986,Kyle,225
NE,M,1986,Nicholas,222
NE,M,1987,Andrew,349
NE,M,1987,Matthew,347
NE,M,1987,Michael,318
NE,M,1987,Joshua,302
NE,M,1987,Christopher,291
NE,M,1987,Brandon,228
NE,M,1987,Ryan,228
NE,M,1987,Justin,224
NE,M,1987,Nicholas,221
NE,M,1987,Kyle,202
NE,M,1988,Matthew,335
NE,M,1988,Andrew,313
NE,M,1988,Michael,308
NE,M,1988,Joshua,304
NE,M,1988,Christopher,283
NE,M,1988,Tyler,237
NE,M,1988,Justin,233
NE,M,1988,Nicholas,219
NE,M,1988,Jacob,215
NE,M,1988,Daniel,214
NE,M,1989,Michael,357
NE,M,1989,Matthew,338
NE,M,1989,Joshua,323
NE,M,1989,Andrew,265
NE,M,1989,Christopher,260
NE,M,1989,Nicholas,243
NE,M,1989,Tyler,232
NE,M,1989,Jacob,222
NE,M,1989,Justin,205
NE,M,1989,Daniel,189
NE,M,1990,Michael,349
NE,M,1990,Andrew,282
NE,M,1990,Matthew,277
NE,M,1990,Tyler,276
NE,M,1990,Joshua,261
NE,M,1990,Jacob,247
NE,M,1990,Christopher,237
NE,M,1990,Ryan,234
NE,M,1990,Nicholas,214
NE,M,1990,Jordan,199
NE,M,1991,Jacob,310
NE,M,1991,Michael,303
NE,M,1991,Tyler,287
NE,M,1991,Matthew,281
NE,M,1991,Joshua,266
NE,M,1991,Andrew,241
NE,M,1991,Nicholas,196
NE,M,1991,Cody,193
NE,M,1991,Zachary,193
NE,M,1991,Christopher,190
NE,M,1992,Tyler,308
NE,M,1992,Michael,284
NE,M,1992,Jacob,273
NE,M,1992,Matthew,264
NE,M,1992,Joshua,235
NE,M,1992,Brandon,204
NE,M,1992,Andrew,200
NE,M,1992,Ryan,194
NE,M,1992,Zachary,190
NE,M,1992,Nicholas,183
NE,M,1993,Tyler,304
NE,M,1993,Jacob,276
NE,M,1993,Michael,263
NE,M,1993,Matthew,209
NE,M,1993,Joshua,205
NE,M,1993,Austin,203
NE,M,1993,Zachary,201
NE,M,1993,Brandon,200
NE,M,1993,Nicholas,196
NE,M,1993,Ryan,189
NE,M,1994,Jacob,295
NE,M,1994,Austin,265
NE,M,1994,Tyler,247
NE,M,1994,Matthew,207
NE,M,1994,Michael,203
NE,M,1994,Zachary,197
NE,M,1994,Andrew,183
NE,M,1994,Nicholas,177
NE,M,1994,Joshua,176
NE,M,1994,Cody,170
NE,M,1995,Jacob,329
NE,M,1995,Zachary,231
NE,M,1995,Tyler,225
NE,M,1995,Austin,224
NE,M,1995,Nicholas,212
NE,M,1995,Michael,205
NE,M,1995,Andrew,191
NE,M,1995,Matthew,188
NE,M,1995,Brandon,171
NE,M,1995,Joshua,168
NE,M,1996,Jacob,316
NE,M,1996,Austin,230
NE,M,1996,Tyler,224
NE,M,1996,Zachary,202
NE,M,1996,Michael,192
NE,M,1996,Matthew,181
NE,M,1996,Andrew,168
NE,M,1996,Joshua,168
NE,M,1996,Nicholas,167
NE,M,1996,Alexander,140
NE,M,1997,Jacob,329
NE,M,1997,Austin,209
NE,M,1997,Tyler,186
NE,M,1997,Zachary,186
NE,M,1997,Matthew,185
NE,M,1997,Joshua,183
NE,M,1997,Nicholas,151
NE,M,1997,Andrew,148
NE,M,1997,Michael,148
NE,M,1997,Ryan,147
NE,M,1998,Jacob,316
NE,M,1998,Austin,190
NE,M,1998,Tyler,190
NE,M,1998,Michael,171
NE,M,1998,Zachary,167
NE,M,1998,Matthew,162
NE,M,1998,Andrew,157
NE,M,1998,Joshua,146
NE,M,1998,Nicholas,145
NE,M,1998,Brandon,136
NE,M,1999,Jacob,307
NE,M,1999,Tyler,194
NE,M,1999,Austin,180
NE,M,1999,Joshua,166
NE,M,1999,Michael,154
NE,M,1999,Dylan,153
NE,M,1999,Zachary,147
NE,M,1999,Nicholas,145
NE,M,1999,Matthew,143
NE,M,1999,Andrew,135
NE,M,2000,Jacob,270
NE,M,2000,Tyler,178
NE,M,2000,Joshua,163
NE,M,2000,Zachary,161
NE,M,2000,Andrew,158
NE,M,2000,Nicholas,155
NE,M,2000,Matthew,142
NE,M,2000,Joseph,140
NE,M,2000,Michael,138
NE,M,2000,Ryan,133
NE,M,2001,Jacob,288
NE,M,2001,Zachary,156
NE,M,2001,Ethan,152
NE,M,2001,Tyler,147
NE,M,2001,Matthew,142
NE,M,2001,Joshua,141
NE,M,2001,Andrew,140
NE,M,2001,Dylan,137
NE,M,2001,Nicholas,133
NE,M,2001,Samuel,125
NE,M,2002,Jacob,247
NE,M,2002,Ethan,170
NE,M,2002,Joshua,160
NE,M,2002,Zachary,143
NE,M,2002,Alexander,142
NE,M,2002,Tyler,138
NE,M,2002,Samuel,132
NE,M,2002,Austin,126
NE,M,2002,William,119
NE,M,2002,Logan,117
NE,M,2003,Jacob,232
NE,M,2003,Ethan,183
NE,M,2003,Tyler,139
NE,M,2003,Alexander,137
NE,M,2003,Joshua,129
NE,M,2003,Michael,127
NE,M,2003,Dylan,125
NE,M,2003,Andrew,124
NE,M,2003,Samuel,124
NE,M,2003,Logan,117
NE,M,2004,Jacob,220
NE,M,2004,Ethan,196
NE,M,2004,Samuel,147
NE,M,2004,Alexander,129
NE,M,2004,Joshua,128
NE,M,2004,Tyler,122
NE,M,2004,Andrew,120
NE,M,2004,Benjamin,113
NE,M,2004,Logan,111
NE,M,2004,Dylan,110
NE,M,2005,Jacob,169
NE,M,2005,Ethan,164
NE,M,2005,Samuel,127
NE,M,2005,Alexander,118
NE,M,2005,Noah,114
NE,M,2005,Joshua,113
NE,M,2005,Jackson,112
NE,M,2005,Benjamin,108
NE,M,2005,Dylan,108
NE,M,2005,Jack,108
NE,M,2006,Jacob,150
NE,M,2006,Alexander,144
NE,M,2006,Ethan,131
NE,M,2006,Andrew,124
NE,M,2006,Logan,121
NE,M,2006,Jackson,117
NE,M,2006,William,112
NE,M,2006,Noah,108
NE,M,2006,Samuel,108
NE,M,2006,Michael,106
NE,M,2007,Jacob,158
NE,M,2007,Alexander,132
NE,M,2007,Jackson,123
NE,M,2007,William,121
NE,M,2007,Ethan,119
NE,M,2007,Noah,118
NE,M,2007,Andrew,106
NE,M,2007,Logan,105
NE,M,2007,Michael,105
NE,M,2007,Gavin,102
NE,M,2008,Jacob,145
NE,M,2008,Ethan,134
NE,M,2008,Samuel,126
NE,M,2008,Logan,125
NE,M,2008,Noah,125
NE,M,2008,Gavin,114
NE,M,2008,William,108
NE,M,2008,Alexander,107
NE,M,2008,Anthony,104
NE,M,2008,Carter,99
NE,M,2009,Alexander,142
NE,M,2009,Carter,128
NE,M,2009,Noah,127
NE,M,2009,William,122
NE,M,2009,Jacob,120
NE,M,2009,Ethan,119
NE,M,2009,Logan,118
NE,M,2009,Samuel,116
NE,M,2009,Landon,108
NE,M,2009,Gavin,106
NE,M,2010,Jacob,130
NE,M,2010,Mason,125
NE,M,2010,Noah,110
NE,M,2010,William,109
NE,M,2010,Carter,105
NE,M,2010,Jackson,105
NE,M,2010,Owen,105
NE,M,2010,Alexander,102
NE,M,2010,Elijah,100
NE,M,2010,Ethan,98
NE,M,2011,Mason,131
NE,M,2011,Jackson,119
NE,M,2011,William,117
NE,M,2011,Alexander,108
NE,M,2011,Jacob,108
NE,M,2011,Carter,102
NE,M,2011,Liam,101
NE,M,2011,Ethan,96
NE,M,2011,Noah,96
NE,M,2011,Logan,95
NE,M,2012,Liam,153
NE,M,2012,William,134
NE,M,2012,Mason,124
NE,M,2012,Jackson,114
NE,M,2012,Owen,106
NE,M,2012,Benjamin,100
NE,M,2012,Noah,98
NE,M,2012,Samuel,98
NE,M,2012,Jacob,96
NE,M,2012,Logan,94
NE,M,2013,Mason,133
NE,M,2013,Liam,128
NE,M,2013,William,112
NE,M,2013,Noah,104
NE,M,2013,Carter,102
NE,M,2013,Jackson,101
NE,M,2013,Isaac,98
NE,M,2013,Henry,92
NE,M,2013,Elijah,90
NE,M,2013,Jacob,87
NE,M,2014,Liam,149
NE,M,2014,Mason,123
NE,M,2014,Noah,117
NE,M,2014,William,116
NE,M,2014,Henry,112
NE,M,2014,Oliver,112
NE,M,2014,Samuel,106
NE,M,2014,Logan,101
NE,M,2014,Jacob,99
NE,M,2014,Jackson,97
NE,M,2015,Henry,127
NE,M,2015,William,114
NE,M,2015,Liam,109
NE,M,2015,Noah,106
NE,M,2015,Oliver,99
NE,M,2015,Owen,98
NE,M,2015,Carter,97
NE,M,2015,Samuel,93
NE,M,2015,Mason,91
NE,M,2015,Isaac,88
NE,M,2016,Liam,118
NE,M,2016,Henry,117
NE,M,2016,Oliver,117
NE,M,2016,Owen,105
NE,M,2016,Mason,103
NE,M,2016,Benjamin,99
NE,M,2016,William,98
NE,M,2016,Elijah,92
NE,M,2016,Wyatt,91
NE,M,2016,Alexander,89
NE,M,2017,Oliver,147
NE,M,2017,Liam,123
NE,M,2017,William,118
NE,M,2017,Henry,105
NE,M,2017,Noah,97
NE,M,2017,Samuel,92
NE,M,2017,James,91
NE,M,2017,Elijah,85
NE,M,2017,Mason,85
NE,M,2017,Owen,83
NE,M,2018,Liam,129
NE,M,2018,Henry,123
NE,M,2018,Oliver,120
NE,M,2018,William,104
NE,M,2018,Theodore,100
NE,M,2018,Jack,98
NE,M,2018,Owen,95
NE,M,2018,Noah,93
NE,M,2018,Wyatt,89
NE,M,2018,Mason,88
NE,M,2019,Oliver,125
NE,M,2019,Liam,118
NE,M,2019,Henry,117
NE,M,2019,William,104
NE,M,2019,Benjamin,95
NE,M,2019,Noah,87
NE,M,2019,Wyatt,84
NE,M,2019,Jack,83
NE,M,2019,Leo,81
NE,M,2019,Carter,79
