NY,F,1920,Mary,5299
NY,F,1920,Helen,3608
NY,F,1920,Dorothy,3420
NY,F,1920,Margaret,2717
NY,F,1920,Ruth,2711
NY,F,1920,Anna,2125
NY,F,1920,Rose,2079
NY,F,1920,Frances,1774
NY,F,1920,Florence,1718
NY,F,1920,Elizabeth,1585
NY,F,1921,Mary,5413
NY,F,1921,Helen,3605
NY,F,1921,Dorothy,3367
NY,F,1921,Margaret,2699
NY,F,1921,Ruth,2570
NY,F,1921,Rose,2029
NY,F,1921,Anna,1928
NY,F,1921,Frances,1854
NY,F,1921,Florence,1725
NY,F,1921,Marie,1661
NY,F,1922,Mary,5305
NY,F,1922,Helen,3380
NY,F,1922,Dorothy,3261
NY,F,1922,Margaret,2539
NY,F,1922,Ruth,2383
NY,F,1922,Rose,1954
NY,F,1922,Anna,1773
NY,F,1922,Florence,1711
NY,F,1922,Frances,1690
NY,F,1922,Marie,1566
NY,F,1923,Mary,5158
NY,F,1923,Dorothy,3394
NY,F,1923,Helen,3224
NY,F,1923,Margaret,2379
NY,F,1923,Ruth,2361
NY,F,1923,Rose,1796
NY,F,1923,Anna,1641
NY,F,1923,Frances,1627
NY,F,1923,Florence,1625
NY,F,1923,Elizabeth,1558
NY,F,1924,Mary,5144
NY,F,1924,Dorothy,3422
NY,F,1924,Helen,3088
NY,F,1924,Margaret,2457
NY,F,1924,Ruth,2174
NY,F,1924,Rose,1786
NY,F,1924,Anna,1685
NY,F,1924,Florence,1611
NY,F,1924,Frances,1606
NY,F,1924,Marie,1574
NY,F,1925,Mary,4914
NY,F,1925,Dorothy,3329
NY,F,1925,Helen,2759
NY,F,1925,Margaret,2329
NY,F,1925,Ruth,2150
NY,F,1925,Gloria,1996
NY,F,1925,Rose,1693
NY,F,1925,Marie,1619
NY,F,1925,Betty,1592
NY,F,1925,Anna,1569
NY,F,1926,Mary,4780
NY,F,1926,Dorothy,3108
NY,F,1926,Helen,2578
NY,F,1926,Margaret,2203
NY,F,1926,Ruth,1936
NY,F,1926,Gloria,1869
NY,F,1926,Rose,1689
NY,F,1926,Marie,1586
NY,F,1926,Shirley,1584
NY,F,1926,Jean,1571
NY,F,1927,Mary,5094
NY,F,1927,Dorothy,2994
NY,F,1927,Helen,2481
NY,F,1927,Margaret,2183
NY,F,1927,Ruth,1819
NY,F,1927,Shirley,1732
NY,F,1927,Gloria,1705
NY,F,1927,Marie,1663
NY,F,1927,Jean,1648
NY,F,1927,Rose,1603
NY,F,1928,Mary,4908
NY,F,1928,Dorothy,2784
NY,F,1928,Helen,2316
NY,F,1928,Margaret,2028
NY,F,1928,Joan,1703
NY,F,1928,Jean,1671
NY,F,1928,Shirley,1652
NY,F,1928,Gloria,1606
NY,F,1928,Ruth,1540
NY,F,1928,Rose,1491
NY,F,1929,Mary,4762
NY,F,1929,Dorothy,2576
NY,F,1929,Joan,2458
NY,F,1929,Helen,2144
NY,F,1929,Margaret,2113
NY,F,1929,Marie,1610
NY,F,1929,Jean,1593
NY,F,1929,Shirley,1540
NY,F,1929,Patricia,1500
NY,F,1929,Ruth,1482
NY,F,1930,Mary,4856
NY,F,1930,Joan,3249
NY,F,1930,Dorothy,2405
NY,F,1930,Helen,1948
NY,F,1930,Margaret,1939
NY,F,1930,Barbara,1825
NY,F,1930,Patricia,1745
NY,F,1930,Jean,1550
NY,F,1930,Dolores,1519
NY,F,1930,Marie,1461
NY,F,1931,Mary,4595
NY,F,1931,Joan,3963
NY,F,1931,Barbara,2244
NY,F,1931,Dorothy,2090
NY,F,1931,Patricia,1844
NY,F,1931,Margaret,1815
NY,F,1931,Helen,1769
NY,F,1931,Gloria,1411
NY,F,1931,Marie,1400
NY,F,1931,Jean,1327
NY,F,1932,Joan,4260
NY,F,1932,Mary,4258
NY,F,1932,Barbara,2591
NY,F,1932,Patricia,2044
NY,F,1932,Dorothy,1961
NY,F,1932,Margaret,1753
NY,F,1932,Helen,1556
NY,F,1932,Marilyn,1517
NY,F,1932,Jean,1343
NY,F,1932,Dolores,1245
NY,F,1933,Mary,3934
NY,F,1933,Joan,3864
NY,F,1933,Barbara,2710
NY,F,1933,Patricia,2217
NY,F,1933,Dorothy,1655
NY,F,1933,Margaret,1654
NY,F,1933,Helen,1421
NY,F,1933,Marilyn,1230
NY,F,1933,Jean,1163
NY,F,1933,Marie,1157
NY,F,1934,Mary,3701
NY,F,1934,Joan,3583
NY,F,1934,Barbara,2925
NY,F,1934,Patricia,2292
NY,F,1934,Dorothy,1612
NY,F,1934,Margaret,1524
NY,F,1934,Shirley,1312
NY,F,1934,Helen,1308
NY,F,1934,Carol,1209
NY,F,1934,Marie,1193
NY,F,1935,Mary,3769
NY,F,1935,Joan,3317
NY,F,1935,Barbara,3177
NY,F,1935,Patricia,2673
NY,F,1935,Shirley,2024
NY,F,1935,Margaret,1505
NY,F,1935,Dorothy,1435
NY,F,1935,Carol,1282
NY,F,1935,Marilyn,1245
NY,F,1935,Helen,1164
NY,F,1936,Mary,3689
NY,F,1936,Barbara,3323
NY,F,1936,Joan,3098
NY,F,1936,Patricia,2820
NY,F,1936,Carol,1630
NY,F,1936,Margaret,1562
NY,F,1936,Shirley,1550
NY,F,1936,Dorothy,1370
NY,F,1936,Marilyn,1268
NY,F,1936,Nancy,1197
NY,F,1937,Mary,3805
NY,F,1937,Barbara,3685
NY,F,1937,Patricia,3166
NY,F,1937,Joan,2778
NY,F,1937,Carol,2085
NY,F,1937,Margaret,1583
NY,F,1937,Dorothy,1236
NY,F,1937,Nancy,1231
NY,F,1937,Shirley,1117
NY,F,1937,Ann,1115
NY,F,1938,Barbara,4215
NY,F,1938,Mary,3623
NY,F,1938,Patricia,3217
NY,F,1938,Joan,2506
NY,F,1938,Carol,2219
NY,F,1938,Margaret,1628
NY,F,1938,Nancy,1377
NY,F,1938,Dorothy,1192
NY,F,1938,Elizabeth,1158
NY,F,1938,Judith,1142
NY,F,1939,Barbara,3938
NY,F,1939,Mary,3569
NY,F,1939,Patricia,3491
NY,F,1939,Joan,2388
NY,F,1939,Carol,2366
NY,F,1939,Judith,1592
NY,F,1939,Margaret,1515
NY,F,1939,Nancy,1375
NY,F,1939,Elizabeth,1215
NY,F,1939,Dorothy,1116
NY,F,1940,Barbara,3917
NY,F,1940,Patricia,3730
NY,F,1940,Mary,3663
NY,F,1940,Carol,2584
NY,F,1940,Joan,2224
NY,F,1940,Judith,2038
NY,F,1940,Margaret,1611
NY,F,1940,Linda,1464
NY,F,1940,Nancy,1418
NY,F,1940,Sandra,1250
NY,F,1941,Barbara,4238
NY,F,1941,Patricia,4094
NY,F,1941,Mary,3881
NY,F,1941,Carol,2994
NY,F,1941,Joan,2298
NY,F,1941,Judith,2045
NY,F,1941,Linda,1792
NY,F,1941,Margaret,1660
NY,F,1941,Nancy,1565
NY,F,1941,Sandra,1457
NY,F,1942,Barbara,4945
NY,F,1942,Patricia,4345
NY,F,1942,Mary,4171
NY,F,1942,Carol,3837
NY,F,1942,Linda,2601
NY,F,1942,Joan,2525
NY,F,1942,Judith,2264
NY,F,1942,Susan,1965
NY,F,1942,Sandra,1785
NY,F,1942,Nancy,1779
NY,F,1943,Barbara,4508
NY,F,1943,Mary,4451
NY,F,1943,Patricia,4163
NY,F,1943,Carol,3772
NY,F,1943,Linda,2848
NY,F,1943,Judith,2324
NY,F,1943,Joan,2236
NY,F,1943,Susan,2218
NY,F,1943,Margaret,1853
NY,F,1943,Nancy,1824
NY,F,1944,Mary,4100
NY,F,1944,Barbara,3960
NY,F,1944,Patricia,3830
NY,F,1944,Carol,3410
NY,F,1944,Linda,2581
NY,F,1944,Susan,2269
NY,F,1944,Judith,1979
NY,F,1944,Joan,1923
NY,F,1944,Nancy,1834
NY,F,1944,Margaret,1731
NY,F,1945,Barbara,4117
NY,F,1945,Mary,3905
NY,F,1945,Patricia,3764
NY,F,1945,Carol,3272
NY,F,1945,Linda,2852
NY,F,1945,Susan,2687
NY,F,1945,Judith,1998
NY,F,1945,Kathleen,1928
NY,F,1945,Nancy,1856
NY,F,1945,Joan,1683
NY,F,1946,Barbara,4925
NY,F,1946,Mary,4798
NY,F,1946,Patricia,4768
NY,F,1946,Carol,3784
NY,F,1946,Linda,3755
NY,F,1946,Susan,3677
NY,F,1946,Kathleen,2597
NY,F,1946,Nancy,2518
NY,F,1946,Diane,2179
NY,F,1946,Judith,2151
NY,F,1947,Linda,7542
NY,F,1947,Patricia,5456
NY,F,1947,Barbara,5200
NY,F,1947,Mary,4967
NY,F,1947,Susan,3982
NY,F,1947,Carol,3642
NY,F,1947,Kathleen,2947
NY,F,1947,Nancy,2855
NY,F,1947,Diane,2323
NY,F,1947,Sandra,2275
NY,F,1948,Linda,6946
NY,F,1948,Barbara,4997
NY,F,1948,Mary,4720
NY,F,1948,Patricia,4707
NY,F,1948,Susan,4192
NY,F,1948,Kathleen,3148
NY,F,1948,Carol,3003
NY,F,1948,Nancy,2687
NY,F,1948,Karen,2075
NY,F,1948,Margaret,2022
NY,F,1949,Linda,6652
NY,F,1949,Mary,4598
NY,F,1949,Barbara,4537
NY,F,1949,Patricia,4483
NY,F,1949,Susan,4301
NY,F,1949,Kathleen,3316
NY,F,1949,Carol,2817
NY,F,1949,Nancy,2650
NY,F,1949,Margaret,2103
NY,F,1949,Diane,2098
NY,F,1950,Linda,6044
NY,F,1950,Patricia,4761
NY,F,1950,Mary,4740
NY,F,1950,Barbara,4339
NY,F,1950,Susan,4148
NY,F,1950,Kathleen,3162
NY,F,1950,Carol,2677
NY,F,1950,Nancy,2632
NY,F,1950,Deborah,2450
NY,F,1950,Karen,2201
NY,F,1951,Patricia,5678
NY,F,1951,Linda,5431
NY,F,1951,Mary,4733
NY,F,1951,Susan,4549
NY,F,1951,Barbara,4307
NY,F,1951,Kathleen,3286
NY,F,1951,Deborah,3231
NY,F,1951,Nancy,2729
NY,F,1951,Diane,2557
NY,F,1951,Karen,2496
NY,F,1952,Patricia,5307
NY,F,1952,Linda,5156
NY,F,1952,Mary,4937
NY,F,1952,Susan,4465
NY,F,1952,Barbara,4192
NY,F,1952,Deborah,3832
NY,F,1952,Kathleen,3175
NY,F,1952,Nancy,2915
NY,F,1952,Diane,2654
NY,F,1952,Karen,2517
NY,F,1953,Mary,4914
NY,F,1953,Patricia,4765
NY,F,1953,Linda,4710
NY,F,1953,Susan,4665
NY,F,1953,Barbara,4084
NY,F,1953,Deborah,4076
NY,F,1953,Kathleen,2978
NY,F,1953,Nancy,2833
NY,F,1953,Diane,2675
NY,F,1953,Karen,2621
NY,F,1954,Mary,5472
NY,F,1954,Susan,5110
NY,F,1954,Patricia,4883
NY,F,1954,Deborah,4562
NY,F,1954,Linda,4371
NY,F,1954,Barbara,3723
NY,F,1954,Nancy,2903
NY,F,1954,Kathleen,2882
NY,F,1954,Karen,2856
NY,F,1954,Debra,2717
NY,F,1955,Susan,5136
NY,F,1955,Mary,5117
NY,F,1955,Deborah,4566
NY,F,1955,Patricia,4420
NY,F,1955,Linda,4062
NY,F,1955,Barbara,3447
NY,F,1955,Nancy,3163
NY,F,1955,Debra,3137
NY,F,1955,Karen,3065
NY,F,1955,Kathleen,2977
NY,F,1956,Susan,5093
NY,F,1956,Mary,5064
NY,F,1956,Patricia,4269
NY,F,1956,Deborah,4100
NY,F,1956,Linda,3799
NY,F,1956,Karen,3515
NY,F,1956,Barbara,3263
NY,F,1956,Nancy,3138
NY,F,1956,Debra,3085
NY,F,1956,Donna,3018
NY,F,1957,Mary,5270
NY,F,1957,Susan,5094
NY,F,1957,Patricia,4102
NY,F,1957,Karen,3763
NY,F,1957,Linda,3564
NY,F,1957,Deborah,3429
NY,F,1957,Barbara,3174
NY,F,1957,Donna,2924
NY,F,1957,Nancy,2920
NY,F,1957,Debra,2894
NY,F,1958,Susan,5012
NY,F,1958,Mary,5008
NY,F,1958,Patricia,3932
NY,F,1958,Karen,3472
NY,F,1958,Linda,3446
NY,F,1958,Deborah,3108
NY,F,1958,Barbara,2972
NY,F,1958,Nancy,2970
NY,F,1958,Kathleen,2830
NY,F,1958,Donna,2800
NY,F,1959,Mary,4871
NY,F,1959,Susan,4480
NY,F,1959,Donna,3917
NY,F,1959,Patricia,3774
NY,F,1959,Linda,3336
NY,F,1959,Karen,3214
NY,F,1959,Deborah,2707
NY,F,1959,Nancy,2662
NY,F,1959,Barbara,2654
NY,F,1959,Kathleen,2571
NY,F,1960,Mary,4632
NY,F,1960,Susan,4279
NY,F,1960,Patricia,3543
NY,F,1960,Donna,3525
NY,F,1960,Linda,3200
NY,F,1960,Karen,3195
NY,F,1960,Lisa,2821
NY,F,1960,Nancy,2643
NY,F,1960,Barbara,2589
NY,F,1960,Elizabeth,2430
NY,F,1961,Mary,4432
NY,F,1961,Susan,4077
NY,F,1961,Lisa,3570
NY,F,1961,Patricia,3173
NY,F,1961,Karen,3171
NY,F,1961,Linda,3125
NY,F,1961,Donna,3006
NY,F,1961,Nancy,2561
NY,F,1961,Barbara,2432
NY,F,1961,Elizabeth,2341
NY,F,1962,Lisa,4041
NY,F,1962,Susan,3833
NY,F,1962,Mary,3820
NY,F,1962,Karen,3264
NY,F,1962,Patricia,2973
NY,F,1962,Linda,2697
NY,F,1962,Donna,2581
NY,F,1962,Elizabeth,2335
NY,F,1962,Deborah,2272
NY,F,1962,Nancy,2269
NY,F,1963,Lisa,5137
NY,F,1963,Mary,3782
NY,F,1963,Susan,3663
NY,F,1963,Karen,3116
NY,F,1963,Patricia,2996
NY,F,1963,Donna,2540
NY,F,1963,Linda,2538
NY,F,1963,Elizabeth,2205
NY,F,1963,Deborah,2105
NY,F,1963,Nancy,1992
NY,F,1964,Lisa,4962
NY,F,1964,Mary,3622
NY,F,1964,Susan,3262
NY,F,1964,Patricia,2908
NY,F,1964,Karen,2782
NY,F,1964,Donna,2335
NY,F,1964,Elizabeth,2266
NY,F,1964,Linda,2196
NY,F,1964,Christine,1999
NY,F,1964,Kathleen,1987
NY,F,1965,Lisa,5612
NY,F,1965,Mary,3076
NY,F,1965,Karen,3034
NY,F,1965,Susan,2781
NY,F,1965,Patricia,2633
NY,F,1965,Christine,2250
NY,F,1965,Elizabeth,2110
NY,F,1965,Donna,1994
NY,F,1965,Kathleen,1825
NY,F,1965,Linda,1768
NY,F,1966,Lisa,5144
NY,F,1966,Mary,2547
NY,F,1966,Susan,2503
NY,F,1966,Karen,2436
NY,F,1966,Michelle,2351
NY,F,1966,Christine,2305
NY,F,1966,Patricia,2212
NY,F,1966,Elizabeth,1967
NY,F,1966,Donna,1723
NY,F,1966,Deborah,1687
NY,F,1967,Lisa,4825
NY,F,1967,Michelle,2433
NY,F,1967,Christine,2312
NY,F,1967,Mary,2203
NY,F,1967,Susan,2190
NY,F,1967,Karen,2122
NY,F,1967,Patricia,1990
NY,F,1967,Elizabeth,1916
NY,F,1967,Kimberly,1753
NY,F,1967,Jennifer,1575
NY,F,1968,Lisa,4434
NY,F,1968,Jennifer,2515
NY,F,1968,Michelle,2471
NY,F,1968,Christine,2290
NY,F,1968,Karen,1978
NY,F,1968,Susan,1827
NY,F,1968,Elizabeth,1804
NY,F,1968,Mary,1798
NY,F,1968,Kimberly,1737
NY,F,1968,Patricia,1725
NY,F,1969,Lisa,4075
NY,F,1969,Jennifer,3211
NY,F,1969,Michelle,2561
NY,F,1969,Christine,2356
NY,F,1969,Elizabeth,1855
NY,F,1969,Kimberly,1845
NY,F,1969,Karen,1793
NY,F,1969,Susan,1765
NY,F,1969,Melissa,1634
NY,F,1969,Patricia,1568
NY,F,1970,Jennifer,4203
NY,F,1970,Lisa,3488
NY,F,1970,Michelle,2504
NY,F,1970,Christine,2124
NY,F,1970,Kimberly,2040
NY,F,1970,Karen,1751
NY,F,1970,Elizabeth,1720
NY,F,1970,Dawn,1623
NY,F,1970,Amy,1596
NY,F,1970,Melissa,1567
NY,F,1971,Jennifer,4962
NY,F,1971,Lisa,2734
NY,F,1971,Michelle,2409
NY,F,1971,Christine,1883
NY,F,1971,Kimberly,1658
NY,F,1971,Amy,1608
NY,F,1971,Melissa,1538
NY,F,1971,Karen,1445
NY,F,1971,Elizabeth,1403
NY,F,1971,Dawn,1259
NY,F,1972,Jennifer,5524
NY,F,1972,Lisa,2295
NY,F,1972,Michelle,2109
NY,F,1972,Nicole,1636
NY,F,1972,Christine,1596
NY,F,1972,Kimberly,1491
NY,F,1972,Amy,1477
NY,F,1972,Melissa,1415
NY,F,1972,Elizabeth,1178
NY,F,1972,Karen,1117
NY,F,1973,Jennifer,4956
NY,F,1973,Lisa,1966
NY,F,1973,Michelle,1944
NY,F,1973,Nicole,1526
NY,F,1973,Amy,1516
NY,F,1973,Melissa,1506
NY,F,1973,Christine,1338
NY,F,1973,Kimberly,1326
NY,F,1973,Elizabeth,1159
NY,F,1973,Heather,1108
NY,F,1974,Jennifer,4920
NY,F,1974,Michelle,1883
NY,F,1974,Lisa,1739
NY,F,1974,Melissa,1541
NY,F,1974,Amy,1534
NY,F,1974,Nicole,1404
NY,F,1974,Heather,1295
NY,F,1974,Christine,1292
NY,F,1974,Kimberly,1271
NY,F,1974,Jessica,1111
NY,F,1975,Jennifer,4154
NY,F,1975,Michelle,1835
NY,F,1975,Melissa,1696
NY,F,1975,Lisa,1636
NY,F,1975,Nicole,1527
NY,F,1975,Amy,1526
NY,F,1975,Jessica,1379
NY,F,1975,Heather,1309
NY,F,1975,Kimberly,1291
NY,F,1975,Christine,1250
NY,F,1976,Jennifer,4253
NY,F,1976,Melissa,1880
NY,F,1976,Jessica,1739
NY,F,1976,Michelle,1622
NY,F,1976,Nicole,1592
NY,F,1976,Amy,1554
NY,F,1976,Lisa,1473
NY,F,1976,Heather,1354
NY,F,1976,Elizabeth,1192
NY,F,1976,Kimberly,1171
NY,F,1977,Jennifer,3985
NY,F,1977,Jessica,2156
NY,F,1977,Melissa,1893
NY,F,1977,Nicole,1609
NY,F,1977,Michelle,1552
NY,F,1977,Lisa,1431
NY,F,1977,Elizabeth,1336
NY,F,1977,Amy,1324
NY,F,1977,Kelly,1286
NY,F,1977,Danielle,1212
NY,F,1978,Jennifer,3745
NY,F,1978,Jessica,2193
NY,F,1978,Melissa,2051
NY,F,1978,Nicole,1796
NY,F,1978,Michelle,1475
NY,F,1978,Lisa,1415
NY,F,1978,Elizabeth,1271
NY,F,1978,Kelly,1244
NY,F,1978,Amy,1159
NY,F,1978,Danielle,1135
NY,F,1979,Jennifer,3638
NY,F,1979,Melissa,2505
NY,F,1979,Jessica,2207
NY,F,1979,Nicole,1875
NY,F,1979,Michelle,1460
NY,F,1979,Lisa,1379
NY,F,1979,Elizabeth,1313
NY,F,1979,Amanda,1127
NY,F,1979,Kelly,1126
NY,F,1979,Sarah,1107
NY,F,1980,Jennifer,3809
NY,F,1980,Jessica,2384
NY,F,1980,Melissa,2339
NY,F,1980,Nicole,1969
NY,F,1980,Michelle,1469
NY,F,1980,Sarah,1373
NY,F,1980,Elizabeth,1339
NY,F,1980,Lisa,1332
NY,F,1980,Kimberly,1152
NY,F,1980,Amanda,1139
NY,F,1981,Jennifer,3836
NY,F,1981,Jessica,3143
NY,F,1981,Melissa,2105
NY,F,1981,Nicole,1960
NY,F,1981,Sarah,1457
NY,F,1981,Elizabeth,1403
NY,F,1981,Michelle,1369
NY,F,1981,Danielle,1216
NY,F,1981,Amanda,1208
NY,F,1981,Lisa,1205
NY,F,1982,Jennifer,3767
NY,F,1982,Jessica,3164
NY,F,1982,Nicole,2008
NY,F,1982,Melissa,1969
NY,F,1982,Elizabeth,1505
NY,F,1982,Sarah,1495
NY,F,1982,Amanda,1348
NY,F,1982,Michelle,1322
NY,F,1982,Stephanie,1194
NY,F,1982,Lauren,1192
NY,F,1983,Jennifer,3885
NY,F,1983,Jessica,3053
NY,F,1983,Nicole,2074
NY,F,1983,Melissa,1848
NY,F,1983,Amanda,1527
NY,F,1983,Sarah,1465
NY,F,1983,Stephanie,1462
NY,F,1983,Elizabeth,1359
NY,F,1983,Michelle,1356
NY,F,1983,Danielle,1261
NY,F,1984,Jennifer,3821
NY,F,1984,Jessica,3025
NY,F,1984,Nicole,2081
NY,F,1984,Melissa,1766
NY,F,1984,Amanda,1614
NY,F,1984,Stephanie,1590
NY,F,1984,Danielle,1552
NY,F,1984,Elizabeth,1444
NY,F,1984,Sarah,1412
NY,F,1984,Lauren,1303
NY,F,1985,Jessica,3238
NY,F,1985,Jennifer,3227
NY,F,1985,Nicole,2167
NY,F,1985,Amanda,2121
NY,F,1985,Ashley,1736
NY,F,1985,Stephanie,1686
NY,F,1985,Melissa,1632
NY,F,1985,Christina,1543
NY,F,1985,Danielle,1514
NY,F,1985,Elizabeth,1483
NY,F,1986,Jessica,3532
NY,F,1986,Jennifer,2787
NY,F,1986,Amanda,2463
NY,F,1986,Nicole,2264
NY,F,1986,Ashley,2016
NY,F,1986,Stephanie,1779
NY,F,1986,Sarah,1546
NY,F,1986,Danielle,1492
NY,F,1986,Melissa,1474
NY,F,1986,Christina,1461
NY,F,1987,Jessica,3796
NY,F,1987,Jennifer,2738
NY,F,1987,Amanda,2590
NY,F,1987,Ashley,2580
NY,F,1987,Nicole,2157
NY,F,1987,Stephanie,1917
NY,F,1987,Melissa,1681
NY,F,1987,Danielle,1570
NY,F,1987,Sarah,1530
NY,F,1987,Christina,1506
NY,F,1988,Jessica,3266
NY,F,1988,Amanda,2613
NY,F,1988,Ashley,2543
NY,F,1988,Jennifer,2347
NY,F,1988,Nicole,2177
NY,F,1988,Stephanie,2095
NY,F,1988,Samantha,1686
NY,F,1988,Sarah,1623
NY,F,1988,Melissa,1588
NY,F,1988,Danielle,1519
NY,F,1989,Jessica,2955
NY,F,1989,Amanda,2653
NY,F,1989,Ashley,2637
NY,F,1989,Nicole,2181
NY,F,1989,Samantha,2081
NY,F,1989,Jennifer,1952
NY,F,1989,Stephanie,1810
NY,F,1989,Brittany,1700
NY,F,1989,Sarah,1580
NY,F,1989,Danielle,1502
NY,F,1990,Jessica,2909
NY,F,1990,Ashley,2687
NY,F,1990,Amanda,2605
NY,F,1990,Stephanie,2331
NY,F,1990,Samantha,2176
NY,F,1990,Jennifer,1920
NY,F,1990,Nicole,1910
NY,F,1990,Brittany,1804
NY,F,1990,Sarah,1567
NY,F,1990,Elizabeth,1461
NY,F,1991,Ashley,2729
NY,F,1991,Jessica,2626
NY,F,1991,Amanda,2318
NY,F,1991,Stephanie,2226
NY,F,1991,Samantha,2188
NY,F,1991,Nicole,1843
NY,F,1991,Jennifer,1761
NY,F,1991,Brittany,1490
NY,F,1991,Sarah,1479
NY,F,1991,Elizabeth,1318
NY,F,1992,Ashley,2513
NY,F,1992,Jessica,2293
NY,F,1992,Samantha,2109
NY,F,1992,Amanda,2088
NY,F,1992,Stephanie,1856
NY,F,1992,Nicole,1836
NY,F,1992,Sarah,1558
NY,F,1992,Jennifer,1556
NY,F,1992,Emily,1399
NY,F,1992,Danielle,1332
NY,F,1993,Ashley,2453
NY,F,1993,Jessica,2238
NY,F,1993,Samantha,2034
NY,F,1993,Amanda,1844
NY,F,1993,Nicole,1819
NY,F,1993,Stephanie,1615
NY,F,1993,Emily,1551
NY,F,1993,Sarah,1450
NY,F,1993,Jennifer,1423
NY,F,1993,Danielle,1233
NY,F,1994,Ashley,2217
NY,F,1994,Jessica,2191
NY,F,1994,Samantha,1917
NY,F,1994,Nicole,1767
NY,F,1994,Amanda,1682
NY,F,1994,Emily,1624
NY,F,1994,Stephanie,1412
NY,F,1994,Sarah,1406
NY,F,1994,Danielle,1247
NY,F,1994,Jennifer,1228
NY,F,1995,Ashley,2055
NY,F,1995,Samantha,1892
NY,F,1995,Jessica,1852
NY,F,1995,Emily,1688
NY,F,1995,Amanda,1578
NY,F,1995,Nicole,1484
NY,F,1995,Sarah,1415
NY,F,1995,Stephanie,1237
NY,F,1995,Jennifer,1139
NY,F,1995,Rachel,1103
NY,F,1996,Ashley,1892
NY,F,1996,Samantha,1711
NY,F,1996,Emily,1623
NY,F,1996,Jessica,1619
NY,F,1996,Amanda,1358
NY,F,1996,Sarah,1333
NY,F,1996,Nicole,1329
NY,F,1996,Rachel,1117
NY,F,1996,Stephanie,1065
NY,F,1996,Jennifer,1002
NY,F,1997,Samantha,1686
NY,F,1997,Emily,1634
NY,F,1997,Ashley,1497
NY,F,1997,Jessica,1456
NY,F,1997,Sarah,1388
NY,F,1997,Nicole,1289
NY,F,1997,Amanda,1261
NY,F,1997,Brianna,1001
NY,F,1997,Taylor,964
NY,F,1997,Rachel,917
NY,F,1998,Samantha,1688
NY,F,1998,Emily,1671
NY,F,1998,Ashley,1494
NY,F,1998,Jessica,1283
NY,F,1998,Sarah,1264
NY,F,1998,Nicole,1149
NY,F,1998,Amanda,1111
NY,F,1998,Brianna,1036
NY,F,1998,Victoria,973
NY,F,1998,Kayla,925
NY,F,1999,Emily,1851
NY,F,1999,Samantha,1574
NY,F,1999,Ashley,1344
NY,F,1999,Sarah,1302
NY,F,1999,Jessica,1180
NY,F,1999,Nicole,1126
NY,F,1999,Kayla,1026
NY,F,1999,Brianna,1025
NY,F,1999,Amanda,947
NY,F,1999,Julia,928
NY,F,2000,Emily,1719
NY,F,2000,Samantha,1422
NY,F,2000,Ashley,1290
NY,F,2000,Sarah,1256
NY,F,2000,Jessica,1143
NY,F,2000,Brianna,1136
NY,F,2000,Kayla,1110
NY,F,2000,Hannah,986
NY,F,2000,Nicole,957
NY,F,2000,Julia,922
NY,F,2001,Emily,1574
NY,F,2001,Ashley,1274
NY,F,2001,Samantha,1261
NY,F,2001,Sarah,1078
NY,F,2001,Kayla,978
NY,F,2001,Jessica,939
NY,F,2001,Nicole,929
NY,F,2001,Brianna,920
NY,F,2001,Julia,920
NY,F,2001,Olivia,904
NY,F,2002,Emily,1555
NY,F,2002,Samantha,1157
NY,F,2002,Ashley,1106
NY,F,2002,Sarah,1085
NY,F,2002,Brianna,970
NY,F,2002,Olivia,970
NY,F,2002,Kayla,951
NY,F,2002,Isabella,944
NY,F,2002,Madison,939
NY,F,2002,Emma,906
NY,F,2003,Emily,1629
NY,F,2003,Emma,1202
NY,F,2003,Olivia,1113
NY,F,2003,Isabella,1080
NY,F,2003,Samantha,1030
NY,F,2003,Sarah,1017
NY,F,2003,Kayla,1010
NY,F,2003,Ashley,1007
NY,F,2003,Madison,996
NY,F,2003,Brianna,838
NY,F,2004,Emily,1591
NY,F,2004,Emma,1200
NY,F,2004,Olivia,1130
NY,F,2004,Isabella,1080
NY,F,2004,Ashley,1056
NY,F,2004,Samantha,1052
NY,F,2004,Madison,1006
NY,F,2004,Sarah,979
NY,F,2004,Kayla,850
NY,F,2004,Sophia,812
NY,F,2005,Emily,1445
NY,F,2005,Isabella,1104
NY,F,2005,Emma,1096
NY,F,2005,Olivia,1063
NY,F,2005,Madison,1004
NY,F,2005,Samantha,964
NY,F,2005,Sophia,947
NY,F,2005,Ashley,915
NY,F,2005,Ava,909
NY,F,2005,Sarah,859
NY,F,2006,Emily,1320
NY,F,2006,Isabella,1222
NY,F,2006,Ava,1064
NY,F,2006,Olivia,1035
NY,F,2006,Madison,1013
NY,F,2006,Sophia,1013
NY,F,2006,Emma,997
NY,F,2006,Ashley,899
NY,F,2006,Samantha,854
NY,F,2006,Sarah,853
NY,F,2007,Isabella,1427
NY,F,2007,Sophia,1230
NY,F,2007,Emily,1226
NY,F,2007,Olivia,1137
NY,F,2007,Ava,1123
NY,F,2007,Madison,1027
NY,F,2007,Emma,1011
NY,F,2007,Samantha,825
NY,F,2007,Sarah,818
NY,F,2007,Ashley,791
NY,F,2008,Isabella,1282
NY,F,2008,Olivia,1195
NY,F,2008,Sophia,1155
NY,F,2008,Madison,1071
NY,F,2008,Ava,1067
NY,F,2008,Emma,1052
NY,F,2008,Emily,1027
NY,F,2008,Abigail,743
NY,F,2008,Sarah,740
NY,F,2008,Samantha,723
NY,F,2009,Isabella,1401
NY,F,2009,Sophia,1193
NY,F,2009,Olivia,1188
NY,F,2009,Emma,1065
NY,F,2009,Emily,1055
NY,F,2009,Madison,1040
NY,F,2009,Ava,996
NY,F,2009,Mia,886
NY,F,2009,Abigail,764
NY,F,2009,Sarah,695
NY,F,2010,Isabella,1524
NY,F,2010,Sophia,1386
NY,F,2010,Olivia,1184
NY,F,2010,Emma,1047
NY,F,2010,Ava,989
NY,F,2010,Madison,981
NY,F,2010,Emily,947
NY,F,2010,Mia,815
NY,F,2010,Abigail,784
NY,F,2010,Chloe,731
NY,F,2011,Sophia,1455
NY,F,2011,Isabella,1418
NY,F,2011,Olivia,1175
NY,F,2011,Emma,1123
NY,F,2011,Ava,955
NY,F,2011,Emily,916
NY,F,2011,Mia,852
NY,F,2011,Madison,851
NY,F,2011,Abigail,749
NY,F,2011,Chloe,707
NY,F,2012,Sophia,1414
NY,F,2012,Isabella,1279
NY,F,2012,Emma,1231
NY,F,2012,Olivia,1141
NY,F,2012,Ava,968
NY,F,2012,Emily,921
NY,F,2012,Madison,848
NY,F,2012,Mia,844
NY,F,2012,Abigail,764
NY,F,2012,Chloe,670
NY,F,2013,Sophia,1393
NY,F,2013,Isabella,1270
NY,F,2013,Olivia,1262
NY,F,2013,Emma,1258
NY,F,2013,Mia,1000
NY,F,2013,Ava,910
NY,F,2013,Emily,899
NY,F,2013,Madison,775
NY,F,2013,Abigail,716
NY,F,2013,Sofia,678
NY,F,2014,Sophia,1275
NY,F,2014,Olivia,1255
NY,F,2014,Emma,1211
NY,F,2014,Isabella,1165
NY,F,2014,Mia,990
NY,F,2014,Ava,928
NY,F,2014,Emily,881
NY,F,2014,Abigail,727
NY,F,2014,Madison,726
NY,F,2014,Sofia,631
NY,F,2015,Olivia,1298
NY,F,2015,Emma,1258
NY,F,2015,Sophia,1122
NY,F,2015,Isabella,1069
NY,F,2015,Mia,1016
NY,F,2015,Ava,923
NY,F,2015,Emily,807
NY,F,2015,Charlotte,759
NY,F,2015,Madison,740
NY,F,2015,Abigail,727
NY,F,2016,Olivia,1220
NY,F,2016,Emma,1184
NY,F,2016,Sophia,1121
NY,F,2016,Isabella,1020
NY,F,2016,Ava,1006
NY,F,2016,Mia,953
NY,F,2016,Charlotte,787
NY,F,2016,Emily,745
NY,F,2016,Madison,696
NY,F,2016,Abigail,692
NY,F,2017,Olivia,1230
NY,F,2017,Emma,1207
NY,F,2017,Sophia,1008
NY,F,2017,Mia,1001
NY,F,2017,Ava,993
NY,F,2017,Isabella,956
NY,F,2017,Charlotte,828
NY,F,2017,Amelia,730
NY,F,2017,Abigail,676
NY,F,2017,Emily,661
NY,F,2018,Emma,1098
NY,F,2018,Olivia,1090
NY,F,2018,Isabella,1002
NY,F,2018,Sophia,964
NY,F,2018,Mia,867
NY,F,2018,Ava,854
NY,F,2018,Charlotte,745
NY,F,2018,Amelia,733
NY,F,2018,Leah,621
NY,F,2018,Abigail,608
NY,F,2019,Olivia,1060
NY,F,2019,Emma,1040
NY,F,2019,Sophia,933
NY,F,2019,Isabella,884
NY,F,2019,Mia,856
NY,F,2019,Ava,839
NY,F,2019,Charlotte,836
NY,F,2019,Amelia,736
NY,F,2019,Emily,570
NY,F,2019,Leah,570
NY,M,1920,John,5963
NY,M,1920,Joseph,4286
NY,M,1920,William,4236
NY,M,1920,Robert,3850
NY,M,1920,George,2672
NY,M,1920,Edward,2518
NY,M,1920,James,2517
NY,M,1920,Frank,2422
NY,M,1920,Charles,2399
NY,M,1920,Thomas,1602
NY,M,1921,John,6035
NY,M,1921,William,4271
NY,M,1921,Robert,4255
NY,M,1921,Joseph,4196
NY,M,1921,James,2816
NY,M,1921,George,2613
NY,M,1921,Edward,2544
NY,M,1921,Charles,2450
NY,M,1921,Frank,2356
NY,M,1921,Richard,1558
NY,M,1922,John,6105
NY,M,1922,Robert,4488
NY,M,1922,Joseph,4248
NY,M,1922,William,4247
NY,M,1922,James,2749
NY,M,1922,George,2601
NY,M,1922,Edward,2542
NY,M,1922,Frank,2383
NY,M,1922,Charles,2344
NY,M,1922,Richard,1754
NY,M,1923,John,6228
NY,M,1923,Robert,4700
NY,M,1923,William,4406
NY,M,1923,Joseph,4207
NY,M,1923,James,2690
NY,M,1923,Edward,2637
NY,M,1923,George,2595
NY,M,1923,Charles,2419
NY,M,1923,Frank,2304
NY,M,1923,Richard,1819
NY,M,1924,John,6318
NY,M,1924,Robert,5039
NY,M,1924,William,4448
NY,M,1924,Joseph,4221
NY,M,1924,James,2864
NY,M,1924,Edward,2752
NY,M,1924,George,2613
NY,M,1924,Charles,2434
NY,M,1924,Frank,2336
NY,M,1924,Richard,2059
NY,M,1925,John,6133
NY,M,1925,Robert,5092
NY,M,1925,William,4628
NY,M,1925,Joseph,4089
NY,M,1925,James,3014
NY,M,1925,Edward,2688
NY,M,1925,George,2519
NY,M,1925,Charles,2396
NY,M,1925,Richard,2357
NY,M,1925,Frank,2306
NY,M,1926,John,6188
NY,M,1926,Robert,5281
NY,M,1926,William,4478
NY,M,1926,Joseph,4112
NY,M,1926,James,3090
NY,M,1926,Edward,2581
NY,M,1926,George,2549
NY,M,1926,Richard,2502
NY,M,1926,Charles,2408
NY,M,1926,Frank,2205
NY,M,1927,John,6230
NY,M,1927,Robert,5470
NY,M,1927,William,4503
NY,M,1927,Joseph,4265
NY,M,1927,James,3292
NY,M,1927,Richard,2889
NY,M,1927,George,2634
NY,M,1927,Edward,2554
NY,M,1927,Charles,2478
NY,M,1927,Frank,2158
NY,M,1928,John,6353
NY,M,1928,Robert,5523
NY,M,1928,William,4415
NY,M,1928,Joseph,4171
NY,M,1928,James,3309
NY,M,1928,Richard,3072
NY,M,1928,George,2502
NY,M,1928,Charles,2479
NY,M,1928,Edward,2422
NY,M,1928,Donald,2183
NY,M,1929,John,6253
NY,M,1929,Robert,5447
NY,M,1929,William,4236
NY,M,1929,Joseph,3903
NY,M,1929,James,3218
NY,M,1929,Richard,3167
NY,M,1929,George,2502
NY,M,1929,Edward,2296
NY,M,1929,Charles,2276
NY,M,1929,Donald,2262
NY,M,1930,John,6239
NY,M,1930,Robert,5761
NY,M,1930,William,4211
NY,M,1930,Joseph,3825
NY,M,1930,Richard,3479
NY,M,1930,James,3425
NY,M,1930,Donald,2496
NY,M,1930,Charles,2477
NY,M,1930,Edward,2382
NY,M,1930,George,2336
NY,M,1931,Robert,5951
NY,M,1931,John,5827
NY,M,1931,William,4013
NY,M,1931,Joseph,3568
NY,M,1931,Richard,3531
NY,M,1931,James,3251
NY,M,1931,Donald,2404
NY,M,1931,Charles,2251
NY,M,1931,Edward,2165
NY,M,1931,George,2147
NY,M,1932,John,5872
NY,M,1932,Robert,5756
NY,M,1932,William,3823
NY,M,1932,Richard,3532
NY,M,1932,James,3373
NY,M,1932,Joseph,3355
NY,M,1932,Donald,2416
NY,M,1932,Charles,2237
NY,M,1932,George,2236
NY,M,1932,Edward,2057
NY,M,1933,John,5711
NY,M,1933,Robert,5362
NY,M,1933,William,3583
NY,M,1933,Richard,3559
NY,M,1933,Joseph,3162
NY,M,1933,James,3122
NY,M,1933,Donald,2431
NY,M,1933,Charles,2015
NY,M,1933,Thomas,1971
NY,M,1933,George,1896
NY,M,1934,Robert,5591
NY,M,1934,John,5466
NY,M,1934,Richard,3749
NY,M,1934,William,3673
NY,M,1934,James,3266
NY,M,1934,Joseph,3054
NY,M,1934,Donald,2475
NY,M,1934,Thomas,2003
NY,M,1934,Charles,1995
NY,M,1934,Edward,1876
NY,M,1935,Robert,5762
NY,M,1935,John,5495
NY,M,1935,Richard,3903
NY,M,1935,William,3571
NY,M,1935,James,3331
NY,M,1935,Joseph,3082
NY,M,1935,Donald,2399
NY,M,1935,Thomas,2060
NY,M,1935,Charles,2003
NY,M,1935,George,1924
NY,M,1936,Robert,6121
NY,M,1936,John,5421
NY,M,1936,Richard,3808
NY,M,1936,William,3558
NY,M,1936,James,3422
NY,M,1936,Joseph,3097
NY,M,1936,Donald,2379
NY,M,1936,Thomas,2031
NY,M,1936,Edward,1917
NY,M,1936,Charles,1902
NY,M,1937,Robert,6530
NY,M,1937,John,5528
NY,M,1937,Richard,3773
NY,M,1937,William,3586
NY,M,1937,James,3481
NY,M,1937,Joseph,3056
NY,M,1937,Thomas,2226
NY,M,1937,Donald,2084
NY,M,1937,Edward,1990
NY,M,1937,Charles,1970
NY,M,1938,Robert,6478
NY,M,1938,John,5627
NY,M,1938,Richard,4013
NY,M,1938,William,3736
NY,M,1938,James,3608
NY,M,1938,Joseph,3035
NY,M,1938,Thomas,2394
NY,M,1938,Charles,2061
NY,M,1938,Edward,2017
NY,M,1938,David,1936
NY,M,1939,Robert,6114
NY,M,1939,John,5671
NY,M,1939,Richard,4103
NY,M,1939,William,3757
NY,M,1939,James,3730
NY,M,1939,Joseph,3067
NY,M,1939,Thomas,2418
NY,M,1939,David,2051
NY,M,1939,Michael,2014
NY,M,1939,Charles,1976
NY,M,1940,Robert,6283
NY,M,1940,John,6165
NY,M,1940,Richard,4370
NY,M,1940,William,4105
NY,M,1940,James,3960
NY,M,1940,Joseph,3141
NY,M,1940,Thomas,2505
NY,M,1940,David,2340
NY,M,1940,Michael,2294
NY,M,1940,Charles,2147
NY,M,1941,Robert,6563
NY,M,1941,John,6279
NY,M,1941,Richard,4718
NY,M,1941,William,4257
NY,M,1941,James,4178
NY,M,1941,Joseph,3407
NY,M,1941,Thomas,2954
NY,M,1941,Michael,2677
NY,M,1941,David,2465
NY,M,1941,Charles,2227
NY,M,1942,Robert,7663
NY,M,1942,John,7266
NY,M,1942,Richard,5368
NY,M,1942,William,5048
NY,M,1942,James,4975
NY,M,1942,Joseph,3980
NY,M,1942,Thomas,3432
NY,M,1942,Michael,3396
NY,M,1942,David,3087
NY,M,1942,Charles,2518
NY,M,1943,Robert,7923
NY,M,1943,John,7501
NY,M,1943,Richard,5593
NY,M,1943,James,5118
NY,M,1943,William,5044
NY,M,1943,Joseph,3839
NY,M,1943,Thomas,3620
NY,M,1943,Michael,3483
NY,M,1943,David,2976
NY,M,1943,Charles,2595
NY,M,1944,Robert,7226
NY,M,1944,John,6935
NY,M,1944,Richard,5417
NY,M,1944,James,5000
NY,M,1944,William,4678
NY,M,1944,Joseph,3479
NY,M,1944,Michael,3420
NY,M,1944,Thomas,3359
NY,M,1944,David,2905
NY,M,1944,Charles,2323
NY,M,1945,Robert,7608
NY,M,1945,John,7122
NY,M,1945,Richard,5524
NY,M,1945,James,5056
NY,M,1945,William,4591
NY,M,1945,Thomas,3666
NY,M,1945,Michael,3633
NY,M,1945,Joseph,3355
NY,M,1945,David,3059
NY,M,1945,Charles,2238
NY,M,1946,Robert,9296
NY,M,1946,John,8687
NY,M,1946,Richard,7155
NY,M,1946,James,6368
NY,M,1946,William,5658
NY,M,1946,Michael,4718
NY,M,1946,Thomas,4339
NY,M,1946,Joseph,4089
NY,M,1946,David,3702
NY,M,1946,Charles,2733
NY,M,1947,Robert,10024
NY,M,1947,John,9636
NY,M,1947,James,7172
NY,M,1947,Richard,6695
NY,M,1947,William,6275
NY,M,1947,Michael,5598
NY,M,1947,Thomas,5084
NY,M,1947,Joseph,4573
NY,M,1947,David,4520
NY,M,1947,Charles,2951
NY,M,1948,Robert,9011
NY,M,1948,John,8976
NY,M,1948,James,6521
NY,M,1948,William,5698
NY,M,1948,Richard,5659
NY,M,1948,Michael,5380
NY,M,1948,Thomas,4816
NY,M,1948,David,4431
NY,M,1948,Joseph,4256
NY,M,1948,Charles,2679
NY,M,1949,Robert,8851
NY,M,1949,John,8610
NY,M,1949,James,6258
NY,M,1949,Michael,5672
NY,M,1949,Richard,5653
NY,M,1949,William,5598
NY,M,1949,Thomas,4849
NY,M,1949,David,4422
NY,M,1949,Joseph,4323
NY,M,1949,Charles,2868
NY,M,1950,Robert,8627
NY,M,1950,John,8311
NY,M,1950,James,6199
NY,M,1950,Michael,6199
NY,M,1950,Richard,5722
NY,M,1950,William,5532
NY,M,1950,Thomas,5008
NY,M,1950,David,4475
NY,M,1950,Joseph,4408
NY,M,1950,Charles,2757
NY,M,1951,Robert,9054
NY,M,1951,John,8653
NY,M,1951,Michael,6931
NY,M,1951,James,6522
NY,M,1951,Richard,6013
NY,M,1951,William,5553
NY,M,1951,Thomas,5316
NY,M,1951,David,4823
NY,M,1951,Joseph,4303
NY,M,1951,Gary,2981
NY,M,1952,Robert,9222
NY,M,1952,John,8674
NY,M,1952,Michael,7474
NY,M,1952,James,6439
NY,M,1952,Richard,6329
NY,M,1952,William,5769
NY,M,1952,Thomas,5295
NY,M,1952,David,5260
NY,M,1952,Joseph,4459
NY,M,1952,Gary,3055
NY,M,1953,Robert,9063
NY,M,1953,John,8202
NY,M,1953,Michael,7820
NY,M,1953,James,6334
NY,M,1953,Richard,5939
NY,M,1953,William,5508
NY,M,1953,David,5498
NY,M,1953,Thomas,5034
NY,M,1953,Joseph,4625
NY,M,1953,Steven,2982
NY,M,1954,Robert,8913
NY,M,1954,John,8496
NY,M,1954,Michael,8229
NY,M,1954,James,6554
NY,M,1954,David,5904
NY,M,1954,Richard,5764
NY,M,1954,William,5482
NY,M,1954,Thomas,5169
NY,M,1954,Joseph,4853
NY,M,1954,Steven,3091
NY,M,1955,Robert,8810
NY,M,1955,John,8558
NY,M,1955,Michael,8443
NY,M,1955,James,6577
NY,M,1955,David,6202
NY,M,1955,William,5562
NY,M,1955,Richard,5546
NY,M,1955,Thomas,5191
NY,M,1955,Joseph,4875
NY,M,1955,Mark,3292
NY,M,1956,Michael,8709
NY,M,1956,John,8597
NY,M,1956,Robert,8577
NY,M,1956,James,6524
NY,M,1956,David,5942
NY,M,1956,William,5454
NY,M,1956,Richard,5343
NY,M,1956,Thomas,4955
NY,M,1956,Joseph,4888
NY,M,1956,Mark,3739
NY,M,1957,Michael,9117
NY,M,1957,John,8610
NY,M,1957,Robert,8473
NY,M,1957,James,6636
NY,M,1957,David,5970
NY,M,1957,Richard,5420
NY,M,1957,William,5379
NY,M,1957,Thomas,5140
NY,M,1957,Joseph,4953
NY,M,1957,Mark,3972
NY,M,1958,Michael,9207
NY,M,1958,John,8547
NY,M,1958,Robert,8144
NY,M,1958,James,6493
NY,M,1958,David,6161
NY,M,1958,William,5385
NY,M,1958,Richard,5206
NY,M,1958,Thomas,5034
NY,M,1958,Joseph,4779
NY,M,1958,Mark,3855
NY,M,1959,John,8713
NY,M,1959,Michael,8688
NY,M,1959,Robert,7694
NY,M,1959,James,6625
NY,M,1959,David,6419
NY,M,1959,Richard,5115
NY,M,1959,William,5041
NY,M,1959,Thomas,4956
NY,M,1959,Joseph,4727
NY,M,1959,Mark,4020
NY,M,1960,Michael,8929
NY,M,1960,John,8331
NY,M,1960,Robert,7423
NY,M,1960,David,6598
NY,M,1960,James,6407
NY,M,1960,Thomas,4882
NY,M,1960,William,4831
NY,M,1960,Richard,4686
NY,M,1960,Joseph,4654
NY,M,1960,Mark,4218
NY,M,1961,Michael,9054
NY,M,1961,John,8757
NY,M,1961,Robert,7480
NY,M,1961,David,6493
NY,M,1961,James,6440
NY,M,1961,Thomas,4786
NY,M,1961,Joseph,4685
NY,M,1961,William,4634
NY,M,1961,Richard,4397
NY,M,1961,Mark,4184
NY,M,1962,Michael,8866
NY,M,1962,John,8593
NY,M,1962,Robert,7096
NY,M,1962,David,6352
NY,M,1962,James,6174
NY,M,1962,Joseph,4591
NY,M,1962,Thomas,4430
NY,M,1962,William,4335
NY,M,1962,Richard,4300
NY,M,1962,Mark,3822
NY,M,1963,Michael,9243
NY,M,1963,John,8669
NY,M,1963,Robert,7025
NY,M,1963,David,6281
NY,M,1963,James,5923
NY,M,1963,Joseph,4618
NY,M,1963,Richard,4512
NY,M,1963,William,4355
NY,M,1963,Thomas,4340
NY,M,1963,Mark,3710
NY,M,1964,John,8894
NY,M,1964,Michael,8857
NY,M,1964,Robert,6911
NY,M,1964,James,6069
NY,M,1964,David,6034
NY,M,1964,Joseph,4538
NY,M,1964,Richard,4303
NY,M,1964,Thomas,4213
NY,M,1964,William,4202
NY,M,1964,Mark,3400
NY,M,1965,Michael,8672
NY,M,1965,John,7897
NY,M,1965,Robert,6400
NY,M,1965,David,5628
NY,M,1965,James,5614
NY,M,1965,Joseph,4433
NY,M,1965,Richard,3915
NY,M,1965,Thomas,3879
NY,M,1965,William,3878
NY,M,1965,Christopher,3187
NY,M,1966,Michael,8547
NY,M,1966,John,6925
NY,M,1966,Robert,5901
NY,M,1966,David,5669
NY,M,1966,James,5271
NY,M,1966,Joseph,4092
NY,M,1966,Richard,3668
NY,M,1966,Thomas,3567
NY,M,1966,William,3514
NY,M,1966,Christopher,3341
NY,M,1967,Michael,8193
NY,M,1967,John,6380
NY,M,1967,David,5461
NY,M,1967,Robert,5327
NY,M,1967,James,4959
NY,M,1967,Joseph,3800
NY,M,1967,William,3437
NY,M,1967,Christopher,3397
NY,M,1967,Richard,3322
NY,M,1967,Thomas,3180
NY,M,1968,Michael,7902
NY,M,1968,John,5956
NY,M,1968,Robert,5516
NY,M,1968,David,5446
NY,M,1968,James,4688
NY,M,1968,Joseph,3661
NY,M,1968,Christopher,3468
NY,M,1968,Richard,3304
NY,M,1968,William,3267
NY,M,1968,Thomas,3199
NY,M,1969,Michael,8006
NY,M,1969,John,5905
NY,M,1969,David,5361
NY,M,1969,Robert,5294
NY,M,1969,James,4485
NY,M,1969,Christopher,3724
NY,M,1969,Joseph,3656
NY,M,1969,Thomas,3169
NY,M,1969,William,3154
NY,M,1969,Richard,3073
NY,M,1970,Michael,7957
NY,M,1970,John,5569
NY,M,1970,David,5112
NY,M,1970,Robert,4964
NY,M,1970,James,4582
NY,M,1970,Christopher,4004
NY,M,1970,Joseph,3668
NY,M,1970,William,3196
NY,M,1970,Richard,3027
NY,M,1970,Thomas,2998
NY,M,1971,Michael,6839
NY,M,1971,John,4624
NY,M,1971,Robert,4166
NY,M,1971,Christopher,4131
NY,M,1971,David,4093
NY,M,1971,James,3708
NY,M,1971,Joseph,3194
NY,M,1971,William,2729
NY,M,1971,Richard,2504
NY,M,1971,Thomas,2480
NY,M,1972,Michael,6258
NY,M,1972,Christopher,4126
NY,M,1972,John,3792
NY,M,1972,David,3616
NY,M,1972,Robert,3575
NY,M,1972,James,3159
NY,M,1972,Joseph,2759
NY,M,1972,Brian,2546
NY,M,1972,William,2303
NY,M,1972,Richard,2126
NY,M,1973,Michael,5737
NY,M,1973,Christopher,3588
NY,M,1973,John,3477
NY,M,1973,David,3203
NY,M,1973,Robert,3134
NY,M,1973,James,2906
NY,M,1973,Joseph,2626
NY,M,1973,Jason,2613
NY,M,1973,Brian,2436
NY,M,1973,Daniel,2110
NY,M,1974,Michael,5880
NY,M,1974,Christopher,3480
NY,M,1974,Jason,3281
NY,M,1974,David,3248
NY,M,1974,John,3232
NY,M,1974,Robert,2990
NY,M,1974,James,2784
NY,M,1974,Joseph,2543
NY,M,1974,Brian,2492
NY,M,1974,Daniel,2176
NY,M,1975,Michael,6045
NY,M,1975,Christopher,3255
NY,M,1975,Jason,3156
NY,M,1975,David,3031
NY,M,1975,John,2968
NY,M,1975,Robert,2792
NY,M,1975,James,2661
NY,M,1975,Joseph,2535
NY,M,1975,Brian,2201
NY,M,1975,Daniel,2115
NY,M,1976,Michael,5923
NY,M,1976,Christopher,3256
NY,M,1976,Jason,3208
NY,M,1976,David,3166
NY,M,1976,John,2898
NY,M,1976,Robert,2722
NY,M,1976,Joseph,2593
NY,M,1976,James,2554
NY,M,1976,Brian,2311
NY,M,1976,Daniel,2171
NY,M,1977,Michael,6010
NY,M,1977,Jason,3462
NY,M,1977,Christopher,3123
NY,M,1977,David,3015
NY,M,1977,John,2833
NY,M,1977,Joseph,2737
NY,M,1977,Robert,2675
NY,M,1977,James,2576
NY,M,1977,Brian,2398
NY,M,1977,Daniel,2298
NY,M,1978,Michael,5855
NY,M,1978,Jason,3255
NY,M,1978,Christopher,3246
NY,M,1978,David,3114
NY,M,1978,John,2697
NY,M,1978,Joseph,2661
NY,M,1978,James,2583
NY,M,1978,Robert,2392
NY,M,1978,Brian,2220
NY,M,1978,Daniel,2200
NY,M,1979,Michael,5777
NY,M,1979,Christopher,3468
NY,M,1979,Jason,3147
NY,M,1979,David,3110
NY,M,1979,Joseph,2687
NY,M,1979,John,2594
NY,M,1979,Robert,2402
NY,M,1979,Daniel,2392
NY,M,1979,James,2322
NY,M,1979,Matthew,2184
NY,M,1980,Michael,5801
NY,M,1980,Christopher,3265
NY,M,1980,Jason,3134
NY,M,1980,David,2941
NY,M,1980,Joseph,2709
NY,M,1980,John,2567
NY,M,1980,Robert,2446
NY,M,1980,Matthew,2380
NY,M,1980,Daniel,2294
NY,M,1980,James,2278
NY,M,1981,Michael,5991
NY,M,1981,Christopher,3444
NY,M,1981,Jason,2894
NY,M,1981,David,2841
NY,M,1981,Joseph,2773
NY,M,1981,Matthew,2740
NY,M,1981,John,2537
NY,M,1981,Daniel,2425
NY,M,1981,Robert,2390
NY,M,1981,James,2256
NY,M,1982,Michael,5851
NY,M,1982,Christopher,3852
NY,M,1982,Jason,2969
NY,M,1982,David,2923
NY,M,1982,Matthew,2922
NY,M,1982,Joseph,2889
NY,M,1982,John,2513
NY,M,1982,Robert,2461
NY,M,1982,Daniel,2430
NY,M,1982,James,2354
NY,M,1983,Michael,5963
NY,M,1983,Christopher,3922
NY,M,1983,Matthew,3237
NY,M,1983,Daniel,2812
NY,M,1983,David,2793
NY,M,1983,Joseph,2765
NY,M,1983,Jason,2677
NY,M,1983,John,2380
NY,M,1983,Robert,2376
NY,M,1983,James,2229
NY,M,1984,Michael,5887
NY,M,1984,Christopher,4053
NY,M,1984,Matthew,3227
NY,M,1984,Daniel,2898
NY,M,1984,Joseph,2882
NY,M,1984,David,2641
NY,M,1984,John,2477
NY,M,1984,Jason,2289
NY,M,1984,James,2263
NY,M,1984,Robert,2213
NY,M,1985,Michael,5849
NY,M,1985,Christopher,4173
NY,M,1985,Matthew,3311
NY,M,1985,Daniel,3150
NY,M,1985,Joseph,2970
NY,M,1985,David,2730
NY,M,1985,John,2372
NY,M,1985,Robert,2307
NY,M,1985,James,2246
NY,M,1985,Anthony,2126
NY,M,1986,Michael,5788
NY,M,1986,Christopher,4104
NY,M,1986,Matthew,3292
NY,M,1986,Daniel,3013
NY,M,1986,Joseph,2852
NY,M,1986,David,2719
NY,M,1986,Andrew,2476
NY,M,1986,John,2337
NY,M,1986,Robert,2319
NY,M,1986,Anthony,2206
NY,M,1987,Michael,5726
NY,M,1987,Christopher,4132
NY,M,1987,Matthew,3329
NY,M,1987,Daniel,3038
NY,M,1987,Joseph,2913
NY,M,1987,David,2652
NY,M,1987,Andrew,2572
NY,M,1987,Anthony,2320
NY,M,1987,Robert,2285
NY,M,1987,John,2242
NY,M,1988,Michael,6046
NY,M,1988,Christopher,4168
NY,M,1988,Matthew,3360
NY,M,1988,Daniel,3057
NY,M,1988,Joseph,2928
NY,M,1988,David,2501
NY,M,1988,Anthony,2488
NY,M,1988,Andrew,2486
NY,M,1988,John,2371
NY,M,1988,Robert,2312
NY,M,1989,Michael,6086
NY,M,1989,Matthew,3493
NY,M,1989,Christopher,3110
NY,M,1989,Joseph,3065
NY,M,1989,Daniel,2895
NY,M,1989,David,2749
NY,M,1989,Anthony,2523
NY,M,1989,Andrew,2494
NY,M,1989,John,2441
NY,M,1989,Nicholas,2277
NY,M,1990,Michael,6162
NY,M,1990,Christopher,4051
NY,M,1990,Matthew,3530
NY,M,1990,Joseph,3062
NY,M,1990,Daniel,3002
NY,M,1990,Anthony,2655
NY,M,1990,David,2547
NY,M,1990,John,2468
NY,M,1990,Andrew,2423
NY,M,1990,Jonathan,2312
NY,M,1991,Michael,5647
NY,M,1991,Christopher,3742
NY,M,1991,Matthew,3210
NY,M,1991,Joseph,3117
NY,M,1991,Daniel,2654
NY,M,1991,Anthony,2569
NY,M,1991,Nicholas,2339
NY,M,1991,David,2289
NY,M,1991,Andrew,2272
NY,M,1991,John,2250
NY,M,1992,Michael,5205
NY,M,1992,Christopher,3527
NY,M,1992,Matthew,3080
NY,M,1992,Joseph,2928
NY,M,1992,Nicholas,2503
NY,M,1992,Daniel,2454
NY,M,1992,Anthony,2442
NY,M,1992,John,2257
NY,M,1992,Andrew,2135
NY,M,1992,David,2102
NY,M,1993,Michael,4693
NY,M,1993,Christopher,3254
NY,M,1993,Matthew,2876
NY,M,1993,Joseph,2799
NY,M,1993,Nicholas,2566
NY,M,1993,Daniel,2451
NY,M,1993,Anthony,2297
NY,M,1993,Kevin,2119
NY,M,1993,John,2111
NY,M,1993,David,2048
NY,M,1994,Michael,4170
NY,M,1994,Christopher,2966
NY,M,1994,Matthew,2766
NY,M,1994,Nicholas,2519
NY,M,1994,Joseph,2515
NY,M,1994,Daniel,2398
NY,M,1994,Anthony,2256
NY,M,1994,John,2005
NY,M,1994,Kevin,1993
NY,M,1994,Brandon,1935
NY,M,1995,Michael,3908
NY,M,1995,Christopher,2901
NY,M,1995,Matthew,2744
NY,M,1995,Nicholas,2663
NY,M,1995,Joseph,2470
NY,M,1995,Daniel,2347
NY,M,1995,Anthony,2045
NY,M,1995,John,1923
NY,M,1995,Joshua,1870
NY,M,1995,Brandon,1810
NY,M,1996,Michael,3558
NY,M,1996,Matthew,2677
NY,M,1996,Christopher,2541
NY,M,1996,Nicholas,2490
NY,M,1996,Joseph,2457
NY,M,1996,Daniel,2128
NY,M,1996,Anthony,2032
NY,M,1996,Brandon,1863
NY,M,1996,Joshua,1804
NY,M,1996,John,1795
NY,M,1997,Michael,3460
NY,M,1997,Matthew,2672
NY,M,1997,Christopher,2457
NY,M,1997,Nicholas,2432
NY,M,1997,Joseph,2365
NY,M,1997,Daniel,1875
NY,M,1997,Anthony,1873
NY,M,1997,Brandon,1735
NY,M,1997,Joshua,1714
NY,M,1997,John,1713
NY,M,1998,Michael,3402
NY,M,1998,Matthew,2616
NY,M,1998,Nicholas,2374
NY,M,1998,Christopher,2288
NY,M,1998,Joseph,2271
NY,M,1998,Daniel,1939
NY,M,1998,Anthony,1849
NY,M,1998,Justin,1726
NY,M,1998,Brandon,1688
NY,M,1998,Joshua,1685
NY,M,1999,Michael,3101
NY,M,1999,Matthew,2741
NY,M,1999,Nicholas,2298
NY,M,1999,Joseph,2235
NY,M,1999,Christopher,2084
NY,M,1999,Daniel,1844
NY,M,1999,Anthony,1840
NY,M,1999,Justin,1748
NY,M,1999,John,1683
NY,M,1999,Ryan,1662
NY,M,2000,Michael,2890
NY,M,2000,Matthew,2486
NY,M,2000,Nicholas,2124
NY,M,2000,Christopher,2076
NY,M,2000,Joseph,2073
NY,M,2000,Anthony,1849
NY,M,2000,Daniel,1784
NY,M,2000,Justin,1732
NY,M,2000,John,1644
NY,M,2000,Joshua,1639
NY,M,2001,Michael,2758
NY,M,2001,Matthew,2256
NY,M,2001,Nicholas,2072
NY,M,2001,Joseph,2033
NY,M,2001,Christopher,1943
NY,M,2001,Justin,1781
NY,M,2001,Anthony,1758
NY,M,2001,Daniel,1666
NY,M,2001,Joshua,1587
NY,M,2001,Ryan,1543
NY,M,2002,Michael,2582
NY,M,2002,Matthew,2115
NY,M,2002,Nicholas,2057
NY,M,2002,Joseph,2004
NY,M,2002,Christopher,1815
NY,M,2002,Anthony,1768
NY,M,2002,Daniel,1718
NY,M,2002,Justin,1667
NY,M,2002,Joshua,1598
NY,M,2002,Ryan,1493
NY,M,2003,Michael,2456
NY,M,2003,Matthew,2118
NY,M,2003,Joseph,1963
NY,M,2003,Nicholas,1813
NY,M,2003,Christopher,1787
NY,M,2003,Anthony,1759
NY,M,2003,Daniel,1757
NY,M,2003,Ryan,1723
NY,M,2003,Justin,1531
NY,M,2003,Joshua,1512
NY,M,2004,Michael,2353
NY,M,2004,Matthew,2029
NY,M,2004,Joseph,1871
NY,M,2004,Daniel,1684
NY,M,2004,Ryan,1673
NY,M,2004,Nicholas,1671
NY,M,2004,Anthony,1659
NY,M,2004,Christopher,1546
NY,M,2004,Joshua,1487
NY,M,2004,Justin,1404
NY,M,2005,Michael,2089
NY,M,2005,Matthew,1832
NY,M,2005,Joseph,1678
NY,M,2005,Anthony,1620
NY,M,2005,Ryan,1593
NY,M,2005,Nicholas,1589
NY,M,2005,Daniel,1549
NY,M,2005,Christopher,1515
NY,M,2005,Joshua,1416
NY,M,2005,David,1280
NY,M,2006,Michael,1982
NY,M,2006,Matthew,1767
NY,M,2006,Joseph,1614
NY,M,2006,Anthony,1542
NY,M,2006,Daniel,1488
NY,M,2006,Christopher,1474
NY,M,2006,Nicholas,1438
NY,M,2006,Ryan,1431
NY,M,2006,Joshua,1386
NY,M,2006,Alexander,1210
NY,M,2007,Michael,1940
NY,M,2007,Matthew,1701
NY,M,2007,Anthony,1619
NY,M,2007,Daniel,1558
NY,M,2007,Joseph,1549
NY,M,2007,Ryan,1458
NY,M,2007,Christopher,1425
NY,M,2007,Joshua,1335
NY,M,2007,Jayden,1329
NY,M,2007,Nicholas,1314
NY,M,2008,Michael,1747
NY,M,2008,Matthew,1578
NY,M,2008,Anthony,1492
NY,M,2008,Daniel,1452
NY,M,2008,Joseph,1441
NY,M,2008,Ryan,1436
NY,M,2008,Jayden,1421
NY,M,2008,Jacob,1293
NY,M,2008,Christopher,1284
NY,M,2008,Alexander,1247
NY,M,2009,Michael,1715
NY,M,2009,Jayden,1477
NY,M,2009,Matthew,1451
NY,M,2009,Daniel,1363
NY,M,2009,Ethan,1363
NY,M,2009,Ryan,1332
NY,M,2009,Joseph,1292
NY,M,2009,Anthony,1269
NY,M,2009,Jacob,1243
NY,M,2009,Christopher,1208
NY,M,2010,Michael,1517
NY,M,2010,Jayden,1428
NY,M,2010,Jacob,1409
NY,M,2010,Ethan,1341
NY,M,2010,Joseph,1305
NY,M,2010,Daniel,1299
NY,M,2010,Anthony,1274
NY,M,2010,Matthew,1251
NY,M,2010,Ryan,1225
NY,M,2010,Alexander,1142
NY,M,2011,Michael,1457
NY,M,2011,Jacob,1409
NY,M,2011,Jayden,1381
NY,M,2011,Joseph,1263
NY,M,2011,Matthew,1254
NY,M,2011,Ethan,1240
NY,M,2011,Anthony,1156
NY,M,2011,Mason,1140
NY,M,2011,Daniel,1137
NY,M,2011,Ryan,1121
NY,M,2012,Michael,1391
NY,M,2012,Jacob,1352
NY,M,2012,Jayden,1279
NY,M,2012,Ethan,1261
NY,M,2012,Joseph,1239
NY,M,2012,Mason,1223
NY,M,2012,Matthew,1212
NY,M,2012,Ryan,1141
NY,M,2012,Daniel,1100
NY,M,2012,Liam,1099
NY,M,2013,Jacob,1297
NY,M,2013,Michael,1230
NY,M,2013,Ethan,1216
NY,M,2013,Liam,1203
NY,M,2013,Jayden,1150
NY,M,2013,Mason,1147
NY,M,2013,Joseph,1144
NY,M,2013,Noah,1127
NY,M,2013,Matthew,1117
NY,M,2013,Daniel,1110
NY,M,2014,Jacob,1303
NY,M,2014,Liam,1276
NY,M,2014,Ethan,1256
NY,M,2014,Michael,1243
NY,M,2014,Noah,1143
NY,M,2014,Joseph,1118
NY,M,2014,Mason,1081
NY,M,2014,Matthew,1061
NY,M,2014,Alexander,1050
NY,M,2014,Lucas,1036
NY,M,2015,Liam,1396
NY,M,2015,Jacob,1295
NY,M,2015,Ethan,1245
NY,M,2015,Noah,1243
NY,M,2015,Michael,1176
NY,M,2015,Matthew,1155
NY,M,2015,Joseph,1057
NY,M,2015,Mason,1055
NY,M,2015,Lucas,1019
NY,M,2015,Daniel,1013
NY,M,2016,Liam,1416
NY,M,2016,Jacob,1228
NY,M,2016,Noah,1220
NY,M,2016,Ethan,1108
NY,M,2016,Michael,1094
NY,M,2016,Lucas,1055
NY,M,2016,Matthew,1015
NY,M,2016,Joseph,988
NY,M,2016,Mason,970
NY,M,2016,Daniel,939
NY,M,2017,Liam,1427
NY,M,2017,Noah,1241
NY,M,2017,Jacob,1148
NY,M,2017,Lucas,1051
NY,M,2017,Joseph,1025
NY,M,2017,Michael,996
NY,M,2017,Matthew,980
NY,M,2017,Ethan,944
NY,M,2017,Logan,933
NY,M,2017,Mason,914
NY,M,2018,Liam,1514
NY,M,2018,Noah,1273
NY,M,2018,Jacob,1020
NY,M,2018,Lucas,1000
NY,M,2018,Ethan,969
NY,M,2018,Michael,965
NY,M,2018,Joseph,883
NY,M,2018,Matthew,862
NY,M,2018,Alexander,855
NY,M,2018,Mason,854
NY,M,2019,Liam,1489
NY,M,2019,Noah,1256
NY,M,2019,Lucas,1002
NY,M,2019,Jacob,943
NY,M,2019,Michael,905
NY,M,2019,Ethan,881
NY,M,2019,Joseph,855
NY,M,2019,James,824
NY,M,2019,Matthew,780
NY,M,2019,Alexander,776
