OH,F,1920,Mary,4232
OH,F,1920,Helen,2345
OH,F,1920,Dorothy,2321
OH,F,1920,Betty,1947
OH,F,1920,Ruth,1942
OH,F,1920,Margaret,1649
OH,F,1920,Virginia,1136
OH,F,1920,Mildred,956
OH,F,1920,Elizabeth,857
OH,F,1920,Evelyn,794
OH,F,1921,Mary,4386
OH,F,1921,Helen,2341
OH,F,1921,Dorothy,2231
OH,F,1921,Betty,2215
OH,F,1921,Ruth,1934
OH,F,1921,Margaret,1624
OH,F,1921,Virginia,1357
OH,F,1921,Mildred,893
OH,F,1921,Marjorie,828
OH,F,1921,Anna,814
OH,F,1922,Mary,4383
OH,F,1922,Betty,2466
OH,F,1922,Helen,2120
OH,F,1922,Dorothy,2088
OH,F,1922,Ruth,1728
OH,F,1922,Margaret,1540
OH,F,1922,Virginia,1212
OH,F,1922,Evelyn,796
OH,F,1922,Mildred,776
OH,F,1922,Marjorie,762
OH,F,1923,Mary,4127
OH,F,1923,Betty,2801
OH,F,1923,Dorothy,2303
OH,F,1923,Helen,1993
OH,F,1923,Ruth,1761
OH,F,1923,Margaret,1458
OH,F,1923,Virginia,1237
OH,F,1923,Marjorie,828
OH,F,1923,Mildred,823
OH,F,1923,Jean,790
OH,F,1924,Mary,4202
OH,F,1924,Betty,2869
OH,F,1924,Dorothy,2273
OH,F,1924,Helen,1967
OH,F,1924,Ruth,1716
OH,F,1924,Margaret,1460
OH,F,1924,Virginia,1173
OH,F,1924,Jean,826
OH,F,1924,Marjorie,803
OH,F,1924,Mildred,785
OH,F,1925,Mary,3810
OH,F,1925,Betty,2895
OH,F,1925,Dorothy,2168
OH,F,1925,Helen,1830
OH,F,1925,Ruth,1654
OH,F,1925,Margaret,1337
OH,F,1925,Virginia,1102
OH,F,1925,Jean,923
OH,F,1925,Doris,815
OH,F,1925,Marjorie,747
OH,F,1926,Mary,3808
OH,F,1926,Betty,2656
OH,F,1926,Dorothy,2093
OH,F,1926,Helen,1634
OH,F,1926,Ruth,1497
OH,F,1926,Margaret,1321
OH,F,1926,Virginia,964
OH,F,1926,Jean,881
OH,F,1926,Doris,772
OH,F,1926,Mildred,655
OH,F,1927,Mary,4026
OH,F,1927,Betty,2731
OH,F,1927,Dorothy,1914
OH,F,1927,Helen,1506
OH,F,1927,Ruth,1439
OH,F,1927,Margaret,1206
OH,F,1927,Virginia,958
OH,F,1927,Jean,886
OH,F,1927,Patricia,879
OH,F,1927,Doris,780
OH,F,1928,Mary,4004
OH,F,1928,Betty,2556
OH,F,1928,Dorothy,1729
OH,F,1928,Ruth,1406
OH,F,1928,Helen,1315
OH,F,1928,Margaret,1112
OH,F,1928,Patricia,997
OH,F,1928,Virginia,864
OH,F,1928,Jean,810
OH,F,1928,Doris,806
OH,F,1929,Mary,3554
OH,F,1929,Betty,2449
OH,F,1929,Dorothy,1542
OH,F,1929,Helen,1231
OH,F,1929,Patricia,1150
OH,F,1929,Ruth,1118
OH,F,1929,Margaret,1014
OH,F,1929,Barbara,875
OH,F,1929,Virginia,813
OH,F,1929,Shirley,782
OH,F,1930,Mary,3585
OH,F,1930,Betty,2301
OH,F,1930,Dorothy,1526
OH,F,1930,Patricia,1240
OH,F,1930,Helen,1115
OH,F,1930,Ruth,1092
OH,F,1930,Margaret,960
OH,F,1930,Barbara,947
OH,F,1930,Marilyn,905
OH,F,1930,Joan,903
OH,F,1931,Mary,3266
OH,F,1931,Betty,1861
OH,F,1931,Patricia,1250
OH,F,1931,Barbara,1220
OH,F,1931,Dorothy,1184
OH,F,1931,Joan,965
OH,F,1931,Helen,924
OH,F,1931,Ruth,917
OH,F,1931,Nancy,873
OH,F,1931,Shirley,847
OH,F,1932,Mary,3089
OH,F,1932,Betty,1641
OH,F,1932,Barbara,1446
OH,F,1932,Patricia,1255
OH,F,1932,Dorothy,1100
OH,F,1932,Joan,1006
OH,F,1932,Marilyn,982
OH,F,1932,Shirley,907
OH,F,1932,Ruth,854
OH,F,1932,Nancy,813
OH,F,1933,Mary,2919
OH,F,1933,Betty,1517
OH,F,1933,Barbara,1472
OH,F,1933,Patricia,1304
OH,F,1933,Nancy,954
OH,F,1933,Dorothy,933
OH,F,1933,Shirley,921
OH,F,1933,Joan,901
OH,F,1933,Marilyn,805
OH,F,1933,Ruth,728
OH,F,1934,Mary,2904
OH,F,1934,Shirley,1603
OH,F,1934,Barbara,1572
OH,F,1934,Betty,1414
OH,F,1934,Patricia,1344
OH,F,1934,Nancy,1144
OH,F,1934,Carol,925
OH,F,1934,Dorothy,881
OH,F,1934,Joan,859
OH,F,1934,Janet,846
OH,F,1935,Mary,2753
OH,F,1935,Shirley,2666
OH,F,1935,Barbara,1737
OH,F,1935,Patricia,1493
OH,F,1935,Betty,1247
OH,F,1935,Nancy,1219
OH,F,1935,Carol,1003
OH,F,1935,Marilyn,850
OH,F,1935,Joan,806
OH,F,1935,Janet,759
OH,F,1936,Mary,2766
OH,F,1936,Shirley,2050
OH,F,1936,Barbara,1795
OH,F,1936,Patricia,1579
OH,F,1936,Nancy,1357
OH,F,1936,Carol,1236
OH,F,1936,Betty,1125
OH,F,1936,Marilyn,923
OH,F,1936,Joan,785
OH,F,1936,Janet,766
OH,F,1937,Mary,2760
OH,F,1937,Barbara,1980
OH,F,1937,Patricia,1840
OH,F,1937,Carol,1521
OH,F,1937,Shirley,1505
OH,F,1937,Nancy,1322
OH,F,1937,Betty,1056
OH,F,1937,Janet,938
OH,F,1937,Marilyn,810
OH,F,1937,Ruth,782
OH,F,1938,Mary,2790
OH,F,1938,Barbara,2262
OH,F,1938,Patricia,1798
OH,F,1938,Carol,1653
OH,F,1938,Nancy,1508
OH,F,1938,Shirley,1284
OH,F,1938,Betty,1070
OH,F,1938,Janet,943
OH,F,1938,Donna,867
OH,F,1938,Judith,833
OH,F,1939,Mary,2720
OH,F,1939,Barbara,2044
OH,F,1939,Patricia,1837
OH,F,1939,Carol,1658
OH,F,1939,Nancy,1467
OH,F,1939,Judith,1263
OH,F,1939,Shirley,1062
OH,F,1939,Betty,977
OH,F,1939,Janet,942
OH,F,1939,Joyce,807
OH,F,1940,Mary,2692
OH,F,1940,Barbara,2087
OH,F,1940,Patricia,1927
OH,F,1940,Carol,1759
OH,F,1940,Judith,1661
OH,F,1940,Nancy,1409
OH,F,1940,Linda,1277
OH,F,1940,Sandra,1129
OH,F,1940,Judy,921
OH,F,1940,Shirley,896
OH,F,1941,Mary,2722
OH,F,1941,Barbara,2281
OH,F,1941,Patricia,2209
OH,F,1941,Carol,1913
OH,F,1941,Judith,1700
OH,F,1941,Linda,1515
OH,F,1941,Nancy,1488
OH,F,1941,Sandra,1433
OH,F,1941,Judy,1096
OH,F,1941,Janet,1021
OH,F,1942,Mary,3036
OH,F,1942,Barbara,2599
OH,F,1942,Patricia,2208
OH,F,1942,Carol,2137
OH,F,1942,Linda,2083
OH,F,1942,Sandra,1747
OH,F,1942,Nancy,1714
OH,F,1942,Judith,1702
OH,F,1942,Sharon,1326
OH,F,1942,Karen,1258
OH,F,1943,Mary,3166
OH,F,1943,Barbara,2330
OH,F,1943,Linda,2234
OH,F,1943,Patricia,2170
OH,F,1943,Carol,2156
OH,F,1943,Sandra,1683
OH,F,1943,Judith,1665
OH,F,1943,Sharon,1665
OH,F,1943,Nancy,1615
OH,F,1943,Karen,1454
OH,F,1944,Mary,2885
OH,F,1944,Barbara,2002
OH,F,1944,Linda,1968
OH,F,1944,Patricia,1909
OH,F,1944,Carol,1907
OH,F,1944,Sandra,1593
OH,F,1944,Nancy,1496
OH,F,1944,Sharon,1495
OH,F,1944,Judith,1482
OH,F,1944,Karen,1255
OH,F,1945,Mary,2680
OH,F,1945,Linda,2223
OH,F,1945,Barbara,2020
OH,F,1945,Carol,1850
OH,F,1945,Patricia,1842
OH,F,1945,Sandra,1500
OH,F,1945,Sharon,1428
OH,F,1945,Judith,1329
OH,F,1945,Karen,1328
OH,F,1945,Nancy,1238
OH,F,1946,Mary,3333
OH,F,1946,Linda,2975
OH,F,1946,Barbara,2593
OH,F,1946,Patricia,2509
OH,F,1946,Carol,2251
OH,F,1946,Sandra,2035
OH,F,1946,Sharon,1939
OH,F,1946,Karen,1834
OH,F,1946,Nancy,1743
OH,F,1946,Susan,1662
OH,F,1947,Linda,5884
OH,F,1947,Mary,3563
OH,F,1947,Barbara,2886
OH,F,1947,Patricia,2866
OH,F,1947,Sandra,2322
OH,F,1947,Carol,2264
OH,F,1947,Nancy,2052
OH,F,1947,Sharon,1997
OH,F,1947,Karen,1964
OH,F,1947,Susan,1924
OH,F,1948,Linda,5353
OH,F,1948,Mary,3464
OH,F,1948,Barbara,2753
OH,F,1948,Patricia,2658
OH,F,1948,Susan,2149
OH,F,1948,Sandra,1952
OH,F,1948,Karen,1921
OH,F,1948,Sharon,1847
OH,F,1948,Nancy,1840
OH,F,1948,Carol,1817
OH,F,1949,Linda,5150
OH,F,1949,Mary,3378
OH,F,1949,Patricia,2641
OH,F,1949,Barbara,2438
OH,F,1949,Susan,2247
OH,F,1949,Sandra,1869
OH,F,1949,Karen,1829
OH,F,1949,Carol,1786
OH,F,1949,Kathleen,1768
OH,F,1949,Nancy,1758
OH,F,1950,Linda,4475
OH,F,1950,Mary,3321
OH,F,1950,Patricia,2633
OH,F,1950,Barbara,2398
OH,F,1950,Deborah,2245
OH,F,1950,Susan,2207
OH,F,1950,Karen,1922
OH,F,1950,Nancy,1762
OH,F,1950,Sandra,1654
OH,F,1950,Sharon,1652
OH,F,1951,Linda,4107
OH,F,1951,Mary,3520
OH,F,1951,Patricia,3199
OH,F,1951,Deborah,3111
OH,F,1951,Susan,2337
OH,F,1951,Barbara,2324
OH,F,1951,Karen,2123
OH,F,1951,Nancy,1797
OH,F,1951,Sandra,1708
OH,F,1951,Carol,1629
OH,F,1952,Linda,3585
OH,F,1952,Mary,3558
OH,F,1952,Deborah,3422
OH,F,1952,Patricia,3025
OH,F,1952,Susan,2308
OH,F,1952,Barbara,2293
OH,F,1952,Karen,2099
OH,F,1952,Nancy,1888
OH,F,1952,Debra,1721
OH,F,1952,Sandra,1569
OH,F,1953,Deborah,3461
OH,F,1953,Linda,3444
OH,F,1953,Mary,3371
OH,F,1953,Patricia,2770
OH,F,1953,Susan,2424
OH,F,1953,Barbara,2322
OH,F,1953,Debra,2138
OH,F,1953,Karen,2021
OH,F,1953,Pamela,1899
OH,F,1953,Nancy,1790
OH,F,1954,Mary,3757
OH,F,1954,Deborah,3698
OH,F,1954,Linda,3037
OH,F,1954,Susan,2770
OH,F,1954,Patricia,2680
OH,F,1954,Debra,2532
OH,F,1954,Barbara,2199
OH,F,1954,Karen,2187
OH,F,1954,Pamela,2039
OH,F,1954,Cynthia,1840
OH,F,1955,Deborah,3589
OH,F,1955,Mary,3559
OH,F,1955,Linda,2858
OH,F,1955,Debra,2841
OH,F,1955,Susan,2696
OH,F,1955,Patricia,2429
OH,F,1955,Karen,2210
OH,F,1955,Barbara,1937
OH,F,1955,Pamela,1922
OH,F,1955,Cynthia,1722
OH,F,1956,Mary,3471
OH,F,1956,Deborah,3215
OH,F,1956,Karen,2708
OH,F,1956,Linda,2657
OH,F,1956,Debra,2641
OH,F,1956,Susan,2594
OH,F,1956,Patricia,2261
OH,F,1956,Cynthia,2047
OH,F,1956,Pamela,2013
OH,F,1956,Barbara,1986
OH,F,1957,Mary,3454
OH,F,1957,Karen,2688
OH,F,1957,Deborah,2682
OH,F,1957,Susan,2596
OH,F,1957,Linda,2511
OH,F,1957,Cynthia,2413
OH,F,1957,Debra,2264
OH,F,1957,Patricia,2068
OH,F,1957,Pamela,1809
OH,F,1957,Barbara,1727
OH,F,1958,Mary,3088
OH,F,1958,Karen,2428
OH,F,1958,Linda,2364
OH,F,1958,Susan,2364
OH,F,1958,Deborah,1989
OH,F,1958,Patricia,1924
OH,F,1958,Debra,1884
OH,F,1958,Pamela,1742
OH,F,1958,Cynthia,1715
OH,F,1958,Cheryl,1686
OH,F,1959,Mary,3053
OH,F,1959,Karen,2270
OH,F,1959,Linda,2247
OH,F,1959,Susan,2229
OH,F,1959,Patricia,1814
OH,F,1959,Deborah,1803
OH,F,1959,Pamela,1716
OH,F,1959,Cynthia,1685
OH,F,1959,Debra,1602
OH,F,1959,Lisa,1578
OH,F,1960,Mary,2904
OH,F,1960,Karen,2195
OH,F,1960,Susan,2095
OH,F,1960,Lisa,2068
OH,F,1960,Linda,1992
OH,F,1960,Kimberly,1756
OH,F,1960,Brenda,1551
OH,F,1960,Patricia,1537
OH,F,1960,Deborah,1502
OH,F,1960,Pamela,1471
OH,F,1961,Mary,2568
OH,F,1961,Lisa,2403
OH,F,1961,Karen,2120
OH,F,1961,Susan,2008
OH,F,1961,Linda,1843
OH,F,1961,Kimberly,1720
OH,F,1961,Patricia,1480
OH,F,1961,Deborah,1458
OH,F,1961,Pamela,1452
OH,F,1961,Brenda,1402
OH,F,1962,Lisa,2565
OH,F,1962,Mary,2435
OH,F,1962,Karen,2071
OH,F,1962,Susan,1857
OH,F,1962,Kimberly,1833
OH,F,1962,Linda,1578
OH,F,1962,Lori,1374
OH,F,1962,Pamela,1316
OH,F,1962,Deborah,1295
OH,F,1962,Patricia,1282
OH,F,1963,Lisa,3225
OH,F,1963,Mary,2285
OH,F,1963,Karen,1831
OH,F,1963,Susan,1801
OH,F,1963,Kimberly,1734
OH,F,1963,Lori,1517
OH,F,1963,Linda,1416
OH,F,1963,Tammy,1269
OH,F,1963,Pamela,1200
OH,F,1963,Deborah,1176
OH,F,1964,Lisa,3164
OH,F,1964,Mary,2245
OH,F,1964,Kimberly,1949
OH,F,1964,Karen,1726
OH,F,1964,Susan,1719
OH,F,1964,Lori,1302
OH,F,1964,Patricia,1288
OH,F,1964,Linda,1238
OH,F,1964,Laura,1164
OH,F,1964,Tammy,1130
OH,F,1965,Lisa,3524
OH,F,1965,Kimberly,2248
OH,F,1965,Mary,1881
OH,F,1965,Karen,1778
OH,F,1965,Susan,1411
OH,F,1965,Jennifer,1133
OH,F,1965,Patricia,1126
OH,F,1965,Lori,1100
OH,F,1965,Tammy,1086
OH,F,1965,Amy,1075
OH,F,1966,Lisa,3325
OH,F,1966,Kimberly,2312
OH,F,1966,Michelle,1815
OH,F,1966,Mary,1638
OH,F,1966,Karen,1370
OH,F,1966,Susan,1313
OH,F,1966,Jennifer,1272
OH,F,1966,Tammy,1167
OH,F,1966,Amy,1156
OH,F,1966,Julie,1086
OH,F,1967,Lisa,3164
OH,F,1967,Kimberly,2303
OH,F,1967,Michelle,1903
OH,F,1967,Mary,1405
OH,F,1967,Amy,1350
OH,F,1967,Melissa,1345
OH,F,1967,Susan,1238
OH,F,1967,Jennifer,1207
OH,F,1967,Angela,1181
OH,F,1967,Karen,1161
OH,F,1968,Lisa,2866
OH,F,1968,Michelle,2108
OH,F,1968,Kimberly,2086
OH,F,1968,Jennifer,1657
OH,F,1968,Melissa,1630
OH,F,1968,Amy,1437
OH,F,1968,Angela,1318
OH,F,1968,Kelly,1313
OH,F,1968,Mary,1177
OH,F,1968,Susan,1111
OH,F,1969,Lisa,2622
OH,F,1969,Michelle,2211
OH,F,1969,Jennifer,2065
OH,F,1969,Kimberly,2040
OH,F,1969,Amy,1723
OH,F,1969,Melissa,1711
OH,F,1969,Angela,1367
OH,F,1969,Kelly,1229
OH,F,1969,Julie,1146
OH,F,1969,Mary,1128
OH,F,1970,Jennifer,2858
OH,F,1970,Michelle,2313
OH,F,1970,Lisa,2268
OH,F,1970,Amy,2054
OH,F,1970,Kimberly,1995
OH,F,1970,Angela,1729
OH,F,1970,Melissa,1717
OH,F,1970,Tracy,1269
OH,F,1970,Julie,1237
OH,F,1970,Tammy,1177
OH,F,1971,Jennifer,3360
OH,F,1971,Michelle,2312
OH,F,1971,Amy,1966
OH,F,1971,Lisa,1939
OH,F,1971,Kimberly,1802
OH,F,1971,Angela,1757
OH,F,1971,Melissa,1725
OH,F,1971,Julie,1093
OH,F,1971,Heather,1037
OH,F,1971,Tracy,1027
OH,F,1972,Jennifer,3578
OH,F,1972,Michelle,2013
OH,F,1972,Amy,1809
OH,F,1972,Lisa,1655
OH,F,1972,Melissa,1586
OH,F,1972,Angela,1575
OH,F,1972,Kimberly,1474
OH,F,1972,Heather,1184
OH,F,1972,Nicole,1060
OH,F,1972,Julie,1009
OH,F,1973,Jennifer,3544
OH,F,1973,Amy,1915
OH,F,1973,Michelle,1772
OH,F,1973,Melissa,1490
OH,F,1973,Heather,1384
OH,F,1973,Angela,1377
OH,F,1973,Lisa,1346
OH,F,1973,Kimberly,1331
OH,F,1973,Rebecca,925
OH,F,1973,Stephanie,879
OH,F,1974,Jennifer,3449
OH,F,1974,Amy,2008
OH,F,1974,Michelle,1669
OH,F,1974,Angela,1646
OH,F,1974,Heather,1589
OH,F,1974,Melissa,1383
OH,F,1974,Kimberly,1250
OH,F,1974,Lisa,1210
OH,F,1974,Stephanie,873
OH,F,1974,Nicole,847
OH,F,1975,Jennifer,3197
OH,F,1975,Amy,2068
OH,F,1975,Heather,1743
OH,F,1975,Angela,1694
OH,F,1975,Melissa,1464
OH,F,1975,Michelle,1435
OH,F,1975,Kimberly,1118
OH,F,1975,Lisa,1080
OH,F,1975,Nicole,908
OH,F,1975,Amanda,857
OH,F,1976,Jennifer,3234
OH,F,1976,Amy,2039
OH,F,1976,Heather,1602
OH,F,1976,Angela,1567
OH,F,1976,Melissa,1391
OH,F,1976,Michelle,1123
OH,F,1976,Lisa,999
OH,F,1976,Kimberly,970
OH,F,1976,Amanda,948
OH,F,1976,Christina,884
OH,F,1977,Jennifer,3096
OH,F,1977,Amy,1712
OH,F,1977,Melissa,1546
OH,F,1977,Heather,1427
OH,F,1977,Angela,1405
OH,F,1977,Kelly,1223
OH,F,1977,Jessica,1204
OH,F,1977,Michelle,1150
OH,F,1977,Amanda,1140
OH,F,1977,Sarah,1032
OH,F,1978,Jennifer,3039
OH,F,1978,Melissa,1599
OH,F,1978,Amy,1510
OH,F,1978,Angela,1415
OH,F,1978,Amanda,1358
OH,F,1978,Heather,1335
OH,F,1978,Jessica,1221
OH,F,1978,Sarah,1216
OH,F,1978,Kelly,1125
OH,F,1978,Michelle,1045
OH,F,1979,Jennifer,3021
OH,F,1979,Amanda,2094
OH,F,1979,Melissa,1732
OH,F,1979,Amy,1428
OH,F,1979,Jessica,1369
OH,F,1979,Angela,1330
OH,F,1979,Heather,1273
OH,F,1979,Sarah,1263
OH,F,1979,Nicole,1119
OH,F,1979,Michelle,1109
OH,F,1980,Jennifer,3093
OH,F,1980,Amanda,2268
OH,F,1980,Melissa,1672
OH,F,1980,Jessica,1661
OH,F,1980,Sarah,1648
OH,F,1980,Amy,1208
OH,F,1980,Angela,1203
OH,F,1980,Heather,1171
OH,F,1980,Nicole,1119
OH,F,1980,Elizabeth,1067
OH,F,1981,Jennifer,3066
OH,F,1981,Jessica,2187
OH,F,1981,Amanda,2133
OH,F,1981,Sarah,1797
OH,F,1981,Melissa,1424
OH,F,1981,Amy,1138
OH,F,1981,Nicole,1112
OH,F,1981,Stephanie,1105
OH,F,1981,Elizabeth,1052
OH,F,1981,Heather,1043
OH,F,1982,Jennifer,2928
OH,F,1982,Jessica,2253
OH,F,1982,Amanda,1978
OH,F,1982,Sarah,1758
OH,F,1982,Melissa,1152
OH,F,1982,Stephanie,1126
OH,F,1982,Nicole,1109
OH,F,1982,Amy,1076
OH,F,1982,Heather,1023
OH,F,1982,Elizabeth,989
OH,F,1983,Jennifer,2588
OH,F,1983,Jessica,2308
OH,F,1983,Amanda,1947
OH,F,1983,Ashley,1885
OH,F,1983,Sarah,1778
OH,F,1983,Nicole,1124
OH,F,1983,Heather,1121
OH,F,1983,Stephanie,1101
OH,F,1983,Melissa,1052
OH,F,1983,Elizabeth,1006
OH,F,1984,Ashley,2266
OH,F,1984,Jennifer,2261
OH,F,1984,Jessica,2188
OH,F,1984,Amanda,1889
OH,F,1984,Sarah,1633
OH,F,1984,Heather,1181
OH,F,1984,Stephanie,1145
OH,F,1984,Nicole,1128
OH,F,1984,Elizabeth,1078
OH,F,1984,Megan,989
OH,F,1985,Ashley,2629
OH,F,1985,Jessica,2386
OH,F,1985,Amanda,2071
OH,F,1985,Jennifer,1915
OH,F,1985,Sarah,1452
OH,F,1985,Megan,1180
OH,F,1985,Stephanie,1142
OH,F,1985,Heather,1111
OH,F,1985,Nicole,1106
OH,F,1985,Elizabeth,1013
OH,F,1986,Ashley,2643
OH,F,1986,Jessica,2525
OH,F,1986,Amanda,2221
OH,F,1986,Jennifer,1699
OH,F,1986,Sarah,1549
OH,F,1986,Brittany,1278
OH,F,1986,Megan,1143
OH,F,1986,Heather,1041
OH,F,1986,Stephanie,1040
OH,F,1986,Amber,1001
OH,F,1987,Ashley,2975
OH,F,1987,Jessica,2590
OH,F,1987,Amanda,2292
OH,F,1987,Sarah,1630
OH,F,1987,Brittany,1402
OH,F,1987,Jennifer,1398
OH,F,1987,Stephanie,1001
OH,F,1987,Megan,960
OH,F,1987,Amber,944
OH,F,1987,Heather,940
OH,F,1988,Ashley,2602
OH,F,1988,Jessica,2341
OH,F,1988,Amanda,1997
OH,F,1988,Brittany,1632
OH,F,1988,Sarah,1535
OH,F,1988,Jennifer,1184
OH,F,1988,Megan,1112
OH,F,1988,Samantha,975
OH,F,1988,Emily,963
OH,F,1988,Elizabeth,958
OH,F,1989,Ashley,2377
OH,F,1989,Brittany,2133
OH,F,1989,Jessica,2056
OH,F,1989,Amanda,1866
OH,F,1989,Sarah,1411
OH,F,1989,Megan,1167
OH,F,1989,Samantha,1165
OH,F,1989,Emily,1025
OH,F,1989,Jennifer,1012
OH,F,1989,Lauren,991
OH,F,1990,Ashley,2317
OH,F,1990,Brittany,2127
OH,F,1990,Jessica,2102
OH,F,1990,Amanda,1677
OH,F,1990,Sarah,1411
OH,F,1990,Megan,1267
OH,F,1990,Samantha,1259
OH,F,1990,Emily,1079
OH,F,1990,Stephanie,915
OH,F,1990,Jennifer,911
OH,F,1991,Ashley,2213
OH,F,1991,Jessica,1890
OH,F,1991,Brittany,1640
OH,F,1991,Sarah,1342
OH,F,1991,Amanda,1334
OH,F,1991,Samantha,1214
OH,F,1991,Emily,1174
OH,F,1991,Megan,1102
OH,F,1991,Kayla,988
OH,F,1991,Elizabeth,928
OH,F,1992,Ashley,1815
OH,F,1992,Jessica,1566
OH,F,1992,Brittany,1409
OH,F,1992,Sarah,1238
OH,F,1992,Emily,1232
OH,F,1992,Samantha,1199
OH,F,1992,Amanda,1095
OH,F,1992,Megan,1038
OH,F,1992,Chelsea,919
OH,F,1992,Elizabeth,887
OH,F,1993,Ashley,1610
OH,F,1993,Jessica,1419
OH,F,1993,Emily,1292
OH,F,1993,Taylor,1258
OH,F,1993,Sarah,1242
OH,F,1993,Brittany,1170
OH,F,1993,Samantha,1140
OH,F,1993,Megan,1004
OH,F,1993,Amanda,938
OH,F,1993,Kayla,857
OH,F,1994,Ashley,1372
OH,F,1994,Emily,1342
OH,F,1994,Jessica,1289
OH,F,1994,Taylor,1254
OH,F,1994,Sarah,1093
OH,F,1994,Samantha,1091
OH,F,1994,Brittany,1061
OH,F,1994,Megan,953
OH,F,1994,Kayla,922
OH,F,1994,Rachel,845
OH,F,1995,Emily,1309
OH,F,1995,Taylor,1292
OH,F,1995,Ashley,1130
OH,F,1995,Jessica,1107
OH,F,1995,Samantha,1048
OH,F,1995,Sarah,1029
OH,F,1995,Hannah,995
OH,F,1995,Kayla,888
OH,F,1995,Brittany,885
OH,F,1995,Megan,872
OH,F,1996,Emily,1290
OH,F,1996,Taylor,1138
OH,F,1996,Ashley,1019
OH,F,1996,Sarah,1018
OH,F,1996,Hannah,1017
OH,F,1996,Samantha,970
OH,F,1996,Megan,881
OH,F,1996,Jessica,866
OH,F,1996,Rachel,864
OH,F,1996,Alexis,825
OH,F,1997,Emily,1293
OH,F,1997,Taylor,1161
OH,F,1997,Hannah,1124
OH,F,1997,Samantha,923
OH,F,1997,Sarah,918
OH,F,1997,Ashley,883
OH,F,1997,Alexis,879
OH,F,1997,Jessica,841
OH,F,1997,Megan,825
OH,F,1997,Madison,780
OH,F,1998,Emily,1194
OH,F,1998,Taylor,1141
OH,F,1998,Hannah,1120
OH,F,1998,Alexis,1019
OH,F,1998,Madison,930
OH,F,1998,Samantha,915
OH,F,1998,Sarah,888
OH,F,1998,Ashley,753
OH,F,1998,Megan,714
OH,F,1998,Elizabeth,709
OH,F,1999,Hannah,1189
OH,F,1999,Emily,1167
OH,F,1999,Alexis,1007
OH,F,1999,Madison,992
OH,F,1999,Taylor,942
OH,F,1999,Sarah,859
OH,F,1999,Abigail,719
OH,F,1999,Samantha,717
OH,F,1999,Olivia,691
OH,F,1999,Ashley,668
OH,F,2000,Hannah,1191
OH,F,2000,Emily,1127
OH,F,2000,Madison,1104
OH,F,2000,Alexis,974
OH,F,2000,Taylor,837
OH,F,2000,Olivia,769
OH,F,2000,Sarah,755
OH,F,2000,Abigail,751
OH,F,2000,Samantha,694
OH,F,2000,Lauren,675
OH,F,2001,Madison,1252
OH,F,2001,Hannah,1086
OH,F,2001,Emily,1075
OH,F,2001,Alexis,878
OH,F,2001,Abigail,824
OH,F,2001,Olivia,821
OH,F,2001,Taylor,723
OH,F,2001,Elizabeth,707
OH,F,2001,Grace,692
OH,F,2001,Emma,679
OH,F,2002,Madison,1211
OH,F,2002,Hannah,992
OH,F,2002,Emily,959
OH,F,2002,Alexis,875
OH,F,2002,Emma,852
OH,F,2002,Olivia,851
OH,F,2002,Abigail,765
OH,F,2002,Elizabeth,679
OH,F,2002,Taylor,666
OH,F,2002,Grace,642
OH,F,2003,Emma,1179
OH,F,2003,Madison,1020
OH,F,2003,Emily,1009
OH,F,2003,Olivia,863
OH,F,2003,Hannah,851
OH,F,2003,Abigail,833
OH,F,2003,Grace,720
OH,F,2003,Alexis,714
OH,F,2003,Elizabeth,569
OH,F,2003,Sarah,546
OH,F,2004,Emma,1056
OH,F,2004,Madison,1031
OH,F,2004,Emily,919
OH,F,2004,Olivia,884
OH,F,2004,Hannah,771
OH,F,2004,Abigail,732
OH,F,2004,Grace,693
OH,F,2004,Alexis,657
OH,F,2004,Elizabeth,567
OH,F,2004,Isabella,548
OH,F,2005,Emma,1057
OH,F,2005,Madison,918
OH,F,2005,Olivia,851
OH,F,2005,Emily,845
OH,F,2005,Ava,709
OH,F,2005,Hannah,701
OH,F,2005,Abigail,682
OH,F,2005,Alexis,621
OH,F,2005,Grace,606
OH,F,2005,Isabella,569
OH,F,2006,Emma,912
OH,F,2006,Madison,869
OH,F,2006,Ava,813
OH,F,2006,Olivia,794
OH,F,2006,Emily,741
OH,F,2006,Abigail,707
OH,F,2006,Hannah,680
OH,F,2006,Grace,614
OH,F,2006,Isabella,609
OH,F,2006,Sophia,552
OH,F,2007,Ava,913
OH,F,2007,Madison,838
OH,F,2007,Olivia,832
OH,F,2007,Emma,774
OH,F,2007,Isabella,694
OH,F,2007,Abigail,653
OH,F,2007,Addison,640
OH,F,2007,Sophia,620
OH,F,2007,Hannah,612
OH,F,2007,Emily,584
OH,F,2008,Ava,867
OH,F,2008,Olivia,824
OH,F,2008,Emma,809
OH,F,2008,Madison,761
OH,F,2008,Isabella,672
OH,F,2008,Abigail,589
OH,F,2008,Sophia,589
OH,F,2008,Addison,582
OH,F,2008,Emily,522
OH,F,2008,Chloe,491
OH,F,2009,Isabella,838
OH,F,2009,Emma,813
OH,F,2009,Olivia,795
OH,F,2009,Ava,781
OH,F,2009,Madison,677
OH,F,2009,Sophia,612
OH,F,2009,Addison,582
OH,F,2009,Abigail,573
OH,F,2009,Chloe,497
OH,F,2009,Ella,473
OH,F,2010,Isabella,792
OH,F,2010,Olivia,764
OH,F,2010,Ava,762
OH,F,2010,Emma,761
OH,F,2010,Sophia,750
OH,F,2010,Addison,575
OH,F,2010,Madison,557
OH,F,2010,Abigail,537
OH,F,2010,Ella,460
OH,F,2010,Lillian,454
OH,F,2011,Emma,789
OH,F,2011,Sophia,779
OH,F,2011,Ava,745
OH,F,2011,Olivia,725
OH,F,2011,Isabella,653
OH,F,2011,Madison,500
OH,F,2011,Abigail,483
OH,F,2011,Addison,475
OH,F,2011,Chloe,451
OH,F,2011,Lillian,434
OH,F,2012,Sophia,839
OH,F,2012,Emma,824
OH,F,2012,Ava,780
OH,F,2012,Olivia,639
OH,F,2012,Isabella,607
OH,F,2012,Lillian,448
OH,F,2012,Addison,438
OH,F,2012,Madison,427
OH,F,2012,Ella,423
OH,F,2012,Abigail,422
OH,F,2013,Emma,814
OH,F,2013,Sophia,793
OH,F,2013,Ava,721
OH,F,2013,Olivia,660
OH,F,2013,Isabella,551
OH,F,2013,Abigail,465
OH,F,2013,Lillian,440
OH,F,2013,Harper,428
OH,F,2013,Avery,415
OH,F,2013,Addison,412
OH,F,2014,Emma,825
OH,F,2014,Olivia,729
OH,F,2014,Ava,680
OH,F,2014,Sophia,611
OH,F,2014,Isabella,524
OH,F,2014,Harper,486
OH,F,2014,Avery,451
OH,F,2014,Lillian,435
OH,F,2014,Abigail,411
OH,F,2014,Charlotte,391
OH,F,2015,Emma,723
OH,F,2015,Ava,713
OH,F,2015,Olivia,694
OH,F,2015,Sophia,542
OH,F,2015,Harper,514
OH,F,2015,Isabella,496
OH,F,2015,Evelyn,462
OH,F,2015,Charlotte,437
OH,F,2015,Avery,412
OH,F,2015,Amelia,409
OH,F,2016,Emma,680
OH,F,2016,Ava,672
OH,F,2016,Olivia,659
OH,F,2016,Charlotte,543
OH,F,2016,Harper,531
OH,F,2016,Sophia,453
OH,F,2016,Evelyn,439
OH,F,2016,Amelia,435
OH,F,2016,Isabella,424
OH,F,2016,Avery,404
OH,F,2017,Emma,673
OH,F,2017,Ava,665
OH,F,2017,Olivia,625
OH,F,2017,Harper,561
OH,F,2017,Charlotte,525
OH,F,2017,Amelia,491
OH,F,2017,Isabella,473
OH,F,2017,Sophia,469
OH,F,2017,Evelyn,453
OH,F,2017,Avery,364
OH,F,2018,Ava,635
OH,F,2018,Emma,613
OH,F,2018,Olivia,606
OH,F,2018,Amelia,552
OH,F,2018,Harper,537
OH,F,2018,Charlotte,512
OH,F,2018,Sophia,459
OH,F,2018,Evelyn,452
OH,F,2018,Isabella,397
OH,F,2018,Avery,343
OH,F,2019,Olivia,609
OH,F,2019,Ava,594
OH,F,2019,Charlotte,538
OH,F,2019,Emma,534
OH,F,2019,Harper,520
OH,F,2019,Amelia,506
OH,F,2019,Sophia,444
OH,F,2019,Evelyn,441
OH,F,2019,Isabella,397
OH,F,2019,Nora,339
OH,M,1920,Robert,3860
OH,M,1920,John,2862
OH,M,1920,William,2777
OH,M,1920,James,1957
OH,M,1920,Charles,1764
OH,M,1920,George,1316
OH,M,1920,Richard,1299
OH,M,1920,Joseph,1134
OH,M,1920,Paul,1132
OH,M,1920,Edward,1051
OH,M,1921,Robert,4246
OH,M,1921,John,3010
OH,M,1921,William,2839
OH,M,1921,James,2009
OH,M,1921,Charles,1888
OH,M,1921,Richard,1520
OH,M,1921,George,1433
OH,M,1921,Joseph,1297
OH,M,1921,Paul,1173
OH,M,1921,Edward,1141
OH,M,1922,Robert,4080
OH,M,1922,John,2961
OH,M,1922,William,2657
OH,M,1922,James,2096
OH,M,1922,Charles,1749
OH,M,1922,Richard,1575
OH,M,1922,George,1368
OH,M,1922,Donald,1282
OH,M,1922,Paul,1139
OH,M,1922,Joseph,1128
OH,M,1923,Robert,4264
OH,M,1923,John,2986
OH,M,1923,William,2909
OH,M,1923,James,2141
OH,M,1923,Charles,1855
OH,M,1923,Richard,1774
OH,M,1923,George,1442
OH,M,1923,Donald,1373
OH,M,1923,Joseph,1218
OH,M,1923,Paul,1177
OH,M,1924,Robert,4436
OH,M,1924,John,3145
OH,M,1924,William,3076
OH,M,1924,James,2347
OH,M,1924,Charles,1902
OH,M,1924,Richard,1886
OH,M,1924,Donald,1467
OH,M,1924,George,1386
OH,M,1924,Joseph,1190
OH,M,1924,Paul,1130
OH,M,1925,Robert,4428
OH,M,1925,William,3005
OH,M,1925,John,2943
OH,M,1925,James,2391
OH,M,1925,Richard,2090
OH,M,1925,Charles,1831
OH,M,1925,Donald,1604
OH,M,1925,George,1305
OH,M,1925,Paul,1278
OH,M,1925,Edward,1107
OH,M,1926,Robert,4262
OH,M,1926,William,2893
OH,M,1926,John,2829
OH,M,1926,James,2492
OH,M,1926,Richard,2221
OH,M,1926,Charles,1815
OH,M,1926,Donald,1696
OH,M,1926,George,1345
OH,M,1926,Paul,1163
OH,M,1926,Edward,1051
OH,M,1927,Robert,4272
OH,M,1927,William,3086
OH,M,1927,John,2840
OH,M,1927,James,2593
OH,M,1927,Richard,2364
OH,M,1927,Donald,1962
OH,M,1927,Charles,1859
OH,M,1927,George,1262
OH,M,1927,Paul,1137
OH,M,1927,Joseph,1032
OH,M,1928,Robert,4221
OH,M,1928,William,2834
OH,M,1928,John,2752
OH,M,1928,James,2643
OH,M,1928,Richard,2520
OH,M,1928,Donald,2066
OH,M,1928,Charles,1900
OH,M,1928,Paul,1148
OH,M,1928,George,1129
OH,M,1928,Joseph,962
OH,M,1929,Robert,3911
OH,M,1929,William,2763
OH,M,1929,James,2744
OH,M,1929,John,2742
OH,M,1929,Richard,2523
OH,M,1929,Donald,2168
OH,M,1929,Charles,1749
OH,M,1929,George,1133
OH,M,1929,Paul,1048
OH,M,1929,Thomas,956
OH,M,1930,Robert,3941
OH,M,1930,James,2848
OH,M,1930,Richard,2690
OH,M,1930,William,2681
OH,M,1930,John,2675
OH,M,1930,Donald,2253
OH,M,1930,Charles,1823
OH,M,1930,George,1113
OH,M,1930,Paul,1110
OH,M,1930,Thomas,1002
OH,M,1931,Robert,3737
OH,M,1931,Richard,2646
OH,M,1931,James,2599
OH,M,1931,William,2501
OH,M,1931,John,2425
OH,M,1931,Donald,2121
OH,M,1931,Charles,1603
OH,M,1931,Thomas,999
OH,M,1931,Paul,984
OH,M,1931,George,982
OH,M,1932,Robert,3383
OH,M,1932,James,2558
OH,M,1932,Richard,2479
OH,M,1932,John,2382
OH,M,1932,William,2167
OH,M,1932,Donald,2095
OH,M,1932,Charles,1679
OH,M,1932,Thomas,964
OH,M,1932,Paul,896
OH,M,1932,George,891
OH,M,1933,Robert,3091
OH,M,1933,James,2553
OH,M,1933,Richard,2351
OH,M,1933,John,2151
OH,M,1933,William,2051
OH,M,1933,Donald,1882
OH,M,1933,Charles,1506
OH,M,1933,Thomas,965
OH,M,1933,Paul,891
OH,M,1933,Ronald,855
OH,M,1934,Robert,3219
OH,M,1934,James,2789
OH,M,1934,John,2349
OH,M,1934,Richard,2283
OH,M,1934,William,2100
OH,M,1934,Donald,2036
OH,M,1934,Charles,1605
OH,M,1934,Ronald,1148
OH,M,1934,Thomas,1073
OH,M,1934,David,913
OH,M,1935,Robert,3260
OH,M,1935,James,2812
OH,M,1935,Richard,2407
OH,M,1935,John,2380
OH,M,1935,William,2115
OH,M,1935,Donald,1982
OH,M,1935,Charles,1474
OH,M,1935,Ronald,1341
OH,M,1935,David,1112
OH,M,1935,Thomas,1046
OH,M,1936,Robert,3518
OH,M,1936,James,2922
OH,M,1936,John,2492
OH,M,1936,Richard,2328
OH,M,1936,William,2153
OH,M,1936,Donald,1843
OH,M,1936,Charles,1594
OH,M,1936,Ronald,1348
OH,M,1936,David,1262
OH,M,1936,Thomas,1116
OH,M,1937,Robert,3520
OH,M,1937,James,3025
OH,M,1937,John,2649
OH,M,1937,Richard,2255
OH,M,1937,William,2196
OH,M,1937,Donald,1816
OH,M,1937,Charles,1605
OH,M,1937,David,1525
OH,M,1937,Ronald,1439
OH,M,1937,Thomas,1328
OH,M,1938,Robert,3811
OH,M,1938,James,3197
OH,M,1938,John,2625
OH,M,1938,William,2389
OH,M,1938,Richard,2336
OH,M,1938,Charles,1763
OH,M,1938,David,1691
OH,M,1938,Donald,1667
OH,M,1938,Ronald,1604
OH,M,1938,Thomas,1488
OH,M,1939,Robert,3459
OH,M,1939,James,3175
OH,M,1939,John,2544
OH,M,1939,William,2303
OH,M,1939,Richard,2211
OH,M,1939,David,1870
OH,M,1939,Charles,1577
OH,M,1939,Thomas,1561
OH,M,1939,Ronald,1531
OH,M,1939,Donald,1422
OH,M,1940,Robert,3442
OH,M,1940,James,3289
OH,M,1940,John,2924
OH,M,1940,William,2408
OH,M,1940,Richard,2325
OH,M,1940,David,1961
OH,M,1940,Charles,1585
OH,M,1940,Thomas,1541
OH,M,1940,Ronald,1485
OH,M,1940,Donald,1424
OH,M,1941,James,3675
OH,M,1941,Robert,3661
OH,M,1941,John,3127
OH,M,1941,William,2627
OH,M,1941,Richard,2395
OH,M,1941,David,2334
OH,M,1941,Thomas,1745
OH,M,1941,Ronald,1709
OH,M,1941,Charles,1700
OH,M,1941,Larry,1512
OH,M,1942,James,4296
OH,M,1942,Robert,4134
OH,M,1942,John,3619
OH,M,1942,William,3102
OH,M,1942,Richard,2659
OH,M,1942,David,2549
OH,M,1942,Thomas,2216
OH,M,1942,Charles,1938
OH,M,1942,Ronald,1913
OH,M,1942,Larry,1627
OH,M,1943,James,4290
OH,M,1943,Robert,4221
OH,M,1943,John,3619
OH,M,1943,William,3053
OH,M,1943,Richard,2794
OH,M,1943,David,2598
OH,M,1943,Thomas,2211
OH,M,1943,Charles,1874
OH,M,1943,Ronald,1866
OH,M,1943,Larry,1555
OH,M,1944,James,4062
OH,M,1944,Robert,3947
OH,M,1944,John,3443
OH,M,1944,William,2788
OH,M,1944,Richard,2538
OH,M,1944,David,2390
OH,M,1944,Thomas,2062
OH,M,1944,Charles,1767
OH,M,1944,Ronald,1554
OH,M,1944,Donald,1480
OH,M,1945,James,3974
OH,M,1945,Robert,3782
OH,M,1945,John,3561
OH,M,1945,William,2694
OH,M,1945,Richard,2566
OH,M,1945,David,2468
OH,M,1945,Thomas,2134
OH,M,1945,Michael,1762
OH,M,1945,Charles,1644
OH,M,1945,Ronald,1479
OH,M,1946,James,4965
OH,M,1946,Robert,4872
OH,M,1946,John,4402
OH,M,1946,Richard,3532
OH,M,1946,William,3357
OH,M,1946,David,3275
OH,M,1946,Thomas,2693
OH,M,1946,Michael,2530
OH,M,1946,Ronald,2039
OH,M,1946,Charles,1993
OH,M,1947,Robert,5427
OH,M,1947,James,5312
OH,M,1947,John,5257
OH,M,1947,David,4144
OH,M,1947,William,3882
OH,M,1947,Richard,3750
OH,M,1947,Michael,3231
OH,M,1947,Thomas,3116
OH,M,1947,Ronald,2189
OH,M,1947,Gary,2170
OH,M,1948,James,5011
OH,M,1948,Robert,4979
OH,M,1948,John,4714
OH,M,1948,David,3886
OH,M,1948,William,3549
OH,M,1948,Michael,3339
OH,M,1948,Thomas,3108
OH,M,1948,Richard,3100
OH,M,1948,Ronald,2062
OH,M,1948,Charles,2027
OH,M,1949,James,4924
OH,M,1949,John,4820
OH,M,1949,Robert,4763
OH,M,1949,David,4040
OH,M,1949,Michael,3883
OH,M,1949,William,3593
OH,M,1949,Thomas,3282
OH,M,1949,Richard,3091
OH,M,1949,Charles,2216
OH,M,1949,Gary,1998
OH,M,1950,James,4812
OH,M,1950,Robert,4708
OH,M,1950,John,4589
OH,M,1950,Michael,4009
OH,M,1950,David,3998
OH,M,1950,William,3525
OH,M,1950,Thomas,3161
OH,M,1950,Richard,3141
OH,M,1950,Gary,2293
OH,M,1950,Charles,2103
OH,M,1951,Robert,5013
OH,M,1951,James,4984
OH,M,1951,John,4688
OH,M,1951,Michael,4424
OH,M,1951,David,4266
OH,M,1951,William,3646
OH,M,1951,Thomas,3284
OH,M,1951,Richard,3268
OH,M,1951,Gary,2582
OH,M,1951,Charles,2153
OH,M,1952,James,5064
OH,M,1952,Robert,4998
OH,M,1952,John,4834
OH,M,1952,Michael,4815
OH,M,1952,David,4650
OH,M,1952,Richard,3667
OH,M,1952,William,3573
OH,M,1952,Thomas,3362
OH,M,1952,Gary,2448
OH,M,1952,Charles,2128
OH,M,1953,Michael,4939
OH,M,1953,James,4921
OH,M,1953,Robert,4862
OH,M,1953,David,4689
OH,M,1953,John,4481
OH,M,1953,William,3617
OH,M,1953,Richard,3552
OH,M,1953,Thomas,3117
OH,M,1953,Gary,2379
OH,M,1953,Charles,2135
OH,M,1954,Michael,5361
OH,M,1954,James,5075
OH,M,1954,Robert,5019
OH,M,1954,David,5016
OH,M,1954,John,4645
OH,M,1954,William,3585
OH,M,1954,Richard,3551
OH,M,1954,Thomas,3278
OH,M,1954,Mark,2553
OH,M,1954,Gary,2339
OH,M,1955,David,5497
OH,M,1955,Michael,5172
OH,M,1955,James,5092
OH,M,1955,Robert,4687
OH,M,1955,John,4510
OH,M,1955,William,3496
OH,M,1955,Richard,3255
OH,M,1955,Thomas,3147
OH,M,1955,Mark,2890
OH,M,1955,Jeffrey,2236
OH,M,1956,Michael,5357
OH,M,1956,David,5284
OH,M,1956,James,5159
OH,M,1956,Robert,4942
OH,M,1956,John,4834
OH,M,1956,Mark,3637
OH,M,1956,William,3538
OH,M,1956,Richard,3316
OH,M,1956,Thomas,3067
OH,M,1956,Charles,2148
OH,M,1957,Michael,5435
OH,M,1957,David,5262
OH,M,1957,James,5013
OH,M,1957,Robert,4910
OH,M,1957,John,4654
OH,M,1957,Mark,3858
OH,M,1957,Richard,3305
OH,M,1957,William,3258
OH,M,1957,Thomas,2970
OH,M,1957,Jeffrey,2268
OH,M,1958,David,5143
OH,M,1958,Michael,5132
OH,M,1958,James,4574
OH,M,1958,John,4386
OH,M,1958,Robert,4361
OH,M,1958,Mark,3738
OH,M,1958,William,3154
OH,M,1958,Richard,3066
OH,M,1958,Thomas,2692
OH,M,1958,Timothy,2461
OH,M,1959,David,5092
OH,M,1959,James,4662
OH,M,1959,Michael,4660
OH,M,1959,John,4342
OH,M,1959,Robert,4187
OH,M,1959,Mark,4076
OH,M,1959,William,2890
OH,M,1959,Richard,2688
OH,M,1959,Thomas,2550
OH,M,1959,Timothy,2533
OH,M,1960,David,5290
OH,M,1960,Michael,4564
OH,M,1960,James,4533
OH,M,1960,John,4373
OH,M,1960,Robert,4042
OH,M,1960,Mark,4006
OH,M,1960,William,2754
OH,M,1960,Thomas,2511
OH,M,1960,Richard,2500
OH,M,1960,Jeffrey,2465
OH,M,1961,David,5177
OH,M,1961,Michael,4795
OH,M,1961,John,4496
OH,M,1961,James,4463
OH,M,1961,Robert,4135
OH,M,1961,Mark,3783
OH,M,1961,William,2645
OH,M,1961,Jeffrey,2559
OH,M,1961,Richard,2429
OH,M,1961,Thomas,2402
OH,M,1962,David,4925
OH,M,1962,Michael,4487
OH,M,1962,John,4331
OH,M,1962,James,4066
OH,M,1962,Robert,3894
OH,M,1962,Mark,3408
OH,M,1962,Jeffrey,2568
OH,M,1962,William,2382
OH,M,1962,Richard,2284
OH,M,1962,Thomas,2203
OH,M,1963,David,4705
OH,M,1963,Michael,4528
OH,M,1963,John,4257
OH,M,1963,James,4097
OH,M,1963,Robert,3913
OH,M,1963,Mark,3220
OH,M,1963,William,2391
OH,M,1963,Jeffrey,2369
OH,M,1963,Richard,2263
OH,M,1963,Thomas,2175
OH,M,1964,Michael,4574
OH,M,1964,David,4529
OH,M,1964,John,4514
OH,M,1964,James,4070
OH,M,1964,Robert,3811
OH,M,1964,Mark,3009
OH,M,1964,William,2337
OH,M,1964,Jeffrey,2283
OH,M,1964,Richard,2229
OH,M,1964,Thomas,2167
OH,M,1965,Michael,4294
OH,M,1965,David,4031
OH,M,1965,John,3953
OH,M,1965,James,3884
OH,M,1965,Robert,3613
OH,M,1965,Mark,2503
OH,M,1965,William,2158
OH,M,1965,Jeffrey,2154
OH,M,1965,Timothy,1990
OH,M,1965,Thomas,1940
OH,M,1966,Michael,4531
OH,M,1966,David,4006
OH,M,1966,James,3882
OH,M,1966,John,3624
OH,M,1966,Robert,3404
OH,M,1966,Mark,2251
OH,M,1966,William,2146
OH,M,1966,Jeffrey,2143
OH,M,1966,Timothy,2000
OH,M,1966,Brian,1910
OH,M,1967,Michael,4557
OH,M,1967,David,4133
OH,M,1967,James,3590
OH,M,1967,John,3468
OH,M,1967,Robert,3261
OH,M,1967,Mark,2197
OH,M,1967,William,2123
OH,M,1967,Brian,2019
OH,M,1967,Jeffrey,1967
OH,M,1967,Timothy,1895
OH,M,1968,Michael,4629
OH,M,1968,David,3998
OH,M,1968,James,3669
OH,M,1968,John,3456
OH,M,1968,Robert,3358
OH,M,1968,Mark,2189
OH,M,1968,Brian,2155
OH,M,1968,William,2069
OH,M,1968,Jeffrey,1964
OH,M,1968,Richard,1772
OH,M,1969,Michael,4757
OH,M,1969,David,3938
OH,M,1969,James,3545
OH,M,1969,Robert,3397
OH,M,1969,John,3322
OH,M,1969,Brian,2349
OH,M,1969,Mark,2187
OH,M,1969,William,2129
OH,M,1969,Christopher,1923
OH,M,1969,Jeffrey,1891
OH,M,1970,Michael,4914
OH,M,1970,David,3817
OH,M,1970,James,3748
OH,M,1970,Robert,3447
OH,M,1970,John,3314
OH,M,1970,Brian,2378
OH,M,1970,William,2313
OH,M,1970,Christopher,2301
OH,M,1970,Mark,2050
OH,M,1970,Jeffrey,1973
OH,M,1971,Michael,4374
OH,M,1971,James,3322
OH,M,1971,David,3213
OH,M,1971,Robert,3089
OH,M,1971,John,2977
OH,M,1971,Christopher,2712
OH,M,1971,Brian,2442
OH,M,1971,Scott,2247
OH,M,1971,William,2027
OH,M,1971,Jason,1826
OH,M,1972,Michael,3940
OH,M,1972,Christopher,2793
OH,M,1972,James,2739
OH,M,1972,David,2654
OH,M,1972,Robert,2548
OH,M,1972,Brian,2525
OH,M,1972,John,2445
OH,M,1972,Jason,2144
OH,M,1972,William,1755
OH,M,1972,Matthew,1686
OH,M,1973,Michael,3894
OH,M,1973,Jason,2818
OH,M,1973,James,2473
OH,M,1973,Brian,2405
OH,M,1973,Christopher,2389
OH,M,1973,David,2347
OH,M,1973,Robert,2161
OH,M,1973,John,2089
OH,M,1973,Matthew,1835
OH,M,1973,William,1548
OH,M,1974,Michael,3814
OH,M,1974,Jason,3572
OH,M,1974,James,2436
OH,M,1974,Christopher,2391
OH,M,1974,Brian,2366
OH,M,1974,David,2356
OH,M,1974,Robert,2147
OH,M,1974,John,2017
OH,M,1974,Matthew,1931
OH,M,1974,William,1511
OH,M,1975,Michael,3906
OH,M,1975,Jason,3300
OH,M,1975,Christopher,2381
OH,M,1975,James,2358
OH,M,1975,David,2140
OH,M,1975,Brian,2101
OH,M,1975,Robert,2031
OH,M,1975,Matthew,1965
OH,M,1975,John,1848
OH,M,1975,William,1459
OH,M,1976,Michael,3712
OH,M,1976,Jason,3319
OH,M,1976,Christopher,2115
OH,M,1976,James,2106
OH,M,1976,Brian,2071
OH,M,1976,David,2034
OH,M,1976,Matthew,2021
OH,M,1976,Robert,1891
OH,M,1976,John,1743
OH,M,1976,Joseph,1380
OH,M,1977,Michael,3643
OH,M,1977,Jason,3362
OH,M,1977,Christopher,2247
OH,M,1977,David,2242
OH,M,1977,James,2179
OH,M,1977,Brian,2079
OH,M,1977,Matthew,1999
OH,M,1977,Robert,1894
OH,M,1977,John,1710
OH,M,1977,Joseph,1567
OH,M,1978,Michael,3642
OH,M,1978,Jason,3062
OH,M,1978,Christopher,2291
OH,M,1978,Matthew,2239
OH,M,1978,James,2168
OH,M,1978,David,2140
OH,M,1978,Brian,1877
OH,M,1978,Robert,1777
OH,M,1978,John,1704
OH,M,1978,Joshua,1534
OH,M,1979,Michael,3773
OH,M,1979,Jason,3038
OH,M,1979,Matthew,2332
OH,M,1979,Christopher,2321
OH,M,1979,James,2124
OH,M,1979,David,2095
OH,M,1979,Robert,1896
OH,M,1979,Joshua,1829
OH,M,1979,Brian,1753
OH,M,1979,John,1726
OH,M,1980,Michael,3711
OH,M,1980,Jason,2695
OH,M,1980,Matthew,2321
OH,M,1980,Christopher,2177
OH,M,1980,David,2167
OH,M,1980,Joshua,2165
OH,M,1980,James,2087
OH,M,1980,Brian,1811
OH,M,1980,Robert,1796
OH,M,1980,John,1775
OH,M,1981,Michael,3610
OH,M,1981,Matthew,2634
OH,M,1981,Jason,2419
OH,M,1981,Christopher,2326
OH,M,1981,Joshua,2224
OH,M,1981,David,2073
OH,M,1981,James,1917
OH,M,1981,Robert,1866
OH,M,1981,Brian,1739
OH,M,1981,Joseph,1673
OH,M,1982,Michael,3528
OH,M,1982,Matthew,2694
OH,M,1982,Christopher,2671
OH,M,1982,Joshua,2219
OH,M,1982,Jason,2184
OH,M,1982,James,1967
OH,M,1982,David,1929
OH,M,1982,Robert,1775
OH,M,1982,Brian,1621
OH,M,1982,Joseph,1592
OH,M,1983,Michael,3290
OH,M,1983,Matthew,2774
OH,M,1983,Christopher,2472
OH,M,1983,Joshua,2091
OH,M,1983,David,1854
OH,M,1983,Jason,1790
OH,M,1983,James,1749
OH,M,1983,Robert,1550
OH,M,1983,Daniel,1543
OH,M,1983,Brian,1540
OH,M,1984,Michael,3241
OH,M,1984,Matthew,2711
OH,M,1984,Christopher,2555
OH,M,1984,Joshua,2248
OH,M,1984,David,1833
OH,M,1984,James,1696
OH,M,1984,Joseph,1597
OH,M,1984,Daniel,1572
OH,M,1984,Robert,1513
OH,M,1984,Ryan,1491
OH,M,1985,Michael,3019
OH,M,1985,Matthew,2499
OH,M,1985,Christopher,2485
OH,M,1985,Joshua,2285
OH,M,1985,David,1831
OH,M,1985,Daniel,1706
OH,M,1985,James,1638
OH,M,1985,Andrew,1637
OH,M,1985,Ryan,1626
OH,M,1985,Brandon,1589
OH,M,1986,Michael,3003
OH,M,1986,Matthew,2400
OH,M,1986,Christopher,2325
OH,M,1986,Joshua,2011
OH,M,1986,Andrew,1787
OH,M,1986,David,1684
OH,M,1986,Ryan,1633
OH,M,1986,James,1537
OH,M,1986,Daniel,1526
OH,M,1986,Robert,1474
OH,M,1987,Michael,2867
OH,M,1987,Matthew,2349
OH,M,1987,Christopher,2278
OH,M,1987,Joshua,2213
OH,M,1987,Andrew,1884
OH,M,1987,David,1702
OH,M,1987,James,1554
OH,M,1987,Justin,1515
OH,M,1987,Ryan,1515
OH,M,1987,Daniel,1507
OH,M,1988,Michael,2828
OH,M,1988,Joshua,2295
OH,M,1988,Matthew,2277
OH,M,1988,Christopher,2189
OH,M,1988,Andrew,1837
OH,M,1988,Justin,1629
OH,M,1988,David,1599
OH,M,1988,James,1553
OH,M,1988,Ryan,1491
OH,M,1988,Joseph,1464
OH,M,1989,Michael,2895
OH,M,1989,Matthew,2271
OH,M,1989,Joshua,2264
OH,M,1989,Christopher,2117
OH,M,1989,Andrew,1715
OH,M,1989,David,1578
OH,M,1989,Daniel,1475
OH,M,1989,Justin,1473
OH,M,1989,Nicholas,1452
OH,M,1989,James,1424
OH,M,1990,Michael,2935
OH,M,1990,Matthew,2197
OH,M,1990,Joshua,2117
OH,M,1990,Christopher,2081
OH,M,1990,Andrew,1684
OH,M,1990,Ryan,1577
OH,M,1990,James,1462
OH,M,1990,David,1424
OH,M,1990,Nicholas,1406
OH,M,1990,Robert,1381
OH,M,1991,Michael,2789
OH,M,1991,Joshua,2003
OH,M,1991,Matthew,1998
OH,M,1991,Christopher,1806
OH,M,1991,Andrew,1610
OH,M,1991,Tyler,1566
OH,M,1991,Joseph,1444
OH,M,1991,Nicholas,1439
OH,M,1991,Ryan,1405
OH,M,1991,James,1404
OH,M,1992,Michael,2430
OH,M,1992,Joshua,1763
OH,M,1992,Matthew,1750
OH,M,1992,Tyler,1727
OH,M,1992,Christopher,1682
OH,M,1992,Brandon,1604
OH,M,1992,Andrew,1539
OH,M,1992,Jacob,1476
OH,M,1992,Zachary,1444
OH,M,1992,Ryan,1373
OH,M,1993,Michael,2149
OH,M,1993,Tyler,1810
OH,M,1993,Matthew,1650
OH,M,1993,Jacob,1635
OH,M,1993,Brandon,1568
OH,M,1993,Joshua,1560
OH,M,1993,Zachary,1489
OH,M,1993,Christopher,1463
OH,M,1993,Nicholas,1427
OH,M,1993,Ryan,1280
OH,M,1994,Michael,1922
OH,M,1994,Jacob,1877
OH,M,1994,Tyler,1780
OH,M,1994,Brandon,1553
OH,M,1994,Matthew,1502
OH,M,1994,Nicholas,1434
OH,M,1994,Zachary,1426
OH,M,1994,Joshua,1393
OH,M,1994,Christopher,1317
OH,M,1994,Andrew,1306
OH,M,1995,Jacob,1973
OH,M,1995,Michael,1828
OH,M,1995,Tyler,1730
OH,M,1995,Austin,1501
OH,M,1995,Matthew,1490
OH,M,1995,Nicholas,1478
OH,M,1995,Brandon,1350
OH,M,1995,Andrew,1344
OH,M,1995,Zachary,1283
OH,M,1995,Joshua,1258
OH,M,1996,Jacob,1953
OH,M,1996,Michael,1660
OH,M,1996,Tyler,1546
OH,M,1996,Austin,1437
OH,M,1996,Matthew,1391
OH,M,1996,Nicholas,1391
OH,M,1996,Brandon,1293
OH,M,1996,Andrew,1264
OH,M,1996,Zachary,1222
OH,M,1996,Joshua,1219
OH,M,1997,Jacob,2042
OH,M,1997,Michael,1533
OH,M,1997,Austin,1485
OH,M,1997,Nicholas,1452
OH,M,1997,Tyler,1396
OH,M,1997,Andrew,1342
OH,M,1997,Matthew,1335
OH,M,1997,Brandon,1317
OH,M,1997,Zachary,1226
OH,M,1997,Joshua,1207
OH,M,1998,Jacob,2104
OH,M,1998,Michael,1557
OH,M,1998,Austin,1425
OH,M,1998,Nicholas,1309
OH,M,1998,Matthew,1281
OH,M,1998,Tyler,1240
OH,M,1998,Andrew,1170
OH,M,1998,Joshua,1139
OH,M,1998,Zachary,1089
OH,M,1998,Brandon,1062
OH,M,1999,Jacob,2056
OH,M,1999,Michael,1415
OH,M,1999,Austin,1345
OH,M,1999,Nicholas,1273
OH,M,1999,Tyler,1244
OH,M,1999,Matthew,1232
OH,M,1999,Andrew,1188
OH,M,1999,Zachary,1132
OH,M,1999,Joshua,1047
OH,M,1999,Brandon,1044
OH,M,2000,Jacob,1885
OH,M,2000,Michael,1371
OH,M,2000,Nicholas,1220
OH,M,2000,Tyler,1208
OH,M,2000,Andrew,1197
OH,M,2000,Matthew,1157
OH,M,2000,Joshua,1086
OH,M,2000,Zachary,1063
OH,M,2000,Joseph,1024
OH,M,2000,Austin,978
OH,M,2001,Jacob,1756
OH,M,2001,Michael,1205
OH,M,2001,Nicholas,1116
OH,M,2001,Andrew,1095
OH,M,2001,Joshua,1054
OH,M,2001,Matthew,1050
OH,M,2001,Tyler,991
OH,M,2001,Zachary,982
OH,M,2001,Austin,936
OH,M,2001,Joseph,913
OH,M,2002,Jacob,1587
OH,M,2002,Michael,1159
OH,M,2002,Andrew,1049
OH,M,2002,Joshua,1015
OH,M,2002,Ethan,993
OH,M,2002,Nicholas,993
OH,M,2002,Tyler,961
OH,M,2002,Matthew,956
OH,M,2002,Joseph,939
OH,M,2002,Zachary,882
OH,M,2003,Jacob,1480
OH,M,2003,Andrew,1076
OH,M,2003,Michael,1045
OH,M,2003,Ethan,992
OH,M,2003,Joshua,947
OH,M,2003,Nicholas,900
OH,M,2003,Joseph,893
OH,M,2003,Tyler,893
OH,M,2003,Matthew,864
OH,M,2003,Zachary,807
OH,M,2004,Jacob,1306
OH,M,2004,Ethan,1092
OH,M,2004,Andrew,1023
OH,M,2004,Michael,963
OH,M,2004,Matthew,893
OH,M,2004,Tyler,868
OH,M,2004,Joseph,849
OH,M,2004,Nicholas,829
OH,M,2004,Ryan,824
OH,M,2004,Joshua,814
OH,M,2005,Jacob,1187
OH,M,2005,Andrew,999
OH,M,2005,Ethan,947
OH,M,2005,Michael,917
OH,M,2005,Logan,818
OH,M,2005,Nicholas,793
OH,M,2005,Matthew,777
OH,M,2005,William,765
OH,M,2005,Tyler,764
OH,M,2005,Joshua,752
OH,M,2006,Jacob,1050
OH,M,2006,Andrew,936
OH,M,2006,Ethan,858
OH,M,2006,Michael,850
OH,M,2006,Noah,799
OH,M,2006,Joshua,772
OH,M,2006,Logan,765
OH,M,2006,Matthew,749
OH,M,2006,William,743
OH,M,2006,Alexander,733
OH,M,2007,Jacob,1014
OH,M,2007,Michael,859
OH,M,2007,Ethan,835
OH,M,2007,Andrew,831
OH,M,2007,Logan,812
OH,M,2007,William,729
OH,M,2007,Alexander,726
OH,M,2007,Joshua,661
OH,M,2007,Tyler,654
OH,M,2007,Joseph,650
OH,M,2008,Jacob,945
OH,M,2008,Ethan,823
OH,M,2008,Michael,774
OH,M,2008,Andrew,718
OH,M,2008,Logan,715
OH,M,2008,William,673
OH,M,2008,Noah,654
OH,M,2008,Aiden,650
OH,M,2008,Joseph,645
OH,M,2008,Alexander,629
OH,M,2009,Jacob,839
OH,M,2009,Noah,771
OH,M,2009,Ethan,760
OH,M,2009,Logan,726
OH,M,2009,William,687
OH,M,2009,Aiden,679
OH,M,2009,Michael,670
OH,M,2009,Andrew,622
OH,M,2009,Alexander,593
OH,M,2009,James,584
OH,M,2010,Jacob,757
OH,M,2010,Mason,717
OH,M,2010,Logan,700
OH,M,2010,Noah,672
OH,M,2010,Ethan,651
OH,M,2010,Aiden,643
OH,M,2010,William,618
OH,M,2010,Michael,604
OH,M,2010,Carter,564
OH,M,2010,Landon,564
OH,M,2011,Mason,891
OH,M,2011,Jacob,707
OH,M,2011,Noah,668
OH,M,2011,William,644
OH,M,2011,Liam,627
OH,M,2011,Michael,627
OH,M,2011,Logan,586
OH,M,2011,Ethan,574
OH,M,2011,Alexander,546
OH,M,2011,Aiden,536
OH,M,2012,Mason,854
OH,M,2012,Liam,767
OH,M,2012,William,682
OH,M,2012,Noah,661
OH,M,2012,Michael,643
OH,M,2012,Jacob,624
OH,M,2012,Ethan,615
OH,M,2012,Carter,608
OH,M,2012,Jackson,593
OH,M,2012,Logan,556
OH,M,2013,Liam,791
OH,M,2013,Mason,726
OH,M,2013,Noah,647
OH,M,2013,William,620
OH,M,2013,Jacob,592
OH,M,2013,Carter,580
OH,M,2013,Jackson,568
OH,M,2013,Logan,551
OH,M,2013,James,545
OH,M,2013,Benjamin,523
OH,M,2014,Liam,723
OH,M,2014,Mason,672
OH,M,2014,Noah,659
OH,M,2014,William,604
OH,M,2014,Carter,602
OH,M,2014,Michael,585
OH,M,2014,Elijah,557
OH,M,2014,Jackson,532
OH,M,2014,Logan,528
OH,M,2014,Lucas,523
OH,M,2015,Liam,691
OH,M,2015,Mason,621
OH,M,2015,Noah,619
OH,M,2015,Carter,588
OH,M,2015,William,569
OH,M,2015,Jackson,544
OH,M,2015,Logan,533
OH,M,2015,Owen,529
OH,M,2015,Benjamin,511
OH,M,2015,James,511
OH,M,2016,Liam,691
OH,M,2016,Noah,611
OH,M,2016,Carter,585
OH,M,2016,William,578
OH,M,2016,Mason,543
OH,M,2016,Owen,530
OH,M,2016,Benjamin,525
OH,M,2016,James,519
OH,M,2016,Elijah,517
OH,M,2016,Jackson,516
OH,M,2017,Liam,654
OH,M,2017,Noah,592
OH,M,2017,Carter,591
OH,M,2017,William,558
OH,M,2017,Lucas,540
OH,M,2017,Oliver,533
OH,M,2017,Elijah,523
OH,M,2017,Mason,521
OH,M,2017,Logan,511
OH,M,2017,Owen,510
OH,M,2018,Liam,683
OH,M,2018,Noah,588
OH,M,2018,William,544
OH,M,2018,Oliver,541
OH,M,2018,Owen,515
OH,M,2018,James,492
OH,M,2018,Carter,490
OH,M,2018,Henry,476
OH,M,2018,Michael,474
OH,M,2018,Lincoln,466
OH,M,2019,Liam,636
OH,M,2019,Oliver,571
OH,M,2019,Noah,547
OH,M,2019,William,532
OH,M,2019,James,495
OH,M,2019,Owen,486
OH,M,2019,Lincoln,477
OH,M,2019,Elijah,473
OH,M,2019,Benjamin,456
OH,M,2019,Jackson,454
