OR,F,1920,Dorothy,274
OR,F,1920,Mary,271
OR,F,1920,Helen,211
OR,F,1920,Margaret,194
OR,F,1920,Betty,152
OR,F,1920,Ruth,121
OR,F,1920,Virginia,118
OR,F,1920,Marjorie,116
OR,F,1920,Frances,112
OR,F,1920,Jean,104
OR,F,1921,Mary,326
OR,F,1921,Dorothy,266
OR,F,1921,Helen,206
OR,F,1921,Betty,196
OR,F,1921,Margaret,165
OR,F,1921,Marjorie,160
OR,F,1921,Virginia,134
OR,F,1921,Ruth,126
OR,F,1921,Evelyn,113
OR,F,1921,Doris,107
OR,F,1922,Mary,271
OR,F,1922,Dorothy,255
OR,F,1922,Betty,245
OR,F,1922,Margaret,185
OR,F,1922,Helen,176
OR,F,1922,Virginia,171
OR,F,1922,Ruth,118
OR,F,1922,Jean,116
OR,F,1922,Barbara,106
OR,F,1922,Doris,106
OR,F,1923,Mary,321
OR,F,1923,Betty,280
OR,F,1923,Dorothy,245
OR,F,1923,Margaret,161
OR,F,1923,Virginia,158
OR,F,1923,Helen,150
OR,F,1923,Marjorie,131
OR,F,1923,Barbara,109
OR,F,1923,Patricia,108
OR,F,1923,Jean,107
OR,F,1924,Betty,311
OR,F,1924,Mary,291
OR,F,1924,Dorothy,279
OR,F,1924,Helen,186
OR,F,1924,Patricia,169
OR,F,1924,Virginia,133
OR,F,1924,Doris,131
OR,F,1924,Barbara,129
OR,F,1924,Ruth,129
OR,F,1924,Margaret,128
OR,F,1925,Betty,345
OR,F,1925,Mary,274
OR,F,1925,Dorothy,211
OR,F,1925,Patricia,169
OR,F,1925,Margaret,147
OR,F,1925,Helen,139
OR,F,1925,Virginia,133
OR,F,1925,Barbara,126
OR,F,1925,Jean,120
OR,F,1925,Ruth,105
OR,F,1926,Betty,309
OR,F,1926,Mary,238
OR,F,1926,Dorothy,200
OR,F,1926,Barbara,162
OR,F,1926,Patricia,149
OR,F,1926,Virginia,134
OR,F,1926,Helen,126
OR,F,1926,Shirley,115
OR,F,1926,Lois,106
OR,F,1926,Margaret,103
OR,F,1927,Betty,325
OR,F,1927,Mary,259
OR,F,1927,Dorothy,203
OR,F,1927,Barbara,184
OR,F,1927,Patricia,151
OR,F,1927,Shirley,143
OR,F,1927,Helen,124
OR,F,1927,Margaret,120
OR,F,1927,Virginia,116
OR,F,1927,Lois,103
OR,F,1928,Betty,322
OR,F,1928,Mary,253
OR,F,1928,Barbara,192
OR,F,1928,Patricia,190
OR,F,1928,Dorothy,174
OR,F,1928,Shirley,166
OR,F,1928,Helen,127
OR,F,1928,Virginia,111
OR,F,1928,Margaret,108
OR,F,1928,Donna,103
OR,F,1929,Betty,258
OR,F,1929,Mary,243
OR,F,1929,Barbara,192
OR,F,1929,Patricia,192
OR,F,1929,Dorothy,160
OR,F,1929,Shirley,157
OR,F,1929,Beverly,117
OR,F,1929,Donna,96
OR,F,1929,Helen,94
OR,F,1929,Margaret,94
OR,F,1930,Betty,272
OR,F,1930,Mary,268
OR,F,1930,Patricia,196
OR,F,1930,Barbara,186
OR,F,1930,Dorothy,174
OR,F,1930,Shirley,154
OR,F,1930,Donna,127
OR,F,1930,Dolores,101
OR,F,1930,Beverly,92
OR,F,1930,Margaret,88
OR,F,1931,Betty,247
OR,F,1931,Mary,217
OR,F,1931,Patricia,183
OR,F,1931,Barbara,177
OR,F,1931,Donna,142
OR,F,1931,Shirley,141
OR,F,1931,Dorothy,133
OR,F,1931,Beverly,116
OR,F,1931,Joan,98
OR,F,1931,Virginia,89
OR,F,1932,Barbara,224
OR,F,1932,Betty,215
OR,F,1932,Mary,198
OR,F,1932,Patricia,184
OR,F,1932,Donna,145
OR,F,1932,Shirley,136
OR,F,1932,Beverly,110
OR,F,1932,Dorothy,109
OR,F,1932,Joan,97
OR,F,1932,Joyce,91
OR,F,1933,Barbara,196
OR,F,1933,Mary,188
OR,F,1933,Donna,165
OR,F,1933,Betty,160
OR,F,1933,Patricia,151
OR,F,1933,Shirley,129
OR,F,1933,Dorothy,111
OR,F,1933,Beverly,98
OR,F,1933,Joan,93
OR,F,1933,Carol,91
OR,F,1934,Shirley,207
OR,F,1934,Mary,206
OR,F,1934,Barbara,193
OR,F,1934,Patricia,179
OR,F,1934,Donna,158
OR,F,1934,Betty,150
OR,F,1934,Joan,102
OR,F,1934,Nancy,101
OR,F,1934,Beverly,99
OR,F,1934,Carol,94
OR,F,1935,Shirley,297
OR,F,1935,Barbara,201
OR,F,1935,Mary,190
OR,F,1935,Donna,163
OR,F,1935,Patricia,159
OR,F,1935,Betty,140
OR,F,1935,Carol,138
OR,F,1935,Nancy,108
OR,F,1935,Beverly,98
OR,F,1935,Janet,91
OR,F,1936,Mary,210
OR,F,1936,Shirley,207
OR,F,1936,Barbara,190
OR,F,1936,Patricia,173
OR,F,1936,Donna,136
OR,F,1936,Nancy,129
OR,F,1936,Carol,126
OR,F,1936,Beverly,125
OR,F,1936,Betty,112
OR,F,1936,Joan,106
OR,F,1937,Mary,238
OR,F,1937,Patricia,208
OR,F,1937,Barbara,200
OR,F,1937,Carol,168
OR,F,1937,Sharon,163
OR,F,1937,Nancy,161
OR,F,1937,Shirley,161
OR,F,1937,Donna,144
OR,F,1937,Betty,126
OR,F,1937,Janet,114
OR,F,1938,Mary,253
OR,F,1938,Barbara,237
OR,F,1938,Carol,225
OR,F,1938,Patricia,203
OR,F,1938,Sharon,187
OR,F,1938,Shirley,139
OR,F,1938,Donna,135
OR,F,1938,Nancy,134
OR,F,1938,Beverly,123
OR,F,1938,Janice,117
OR,F,1939,Barbara,236
OR,F,1939,Mary,235
OR,F,1939,Sharon,224
OR,F,1939,Carol,207
OR,F,1939,Patricia,206
OR,F,1939,Donna,175
OR,F,1939,Nancy,169
OR,F,1939,Judith,149
OR,F,1939,Judy,134
OR,F,1939,Linda,115
OR,F,1940,Patricia,260
OR,F,1940,Mary,250
OR,F,1940,Judith,231
OR,F,1940,Barbara,223
OR,F,1940,Sharon,219
OR,F,1940,Linda,211
OR,F,1940,Carol,202
OR,F,1940,Judy,179
OR,F,1940,Nancy,154
OR,F,1940,Sandra,151
OR,F,1941,Sharon,284
OR,F,1941,Patricia,280
OR,F,1941,Linda,267
OR,F,1941,Judith,257
OR,F,1941,Mary,255
OR,F,1941,Barbara,234
OR,F,1941,Judy,209
OR,F,1941,Carol,196
OR,F,1941,Nancy,189
OR,F,1941,Sandra,189
OR,F,1942,Mary,351
OR,F,1942,Sharon,338
OR,F,1942,Linda,323
OR,F,1942,Patricia,288
OR,F,1942,Barbara,268
OR,F,1942,Carol,264
OR,F,1942,Judith,234
OR,F,1942,Karen,221
OR,F,1942,Sandra,217
OR,F,1942,Judy,215
OR,F,1943,Linda,441
OR,F,1943,Sharon,441
OR,F,1943,Mary,395
OR,F,1943,Patricia,318
OR,F,1943,Barbara,309
OR,F,1943,Carol,303
OR,F,1943,Judy,285
OR,F,1943,Judith,260
OR,F,1943,Karen,257
OR,F,1943,Sandra,252
OR,F,1944,Linda,424
OR,F,1944,Sharon,387
OR,F,1944,Mary,367
OR,F,1944,Carol,311
OR,F,1944,Barbara,287
OR,F,1944,Sandra,263
OR,F,1944,Patricia,259
OR,F,1944,Karen,246
OR,F,1944,Nancy,245
OR,F,1944,Susan,219
OR,F,1945,Linda,458
OR,F,1945,Mary,371
OR,F,1945,Carol,341
OR,F,1945,Sharon,313
OR,F,1945,Patricia,300
OR,F,1945,Barbara,270
OR,F,1945,Sandra,261
OR,F,1945,Susan,237
OR,F,1945,Judy,231
OR,F,1945,Karen,216
OR,F,1946,Linda,570
OR,F,1946,Mary,421
OR,F,1946,Sharon,401
OR,F,1946,Carol,398
OR,F,1946,Susan,386
OR,F,1946,Barbara,361
OR,F,1946,Patricia,352
OR,F,1946,Sandra,335
OR,F,1946,Nancy,294
OR,F,1946,Judy,268
OR,F,1947,Linda,1121
OR,F,1947,Mary,504
OR,F,1947,Patricia,432
OR,F,1947,Susan,421
OR,F,1947,Sharon,394
OR,F,1947,Nancy,381
OR,F,1947,Carol,377
OR,F,1947,Barbara,372
OR,F,1947,Sandra,350
OR,F,1947,Karen,300
OR,F,1948,Linda,1069
OR,F,1948,Susan,502
OR,F,1948,Mary,442
OR,F,1948,Barbara,397
OR,F,1948,Patricia,359
OR,F,1948,Sharon,357
OR,F,1948,Carol,347
OR,F,1948,Nancy,325
OR,F,1948,Sandra,325
OR,F,1948,Kathleen,301
OR,F,1949,Linda,1002
OR,F,1949,Susan,526
OR,F,1949,Mary,435
OR,F,1949,Patricia,367
OR,F,1949,Barbara,363
OR,F,1949,Sandra,345
OR,F,1949,Sharon,328
OR,F,1949,Kathleen,317
OR,F,1949,Karen,315
OR,F,1949,Nancy,310
OR,F,1950,Linda,843
OR,F,1950,Susan,508
OR,F,1950,Mary,429
OR,F,1950,Patricia,396
OR,F,1950,Nancy,340
OR,F,1950,Barbara,334
OR,F,1950,Karen,333
OR,F,1950,Kathleen,323
OR,F,1950,Sandra,304
OR,F,1950,Carol,299
OR,F,1951,Linda,746
OR,F,1951,Susan,535
OR,F,1951,Mary,450
OR,F,1951,Patricia,434
OR,F,1951,Barbara,359
OR,F,1951,Kathleen,339
OR,F,1951,Deborah,337
OR,F,1951,Nancy,337
OR,F,1951,Karen,296
OR,F,1951,Sandra,283
OR,F,1952,Linda,681
OR,F,1952,Susan,540
OR,F,1952,Debra,445
OR,F,1952,Mary,440
OR,F,1952,Patricia,389
OR,F,1952,Deborah,376
OR,F,1952,Kathleen,359
OR,F,1952,Karen,349
OR,F,1952,Nancy,340
OR,F,1952,Barbara,337
OR,F,1953,Linda,583
OR,F,1953,Debra,580
OR,F,1953,Susan,499
OR,F,1953,Mary,486
OR,F,1953,Patricia,430
OR,F,1953,Deborah,362
OR,F,1953,Karen,334
OR,F,1953,Nancy,325
OR,F,1953,Barbara,316
OR,F,1953,Kathleen,289
OR,F,1954,Debra,636
OR,F,1954,Susan,581
OR,F,1954,Linda,485
OR,F,1954,Mary,459
OR,F,1954,Karen,349
OR,F,1954,Patricia,330
OR,F,1954,Deborah,325
OR,F,1954,Nancy,317
OR,F,1954,Barbara,297
OR,F,1954,Pamela,277
OR,F,1955,Debra,645
OR,F,1955,Susan,541
OR,F,1955,Linda,509
OR,F,1955,Mary,417
OR,F,1955,Patricia,349
OR,F,1955,Karen,347
OR,F,1955,Nancy,317
OR,F,1955,Pamela,285
OR,F,1955,Deborah,261
OR,F,1955,Barbara,249
OR,F,1956,Debra,562
OR,F,1956,Susan,517
OR,F,1956,Linda,408
OR,F,1956,Karen,395
OR,F,1956,Mary,374
OR,F,1956,Patricia,329
OR,F,1956,Nancy,302
OR,F,1956,Deborah,295
OR,F,1956,Teresa,266
OR,F,1956,Cynthia,249
OR,F,1957,Susan,476
OR,F,1957,Debra,415
OR,F,1957,Mary,383
OR,F,1957,Linda,380
OR,F,1957,Karen,350
OR,F,1957,Cynthia,302
OR,F,1957,Nancy,292
OR,F,1957,Julie,280
OR,F,1957,Cindy,271
OR,F,1957,Patricia,252
OR,F,1958,Julie,398
OR,F,1958,Debra,383
OR,F,1958,Susan,380
OR,F,1958,Mary,362
OR,F,1958,Linda,351
OR,F,1958,Karen,322
OR,F,1958,Lori,246
OR,F,1958,Kathy,240
OR,F,1958,Nancy,234
OR,F,1958,Teresa,218
OR,F,1959,Susan,396
OR,F,1959,Linda,335
OR,F,1959,Karen,303
OR,F,1959,Mary,295
OR,F,1959,Julie,285
OR,F,1959,Debra,264
OR,F,1959,Lisa,256
OR,F,1959,Teresa,254
OR,F,1959,Cindy,247
OR,F,1959,Debbie,241
OR,F,1960,Susan,380
OR,F,1960,Mary,323
OR,F,1960,Linda,318
OR,F,1960,Lisa,312
OR,F,1960,Karen,305
OR,F,1960,Lori,300
OR,F,1960,Julie,292
OR,F,1960,Debbie,261
OR,F,1960,Cindy,252
OR,F,1960,Debra,249
OR,F,1961,Lisa,373
OR,F,1961,Linda,345
OR,F,1961,Lori,343
OR,F,1961,Susan,336
OR,F,1961,Julie,310
OR,F,1961,Mary,305
OR,F,1961,Karen,287
OR,F,1961,Teresa,217
OR,F,1961,Brenda,208
OR,F,1961,Debbie,195
OR,F,1962,Lisa,367
OR,F,1962,Susan,311
OR,F,1962,Julie,295
OR,F,1962,Karen,293
OR,F,1962,Lori,291
OR,F,1962,Linda,275
OR,F,1962,Mary,234
OR,F,1962,Teresa,226
OR,F,1962,Brenda,216
OR,F,1962,Cindy,207
OR,F,1963,Lisa,433
OR,F,1963,Susan,276
OR,F,1963,Lori,257
OR,F,1963,Karen,254
OR,F,1963,Julie,250
OR,F,1963,Linda,245
OR,F,1963,Teresa,234
OR,F,1963,Mary,222
OR,F,1963,Brenda,184
OR,F,1963,Tammy,181
OR,F,1964,Lisa,422
OR,F,1964,Julie,252
OR,F,1964,Mary,251
OR,F,1964,Susan,247
OR,F,1964,Karen,232
OR,F,1964,Teresa,212
OR,F,1964,Kimberly,207
OR,F,1964,Michelle,200
OR,F,1964,Linda,194
OR,F,1964,Lori,186
OR,F,1965,Lisa,421
OR,F,1965,Kimberly,277
OR,F,1965,Julie,264
OR,F,1965,Karen,233
OR,F,1965,Mary,229
OR,F,1965,Teresa,209
OR,F,1965,Susan,194
OR,F,1965,Michelle,177
OR,F,1965,Lori,174
OR,F,1965,Brenda,163
OR,F,1966,Lisa,435
OR,F,1966,Michelle,295
OR,F,1966,Julie,288
OR,F,1966,Kimberly,270
OR,F,1966,Karen,194
OR,F,1966,Brenda,177
OR,F,1966,Teresa,173
OR,F,1966,Susan,172
OR,F,1966,Tina,161
OR,F,1966,Mary,160
OR,F,1967,Lisa,405
OR,F,1967,Michelle,364
OR,F,1967,Kimberly,282
OR,F,1967,Julie,249
OR,F,1967,Jennifer,185
OR,F,1967,Karen,170
OR,F,1967,Susan,170
OR,F,1967,Mary,165
OR,F,1967,Tina,160
OR,F,1967,Angela,153
OR,F,1968,Lisa,427
OR,F,1968,Michelle,372
OR,F,1968,Julie,267
OR,F,1968,Kimberly,245
OR,F,1968,Jennifer,236
OR,F,1968,Angela,233
OR,F,1968,Tina,183
OR,F,1968,Teresa,158
OR,F,1968,Kelly,153
OR,F,1968,Tammy,153
OR,F,1969,Michelle,377
OR,F,1969,Lisa,367
OR,F,1969,Jennifer,338
OR,F,1969,Kimberly,301
OR,F,1969,Julie,284
OR,F,1969,Angela,268
OR,F,1969,Melissa,184
OR,F,1969,Shannon,172
OR,F,1969,Laura,170
OR,F,1969,Amy,164
OR,F,1970,Jennifer,486
OR,F,1970,Michelle,385
OR,F,1970,Lisa,314
OR,F,1970,Kimberly,302
OR,F,1970,Angela,286
OR,F,1970,Julie,240
OR,F,1970,Amy,224
OR,F,1970,Shannon,211
OR,F,1970,Heather,210
OR,F,1970,Melissa,173
OR,F,1971,Jennifer,584
OR,F,1971,Michelle,357
OR,F,1971,Angela,279
OR,F,1971,Lisa,269
OR,F,1971,Kimberly,259
OR,F,1971,Heather,224
OR,F,1971,Amy,221
OR,F,1971,Julie,209
OR,F,1971,Shannon,190
OR,F,1971,Melissa,171
OR,F,1972,Jennifer,725
OR,F,1972,Michelle,327
OR,F,1972,Amy,276
OR,F,1972,Lisa,267
OR,F,1972,Angela,266
OR,F,1972,Kimberly,251
OR,F,1972,Heather,243
OR,F,1972,Melissa,178
OR,F,1972,Julie,172
OR,F,1972,Stephanie,155
OR,F,1973,Jennifer,685
OR,F,1973,Heather,330
OR,F,1973,Amy,285
OR,F,1973,Michelle,283
OR,F,1973,Angela,268
OR,F,1973,Lisa,217
OR,F,1973,Kimberly,213
OR,F,1973,Melissa,193
OR,F,1973,Julie,189
OR,F,1973,Rebecca,163
OR,F,1974,Jennifer,745
OR,F,1974,Heather,345
OR,F,1974,Amy,341
OR,F,1974,Angela,335
OR,F,1974,Michelle,258
OR,F,1974,Sarah,216
OR,F,1974,Lisa,215
OR,F,1974,Kimberly,199
OR,F,1974,Rebecca,195
OR,F,1974,Melissa,189
OR,F,1975,Jennifer,685
OR,F,1975,Amy,458
OR,F,1975,Heather,355
OR,F,1975,Angela,332
OR,F,1975,Michelle,272
OR,F,1975,Sarah,264
OR,F,1975,Melissa,221
OR,F,1975,Jessica,195
OR,F,1975,Lisa,182
OR,F,1975,Kimberly,178
OR,F,1976,Jennifer,720
OR,F,1976,Amy,377
OR,F,1976,Heather,342
OR,F,1976,Angela,326
OR,F,1976,Sarah,297
OR,F,1976,Melissa,284
OR,F,1976,Jessica,258
OR,F,1976,Michelle,210
OR,F,1976,Lisa,201
OR,F,1976,Jamie,198
OR,F,1977,Jennifer,727
OR,F,1977,Sarah,380
OR,F,1977,Amy,340
OR,F,1977,Jessica,334
OR,F,1977,Angela,321
OR,F,1977,Heather,311
OR,F,1977,Melissa,307
OR,F,1977,Michelle,243
OR,F,1977,Lisa,210
OR,F,1977,Sara,193
OR,F,1978,Jennifer,694
OR,F,1978,Sarah,429
OR,F,1978,Jessica,354
OR,F,1978,Heather,327
OR,F,1978,Angela,308
OR,F,1978,Melissa,306
OR,F,1978,Amy,292
OR,F,1978,Michelle,243
OR,F,1978,Amanda,235
OR,F,1978,Rebecca,218
OR,F,1979,Jennifer,725
OR,F,1979,Sarah,450
OR,F,1979,Melissa,428
OR,F,1979,Jessica,410
OR,F,1979,Heather,342
OR,F,1979,Angela,312
OR,F,1979,Amanda,305
OR,F,1979,Amy,294
OR,F,1979,Michelle,252
OR,F,1979,Nicole,214
OR,F,1980,Jennifer,764
OR,F,1980,Sarah,492
OR,F,1980,Melissa,398
OR,F,1980,Amanda,395
OR,F,1980,Jessica,386
OR,F,1980,Heather,311
OR,F,1980,Angela,284
OR,F,1980,Amy,259
OR,F,1980,Amber,249
OR,F,1980,Michelle,249
OR,F,1981,Jennifer,662
OR,F,1981,Sarah,507
OR,F,1981,Jessica,488
OR,F,1981,Melissa,348
OR,F,1981,Amanda,339
OR,F,1981,Amy,297
OR,F,1981,Rebecca,282
OR,F,1981,Stephanie,279
OR,F,1981,Heather,262
OR,F,1981,Nicole,252
OR,F,1982,Jennifer,568
OR,F,1982,Sarah,490
OR,F,1982,Jessica,474
OR,F,1982,Amanda,338
OR,F,1982,Melissa,296
OR,F,1982,Heather,257
OR,F,1982,Amy,253
OR,F,1982,Crystal,235
OR,F,1982,Nicole,234
OR,F,1982,Amber,231
OR,F,1983,Jennifer,567
OR,F,1983,Sarah,464
OR,F,1983,Jessica,452
OR,F,1983,Amanda,341
OR,F,1983,Ashley,293
OR,F,1983,Melissa,275
OR,F,1983,Stephanie,270
OR,F,1983,Nicole,260
OR,F,1983,Heather,248
OR,F,1983,Michelle,229
OR,F,1984,Jennifer,563
OR,F,1984,Jessica,469
OR,F,1984,Sarah,397
OR,F,1984,Ashley,393
OR,F,1984,Amanda,387
OR,F,1984,Melissa,284
OR,F,1984,Stephanie,274
OR,F,1984,Nicole,250
OR,F,1984,Heather,230
OR,F,1984,Megan,228
OR,F,1985,Jessica,528
OR,F,1985,Jennifer,429
OR,F,1985,Amanda,428
OR,F,1985,Ashley,421
OR,F,1985,Sarah,356
OR,F,1985,Nicole,282
OR,F,1985,Megan,277
OR,F,1985,Stephanie,253
OR,F,1985,Melissa,225
OR,F,1985,Elizabeth,213
OR,F,1986,Jessica,522
OR,F,1986,Ashley,509
OR,F,1986,Amanda,372
OR,F,1986,Sarah,365
OR,F,1986,Jennifer,352
OR,F,1986,Stephanie,255
OR,F,1986,Megan,244
OR,F,1986,Nicole,244
OR,F,1986,Heather,238
OR,F,1986,Rachel,216
OR,F,1987,Ashley,595
OR,F,1987,Jessica,510
OR,F,1987,Amanda,453
OR,F,1987,Sarah,363
OR,F,1987,Jennifer,354
OR,F,1987,Megan,261
OR,F,1987,Stephanie,248
OR,F,1987,Nicole,242
OR,F,1987,Rachel,222
OR,F,1987,Heather,219
OR,F,1988,Jessica,537
OR,F,1988,Amanda,489
OR,F,1988,Ashley,456
OR,F,1988,Sarah,374
OR,F,1988,Jennifer,269
OR,F,1988,Kayla,259
OR,F,1988,Brittany,231
OR,F,1988,Megan,229
OR,F,1988,Nicole,217
OR,F,1988,Emily,216
OR,F,1989,Ashley,503
OR,F,1989,Jessica,498
OR,F,1989,Amanda,405
OR,F,1989,Sarah,354
OR,F,1989,Brittany,304
OR,F,1989,Kayla,259
OR,F,1989,Megan,255
OR,F,1989,Samantha,245
OR,F,1989,Jennifer,241
OR,F,1989,Nicole,234
OR,F,1990,Jessica,493
OR,F,1990,Ashley,450
OR,F,1990,Amanda,436
OR,F,1990,Sarah,296
OR,F,1990,Brittany,295
OR,F,1990,Stephanie,280
OR,F,1990,Kayla,278
OR,F,1990,Samantha,267
OR,F,1990,Megan,254
OR,F,1990,Emily,242
OR,F,1991,Ashley,489
OR,F,1991,Jessica,466
OR,F,1991,Amanda,364
OR,F,1991,Sarah,305
OR,F,1991,Kayla,277
OR,F,1991,Samantha,267
OR,F,1991,Emily,258
OR,F,1991,Brittany,252
OR,F,1991,Stephanie,235
OR,F,1991,Megan,224
OR,F,1992,Jessica,447
OR,F,1992,Ashley,437
OR,F,1992,Amanda,305
OR,F,1992,Emily,292
OR,F,1992,Sarah,283
OR,F,1992,Samantha,270
OR,F,1992,Megan,219
OR,F,1992,Kayla,217
OR,F,1992,Brittany,212
OR,F,1992,Elizabeth,207
OR,F,1993,Jessica,393
OR,F,1993,Ashley,360
OR,F,1993,Emily,319
OR,F,1993,Sarah,274
OR,F,1993,Samantha,258
OR,F,1993,Amanda,232
OR,F,1993,Elizabeth,222
OR,F,1993,Taylor,213
OR,F,1993,Hannah,207
OR,F,1993,Kayla,207
OR,F,1994,Jessica,358
OR,F,1994,Ashley,350
OR,F,1994,Emily,316
OR,F,1994,Samantha,248
OR,F,1994,Sarah,237
OR,F,1994,Hannah,228
OR,F,1994,Megan,217
OR,F,1994,Elizabeth,201
OR,F,1994,Amanda,197
OR,F,1994,Nicole,192
OR,F,1995,Jessica,317
OR,F,1995,Emily,309
OR,F,1995,Ashley,295
OR,F,1995,Samantha,258
OR,F,1995,Sarah,244
OR,F,1995,Hannah,235
OR,F,1995,Taylor,205
OR,F,1995,Megan,195
OR,F,1995,Elizabeth,191
OR,F,1995,Amanda,185
OR,F,1996,Emily,323
OR,F,1996,Jessica,298
OR,F,1996,Hannah,276
OR,F,1996,Ashley,270
OR,F,1996,Sarah,241
OR,F,1996,Samantha,231
OR,F,1996,Madison,227
OR,F,1996,Megan,210
OR,F,1996,Rachel,205
OR,F,1996,Taylor,190
OR,F,1997,Emily,375
OR,F,1997,Hannah,336
OR,F,1997,Jessica,270
OR,F,1997,Sarah,236
OR,F,1997,Madison,230
OR,F,1997,Taylor,228
OR,F,1997,Ashley,226
OR,F,1997,Elizabeth,194
OR,F,1997,Samantha,189
OR,F,1997,Megan,176
OR,F,1998,Emily,349
OR,F,1998,Hannah,329
OR,F,1998,Madison,231
OR,F,1998,Emma,224
OR,F,1998,Jessica,223
OR,F,1998,Samantha,218
OR,F,1998,Ashley,210
OR,F,1998,Sarah,210
OR,F,1998,Alexis,195
OR,F,1998,Megan,189
OR,F,1999,Emily,321
OR,F,1999,Hannah,274
OR,F,1999,Emma,240
OR,F,1999,Jessica,214
OR,F,1999,Madison,209
OR,F,1999,Samantha,207
OR,F,1999,Sarah,202
OR,F,1999,Taylor,199
OR,F,1999,Elizabeth,192
OR,F,1999,Ashley,181
OR,F,2000,Emily,312
OR,F,2000,Hannah,311
OR,F,2000,Madison,223
OR,F,2000,Emma,206
OR,F,2000,Ashley,205
OR,F,2000,Jessica,194
OR,F,2000,Samantha,193
OR,F,2000,Elizabeth,187
OR,F,2000,Sarah,187
OR,F,2000,Olivia,176
OR,F,2001,Emily,295
OR,F,2001,Madison,289
OR,F,2001,Hannah,263
OR,F,2001,Emma,222
OR,F,2001,Elizabeth,208
OR,F,2001,Grace,203
OR,F,2001,Olivia,176
OR,F,2001,Abigail,169
OR,F,2001,Samantha,168
OR,F,2001,Alexis,164
OR,F,2002,Emily,278
OR,F,2002,Madison,256
OR,F,2002,Emma,250
OR,F,2002,Hannah,247
OR,F,2002,Elizabeth,208
OR,F,2002,Olivia,196
OR,F,2002,Grace,174
OR,F,2002,Abigail,171
OR,F,2002,Sarah,159
OR,F,2002,Samantha,155
OR,F,2003,Emma,290
OR,F,2003,Emily,285
OR,F,2003,Hannah,249
OR,F,2003,Madison,232
OR,F,2003,Olivia,219
OR,F,2003,Grace,211
OR,F,2003,Abigail,186
OR,F,2003,Elizabeth,181
OR,F,2003,Isabella,176
OR,F,2003,Samantha,174
OR,F,2004,Emily,297
OR,F,2004,Emma,265
OR,F,2004,Madison,225
OR,F,2004,Grace,220
OR,F,2004,Hannah,208
OR,F,2004,Olivia,196
OR,F,2004,Elizabeth,187
OR,F,2004,Sophia,172
OR,F,2004,Abigail,168
OR,F,2004,Isabella,167
OR,F,2005,Emma,282
OR,F,2005,Emily,255
OR,F,2005,Madison,211
OR,F,2005,Hannah,199
OR,F,2005,Olivia,195
OR,F,2005,Abigail,188
OR,F,2005,Sophia,179
OR,F,2005,Grace,175
OR,F,2005,Isabella,170
OR,F,2005,Ava,149
OR,F,2006,Emma,253
OR,F,2006,Emily,242
OR,F,2006,Olivia,203
OR,F,2006,Madison,201
OR,F,2006,Isabella,196
OR,F,2006,Abigail,195
OR,F,2006,Ava,180
OR,F,2006,Hannah,175
OR,F,2006,Sophia,173
OR,F,2006,Elizabeth,153
OR,F,2007,Emma,245
OR,F,2007,Sophia,234
OR,F,2007,Isabella,222
OR,F,2007,Emily,210
OR,F,2007,Olivia,199
OR,F,2007,Elizabeth,193
OR,F,2007,Abigail,188
OR,F,2007,Hannah,188
OR,F,2007,Ava,182
OR,F,2007,Madison,182
OR,F,2008,Olivia,246
OR,F,2008,Emma,234
OR,F,2008,Ava,203
OR,F,2008,Isabella,198
OR,F,2008,Emily,190
OR,F,2008,Sophia,183
OR,F,2008,Abigail,182
OR,F,2008,Madison,178
OR,F,2008,Elizabeth,140
OR,F,2008,Ella,136
OR,F,2009,Emma,236
OR,F,2009,Olivia,231
OR,F,2009,Isabella,230
OR,F,2009,Emily,204
OR,F,2009,Sophia,191
OR,F,2009,Madison,175
OR,F,2009,Abigail,171
OR,F,2009,Ava,162
OR,F,2009,Elizabeth,142
OR,F,2009,Chloe,132
OR,F,2010,Sophia,244
OR,F,2010,Olivia,229
OR,F,2010,Emma,224
OR,F,2010,Isabella,216
OR,F,2010,Emily,167
OR,F,2010,Abigail,163
OR,F,2010,Ava,154
OR,F,2010,Ella,135
OR,F,2010,Madison,130
OR,F,2010,Addison,118
OR,F,2011,Sophia,270
OR,F,2011,Emma,222
OR,F,2011,Olivia,217
OR,F,2011,Ava,168
OR,F,2011,Isabella,165
OR,F,2011,Abigail,159
OR,F,2011,Emily,158
OR,F,2011,Natalie,136
OR,F,2011,Elizabeth,125
OR,F,2011,Evelyn,124
OR,F,2012,Emma,266
OR,F,2012,Sophia,264
OR,F,2012,Olivia,187
OR,F,2012,Isabella,169
OR,F,2012,Abigail,162
OR,F,2012,Emily,154
OR,F,2012,Amelia,148
OR,F,2012,Ava,132
OR,F,2012,Addison,128
OR,F,2012,Elizabeth,126
OR,F,2013,Emma,252
OR,F,2013,Olivia,230
OR,F,2013,Sophia,217
OR,F,2013,Abigail,154
OR,F,2013,Ava,154
OR,F,2013,Emily,149
OR,F,2013,Isabella,147
OR,F,2013,Amelia,146
OR,F,2013,Evelyn,143
OR,F,2013,Avery,136
OR,F,2014,Emma,257
OR,F,2014,Olivia,231
OR,F,2014,Sophia,187
OR,F,2014,Abigail,156
OR,F,2014,Isabella,155
OR,F,2014,Evelyn,149
OR,F,2014,Emily,144
OR,F,2014,Ava,140
OR,F,2014,Elizabeth,136
OR,F,2014,Amelia,127
OR,F,2015,Emma,234
OR,F,2015,Olivia,221
OR,F,2015,Sophia,181
OR,F,2015,Abigail,170
OR,F,2015,Charlotte,165
OR,F,2015,Evelyn,158
OR,F,2015,Ava,149
OR,F,2015,Mia,147
OR,F,2015,Amelia,144
OR,F,2015,Harper,134
OR,F,2016,Olivia,247
OR,F,2016,Emma,211
OR,F,2016,Sophia,178
OR,F,2016,Evelyn,172
OR,F,2016,Charlotte,168
OR,F,2016,Abigail,154
OR,F,2016,Harper,148
OR,F,2016,Amelia,137
OR,F,2016,Isabella,134
OR,F,2016,Ava,133
OR,F,2017,Emma,210
OR,F,2017,Olivia,209
OR,F,2017,Sophia,158
OR,F,2017,Charlotte,151
OR,F,2017,Evelyn,148
OR,F,2017,Amelia,143
OR,F,2017,Harper,128
OR,F,2017,Ava,121
OR,F,2017,Mia,118
OR,F,2017,Abigail,116
OR,F,2018,Emma,207
OR,F,2018,Olivia,205
OR,F,2018,Evelyn,169
OR,F,2018,Charlotte,152
OR,F,2018,Amelia,151
OR,F,2018,Harper,142
OR,F,2018,Sophia,137
OR,F,2018,Ava,128
OR,F,2018,Abigail,114
OR,F,2018,Elizabeth,114
OR,F,2019,Olivia,224
OR,F,2019,Emma,186
OR,F,2019,Evelyn,159
OR,F,2019,Charlotte,158
OR,F,2019,Harper,148
OR,F,2019,Amelia,139
OR,F,2019,Sophia,128
OR,F,2019,Ava,117
OR,F,2019,Isabella,116
OR,F,2019,Mia,111
OR,M,1920,Robert,442
OR,M,1920,William,302
OR,M,1920,John,265
OR,M,1920,James,218
OR,M,1920,George,166
OR,M,1920,Charles,161
OR,M,1920,Donald,158
OR,M,1920,Richard,131
OR,M,1920,Jack,124
OR,M,1920,Harold,104
OR,M,1921,Robert,496
OR,M,1921,William,317
OR,M,1921,John,280
OR,M,1921,James,226
OR,M,1921,Donald,196
OR,M,1921,George,155
OR,M,1921,Richard,148
OR,M,1921,Charles,143
OR,M,1921,Jack,135
OR,M,1921,Kenneth,126
OR,M,1922,Robert,488
OR,M,1922,John,290
OR,M,1922,William,270
OR,M,1922,James,228
OR,M,1922,Donald,200
OR,M,1922,Richard,170
OR,M,1922,George,151
OR,M,1922,Charles,146
OR,M,1922,Jack,144
OR,M,1922,Kenneth,106
OR,M,1923,Robert,516
OR,M,1923,William,278
OR,M,1923,John,244
OR,M,1923,Donald,237
OR,M,1923,James,189
OR,M,1923,George,175
OR,M,1923,Richard,150
OR,M,1923,Charles,148
OR,M,1923,Jack,135
OR,M,1923,Kenneth,109
OR,M,1924,Robert,502
OR,M,1924,William,316
OR,M,1924,John,288
OR,M,1924,James,264
OR,M,1924,Donald,249
OR,M,1924,Richard,191
OR,M,1924,George,155
OR,M,1924,Charles,146
OR,M,1924,Jack,141
OR,M,1924,Kenneth,124
OR,M,1925,Robert,524
OR,M,1925,William,305
OR,M,1925,John,286
OR,M,1925,Donald,235
OR,M,1925,James,234
OR,M,1925,Richard,216
OR,M,1925,Charles,158
OR,M,1925,George,152
OR,M,1925,Jack,146
OR,M,1925,Harold,110
OR,M,1926,Robert,484
OR,M,1926,John,267
OR,M,1926,Donald,258
OR,M,1926,James,231
OR,M,1926,William,231
OR,M,1926,Richard,206
OR,M,1926,Jack,137
OR,M,1926,Charles,128
OR,M,1926,Kenneth,116
OR,M,1926,George,111
OR,M,1927,Robert,475
OR,M,1927,William,269
OR,M,1927,Donald,261
OR,M,1927,John,241
OR,M,1927,James,240
OR,M,1927,Richard,217
OR,M,1927,George,152
OR,M,1927,Jack,139
OR,M,1927,Charles,134
OR,M,1927,Kenneth,116
OR,M,1928,Robert,401
OR,M,1928,Donald,261
OR,M,1928,William,238
OR,M,1928,Richard,230
OR,M,1928,John,225
OR,M,1928,James,216
OR,M,1928,Charles,162
OR,M,1928,George,145
OR,M,1928,Jack,123
OR,M,1928,Kenneth,108
OR,M,1929,Robert,423
OR,M,1929,Richard,280
OR,M,1929,Donald,275
OR,M,1929,John,233
OR,M,1929,William,231
OR,M,1929,James,227
OR,M,1929,Jack,133
OR,M,1929,Charles,126
OR,M,1929,George,119
OR,M,1929,Kenneth,95
OR,M,1930,Robert,395
OR,M,1930,Donald,266
OR,M,1930,Richard,265
OR,M,1930,James,227
OR,M,1930,William,217
OR,M,1930,John,208
OR,M,1930,Charles,155
OR,M,1930,Jack,118
OR,M,1930,Kenneth,111
OR,M,1930,George,105
OR,M,1931,Robert,434
OR,M,1931,James,274
OR,M,1931,Donald,271
OR,M,1931,Richard,256
OR,M,1931,John,214
OR,M,1931,William,203
OR,M,1931,Jack,136
OR,M,1931,David,119
OR,M,1931,Kenneth,112
OR,M,1931,Charles,108
OR,M,1932,Robert,375
OR,M,1932,Donald,263
OR,M,1932,Richard,246
OR,M,1932,James,225
OR,M,1932,John,209
OR,M,1932,William,191
OR,M,1932,Ronald,153
OR,M,1932,Charles,123
OR,M,1932,George,116
OR,M,1932,Jack,113
OR,M,1933,Robert,356
OR,M,1933,Richard,247
OR,M,1933,Donald,216
OR,M,1933,James,212
OR,M,1933,John,208
OR,M,1933,William,196
OR,M,1933,Ronald,133
OR,M,1933,Charles,122
OR,M,1933,David,116
OR,M,1933,Jack,115
OR,M,1934,Robert,351
OR,M,1934,Richard,286
OR,M,1934,James,241
OR,M,1934,Donald,219
OR,M,1934,John,200
OR,M,1934,William,173
OR,M,1934,Ronald,162
OR,M,1934,Charles,128
OR,M,1934,David,127
OR,M,1934,George,120
OR,M,1935,Robert,346
OR,M,1935,Richard,255
OR,M,1935,James,235
OR,M,1935,John,231
OR,M,1935,Donald,207
OR,M,1935,William,204
OR,M,1935,David,146
OR,M,1935,Ronald,142
OR,M,1935,Charles,119
OR,M,1935,Jack,111
OR,M,1936,Robert,379
OR,M,1936,Richard,301
OR,M,1936,James,270
OR,M,1936,Donald,236
OR,M,1936,John,229
OR,M,1936,William,209
OR,M,1936,Ronald,161
OR,M,1936,David,145
OR,M,1936,Charles,144
OR,M,1936,Larry,118
OR,M,1937,Robert,416
OR,M,1937,James,304
OR,M,1937,Richard,304
OR,M,1937,John,267
OR,M,1937,William,239
OR,M,1937,Donald,229
OR,M,1937,David,208
OR,M,1937,Ronald,189
OR,M,1937,Larry,170
OR,M,1937,Gary,156
OR,M,1938,Robert,407
OR,M,1938,Richard,333
OR,M,1938,James,326
OR,M,1938,John,267
OR,M,1938,Donald,226
OR,M,1938,William,214
OR,M,1938,David,200
OR,M,1938,Gary,195
OR,M,1938,Larry,190
OR,M,1938,Ronald,183
OR,M,1939,Robert,414
OR,M,1939,James,322
OR,M,1939,John,299
OR,M,1939,Richard,284
OR,M,1939,David,252
OR,M,1939,William,245
OR,M,1939,Gary,233
OR,M,1939,Larry,203
OR,M,1939,Donald,188
OR,M,1939,Ronald,182
OR,M,1940,Robert,439
OR,M,1940,Richard,374
OR,M,1940,James,372
OR,M,1940,John,327
OR,M,1940,William,278
OR,M,1940,David,268
OR,M,1940,Gary,228
OR,M,1940,Larry,213
OR,M,1940,Ronald,183
OR,M,1940,Donald,181
OR,M,1941,Robert,458
OR,M,1941,James,387
OR,M,1941,John,354
OR,M,1941,Richard,327
OR,M,1941,Gary,310
OR,M,1941,David,282
OR,M,1941,William,276
OR,M,1941,Larry,262
OR,M,1941,Ronald,221
OR,M,1941,Michael,193
OR,M,1942,Robert,484
OR,M,1942,James,453
OR,M,1942,John,442
OR,M,1942,Richard,442
OR,M,1942,David,371
OR,M,1942,William,337
OR,M,1942,Gary,317
OR,M,1942,Larry,299
OR,M,1942,Michael,297
OR,M,1942,Ronald,271
OR,M,1943,Robert,631
OR,M,1943,James,569
OR,M,1943,John,487
OR,M,1943,Richard,476
OR,M,1943,David,419
OR,M,1943,William,383
OR,M,1943,Michael,356
OR,M,1943,Larry,342
OR,M,1943,Ronald,317
OR,M,1943,Gary,311
OR,M,1944,Robert,583
OR,M,1944,James,564
OR,M,1944,John,544
OR,M,1944,Richard,484
OR,M,1944,David,428
OR,M,1944,Gary,373
OR,M,1944,Michael,359
OR,M,1944,William,345
OR,M,1944,Larry,303
OR,M,1944,Donald,259
OR,M,1945,John,563
OR,M,1945,Robert,563
OR,M,1945,James,562
OR,M,1945,Richard,435
OR,M,1945,David,410
OR,M,1945,Michael,383
OR,M,1945,William,341
OR,M,1945,Gary,337
OR,M,1945,Larry,283
OR,M,1945,Dennis,248
OR,M,1946,Robert,707
OR,M,1946,John,685
OR,M,1946,James,630
OR,M,1946,Richard,598
OR,M,1946,Michael,570
OR,M,1946,David,540
OR,M,1946,Gary,459
OR,M,1946,William,421
OR,M,1946,Larry,365
OR,M,1946,Dennis,328
OR,M,1947,Robert,799
OR,M,1947,James,778
OR,M,1947,John,696
OR,M,1947,David,691
OR,M,1947,Michael,687
OR,M,1947,Richard,609
OR,M,1947,William,469
OR,M,1947,Gary,466
OR,M,1947,Larry,430
OR,M,1947,Ronald,356
OR,M,1948,John,734
OR,M,1948,Robert,730
OR,M,1948,James,694
OR,M,1948,Michael,690
OR,M,1948,David,674
OR,M,1948,Richard,566
OR,M,1948,William,452
OR,M,1948,Gary,412
OR,M,1948,Ronald,375
OR,M,1948,Larry,373
OR,M,1949,David,776
OR,M,1949,Robert,769
OR,M,1949,Michael,742
OR,M,1949,John,661
OR,M,1949,James,652
OR,M,1949,Richard,537
OR,M,1949,William,487
OR,M,1949,Steven,416
OR,M,1949,Gary,409
OR,M,1949,Thomas,362
OR,M,1950,Robert,813
OR,M,1950,Michael,800
OR,M,1950,David,767
OR,M,1950,James,674
OR,M,1950,John,665
OR,M,1950,Richard,508
OR,M,1950,Steven,506
OR,M,1950,William,485
OR,M,1950,Gary,433
OR,M,1950,Ronald,378
OR,M,1951,David,884
OR,M,1951,Michael,833
OR,M,1951,Robert,774
OR,M,1951,James,659
OR,M,1951,John,653
OR,M,1951,Steven,576
OR,M,1951,Richard,560
OR,M,1951,Gary,487
OR,M,1951,William,486
OR,M,1951,Thomas,388
OR,M,1952,David,924
OR,M,1952,Michael,906
OR,M,1952,James,747
OR,M,1952,Robert,747
OR,M,1952,John,698
OR,M,1952,Steven,606
OR,M,1952,Richard,569
OR,M,1952,Gary,504
OR,M,1952,William,496
OR,M,1952,Thomas,440
OR,M,1953,Michael,984
OR,M,1953,David,912
OR,M,1953,Robert,801
OR,M,1953,James,686
OR,M,1953,John,670
OR,M,1953,Richard,645
OR,M,1953,Steven,612
OR,M,1953,William,470
OR,M,1953,Gary,418
OR,M,1953,Mark,404
OR,M,1954,Michael,920
OR,M,1954,David,886
OR,M,1954,Robert,722
OR,M,1954,James,675
OR,M,1954,John,654
OR,M,1954,Steven,612
OR,M,1954,Richard,548
OR,M,1954,William,465
OR,M,1954,Gary,426
OR,M,1954,Mark,423
OR,M,1955,David,903
OR,M,1955,Michael,876
OR,M,1955,Robert,686
OR,M,1955,James,642
OR,M,1955,John,625
OR,M,1955,Steven,528
OR,M,1955,Richard,495
OR,M,1955,Mark,483
OR,M,1955,William,431
OR,M,1955,Gary,373
OR,M,1956,Michael,844
OR,M,1956,David,813
OR,M,1956,James,650
OR,M,1956,Robert,648
OR,M,1956,John,570
OR,M,1956,Steven,559
OR,M,1956,Mark,549
OR,M,1956,Richard,526
OR,M,1956,William,448
OR,M,1956,Thomas,356
OR,M,1957,David,803
OR,M,1957,Michael,718
OR,M,1957,James,627
OR,M,1957,Robert,619
OR,M,1957,Mark,579
OR,M,1957,John,560
OR,M,1957,Steven,522
OR,M,1957,Richard,463
OR,M,1957,Daniel,335
OR,M,1957,William,329
OR,M,1958,David,730
OR,M,1958,Michael,684
OR,M,1958,John,541
OR,M,1958,Mark,540
OR,M,1958,James,516
OR,M,1958,Robert,494
OR,M,1958,Richard,417
OR,M,1958,Steven,390
OR,M,1958,William,365
OR,M,1958,Scott,297
OR,M,1959,David,770
OR,M,1959,Michael,638
OR,M,1959,Mark,586
OR,M,1959,Robert,579
OR,M,1959,John,546
OR,M,1959,James,479
OR,M,1959,Richard,391
OR,M,1959,Steven,342
OR,M,1959,William,319
OR,M,1959,Kevin,286
OR,M,1960,David,855
OR,M,1960,Michael,668
OR,M,1960,Mark,644
OR,M,1960,Robert,516
OR,M,1960,John,513
OR,M,1960,James,493
OR,M,1960,Richard,361
OR,M,1960,Steven,338
OR,M,1960,Scott,311
OR,M,1960,Daniel,295
OR,M,1961,David,810
OR,M,1961,Michael,686
OR,M,1961,Mark,596
OR,M,1961,John,524
OR,M,1961,Robert,512
OR,M,1961,James,494
OR,M,1961,Scott,349
OR,M,1961,Steven,341
OR,M,1961,Richard,339
OR,M,1961,Kevin,309
OR,M,1962,David,733
OR,M,1962,Michael,685
OR,M,1962,John,601
OR,M,1962,Mark,546
OR,M,1962,Robert,513
OR,M,1962,James,452
OR,M,1962,Scott,367
OR,M,1962,Steven,310
OR,M,1962,Richard,298
OR,M,1962,Kevin,296
OR,M,1963,David,753
OR,M,1963,Michael,582
OR,M,1963,Robert,509
OR,M,1963,John,499
OR,M,1963,Mark,465
OR,M,1963,James,438
OR,M,1963,Richard,364
OR,M,1963,Scott,364
OR,M,1963,Kevin,306
OR,M,1963,Brian,286
OR,M,1964,David,710
OR,M,1964,Michael,629
OR,M,1964,Robert,552
OR,M,1964,John,535
OR,M,1964,James,457
OR,M,1964,Mark,430
OR,M,1964,Richard,330
OR,M,1964,Brian,305
OR,M,1964,Scott,302
OR,M,1964,Steven,292
OR,M,1965,Michael,697
OR,M,1965,David,599
OR,M,1965,Robert,524
OR,M,1965,John,498
OR,M,1965,James,434
OR,M,1965,Mark,357
OR,M,1965,Richard,328
OR,M,1965,Jeffrey,300
OR,M,1965,Scott,297
OR,M,1965,Kevin,289
OR,M,1966,Michael,680
OR,M,1966,David,612
OR,M,1966,John,471
OR,M,1966,Robert,468
OR,M,1966,James,459
OR,M,1966,Scott,389
OR,M,1966,Mark,320
OR,M,1966,Brian,304
OR,M,1966,Richard,299
OR,M,1966,Jeffrey,286
OR,M,1967,Michael,744
OR,M,1967,David,623
OR,M,1967,Robert,481
OR,M,1967,John,433
OR,M,1967,James,421
OR,M,1967,Brian,350
OR,M,1967,Mark,335
OR,M,1967,Scott,326
OR,M,1967,Richard,309
OR,M,1967,Jeffrey,307
OR,M,1968,Michael,696
OR,M,1968,David,583
OR,M,1968,John,483
OR,M,1968,Robert,458
OR,M,1968,James,446
OR,M,1968,Mark,387
OR,M,1968,Brian,371
OR,M,1968,Scott,337
OR,M,1968,Jeffrey,307
OR,M,1968,Richard,287
OR,M,1969,Michael,786
OR,M,1969,David,577
OR,M,1969,Robert,504
OR,M,1969,James,458
OR,M,1969,John,457
OR,M,1969,Scott,374
OR,M,1969,Mark,341
OR,M,1969,Brian,335
OR,M,1969,Jason,309
OR,M,1969,Jeffrey,296
OR,M,1970,Michael,814
OR,M,1970,David,562
OR,M,1970,Jason,545
OR,M,1970,James,496
OR,M,1970,Robert,483
OR,M,1970,John,443
OR,M,1970,Brian,365
OR,M,1970,Scott,352
OR,M,1970,Christopher,340
OR,M,1970,Jeffrey,310
OR,M,1971,Michael,677
OR,M,1971,Jason,660
OR,M,1971,David,502
OR,M,1971,James,467
OR,M,1971,Robert,457
OR,M,1971,Christopher,419
OR,M,1971,Scott,397
OR,M,1971,John,387
OR,M,1971,Brian,312
OR,M,1971,Matthew,292
OR,M,1972,Jason,700
OR,M,1972,Michael,631
OR,M,1972,David,463
OR,M,1972,Christopher,425
OR,M,1972,James,360
OR,M,1972,Brian,355
OR,M,1972,Robert,333
OR,M,1972,John,324
OR,M,1972,Matthew,287
OR,M,1972,Scott,280
OR,M,1973,Jason,716
OR,M,1973,Michael,587
OR,M,1973,Christopher,477
OR,M,1973,David,399
OR,M,1973,Brian,380
OR,M,1973,Robert,355
OR,M,1973,Matthew,341
OR,M,1973,James,324
OR,M,1973,John,292
OR,M,1973,Scott,248
OR,M,1974,Jason,770
OR,M,1974,Michael,534
OR,M,1974,Christopher,500
OR,M,1974,David,382
OR,M,1974,Brian,371
OR,M,1974,Matthew,361
OR,M,1974,Robert,325
OR,M,1974,James,315
OR,M,1974,Ryan,315
OR,M,1974,John,307
OR,M,1975,Jason,657
OR,M,1975,Michael,621
OR,M,1975,Christopher,473
OR,M,1975,David,414
OR,M,1975,Brian,395
OR,M,1975,Matthew,383
OR,M,1975,Ryan,377
OR,M,1975,Joshua,348
OR,M,1975,James,328
OR,M,1975,Robert,320
OR,M,1976,Jason,654
OR,M,1976,Michael,628
OR,M,1976,Christopher,447
OR,M,1976,Joshua,423
OR,M,1976,Matthew,420
OR,M,1976,Ryan,417
OR,M,1976,David,404
OR,M,1976,James,364
OR,M,1976,Brian,361
OR,M,1976,Jeremy,349
OR,M,1977,Michael,624
OR,M,1977,Jason,582
OR,M,1977,Christopher,531
OR,M,1977,Joshua,493
OR,M,1977,Matthew,467
OR,M,1977,Ryan,426
OR,M,1977,David,423
OR,M,1977,Brian,410
OR,M,1977,James,406
OR,M,1977,Robert,334
OR,M,1978,Michael,646
OR,M,1978,Jason,613
OR,M,1978,Christopher,548
OR,M,1978,Ryan,494
OR,M,1978,Joshua,487
OR,M,1978,Matthew,481
OR,M,1978,David,423
OR,M,1978,James,411
OR,M,1978,Brian,354
OR,M,1978,Robert,339
OR,M,1979,Michael,673
OR,M,1979,Joshua,616
OR,M,1979,Christopher,562
OR,M,1979,Jason,558
OR,M,1979,David,495
OR,M,1979,Ryan,489
OR,M,1979,Matthew,477
OR,M,1979,Robert,369
OR,M,1979,James,368
OR,M,1979,Daniel,352
OR,M,1980,Michael,702
OR,M,1980,Christopher,637
OR,M,1980,Joshua,605
OR,M,1980,Ryan,530
OR,M,1980,Matthew,520
OR,M,1980,Jason,506
OR,M,1980,David,503
OR,M,1980,Justin,426
OR,M,1980,James,397
OR,M,1980,Daniel,396
OR,M,1981,Michael,688
OR,M,1981,Christopher,612
OR,M,1981,Joshua,610
OR,M,1981,Matthew,546
OR,M,1981,Ryan,544
OR,M,1981,David,489
OR,M,1981,Jason,432
OR,M,1981,Justin,391
OR,M,1981,Robert,379
OR,M,1981,Brian,352
OR,M,1982,Christopher,696
OR,M,1982,Michael,649
OR,M,1982,Matthew,548
OR,M,1982,Joshua,505
OR,M,1982,Ryan,466
OR,M,1982,David,460
OR,M,1982,Daniel,404
OR,M,1982,Jason,402
OR,M,1982,Andrew,368
OR,M,1982,James,350
OR,M,1983,Michael,689
OR,M,1983,Christopher,668
OR,M,1983,Matthew,627
OR,M,1983,Joshua,461
OR,M,1983,David,459
OR,M,1983,Ryan,458
OR,M,1983,Daniel,432
OR,M,1983,Andrew,389
OR,M,1983,Robert,348
OR,M,1983,Justin,340
OR,M,1984,Michael,689
OR,M,1984,Christopher,671
OR,M,1984,Matthew,569
OR,M,1984,Joshua,501
OR,M,1984,Ryan,479
OR,M,1984,Daniel,414
OR,M,1984,David,402
OR,M,1984,Andrew,391
OR,M,1984,Joseph,348
OR,M,1984,Jason,332
OR,M,1985,Christopher,628
OR,M,1985,Michael,583
OR,M,1985,Matthew,485
OR,M,1985,Joshua,446
OR,M,1985,Andrew,432
OR,M,1985,Ryan,432
OR,M,1985,Daniel,395
OR,M,1985,David,389
OR,M,1985,Brandon,361
OR,M,1985,Kyle,315
OR,M,1986,Michael,607
OR,M,1986,Christopher,566
OR,M,1986,Matthew,487
OR,M,1986,Andrew,464
OR,M,1986,Joshua,441
OR,M,1986,David,403
OR,M,1986,Ryan,391
OR,M,1986,Daniel,367
OR,M,1986,Nicholas,367
OR,M,1986,Kyle,345
OR,M,1987,Michael,585
OR,M,1987,Christopher,533
OR,M,1987,Andrew,477
OR,M,1987,Matthew,466
OR,M,1987,Joshua,421
OR,M,1987,Daniel,378
OR,M,1987,David,361
OR,M,1987,Ryan,338
OR,M,1987,Justin,330
OR,M,1987,Kyle,328
OR,M,1988,Michael,657
OR,M,1988,Christopher,541
OR,M,1988,Andrew,477
OR,M,1988,Joshua,462
OR,M,1988,Matthew,435
OR,M,1988,Daniel,372
OR,M,1988,David,353
OR,M,1988,Kyle,347
OR,M,1988,Ryan,346
OR,M,1988,Justin,336
OR,M,1989,Michael,608
OR,M,1989,Christopher,497
OR,M,1989,Joshua,463
OR,M,1989,Andrew,462
OR,M,1989,Matthew,423
OR,M,1989,Nicholas,365
OR,M,1989,Daniel,363
OR,M,1989,Justin,360
OR,M,1989,Jacob,346
OR,M,1989,David,340
OR,M,1990,Michael,580
OR,M,1990,Joshua,501
OR,M,1990,Christopher,473
OR,M,1990,Jacob,426
OR,M,1990,Matthew,425
OR,M,1990,Andrew,413
OR,M,1990,Tyler,383
OR,M,1990,David,356
OR,M,1990,Ryan,354
OR,M,1990,Daniel,352
OR,M,1991,Michael,530
OR,M,1991,Jacob,457
OR,M,1991,Christopher,450
OR,M,1991,Joshua,438
OR,M,1991,Matthew,404
OR,M,1991,Tyler,398
OR,M,1991,Andrew,371
OR,M,1991,Kyle,364
OR,M,1991,David,340
OR,M,1991,Jordan,333
OR,M,1992,Michael,474
OR,M,1992,Jacob,460
OR,M,1992,Tyler,442
OR,M,1992,Joshua,381
OR,M,1992,Christopher,378
OR,M,1992,Andrew,370
OR,M,1992,Cody,366
OR,M,1992,Matthew,366
OR,M,1992,Brandon,362
OR,M,1992,Daniel,314
OR,M,1993,Tyler,469
OR,M,1993,Jacob,444
OR,M,1993,Michael,425
OR,M,1993,Joshua,351
OR,M,1993,Andrew,342
OR,M,1993,Austin,334
OR,M,1993,Christopher,325
OR,M,1993,Daniel,318
OR,M,1993,Matthew,317
OR,M,1993,Cody,306
OR,M,1994,Tyler,474
OR,M,1994,Jacob,467
OR,M,1994,Austin,438
OR,M,1994,Michael,383
OR,M,1994,Joshua,346
OR,M,1994,Brandon,342
OR,M,1994,Andrew,335
OR,M,1994,Christopher,321
OR,M,1994,Nicholas,308
OR,M,1994,Cody,296
OR,M,1995,Jacob,470
OR,M,1995,Austin,461
OR,M,1995,Tyler,375
OR,M,1995,Michael,354
OR,M,1995,Joshua,330
OR,M,1995,Andrew,297
OR,M,1995,Matthew,297
OR,M,1995,Nicholas,295
OR,M,1995,Zachary,293
OR,M,1995,Brandon,285
OR,M,1996,Jacob,463
OR,M,1996,Austin,458
OR,M,1996,Tyler,353
OR,M,1996,Michael,350
OR,M,1996,Andrew,319
OR,M,1996,Joshua,317
OR,M,1996,Brandon,299
OR,M,1996,Nicholas,294
OR,M,1996,Daniel,286
OR,M,1996,Matthew,281
OR,M,1997,Jacob,469
OR,M,1997,Austin,412
OR,M,1997,Michael,345
OR,M,1997,Andrew,316
OR,M,1997,Tyler,305
OR,M,1997,Joshua,293
OR,M,1997,Zachary,273
OR,M,1997,Matthew,266
OR,M,1997,Nicholas,265
OR,M,1997,Brandon,263
OR,M,1998,Jacob,495
OR,M,1998,Austin,335
OR,M,1998,Joshua,296
OR,M,1998,Tyler,295
OR,M,1998,Michael,294
OR,M,1998,Andrew,287
OR,M,1998,Ryan,267
OR,M,1998,Daniel,255
OR,M,1998,David,247
OR,M,1998,Nicholas,245
OR,M,1999,Jacob,457
OR,M,1999,Michael,309
OR,M,1999,Austin,298
OR,M,1999,Joshua,297
OR,M,1999,Tyler,296
OR,M,1999,Andrew,285
OR,M,1999,Matthew,283
OR,M,1999,Zachary,243
OR,M,1999,Daniel,240
OR,M,1999,Dylan,233
OR,M,2000,Jacob,446
OR,M,2000,Joshua,298
OR,M,2000,Michael,292
OR,M,2000,Daniel,285
OR,M,2000,Tyler,285
OR,M,2000,Andrew,284
OR,M,2000,Matthew,244
OR,M,2000,Nicholas,243
OR,M,2000,Austin,236
OR,M,2000,Ryan,230
OR,M,2001,Jacob,389
OR,M,2001,Joshua,306
OR,M,2001,Ethan,272
OR,M,2001,Michael,262
OR,M,2001,Tyler,250
OR,M,2001,Daniel,229
OR,M,2001,Andrew,228
OR,M,2001,Samuel,223
OR,M,2001,Austin,215
OR,M,2001,Matthew,211
OR,M,2002,Jacob,339
OR,M,2002,Ethan,331
OR,M,2002,Joshua,245
OR,M,2002,Michael,238
OR,M,2002,Andrew,235
OR,M,2002,Austin,219
OR,M,2002,Joseph,212
OR,M,2002,Alexander,211
OR,M,2002,Daniel,210
OR,M,2002,David,210
OR,M,2003,Jacob,331
OR,M,2003,Ethan,292
OR,M,2003,Andrew,246
OR,M,2003,Daniel,211
OR,M,2003,Joshua,211
OR,M,2003,Ryan,210
OR,M,2003,Tyler,206
OR,M,2003,Michael,205
OR,M,2003,Samuel,204
OR,M,2003,Zachary,203
OR,M,2004,Jacob,290
OR,M,2004,Ethan,288
OR,M,2004,Daniel,227
OR,M,2004,Alexander,222
OR,M,2004,Andrew,218
OR,M,2004,Joshua,212
OR,M,2004,Logan,207
OR,M,2004,Michael,200
OR,M,2004,William,200
OR,M,2004,David,196
OR,M,2005,Jacob,290
OR,M,2005,Ethan,270
OR,M,2005,Andrew,227
OR,M,2005,Joshua,217
OR,M,2005,Alexander,216
OR,M,2005,Tyler,206
OR,M,2005,Benjamin,205
OR,M,2005,David,200
OR,M,2005,Logan,191
OR,M,2005,Daniel,187
OR,M,2006,Jacob,288
OR,M,2006,Ethan,259
OR,M,2006,Alexander,230
OR,M,2006,Logan,219
OR,M,2006,Noah,219
OR,M,2006,Daniel,218
OR,M,2006,Joshua,207
OR,M,2006,William,202
OR,M,2006,Tyler,190
OR,M,2006,Andrew,189
OR,M,2007,Jacob,257
OR,M,2007,Alexander,255
OR,M,2007,Logan,249
OR,M,2007,Daniel,247
OR,M,2007,Ethan,228
OR,M,2007,Noah,219
OR,M,2007,David,206
OR,M,2007,Andrew,204
OR,M,2007,William,186
OR,M,2007,Anthony,184
OR,M,2008,Ethan,232
OR,M,2008,Alexander,228
OR,M,2008,Logan,206
OR,M,2008,Jacob,205
OR,M,2008,Aiden,204
OR,M,2008,Benjamin,200
OR,M,2008,Noah,192
OR,M,2008,Wyatt,186
OR,M,2008,Andrew,185
OR,M,2008,Daniel,183
OR,M,2009,Alexander,243
OR,M,2009,Logan,206
OR,M,2009,Jacob,201
OR,M,2009,Daniel,195
OR,M,2009,Ethan,191
OR,M,2009,Gabriel,188
OR,M,2009,Noah,185
OR,M,2009,Elijah,179
OR,M,2009,William,178
OR,M,2009,Benjamin,173
OR,M,2010,Jacob,240
OR,M,2010,Logan,200
OR,M,2010,Benjamin,196
OR,M,2010,Noah,193
OR,M,2010,Mason,192
OR,M,2010,Samuel,187
OR,M,2010,Ethan,183
OR,M,2010,Alexander,179
OR,M,2010,William,178
OR,M,2010,Elijah,170
OR,M,2011,Mason,221
OR,M,2011,Liam,213
OR,M,2011,Logan,188
OR,M,2011,Jacob,185
OR,M,2011,Alexander,183
OR,M,2011,Daniel,183
OR,M,2011,Samuel,183
OR,M,2011,Jackson,180
OR,M,2011,Ethan,177
OR,M,2011,Noah,176
OR,M,2012,Liam,244
OR,M,2012,Mason,197
OR,M,2012,Alexander,196
OR,M,2012,William,185
OR,M,2012,Henry,180
OR,M,2012,Samuel,177
OR,M,2012,Ethan,173
OR,M,2012,Daniel,172
OR,M,2012,Benjamin,170
OR,M,2012,Logan,165
OR,M,2013,Liam,262
OR,M,2013,Mason,198
OR,M,2013,Elijah,192
OR,M,2013,Benjamin,183
OR,M,2013,William,183
OR,M,2013,Henry,169
OR,M,2013,Ethan,168
OR,M,2013,Noah,167
OR,M,2013,Logan,163
OR,M,2013,Alexander,162
OR,M,2014,Liam,211
OR,M,2014,Henry,205
OR,M,2014,Noah,199
OR,M,2014,Benjamin,196
OR,M,2014,Logan,189
OR,M,2014,Alexander,182
OR,M,2014,Wyatt,180
OR,M,2014,William,173
OR,M,2014,Oliver,172
OR,M,2014,Mason,167
OR,M,2015,Liam,224
OR,M,2015,Henry,208
OR,M,2015,Oliver,190
OR,M,2015,James,182
OR,M,2015,Noah,181
OR,M,2015,Wyatt,175
OR,M,2015,Mason,174
OR,M,2015,Elijah,168
OR,M,2015,William,159
OR,M,2015,Alexander,158
OR,M,2016,Oliver,227
OR,M,2016,Henry,204
OR,M,2016,William,201
OR,M,2016,Benjamin,194
OR,M,2016,Liam,192
OR,M,2016,Wyatt,181
OR,M,2016,Owen,179
OR,M,2016,Noah,177
OR,M,2016,Mason,175
OR,M,2016,Elijah,167
OR,M,2017,Oliver,231
OR,M,2017,Liam,217
OR,M,2017,Henry,193
OR,M,2017,Benjamin,191
OR,M,2017,William,179
OR,M,2017,Logan,165
OR,M,2017,Noah,164
OR,M,2017,Wyatt,160
OR,M,2017,James,158
OR,M,2017,Samuel,150
OR,M,2018,Oliver,240
OR,M,2018,William,197
OR,M,2018,Benjamin,189
OR,M,2018,Henry,184
OR,M,2018,Liam,172
OR,M,2018,Owen,159
OR,M,2018,Noah,157
OR,M,2018,Wyatt,149
OR,M,2018,James,139
OR,M,2018,Alexander,138
OR,M,2019,Oliver,241
OR,M,2019,Liam,202
OR,M,2019,Henry,200
OR,M,2019,Benjamin,176
OR,M,2019,Noah,163
OR,M,2019,William,151
OR,M,2019,Mason,140
OR,M,2019,Lucas,138
OR,M,2019,Samuel,135
OR,M,2019,Logan,132
