PA,F,1920,Mary,7650
PA,F,1920,Helen,4969
PA,F,1920,Margaret,3667
PA,F,1920,Dorothy,3665
PA,F,1920,Anna,3187
PA,F,1920,Ruth,2649
PA,F,1920,Elizabeth,2296
PA,F,1920,Betty,1884
PA,F,1920,Mildred,1562
PA,F,1920,Catherine,1411
PA,F,1921,Mary,7772
PA,F,1921,Helen,4873
PA,F,1921,Dorothy,3857
PA,F,1921,Margaret,3647
PA,F,1921,Anna,2985
PA,F,1921,Ruth,2698
PA,F,1921,Betty,2348
PA,F,1921,Elizabeth,2260
PA,F,1921,Mildred,1451
PA,F,1921,Catherine,1434
PA,F,1922,Mary,7302
PA,F,1922,Helen,4423
PA,F,1922,Dorothy,3504
PA,F,1922,Margaret,3431
PA,F,1922,Anna,2724
PA,F,1922,Betty,2626
PA,F,1922,Ruth,2334
PA,F,1922,Elizabeth,2301
PA,F,1922,Mildred,1385
PA,F,1922,Catherine,1348
PA,F,1923,Mary,7035
PA,F,1923,Helen,4281
PA,F,1923,Dorothy,3820
PA,F,1923,Margaret,3307
PA,F,1923,Betty,3086
PA,F,1923,Anna,2573
PA,F,1923,Ruth,2348
PA,F,1923,Elizabeth,2306
PA,F,1923,Catherine,1407
PA,F,1923,Mildred,1373
PA,F,1924,Mary,7200
PA,F,1924,Helen,4194
PA,F,1924,Dorothy,3875
PA,F,1924,Betty,3599
PA,F,1924,Margaret,3446
PA,F,1924,Anna,2446
PA,F,1924,Ruth,2420
PA,F,1924,Elizabeth,2177
PA,F,1924,Jean,1473
PA,F,1924,Marie,1411
PA,F,1925,Mary,6563
PA,F,1925,Dorothy,3774
PA,F,1925,Helen,3757
PA,F,1925,Betty,3440
PA,F,1925,Margaret,3060
PA,F,1925,Anna,2306
PA,F,1925,Ruth,2209
PA,F,1925,Elizabeth,2000
PA,F,1925,Jean,1635
PA,F,1925,Doris,1411
PA,F,1926,Mary,6008
PA,F,1926,Helen,3426
PA,F,1926,Dorothy,3402
PA,F,1926,Betty,3386
PA,F,1926,Margaret,2845
PA,F,1926,Anna,2253
PA,F,1926,Ruth,2074
PA,F,1926,Elizabeth,1735
PA,F,1926,Jean,1652
PA,F,1926,Doris,1516
PA,F,1927,Mary,6229
PA,F,1927,Dorothy,3511
PA,F,1927,Betty,3258
PA,F,1927,Helen,3170
PA,F,1927,Margaret,2758
PA,F,1927,Ruth,2040
PA,F,1927,Anna,2013
PA,F,1927,Jean,1761
PA,F,1927,Elizabeth,1741
PA,F,1927,Doris,1528
PA,F,1928,Mary,5740
PA,F,1928,Dorothy,3130
PA,F,1928,Betty,2976
PA,F,1928,Helen,2662
PA,F,1928,Margaret,2574
PA,F,1928,Ruth,1892
PA,F,1928,Anna,1822
PA,F,1928,Jean,1622
PA,F,1928,Elizabeth,1588
PA,F,1928,Doris,1583
PA,F,1929,Mary,5302
PA,F,1929,Dorothy,2894
PA,F,1929,Betty,2799
PA,F,1929,Helen,2434
PA,F,1929,Margaret,2270
PA,F,1929,Dolores,1890
PA,F,1929,Anna,1710
PA,F,1929,Ruth,1645
PA,F,1929,Doris,1602
PA,F,1929,Jean,1528
PA,F,1930,Mary,5188
PA,F,1930,Dorothy,2726
PA,F,1930,Betty,2606
PA,F,1930,Dolores,2268
PA,F,1930,Helen,2228
PA,F,1930,Margaret,2159
PA,F,1930,Anna,1542
PA,F,1930,Doris,1535
PA,F,1930,Joan,1532
PA,F,1930,Jean,1481
PA,F,1931,Mary,4916
PA,F,1931,Dorothy,2367
PA,F,1931,Betty,2326
PA,F,1931,Joan,2143
PA,F,1931,Margaret,1999
PA,F,1931,Dolores,1994
PA,F,1931,Helen,1850
PA,F,1931,Shirley,1559
PA,F,1931,Doris,1361
PA,F,1931,Anna,1359
PA,F,1932,Mary,4535
PA,F,1932,Joan,2435
PA,F,1932,Dorothy,2027
PA,F,1932,Betty,1905
PA,F,1932,Margaret,1852
PA,F,1932,Dolores,1743
PA,F,1932,Helen,1668
PA,F,1932,Shirley,1652
PA,F,1932,Patricia,1509
PA,F,1932,Barbara,1466
PA,F,1933,Mary,4122
PA,F,1933,Joan,2223
PA,F,1933,Dorothy,1844
PA,F,1933,Betty,1715
PA,F,1933,Margaret,1661
PA,F,1933,Patricia,1651
PA,F,1933,Shirley,1630
PA,F,1933,Barbara,1593
PA,F,1933,Dolores,1429
PA,F,1933,Nancy,1375
PA,F,1934,Mary,4091
PA,F,1934,Shirley,2446
PA,F,1934,Joan,2362
PA,F,1934,Patricia,1961
PA,F,1934,Barbara,1866
PA,F,1934,Dorothy,1630
PA,F,1934,Betty,1619
PA,F,1934,Nancy,1616
PA,F,1934,Margaret,1557
PA,F,1934,Helen,1374
PA,F,1935,Mary,3929
PA,F,1935,Shirley,3876
PA,F,1935,Patricia,2199
PA,F,1935,Joan,2182
PA,F,1935,Barbara,1952
PA,F,1935,Nancy,1744
PA,F,1935,Margaret,1612
PA,F,1935,Dorothy,1595
PA,F,1935,Betty,1474
PA,F,1935,Dolores,1196
PA,F,1936,Mary,3933
PA,F,1936,Shirley,2741
PA,F,1936,Patricia,2284
PA,F,1936,Barbara,2195
PA,F,1936,Joan,2067
PA,F,1936,Nancy,1985
PA,F,1936,Margaret,1571
PA,F,1936,Dorothy,1466
PA,F,1936,Betty,1275
PA,F,1936,Helen,1133
PA,F,1937,Mary,4037
PA,F,1937,Patricia,2558
PA,F,1937,Barbara,2508
PA,F,1937,Shirley,2011
PA,F,1937,Nancy,1945
PA,F,1937,Joan,1762
PA,F,1937,Margaret,1542
PA,F,1937,Dorothy,1336
PA,F,1937,Betty,1187
PA,F,1937,Carol,1100
PA,F,1938,Mary,4059
PA,F,1938,Barbara,3082
PA,F,1938,Patricia,2676
PA,F,1938,Nancy,2063
PA,F,1938,Joan,1707
PA,F,1938,Shirley,1627
PA,F,1938,Margaret,1530
PA,F,1938,Carol,1413
PA,F,1938,Dorothy,1323
PA,F,1938,Janet,1197
PA,F,1939,Mary,3878
PA,F,1939,Barbara,2934
PA,F,1939,Patricia,2836
PA,F,1939,Nancy,1982
PA,F,1939,Carol,1616
PA,F,1939,Joan,1603
PA,F,1939,Margaret,1475
PA,F,1939,Shirley,1365
PA,F,1939,Dorothy,1296
PA,F,1939,Judith,1281
PA,F,1940,Mary,3943
PA,F,1940,Patricia,3061
PA,F,1940,Barbara,2921
PA,F,1940,Nancy,2048
PA,F,1940,Carol,1846
PA,F,1940,Judith,1810
PA,F,1940,Joan,1567
PA,F,1940,Margaret,1495
PA,F,1940,Sandra,1294
PA,F,1940,Dorothy,1167
PA,F,1941,Mary,4086
PA,F,1941,Patricia,3489
PA,F,1941,Barbara,3283
PA,F,1941,Carol,2346
PA,F,1941,Nancy,2013
PA,F,1941,Judith,1800
PA,F,1941,Sandra,1590
PA,F,1941,Margaret,1575
PA,F,1941,Joan,1482
PA,F,1941,Dorothy,1171
PA,F,1942,Mary,4476
PA,F,1942,Barbara,3872
PA,F,1942,Patricia,3706
PA,F,1942,Carol,3016
PA,F,1942,Nancy,2249
PA,F,1942,Judith,2052
PA,F,1942,Sandra,2041
PA,F,1942,Margaret,1706
PA,F,1942,Linda,1596
PA,F,1942,Joan,1587
PA,F,1943,Mary,4469
PA,F,1943,Barbara,3550
PA,F,1943,Patricia,3324
PA,F,1943,Carol,3117
PA,F,1943,Nancy,2189
PA,F,1943,Sandra,2125
PA,F,1943,Judith,2113
PA,F,1943,Linda,1916
PA,F,1943,Margaret,1653
PA,F,1943,Donna,1358
PA,F,1944,Mary,3952
PA,F,1944,Barbara,2915
PA,F,1944,Patricia,2853
PA,F,1944,Carol,2807
PA,F,1944,Nancy,1902
PA,F,1944,Sandra,1880
PA,F,1944,Judith,1858
PA,F,1944,Linda,1772
PA,F,1944,Margaret,1415
PA,F,1944,Donna,1293
PA,F,1945,Mary,3658
PA,F,1945,Carol,2879
PA,F,1945,Barbara,2808
PA,F,1945,Patricia,2646
PA,F,1945,Linda,2156
PA,F,1945,Sandra,1800
PA,F,1945,Judith,1735
PA,F,1945,Nancy,1691
PA,F,1945,Susan,1315
PA,F,1945,Margaret,1306
PA,F,1946,Mary,4455
PA,F,1946,Patricia,3671
PA,F,1946,Barbara,3525
PA,F,1946,Carol,3311
PA,F,1946,Linda,2953
PA,F,1946,Sandra,2435
PA,F,1946,Nancy,2299
PA,F,1946,Susan,1995
PA,F,1946,Judith,1969
PA,F,1946,Kathleen,1807
PA,F,1947,Linda,6768
PA,F,1947,Mary,4845
PA,F,1947,Patricia,3962
PA,F,1947,Barbara,3817
PA,F,1947,Carol,3277
PA,F,1947,Sandra,2540
PA,F,1947,Nancy,2476
PA,F,1947,Susan,2358
PA,F,1947,Donna,2155
PA,F,1947,Kathleen,2147
PA,F,1948,Linda,6217
PA,F,1948,Mary,4441
PA,F,1948,Barbara,3590
PA,F,1948,Patricia,3353
PA,F,1948,Carol,2833
PA,F,1948,Susan,2598
PA,F,1948,Kathleen,2185
PA,F,1948,Sandra,2167
PA,F,1948,Nancy,2156
PA,F,1948,Donna,1816
PA,F,1949,Linda,5849
PA,F,1949,Mary,4350
PA,F,1949,Patricia,3415
PA,F,1949,Barbara,3168
PA,F,1949,Susan,2759
PA,F,1949,Kathleen,2478
PA,F,1949,Carol,2439
PA,F,1949,Nancy,2134
PA,F,1949,Sandra,1969
PA,F,1949,Donna,1864
PA,F,1950,Linda,5278
PA,F,1950,Mary,4074
PA,F,1950,Patricia,3403
PA,F,1950,Barbara,3051
PA,F,1950,Susan,2897
PA,F,1950,Kathleen,2419
PA,F,1950,Carol,2343
PA,F,1950,Nancy,2108
PA,F,1950,Deborah,2011
PA,F,1950,Karen,1933
PA,F,1951,Linda,4905
PA,F,1951,Mary,4212
PA,F,1951,Patricia,4195
PA,F,1951,Barbara,3000
PA,F,1951,Deborah,2963
PA,F,1951,Susan,2921
PA,F,1951,Kathleen,2497
PA,F,1951,Karen,2191
PA,F,1951,Carol,2161
PA,F,1951,Nancy,2127
PA,F,1952,Linda,4343
PA,F,1952,Mary,4167
PA,F,1952,Patricia,3977
PA,F,1952,Deborah,3489
PA,F,1952,Susan,3260
PA,F,1952,Barbara,2883
PA,F,1952,Kathleen,2385
PA,F,1952,Nancy,2246
PA,F,1952,Karen,2232
PA,F,1952,Carol,2075
PA,F,1953,Mary,4027
PA,F,1953,Linda,3905
PA,F,1953,Patricia,3673
PA,F,1953,Deborah,3584
PA,F,1953,Susan,3381
PA,F,1953,Barbara,2763
PA,F,1953,Karen,2377
PA,F,1953,Kathleen,2263
PA,F,1953,Nancy,2192
PA,F,1953,Donna,2054
PA,F,1954,Mary,4401
PA,F,1954,Deborah,3901
PA,F,1954,Linda,3589
PA,F,1954,Susan,3449
PA,F,1954,Patricia,3423
PA,F,1954,Barbara,2609
PA,F,1954,Karen,2586
PA,F,1954,Debra,2548
PA,F,1954,Donna,2277
PA,F,1954,Nancy,2073
PA,F,1955,Mary,4073
PA,F,1955,Deborah,3816
PA,F,1955,Susan,3353
PA,F,1955,Linda,3298
PA,F,1955,Patricia,3105
PA,F,1955,Debra,2977
PA,F,1955,Karen,2484
PA,F,1955,Barbara,2369
PA,F,1955,Donna,2323
PA,F,1955,Diane,2183
PA,F,1956,Mary,3869
PA,F,1956,Deborah,3568
PA,F,1956,Susan,3314
PA,F,1956,Linda,3076
PA,F,1956,Karen,3035
PA,F,1956,Patricia,3014
PA,F,1956,Debra,2899
PA,F,1956,Donna,2417
PA,F,1956,Barbara,2353
PA,F,1956,Cynthia,2178
PA,F,1957,Mary,3970
PA,F,1957,Susan,3399
PA,F,1957,Karen,3150
PA,F,1957,Linda,2900
PA,F,1957,Deborah,2867
PA,F,1957,Patricia,2697
PA,F,1957,Cynthia,2686
PA,F,1957,Debra,2457
PA,F,1957,Donna,2363
PA,F,1957,Barbara,2258
PA,F,1958,Mary,3696
PA,F,1958,Susan,3510
PA,F,1958,Karen,2810
PA,F,1958,Linda,2769
PA,F,1958,Patricia,2709
PA,F,1958,Deborah,2339
PA,F,1958,Barbara,2184
PA,F,1958,Donna,2155
PA,F,1958,Debra,2044
PA,F,1958,Cynthia,1975
PA,F,1959,Mary,3576
PA,F,1959,Susan,3184
PA,F,1959,Donna,2895
PA,F,1959,Karen,2713
PA,F,1959,Linda,2563
PA,F,1959,Patricia,2373
PA,F,1959,Deborah,2075
PA,F,1959,Debra,1864
PA,F,1959,Barbara,1835
PA,F,1959,Cynthia,1814
PA,F,1960,Mary,3297
PA,F,1960,Susan,2801
PA,F,1960,Donna,2648
PA,F,1960,Karen,2573
PA,F,1960,Linda,2387
PA,F,1960,Lisa,2177
PA,F,1960,Patricia,2139
PA,F,1960,Barbara,1877
PA,F,1960,Deborah,1717
PA,F,1960,Kathleen,1548
PA,F,1961,Mary,3036
PA,F,1961,Lisa,2863
PA,F,1961,Susan,2643
PA,F,1961,Karen,2387
PA,F,1961,Linda,2321
PA,F,1961,Donna,2111
PA,F,1961,Patricia,1978
PA,F,1961,Barbara,1725
PA,F,1961,Deborah,1667
PA,F,1961,Kathleen,1487
PA,F,1962,Lisa,3186
PA,F,1962,Mary,2632
PA,F,1962,Susan,2567
PA,F,1962,Karen,2404
PA,F,1962,Linda,2113
PA,F,1962,Donna,1768
PA,F,1962,Patricia,1723
PA,F,1962,Lori,1549
PA,F,1962,Deborah,1512
PA,F,1962,Barbara,1498
PA,F,1963,Lisa,3863
PA,F,1963,Mary,2577
PA,F,1963,Susan,2529
PA,F,1963,Karen,2165
PA,F,1963,Linda,1784
PA,F,1963,Lori,1748
PA,F,1963,Donna,1688
PA,F,1963,Patricia,1633
PA,F,1963,Kimberly,1467
PA,F,1963,Barbara,1321
PA,F,1964,Lisa,3623
PA,F,1964,Mary,2531
PA,F,1964,Susan,2193
PA,F,1964,Karen,2046
PA,F,1964,Donna,1710
PA,F,1964,Patricia,1621
PA,F,1964,Kimberly,1613
PA,F,1964,Linda,1503
PA,F,1964,Lori,1468
PA,F,1964,Denise,1294
PA,F,1965,Lisa,3772
PA,F,1965,Karen,2457
PA,F,1965,Mary,2049
PA,F,1965,Susan,1908
PA,F,1965,Kimberly,1886
PA,F,1965,Patricia,1468
PA,F,1965,Lori,1380
PA,F,1965,Donna,1365
PA,F,1965,Christine,1312
PA,F,1965,Linda,1193
PA,F,1966,Lisa,3651
PA,F,1966,Kimberly,1964
PA,F,1966,Karen,1846
PA,F,1966,Susan,1737
PA,F,1966,Mary,1695
PA,F,1966,Michelle,1607
PA,F,1966,Christine,1404
PA,F,1966,Patricia,1280
PA,F,1966,Lori,1255
PA,F,1966,Michele,1149
PA,F,1967,Lisa,3356
PA,F,1967,Kimberly,2095
PA,F,1967,Michelle,1836
PA,F,1967,Susan,1655
PA,F,1967,Christine,1451
PA,F,1967,Mary,1419
PA,F,1967,Karen,1415
PA,F,1967,Amy,1274
PA,F,1967,Lori,1208
PA,F,1967,Melissa,1109
PA,F,1968,Lisa,3198
PA,F,1968,Kimberly,2055
PA,F,1968,Michelle,1897
PA,F,1968,Jennifer,1629
PA,F,1968,Susan,1589
PA,F,1968,Christine,1457
PA,F,1968,Kelly,1383
PA,F,1968,Karen,1339
PA,F,1968,Mary,1275
PA,F,1968,Melissa,1272
PA,F,1969,Lisa,2816
PA,F,1969,Jennifer,2045
PA,F,1969,Michelle,1883
PA,F,1969,Kimberly,1851
PA,F,1969,Christine,1456
PA,F,1969,Melissa,1454
PA,F,1969,Amy,1447
PA,F,1969,Susan,1302
PA,F,1969,Kelly,1207
PA,F,1969,Lori,1164
PA,F,1970,Jennifer,2961
PA,F,1970,Lisa,2280
PA,F,1970,Kimberly,1885
PA,F,1970,Michelle,1810
PA,F,1970,Amy,1655
PA,F,1970,Melissa,1499
PA,F,1970,Christine,1417
PA,F,1970,Heather,1113
PA,F,1970,Tracy,1108
PA,F,1970,Karen,1097
PA,F,1971,Jennifer,3656
PA,F,1971,Lisa,1989
PA,F,1971,Michelle,1831
PA,F,1971,Amy,1701
PA,F,1971,Kimberly,1607
PA,F,1971,Melissa,1514
PA,F,1971,Christine,1154
PA,F,1971,Heather,1102
PA,F,1971,Kelly,1014
PA,F,1971,Susan,1008
PA,F,1972,Jennifer,3973
PA,F,1972,Michelle,1655
PA,F,1972,Amy,1641
PA,F,1972,Lisa,1573
PA,F,1972,Melissa,1502
PA,F,1972,Kimberly,1457
PA,F,1972,Heather,1162
PA,F,1972,Nicole,1130
PA,F,1972,Christine,979
PA,F,1972,Kelly,850
PA,F,1973,Jennifer,3829
PA,F,1973,Amy,1644
PA,F,1973,Melissa,1432
PA,F,1973,Michelle,1402
PA,F,1973,Heather,1388
PA,F,1973,Lisa,1359
PA,F,1973,Kimberly,1162
PA,F,1973,Nicole,1063
PA,F,1973,Christine,848
PA,F,1973,Rebecca,802
PA,F,1974,Jennifer,3721
PA,F,1974,Amy,1750
PA,F,1974,Heather,1606
PA,F,1974,Michelle,1368
PA,F,1974,Melissa,1357
PA,F,1974,Kimberly,1129
PA,F,1974,Lisa,1104
PA,F,1974,Nicole,1037
PA,F,1974,Kelly,857
PA,F,1974,Rebecca,837
PA,F,1975,Jennifer,3427
PA,F,1975,Amy,1868
PA,F,1975,Heather,1594
PA,F,1975,Melissa,1415
PA,F,1975,Michelle,1190
PA,F,1975,Nicole,1153
PA,F,1975,Lisa,1050
PA,F,1975,Kimberly,1016
PA,F,1975,Kelly,848
PA,F,1975,Rebecca,800
PA,F,1976,Jennifer,3342
PA,F,1976,Amy,1776
PA,F,1976,Heather,1558
PA,F,1976,Melissa,1466
PA,F,1976,Nicole,1069
PA,F,1976,Michelle,1065
PA,F,1976,Kimberly,983
PA,F,1976,Jessica,962
PA,F,1976,Lisa,957
PA,F,1976,Kelly,859
PA,F,1977,Jennifer,3229
PA,F,1977,Heather,1549
PA,F,1977,Amy,1513
PA,F,1977,Melissa,1444
PA,F,1977,Jessica,1307
PA,F,1977,Kelly,1280
PA,F,1977,Nicole,1066
PA,F,1977,Michelle,1012
PA,F,1977,Lisa,1004
PA,F,1977,Kimberly,807
PA,F,1978,Jennifer,3073
PA,F,1978,Melissa,1499
PA,F,1978,Amy,1376
PA,F,1978,Heather,1337
PA,F,1978,Jessica,1332
PA,F,1978,Nicole,1251
PA,F,1978,Kelly,1208
PA,F,1978,Michelle,992
PA,F,1978,Lisa,961
PA,F,1978,Christina,855
PA,F,1979,Jennifer,2993
PA,F,1979,Melissa,1919
PA,F,1979,Nicole,1431
PA,F,1979,Jessica,1414
PA,F,1979,Amanda,1330
PA,F,1979,Heather,1268
PA,F,1979,Amy,1207
PA,F,1979,Kelly,1137
PA,F,1979,Lisa,1001
PA,F,1979,Michelle,913
PA,F,1980,Jennifer,3038
PA,F,1980,Jessica,1743
PA,F,1980,Melissa,1730
PA,F,1980,Nicole,1535
PA,F,1980,Amanda,1528
PA,F,1980,Heather,1147
PA,F,1980,Amy,1136
PA,F,1980,Michelle,981
PA,F,1980,Kelly,953
PA,F,1980,Sarah,944
PA,F,1981,Jennifer,2821
PA,F,1981,Jessica,2287
PA,F,1981,Amanda,1535
PA,F,1981,Melissa,1493
PA,F,1981,Nicole,1359
PA,F,1981,Sarah,1130
PA,F,1981,Amy,1126
PA,F,1981,Heather,1061
PA,F,1981,Rebecca,983
PA,F,1981,Stephanie,935
PA,F,1982,Jennifer,2799
PA,F,1982,Jessica,2272
PA,F,1982,Amanda,1654
PA,F,1982,Melissa,1366
PA,F,1982,Nicole,1337
PA,F,1982,Sarah,1157
PA,F,1982,Amy,1064
PA,F,1982,Heather,1012
PA,F,1982,Lauren,1008
PA,F,1982,Stephanie,977
PA,F,1983,Jennifer,2572
PA,F,1983,Jessica,2084
PA,F,1983,Amanda,1608
PA,F,1983,Ashley,1602
PA,F,1983,Nicole,1491
PA,F,1983,Melissa,1168
PA,F,1983,Sarah,1129
PA,F,1983,Heather,1059
PA,F,1983,Stephanie,1040
PA,F,1983,Lauren,970
PA,F,1984,Jennifer,2230
PA,F,1984,Jessica,2002
PA,F,1984,Ashley,1810
PA,F,1984,Amanda,1658
PA,F,1984,Nicole,1486
PA,F,1984,Melissa,1113
PA,F,1984,Sarah,1102
PA,F,1984,Heather,1080
PA,F,1984,Stephanie,1062
PA,F,1984,Lauren,1059
PA,F,1985,Ashley,2181
PA,F,1985,Jessica,2048
PA,F,1985,Amanda,1952
PA,F,1985,Jennifer,1944
PA,F,1985,Nicole,1506
PA,F,1985,Megan,1172
PA,F,1985,Sarah,1149
PA,F,1985,Lauren,1107
PA,F,1985,Stephanie,1073
PA,F,1985,Heather,1053
PA,F,1986,Ashley,2397
PA,F,1986,Jessica,2340
PA,F,1986,Amanda,2117
PA,F,1986,Jennifer,1540
PA,F,1986,Nicole,1407
PA,F,1986,Sarah,1291
PA,F,1986,Lauren,1127
PA,F,1986,Megan,1020
PA,F,1986,Stephanie,1018
PA,F,1986,Heather,902
PA,F,1987,Ashley,2559
PA,F,1987,Amanda,2269
PA,F,1987,Jessica,2241
PA,F,1987,Jennifer,1366
PA,F,1987,Nicole,1329
PA,F,1987,Sarah,1269
PA,F,1987,Lauren,1059
PA,F,1987,Stephanie,1003
PA,F,1987,Megan,973
PA,F,1987,Samantha,941
PA,F,1988,Ashley,2300
PA,F,1988,Amanda,2131
PA,F,1988,Jessica,2066
PA,F,1988,Nicole,1385
PA,F,1988,Sarah,1333
PA,F,1988,Jennifer,1181
PA,F,1988,Lauren,1168
PA,F,1988,Brittany,1131
PA,F,1988,Samantha,1037
PA,F,1988,Stephanie,1015
PA,F,1989,Ashley,2123
PA,F,1989,Amanda,2000
PA,F,1989,Jessica,1890
PA,F,1989,Brittany,1690
PA,F,1989,Sarah,1312
PA,F,1989,Samantha,1308
PA,F,1989,Lauren,1221
PA,F,1989,Nicole,1195
PA,F,1989,Jennifer,1029
PA,F,1989,Stephanie,1028
PA,F,1990,Ashley,1989
PA,F,1990,Jessica,1901
PA,F,1990,Amanda,1853
PA,F,1990,Brittany,1684
PA,F,1990,Samantha,1383
PA,F,1990,Sarah,1244
PA,F,1990,Nicole,1145
PA,F,1990,Lauren,1121
PA,F,1990,Megan,1080
PA,F,1990,Emily,1052
PA,F,1991,Ashley,1958
PA,F,1991,Jessica,1672
PA,F,1991,Amanda,1503
PA,F,1991,Brittany,1431
PA,F,1991,Samantha,1389
PA,F,1991,Sarah,1257
PA,F,1991,Emily,1177
PA,F,1991,Nicole,1034
PA,F,1991,Lauren,1010
PA,F,1991,Megan,951
PA,F,1992,Ashley,1662
PA,F,1992,Jessica,1531
PA,F,1992,Samantha,1330
PA,F,1992,Amanda,1303
PA,F,1992,Emily,1218
PA,F,1992,Brittany,1213
PA,F,1992,Sarah,1196
PA,F,1992,Nicole,1032
PA,F,1992,Megan,893
PA,F,1992,Lauren,856
PA,F,1993,Ashley,1460
PA,F,1993,Jessica,1358
PA,F,1993,Emily,1343
PA,F,1993,Samantha,1243
PA,F,1993,Sarah,1239
PA,F,1993,Amanda,1097
PA,F,1993,Brittany,1035
PA,F,1993,Nicole,884
PA,F,1993,Rachel,866
PA,F,1993,Lauren,839
PA,F,1994,Emily,1354
PA,F,1994,Ashley,1246
PA,F,1994,Jessica,1242
PA,F,1994,Samantha,1224
PA,F,1994,Sarah,1110
PA,F,1994,Amanda,959
PA,F,1994,Brittany,866
PA,F,1994,Nicole,866
PA,F,1994,Taylor,856
PA,F,1994,Megan,844
PA,F,1995,Emily,1264
PA,F,1995,Jessica,1105
PA,F,1995,Samantha,1092
PA,F,1995,Sarah,1053
PA,F,1995,Ashley,1047
PA,F,1995,Rachel,924
PA,F,1995,Taylor,888
PA,F,1995,Amanda,858
PA,F,1995,Brittany,832
PA,F,1995,Megan,756
PA,F,1996,Emily,1306
PA,F,1996,Sarah,1037
PA,F,1996,Jessica,1003
PA,F,1996,Samantha,991
PA,F,1996,Rachel,897
PA,F,1996,Ashley,880
PA,F,1996,Taylor,832
PA,F,1996,Amanda,761
PA,F,1996,Hannah,749
PA,F,1996,Megan,732
PA,F,1997,Emily,1301
PA,F,1997,Sarah,956
PA,F,1997,Samantha,953
PA,F,1997,Taylor,945
PA,F,1997,Jessica,826
PA,F,1997,Hannah,740
PA,F,1997,Rachel,737
PA,F,1997,Alexis,735
PA,F,1997,Ashley,731
PA,F,1997,Elizabeth,670
PA,F,1998,Emily,1371
PA,F,1998,Sarah,936
PA,F,1998,Samantha,926
PA,F,1998,Hannah,841
PA,F,1998,Madison,834
PA,F,1998,Taylor,824
PA,F,1998,Alexis,821
PA,F,1998,Ashley,721
PA,F,1998,Rachel,709
PA,F,1998,Alyssa,692
PA,F,1999,Emily,1240
PA,F,1999,Sarah,951
PA,F,1999,Hannah,868
PA,F,1999,Madison,852
PA,F,1999,Alexis,838
PA,F,1999,Samantha,791
PA,F,1999,Taylor,720
PA,F,1999,Ashley,688
PA,F,1999,Elizabeth,668
PA,F,1999,Rachel,661
PA,F,2000,Emily,1174
PA,F,2000,Madison,998
PA,F,2000,Hannah,923
PA,F,2000,Sarah,824
PA,F,2000,Alexis,759
PA,F,2000,Samantha,702
PA,F,2000,Taylor,679
PA,F,2000,Lauren,672
PA,F,2000,Olivia,657
PA,F,2000,Alyssa,640
PA,F,2001,Emily,1118
PA,F,2001,Madison,1086
PA,F,2001,Hannah,811
PA,F,2001,Sarah,797
PA,F,2001,Abigail,755
PA,F,2001,Olivia,746
PA,F,2001,Samantha,659
PA,F,2001,Alexis,644
PA,F,2001,Elizabeth,643
PA,F,2001,Kayla,594
PA,F,2002,Emily,1153
PA,F,2002,Madison,1054
PA,F,2002,Hannah,811
PA,F,2002,Sarah,748
PA,F,2002,Abigail,744
PA,F,2002,Olivia,735
PA,F,2002,Emma,732
PA,F,2002,Alexis,639
PA,F,2002,Elizabeth,584
PA,F,2002,Samantha,570
PA,F,2003,Emily,1137
PA,F,2003,Emma,1014
PA,F,2003,Madison,917
PA,F,2003,Olivia,861
PA,F,2003,Hannah,781
PA,F,2003,Abigail,721
PA,F,2003,Sarah,692
PA,F,2003,Grace,596
PA,F,2003,Alexis,595
PA,F,2003,Isabella,584
PA,F,2004,Emily,1025
PA,F,2004,Emma,1007
PA,F,2004,Madison,950
PA,F,2004,Olivia,830
PA,F,2004,Abigail,683
PA,F,2004,Hannah,661
PA,F,2004,Grace,621
PA,F,2004,Isabella,599
PA,F,2004,Sarah,599
PA,F,2004,Alexis,554
PA,F,2005,Emily,891
PA,F,2005,Emma,867
PA,F,2005,Madison,864
PA,F,2005,Olivia,793
PA,F,2005,Abigail,727
PA,F,2005,Ava,726
PA,F,2005,Isabella,619
PA,F,2005,Hannah,606
PA,F,2005,Grace,579
PA,F,2005,Sarah,577
PA,F,2006,Ava,872
PA,F,2006,Emily,821
PA,F,2006,Emma,804
PA,F,2006,Madison,800
PA,F,2006,Olivia,784
PA,F,2006,Isabella,719
PA,F,2006,Abigail,678
PA,F,2006,Hannah,568
PA,F,2006,Sarah,555
PA,F,2006,Alexis,549
PA,F,2007,Ava,994
PA,F,2007,Olivia,821
PA,F,2007,Emma,802
PA,F,2007,Madison,785
PA,F,2007,Isabella,735
PA,F,2007,Abigail,719
PA,F,2007,Emily,698
PA,F,2007,Sophia,645
PA,F,2007,Hannah,577
PA,F,2007,Sarah,501
PA,F,2008,Ava,909
PA,F,2008,Olivia,855
PA,F,2008,Emma,812
PA,F,2008,Madison,748
PA,F,2008,Isabella,738
PA,F,2008,Abigail,702
PA,F,2008,Emily,650
PA,F,2008,Sophia,588
PA,F,2008,Elizabeth,439
PA,F,2008,Chloe,435
PA,F,2009,Isabella,884
PA,F,2009,Olivia,804
PA,F,2009,Ava,786
PA,F,2009,Emma,765
PA,F,2009,Sophia,727
PA,F,2009,Madison,682
PA,F,2009,Emily,609
PA,F,2009,Abigail,597
PA,F,2009,Ella,455
PA,F,2009,Grace,451
PA,F,2010,Isabella,902
PA,F,2010,Sophia,809
PA,F,2010,Emma,795
PA,F,2010,Olivia,750
PA,F,2010,Ava,737
PA,F,2010,Abigail,597
PA,F,2010,Madison,551
PA,F,2010,Emily,528
PA,F,2010,Ella,450
PA,F,2010,Chloe,412
PA,F,2011,Sophia,875
PA,F,2011,Emma,823
PA,F,2011,Ava,807
PA,F,2011,Olivia,742
PA,F,2011,Isabella,689
PA,F,2011,Abigail,561
PA,F,2011,Emily,548
PA,F,2011,Madison,531
PA,F,2011,Ella,459
PA,F,2011,Mia,450
PA,F,2012,Emma,874
PA,F,2012,Sophia,865
PA,F,2012,Ava,774
PA,F,2012,Olivia,774
PA,F,2012,Isabella,715
PA,F,2012,Madison,528
PA,F,2012,Abigail,501
PA,F,2012,Emily,487
PA,F,2012,Mia,416
PA,F,2012,Aubrey,402
PA,F,2013,Emma,899
PA,F,2013,Sophia,771
PA,F,2013,Ava,751
PA,F,2013,Olivia,751
PA,F,2013,Isabella,631
PA,F,2013,Abigail,478
PA,F,2013,Emily,470
PA,F,2013,Madison,468
PA,F,2013,Mia,415
PA,F,2013,Aubrey,408
PA,F,2014,Emma,884
PA,F,2014,Olivia,785
PA,F,2014,Ava,696
PA,F,2014,Sophia,662
PA,F,2014,Isabella,597
PA,F,2014,Mia,456
PA,F,2014,Charlotte,455
PA,F,2014,Abigail,448
PA,F,2014,Emily,448
PA,F,2014,Madison,446
PA,F,2015,Olivia,786
PA,F,2015,Emma,766
PA,F,2015,Ava,723
PA,F,2015,Sophia,595
PA,F,2015,Isabella,534
PA,F,2015,Mia,486
PA,F,2015,Abigail,477
PA,F,2015,Charlotte,463
PA,F,2015,Avery,426
PA,F,2015,Emily,422
PA,F,2016,Emma,750
PA,F,2016,Olivia,728
PA,F,2016,Ava,673
PA,F,2016,Charlotte,641
PA,F,2016,Sophia,564
PA,F,2016,Isabella,486
PA,F,2016,Harper,445
PA,F,2016,Mia,428
PA,F,2016,Abigail,414
PA,F,2016,Emily,412
PA,F,2017,Emma,782
PA,F,2017,Olivia,667
PA,F,2017,Ava,621
PA,F,2017,Charlotte,506
PA,F,2017,Sophia,499
PA,F,2017,Isabella,489
PA,F,2017,Harper,450
PA,F,2017,Amelia,449
PA,F,2017,Mia,415
PA,F,2017,Ella,374
PA,F,2018,Emma,702
PA,F,2018,Olivia,614
PA,F,2018,Ava,564
PA,F,2018,Charlotte,537
PA,F,2018,Sophia,520
PA,F,2018,Isabella,509
PA,F,2018,Harper,456
PA,F,2018,Amelia,436
PA,F,2018,Mia,415
PA,F,2018,Ella,361
PA,F,2019,Olivia,656
PA,F,2019,Emma,628
PA,F,2019,Ava,563
PA,F,2019,Charlotte,556
PA,F,2019,Harper,492
PA,F,2019,Sophia,485
PA,F,2019,Amelia,471
PA,F,2019,Evelyn,417
PA,F,2019,Isabella,408
PA,F,2019,Mia,408
PA,M,1920,John,7041
PA,M,1920,William,5115
PA,M,1920,Robert,4146
PA,M,1920,Joseph,4090
PA,M,1920,James,3120
PA,M,1920,Charles,3114
PA,M,1920,George,2851
PA,M,1920,Edward,2363
PA,M,1920,Frank,1953
PA,M,1920,Paul,1725
PA,M,1921,John,7194
PA,M,1921,William,5441
PA,M,1921,Robert,4390
PA,M,1921,Joseph,4375
PA,M,1921,James,3353
PA,M,1921,Charles,3125
PA,M,1921,George,2999
PA,M,1921,Edward,2473
PA,M,1921,Frank,1997
PA,M,1921,Paul,1707
PA,M,1922,John,7073
PA,M,1922,William,5162
PA,M,1922,Robert,4624
PA,M,1922,Joseph,4382
PA,M,1922,James,3382
PA,M,1922,Charles,3062
PA,M,1922,George,2942
PA,M,1922,Edward,2454
PA,M,1922,Frank,1904
PA,M,1922,Paul,1686
PA,M,1923,John,7212
PA,M,1923,William,5376
PA,M,1923,Robert,4839
PA,M,1923,Joseph,4274
PA,M,1923,James,3537
PA,M,1923,Charles,2926
PA,M,1923,George,2914
PA,M,1923,Edward,2549
PA,M,1923,Frank,1875
PA,M,1923,Richard,1729
PA,M,1924,John,7261
PA,M,1924,William,5503
PA,M,1924,Robert,5274
PA,M,1924,Joseph,4365
PA,M,1924,James,3666
PA,M,1924,Charles,3014
PA,M,1924,George,2970
PA,M,1924,Edward,2630
PA,M,1924,Richard,1959
PA,M,1924,Frank,1877
PA,M,1925,John,6938
PA,M,1925,William,5365
PA,M,1925,Robert,5321
PA,M,1925,Joseph,4229
PA,M,1925,James,3700
PA,M,1925,Charles,2905
PA,M,1925,George,2841
PA,M,1925,Edward,2433
PA,M,1925,Richard,2106
PA,M,1925,Paul,1829
PA,M,1926,John,6647
PA,M,1926,Robert,5355
PA,M,1926,William,5305
PA,M,1926,Joseph,4107
PA,M,1926,James,3739
PA,M,1926,Charles,2900
PA,M,1926,George,2845
PA,M,1926,Edward,2403
PA,M,1926,Richard,2361
PA,M,1926,Thomas,1796
PA,M,1927,John,6684
PA,M,1927,Robert,5518
PA,M,1927,William,5279
PA,M,1927,Joseph,3878
PA,M,1927,James,3876
PA,M,1927,Charles,3164
PA,M,1927,George,2628
PA,M,1927,Richard,2600
PA,M,1927,Edward,2466
PA,M,1927,Donald,1931
PA,M,1928,John,6136
PA,M,1928,Robert,5175
PA,M,1928,William,5008
PA,M,1928,James,3785
PA,M,1928,Joseph,3682
PA,M,1928,Charles,2916
PA,M,1928,Richard,2680
PA,M,1928,George,2554
PA,M,1928,Edward,2236
PA,M,1928,Donald,2112
PA,M,1929,John,5889
PA,M,1929,Robert,5200
PA,M,1929,William,4860
PA,M,1929,James,3724
PA,M,1929,Joseph,3423
PA,M,1929,Charles,2713
PA,M,1929,Richard,2711
PA,M,1929,George,2358
PA,M,1929,Donald,2255
PA,M,1929,Edward,2032
PA,M,1930,John,6064
PA,M,1930,Robert,5295
PA,M,1930,William,4759
PA,M,1930,James,3829
PA,M,1930,Joseph,3281
PA,M,1930,Richard,3095
PA,M,1930,Charles,2870
PA,M,1930,Donald,2513
PA,M,1930,George,2246
PA,M,1930,Edward,2026
PA,M,1931,John,5446
PA,M,1931,Robert,5419
PA,M,1931,William,4282
PA,M,1931,James,3651
PA,M,1931,Joseph,3118
PA,M,1931,Richard,2869
PA,M,1931,Charles,2591
PA,M,1931,Donald,2482
PA,M,1931,George,2139
PA,M,1931,Edward,1867
PA,M,1932,John,5241
PA,M,1932,Robert,5030
PA,M,1932,William,4072
PA,M,1932,James,3484
PA,M,1932,Joseph,2961
PA,M,1932,Richard,2833
PA,M,1932,Donald,2656
PA,M,1932,Charles,2435
PA,M,1932,George,1923
PA,M,1932,Edward,1802
PA,M,1933,John,5027
PA,M,1933,Robert,4780
PA,M,1933,William,3675
PA,M,1933,James,3558
PA,M,1933,Richard,2812
PA,M,1933,Joseph,2710
PA,M,1933,Donald,2576
PA,M,1933,Charles,2185
PA,M,1933,George,1721
PA,M,1933,Thomas,1648
PA,M,1934,John,5006
PA,M,1934,Robert,4883
PA,M,1934,William,3842
PA,M,1934,James,3638
PA,M,1934,Richard,2848
PA,M,1934,Donald,2711
PA,M,1934,Joseph,2702
PA,M,1934,Charles,2309
PA,M,1934,Thomas,1827
PA,M,1934,George,1779
PA,M,1935,Robert,5088
PA,M,1935,John,4950
PA,M,1935,William,3925
PA,M,1935,James,3870
PA,M,1935,Richard,2962
PA,M,1935,Joseph,2809
PA,M,1935,Donald,2622
PA,M,1935,Charles,2298
PA,M,1935,Thomas,1914
PA,M,1935,George,1747
PA,M,1936,Robert,5285
PA,M,1936,John,4910
PA,M,1936,James,3907
PA,M,1936,William,3679
PA,M,1936,Richard,3117
PA,M,1936,Joseph,2730
PA,M,1936,Donald,2440
PA,M,1936,Charles,2261
PA,M,1936,Thomas,1961
PA,M,1936,George,1749
PA,M,1937,Robert,5700
PA,M,1937,John,4998
PA,M,1937,William,3962
PA,M,1937,James,3888
PA,M,1937,Richard,2936
PA,M,1937,Joseph,2681
PA,M,1937,Charles,2449
PA,M,1937,Donald,2286
PA,M,1937,Thomas,2140
PA,M,1937,Ronald,1892
PA,M,1938,Robert,5560
PA,M,1938,John,5256
PA,M,1938,James,4180
PA,M,1938,William,4085
PA,M,1938,Richard,3057
PA,M,1938,Joseph,2715
PA,M,1938,Charles,2386
PA,M,1938,Thomas,2224
PA,M,1938,Donald,2204
PA,M,1938,Ronald,2130
PA,M,1939,Robert,5322
PA,M,1939,John,5074
PA,M,1939,James,3937
PA,M,1939,William,3929
PA,M,1939,Richard,3133
PA,M,1939,Joseph,2627
PA,M,1939,Thomas,2268
PA,M,1939,Charles,2246
PA,M,1939,Ronald,2022
PA,M,1939,Donald,1923
PA,M,1940,Robert,5351
PA,M,1940,John,5253
PA,M,1940,William,4126
PA,M,1940,James,4108
PA,M,1940,Richard,3218
PA,M,1940,Joseph,2660
PA,M,1940,Thomas,2370
PA,M,1940,Charles,2348
PA,M,1940,Ronald,2208
PA,M,1940,David,2001
PA,M,1941,John,5653
PA,M,1941,Robert,5597
PA,M,1941,James,4391
PA,M,1941,William,4338
PA,M,1941,Richard,3320
PA,M,1941,Joseph,2874
PA,M,1941,Thomas,2651
PA,M,1941,Ronald,2415
PA,M,1941,Charles,2346
PA,M,1941,David,2224
PA,M,1942,John,6573
PA,M,1942,Robert,6202
PA,M,1942,James,5206
PA,M,1942,William,5058
PA,M,1942,Richard,3682
PA,M,1942,Joseph,3296
PA,M,1942,Thomas,2974
PA,M,1942,Charles,2724
PA,M,1942,David,2707
PA,M,1942,Ronald,2497
PA,M,1943,John,6442
PA,M,1943,Robert,6244
PA,M,1943,James,5263
PA,M,1943,William,4941
PA,M,1943,Richard,3742
PA,M,1943,Joseph,3333
PA,M,1943,Thomas,3144
PA,M,1943,David,2650
PA,M,1943,Charles,2634
PA,M,1943,Ronald,2573
PA,M,1944,John,5966
PA,M,1944,Robert,5625
PA,M,1944,James,4848
PA,M,1944,William,4305
PA,M,1944,Richard,3338
PA,M,1944,Joseph,2964
PA,M,1944,Thomas,2856
PA,M,1944,David,2670
PA,M,1944,Charles,2395
PA,M,1944,Ronald,2131
PA,M,1945,John,5769
PA,M,1945,Robert,5442
PA,M,1945,James,4760
PA,M,1945,William,4246
PA,M,1945,Richard,3485
PA,M,1945,Thomas,2849
PA,M,1945,Joseph,2757
PA,M,1945,David,2742
PA,M,1945,Charles,2143
PA,M,1945,Ronald,2041
PA,M,1946,John,7203
PA,M,1946,Robert,6907
PA,M,1946,James,5861
PA,M,1946,William,5406
PA,M,1946,Richard,4645
PA,M,1946,Thomas,3694
PA,M,1946,David,3435
PA,M,1946,Joseph,3366
PA,M,1946,Charles,2748
PA,M,1946,Ronald,2684
PA,M,1947,John,8046
PA,M,1947,Robert,7756
PA,M,1947,James,6461
PA,M,1947,William,6116
PA,M,1947,Richard,4502
PA,M,1947,David,4307
PA,M,1947,Thomas,4210
PA,M,1947,Joseph,3757
PA,M,1947,Charles,3114
PA,M,1947,Michael,3101
PA,M,1948,John,7300
PA,M,1948,Robert,6934
PA,M,1948,James,5771
PA,M,1948,William,5491
PA,M,1948,Thomas,4099
PA,M,1948,David,4093
PA,M,1948,Richard,3891
PA,M,1948,Joseph,3574
PA,M,1948,Michael,3161
PA,M,1948,Charles,2642
PA,M,1949,John,7028
PA,M,1949,Robert,6673
PA,M,1949,James,5623
PA,M,1949,William,5201
PA,M,1949,David,4350
PA,M,1949,Richard,3863
PA,M,1949,Thomas,3840
PA,M,1949,Michael,3436
PA,M,1949,Joseph,3340
PA,M,1949,Charles,2540
PA,M,1950,John,6859
PA,M,1950,Robert,6563
PA,M,1950,James,5552
PA,M,1950,William,4884
PA,M,1950,David,4309
PA,M,1950,Thomas,3932
PA,M,1950,Richard,3799
PA,M,1950,Michael,3700
PA,M,1950,Joseph,3422
PA,M,1950,Charles,2556
PA,M,1951,John,7036
PA,M,1951,Robert,6895
PA,M,1951,James,5717
PA,M,1951,William,5289
PA,M,1951,David,4602
PA,M,1951,Thomas,4162
PA,M,1951,Richard,4120
PA,M,1951,Michael,4082
PA,M,1951,Joseph,3490
PA,M,1951,Charles,2590
PA,M,1952,John,7087
PA,M,1952,Robert,6711
PA,M,1952,James,5523
PA,M,1952,William,5178
PA,M,1952,David,5130
PA,M,1952,Michael,4537
PA,M,1952,Richard,4411
PA,M,1952,Thomas,4130
PA,M,1952,Joseph,3510
PA,M,1952,Charles,2380
PA,M,1953,John,6798
PA,M,1953,Robert,6725
PA,M,1953,James,5636
PA,M,1953,David,5247
PA,M,1953,William,4859
PA,M,1953,Michael,4849
PA,M,1953,Richard,4270
PA,M,1953,Thomas,4007
PA,M,1953,Joseph,3330
PA,M,1953,Charles,2392
PA,M,1954,John,6742
PA,M,1954,Robert,6582
PA,M,1954,David,5575
PA,M,1954,James,5532
PA,M,1954,Michael,5180
PA,M,1954,William,4889
PA,M,1954,Richard,4139
PA,M,1954,Thomas,3884
PA,M,1954,Joseph,3603
PA,M,1954,Charles,2355
PA,M,1955,John,6515
PA,M,1955,Robert,6231
PA,M,1955,David,5940
PA,M,1955,Michael,5412
PA,M,1955,James,5240
PA,M,1955,William,4657
PA,M,1955,Richard,3865
PA,M,1955,Thomas,3802
PA,M,1955,Joseph,3642
PA,M,1955,Mark,2514
PA,M,1956,John,6533
PA,M,1956,Robert,6254
PA,M,1956,David,5674
PA,M,1956,Michael,5601
PA,M,1956,James,5415
PA,M,1956,William,4554
PA,M,1956,Joseph,3723
PA,M,1956,Richard,3710
PA,M,1956,Thomas,3696
PA,M,1956,Mark,3008
PA,M,1957,John,6445
PA,M,1957,Robert,6185
PA,M,1957,Michael,5751
PA,M,1957,David,5697
PA,M,1957,James,5470
PA,M,1957,William,4443
PA,M,1957,Richard,3787
PA,M,1957,Thomas,3753
PA,M,1957,Joseph,3707
PA,M,1957,Mark,3416
PA,M,1958,John,6018
PA,M,1958,Robert,5951
PA,M,1958,Michael,5722
PA,M,1958,David,5506
PA,M,1958,James,4981
PA,M,1958,William,4206
PA,M,1958,Richard,3643
PA,M,1958,Thomas,3566
PA,M,1958,Mark,3441
PA,M,1958,Joseph,3438
PA,M,1959,John,6045
PA,M,1959,Robert,5582
PA,M,1959,David,5507
PA,M,1959,Michael,5479
PA,M,1959,James,5176
PA,M,1959,William,4007
PA,M,1959,Mark,3815
PA,M,1959,Thomas,3452
PA,M,1959,Richard,3382
PA,M,1959,Joseph,3294
PA,M,1960,John,5828
PA,M,1960,David,5526
PA,M,1960,Michael,5430
PA,M,1960,Robert,5311
PA,M,1960,James,4915
PA,M,1960,Mark,3777
PA,M,1960,William,3773
PA,M,1960,Joseph,3320
PA,M,1960,Thomas,3168
PA,M,1960,Richard,3037
PA,M,1961,John,5879
PA,M,1961,Michael,5568
PA,M,1961,David,5515
PA,M,1961,Robert,5264
PA,M,1961,James,4875
PA,M,1961,Mark,3810
PA,M,1961,William,3673
PA,M,1961,Joseph,3214
PA,M,1961,Thomas,3110
PA,M,1961,Richard,2891
PA,M,1962,John,5688
PA,M,1962,Michael,5358
PA,M,1962,David,4983
PA,M,1962,Robert,4890
PA,M,1962,James,4378
PA,M,1962,Mark,3330
PA,M,1962,William,3207
PA,M,1962,Joseph,3092
PA,M,1962,Thomas,2890
PA,M,1962,Jeffrey,2524
PA,M,1963,John,5740
PA,M,1963,Michael,5244
PA,M,1963,David,4961
PA,M,1963,Robert,4825
PA,M,1963,James,4344
PA,M,1963,William,3229
PA,M,1963,Mark,3173
PA,M,1963,Joseph,2984
PA,M,1963,Thomas,2901
PA,M,1963,Richard,2561
PA,M,1964,John,5661
PA,M,1964,Michael,5132
PA,M,1964,Robert,4839
PA,M,1964,David,4758
PA,M,1964,James,4225
PA,M,1964,William,3232
PA,M,1964,Joseph,3056
PA,M,1964,Mark,2987
PA,M,1964,Thomas,2675
PA,M,1964,Richard,2606
PA,M,1965,Michael,5284
PA,M,1965,John,5054
PA,M,1965,Robert,4408
PA,M,1965,David,4245
PA,M,1965,James,4082
PA,M,1965,William,2945
PA,M,1965,Joseph,2847
PA,M,1965,Thomas,2457
PA,M,1965,Mark,2431
PA,M,1965,Richard,2413
PA,M,1966,Michael,5244
PA,M,1966,John,4517
PA,M,1966,David,4240
PA,M,1966,Robert,4082
PA,M,1966,James,3895
PA,M,1966,William,2722
PA,M,1966,Joseph,2588
PA,M,1966,Richard,2259
PA,M,1966,Mark,2229
PA,M,1966,Thomas,2138
PA,M,1967,Michael,5051
PA,M,1967,David,4280
PA,M,1967,John,4167
PA,M,1967,Robert,3752
PA,M,1967,James,3593
PA,M,1967,William,2667
PA,M,1967,Joseph,2431
PA,M,1967,Mark,2257
PA,M,1967,Thomas,2135
PA,M,1967,Richard,2100
PA,M,1968,Michael,4991
PA,M,1968,John,4040
PA,M,1968,David,3935
PA,M,1968,Robert,3836
PA,M,1968,James,3457
PA,M,1968,William,2608
PA,M,1968,Mark,2254
PA,M,1968,Joseph,2209
PA,M,1968,Brian,2114
PA,M,1968,Richard,2073
PA,M,1969,Michael,5122
PA,M,1969,John,3926
PA,M,1969,David,3818
PA,M,1969,Robert,3592
PA,M,1969,James,3281
PA,M,1969,William,2532
PA,M,1969,Brian,2238
PA,M,1969,Joseph,2202
PA,M,1969,Mark,2108
PA,M,1969,Thomas,1951
PA,M,1970,Michael,5156
PA,M,1970,John,3781
PA,M,1970,Robert,3668
PA,M,1970,David,3664
PA,M,1970,James,3455
PA,M,1970,William,2643
PA,M,1970,Brian,2340
PA,M,1970,Joseph,2221
PA,M,1970,Christopher,2212
PA,M,1970,Mark,1947
PA,M,1971,Michael,4680
PA,M,1971,John,3421
PA,M,1971,David,3257
PA,M,1971,Robert,3164
PA,M,1971,James,2905
PA,M,1971,Christopher,2557
PA,M,1971,Brian,2467
PA,M,1971,William,2353
PA,M,1971,Scott,2068
PA,M,1971,Joseph,2044
PA,M,1972,Michael,4184
PA,M,1972,John,2797
PA,M,1972,Christopher,2767
PA,M,1972,David,2740
PA,M,1972,Robert,2667
PA,M,1972,Brian,2650
PA,M,1972,James,2419
PA,M,1972,William,1932
PA,M,1972,Joseph,1796
PA,M,1972,Jason,1769
PA,M,1973,Michael,4068
PA,M,1973,Brian,2504
PA,M,1973,Christopher,2503
PA,M,1973,John,2464
PA,M,1973,Robert,2361
PA,M,1973,James,2310
PA,M,1973,David,2294
PA,M,1973,Jason,2181
PA,M,1973,William,1773
PA,M,1973,Joseph,1645
PA,M,1974,Michael,4120
PA,M,1974,Jason,2832
PA,M,1974,John,2424
PA,M,1974,Christopher,2348
PA,M,1974,David,2310
PA,M,1974,Brian,2276
PA,M,1974,Robert,2231
PA,M,1974,James,2167
PA,M,1974,Matthew,1764
PA,M,1974,William,1673
PA,M,1975,Michael,4024
PA,M,1975,Jason,2766
PA,M,1975,David,2246
PA,M,1975,Christopher,2196
PA,M,1975,John,2170
PA,M,1975,Brian,2050
PA,M,1975,Robert,2049
PA,M,1975,James,1974
PA,M,1975,Matthew,1764
PA,M,1975,Joseph,1541
PA,M,1976,Michael,4155
PA,M,1976,Jason,2687
PA,M,1976,David,2150
PA,M,1976,Christopher,2145
PA,M,1976,John,2116
PA,M,1976,James,1951
PA,M,1976,Robert,1947
PA,M,1976,Matthew,1945
PA,M,1976,Brian,1935
PA,M,1976,Joseph,1592
PA,M,1977,Michael,4207
PA,M,1977,Jason,3019
PA,M,1977,David,2228
PA,M,1977,Christopher,2130
PA,M,1977,James,2074
PA,M,1977,John,2065
PA,M,1977,Brian,2018
PA,M,1977,Matthew,2007
PA,M,1977,Robert,1932
PA,M,1977,Joseph,1726
PA,M,1978,Michael,4095
PA,M,1978,Jason,2694
PA,M,1978,Matthew,2236
PA,M,1978,David,2151
PA,M,1978,Christopher,2101
PA,M,1978,John,2085
PA,M,1978,James,2026
PA,M,1978,Robert,1841
PA,M,1978,Brian,1805
PA,M,1978,Joseph,1612
PA,M,1979,Michael,4075
PA,M,1979,Jason,2619
PA,M,1979,Christopher,2357
PA,M,1979,Matthew,2300
PA,M,1979,David,2260
PA,M,1979,John,2043
PA,M,1979,Robert,1921
PA,M,1979,James,1902
PA,M,1979,Joseph,1733
PA,M,1979,Brian,1709
PA,M,1980,Michael,4036
PA,M,1980,Jason,2509
PA,M,1980,Matthew,2411
PA,M,1980,David,2180
PA,M,1980,Christopher,2126
PA,M,1980,John,2057
PA,M,1980,Robert,1878
PA,M,1980,James,1834
PA,M,1980,Brian,1748
PA,M,1980,Joseph,1700
PA,M,1981,Michael,4034
PA,M,1981,Matthew,2762
PA,M,1981,Jason,2286
PA,M,1981,Christopher,2146
PA,M,1981,David,2073
PA,M,1981,John,1971
PA,M,1981,Joseph,1900
PA,M,1981,James,1894
PA,M,1981,Robert,1872
PA,M,1981,Joshua,1727
PA,M,1982,Michael,3979
PA,M,1982,Matthew,2955
PA,M,1982,Christopher,2431
PA,M,1982,Jason,2183
PA,M,1982,David,2142
PA,M,1982,John,1971
PA,M,1982,James,1859
PA,M,1982,Robert,1855
PA,M,1982,Joseph,1768
PA,M,1982,Daniel,1669
PA,M,1983,Michael,3806
PA,M,1983,Matthew,2956
PA,M,1983,Christopher,2467
PA,M,1983,David,2007
PA,M,1983,Jason,1933
PA,M,1983,John,1862
PA,M,1983,Joseph,1751
PA,M,1983,Robert,1750
PA,M,1983,Daniel,1722
PA,M,1983,James,1718
PA,M,1984,Michael,3735
PA,M,1984,Matthew,2945
PA,M,1984,Christopher,2457
PA,M,1984,David,1935
PA,M,1984,Joshua,1786
PA,M,1984,Daniel,1781
PA,M,1984,Joseph,1741
PA,M,1984,John,1734
PA,M,1984,Robert,1658
PA,M,1984,Ryan,1634
PA,M,1985,Michael,3579
PA,M,1985,Matthew,2727
PA,M,1985,Christopher,2444
PA,M,1985,Daniel,1909
PA,M,1985,David,1865
PA,M,1985,Joshua,1810
PA,M,1985,James,1691
PA,M,1985,John,1680
PA,M,1985,Andrew,1665
PA,M,1985,Joseph,1662
PA,M,1986,Michael,3633
PA,M,1986,Matthew,2702
PA,M,1986,Christopher,2338
PA,M,1986,David,1825
PA,M,1986,Daniel,1811
PA,M,1986,Andrew,1808
PA,M,1986,Joseph,1672
PA,M,1986,Joshua,1636
PA,M,1986,Ryan,1636
PA,M,1986,John,1629
PA,M,1987,Michael,3467
PA,M,1987,Matthew,2688
PA,M,1987,Christopher,2248
PA,M,1987,Andrew,2046
PA,M,1987,David,1824
PA,M,1987,Daniel,1762
PA,M,1987,Joshua,1734
PA,M,1987,John,1656
PA,M,1987,Ryan,1594
PA,M,1987,Robert,1558
PA,M,1988,Michael,3443
PA,M,1988,Matthew,2675
PA,M,1988,Christopher,2122
PA,M,1988,Andrew,1930
PA,M,1988,Joshua,1866
PA,M,1988,David,1730
PA,M,1988,Daniel,1711
PA,M,1988,Robert,1635
PA,M,1988,John,1583
PA,M,1988,Justin,1580
PA,M,1989,Michael,3506
PA,M,1989,Matthew,2589
PA,M,1989,Christopher,2268
PA,M,1989,Andrew,1889
PA,M,1989,Joshua,1843
PA,M,1989,John,1711
PA,M,1989,Daniel,1683
PA,M,1989,David,1679
PA,M,1989,Ryan,1644
PA,M,1989,Joseph,1630
PA,M,1990,Michael,3449
PA,M,1990,Matthew,2621
PA,M,1990,Christopher,2092
PA,M,1990,Joshua,1861
PA,M,1990,Andrew,1740
PA,M,1990,Ryan,1694
PA,M,1990,Joseph,1685
PA,M,1990,John,1629
PA,M,1990,Daniel,1625
PA,M,1990,David,1617
PA,M,1991,Michael,3083
PA,M,1991,Matthew,2332
PA,M,1991,Christopher,1958
PA,M,1991,Joshua,1735
PA,M,1991,Andrew,1663
PA,M,1991,Ryan,1595
PA,M,1991,John,1576
PA,M,1991,Joseph,1533
PA,M,1991,James,1477
PA,M,1991,David,1473
PA,M,1992,Michael,2762
PA,M,1992,Matthew,2124
PA,M,1992,Christopher,1735
PA,M,1992,Tyler,1657
PA,M,1992,Joshua,1611
PA,M,1992,Ryan,1577
PA,M,1992,Andrew,1549
PA,M,1992,John,1469
PA,M,1992,Joseph,1463
PA,M,1992,Nicholas,1420
PA,M,1993,Michael,2710
PA,M,1993,Matthew,1921
PA,M,1993,Tyler,1772
PA,M,1993,Christopher,1577
PA,M,1993,Ryan,1557
PA,M,1993,Nicholas,1483
PA,M,1993,Joshua,1453
PA,M,1993,Joseph,1396
PA,M,1993,Zachary,1396
PA,M,1993,Andrew,1360
PA,M,1994,Michael,2351
PA,M,1994,Tyler,1848
PA,M,1994,Matthew,1768
PA,M,1994,Nicholas,1518
PA,M,1994,Ryan,1449
PA,M,1994,Christopher,1376
PA,M,1994,Zachary,1352
PA,M,1994,Joseph,1336
PA,M,1994,Joshua,1328
PA,M,1994,John,1298
PA,M,1995,Michael,2122
PA,M,1995,Matthew,1757
PA,M,1995,Tyler,1636
PA,M,1995,Nicholas,1561
PA,M,1995,Ryan,1373
PA,M,1995,Joshua,1308
PA,M,1995,Zachary,1305
PA,M,1995,Christopher,1295
PA,M,1995,Joseph,1276
PA,M,1995,Daniel,1217
PA,M,1996,Michael,1950
PA,M,1996,Matthew,1748
PA,M,1996,Tyler,1535
PA,M,1996,Nicholas,1477
PA,M,1996,Ryan,1241
PA,M,1996,Joseph,1200
PA,M,1996,Christopher,1197
PA,M,1996,Zachary,1196
PA,M,1996,Jacob,1194
PA,M,1996,John,1156
PA,M,1997,Michael,1795
PA,M,1997,Matthew,1678
PA,M,1997,Nicholas,1518
PA,M,1997,Jacob,1389
PA,M,1997,Tyler,1362
PA,M,1997,Joshua,1153
PA,M,1997,Ryan,1151
PA,M,1997,Zachary,1128
PA,M,1997,Joseph,1127
PA,M,1997,Andrew,1122
PA,M,1998,Michael,1804
PA,M,1998,Matthew,1573
PA,M,1998,Nicholas,1420
PA,M,1998,Jacob,1414
PA,M,1998,Tyler,1355
PA,M,1998,Joshua,1165
PA,M,1998,Ryan,1134
PA,M,1998,Joseph,1080
PA,M,1998,John,1069
PA,M,1998,Zachary,1048
PA,M,1999,Michael,1644
PA,M,1999,Matthew,1507
PA,M,1999,Nicholas,1381
PA,M,1999,Jacob,1378
PA,M,1999,Ryan,1251
PA,M,1999,Tyler,1187
PA,M,1999,Joshua,1151
PA,M,1999,Joseph,1111
PA,M,1999,Zachary,1075
PA,M,1999,John,1011
PA,M,2000,Michael,1491
PA,M,2000,Jacob,1378
PA,M,2000,Matthew,1374
PA,M,2000,Nicholas,1285
PA,M,2000,Ryan,1162
PA,M,2000,Tyler,1108
PA,M,2000,Joshua,1080
PA,M,2000,Joseph,1044
PA,M,2000,John,1018
PA,M,2000,Zachary,962
PA,M,2001,Michael,1438
PA,M,2001,Jacob,1307
PA,M,2001,Matthew,1271
PA,M,2001,Nicholas,1162
PA,M,2001,Tyler,1054
PA,M,2001,Joshua,1037
PA,M,2001,Ryan,1034
PA,M,2001,John,989
PA,M,2001,Joseph,980
PA,M,2001,Zachary,932
PA,M,2002,Michael,1352
PA,M,2002,Jacob,1261
PA,M,2002,Matthew,1172
PA,M,2002,Nicholas,1040
PA,M,2002,Ryan,1015
PA,M,2002,Joshua,997
PA,M,2002,Joseph,973
PA,M,2002,Tyler,966
PA,M,2002,John,900
PA,M,2002,Andrew,894
PA,M,2003,Michael,1287
PA,M,2003,Ryan,1173
PA,M,2003,Jacob,1157
PA,M,2003,Matthew,1079
PA,M,2003,Nicholas,1027
PA,M,2003,Joseph,946
PA,M,2003,Joshua,904
PA,M,2003,Tyler,891
PA,M,2003,Andrew,877
PA,M,2003,Zachary,868
PA,M,2004,Michael,1241
PA,M,2004,Jacob,1099
PA,M,2004,Ryan,1073
PA,M,2004,Matthew,1052
PA,M,2004,Nicholas,946
PA,M,2004,Joshua,911
PA,M,2004,Tyler,869
PA,M,2004,Joseph,863
PA,M,2004,Ethan,835
PA,M,2004,Andrew,832
PA,M,2005,Michael,1112
PA,M,2005,Jacob,1005
PA,M,2005,Matthew,999
PA,M,2005,Ryan,965
PA,M,2005,Nicholas,939
PA,M,2005,Joseph,871
PA,M,2005,Joshua,856
PA,M,2005,Ethan,853
PA,M,2005,Tyler,834
PA,M,2005,Andrew,825
PA,M,2006,Jacob,1071
PA,M,2006,Michael,1041
PA,M,2006,Ryan,959
PA,M,2006,Joseph,853
PA,M,2006,Matthew,823
PA,M,2006,Logan,813
PA,M,2006,Anthony,782
PA,M,2006,Joshua,777
PA,M,2006,Ethan,772
PA,M,2006,Nicholas,770
PA,M,2007,Michael,1025
PA,M,2007,Jacob,935
PA,M,2007,Ryan,910
PA,M,2007,Matthew,801
PA,M,2007,Logan,796
PA,M,2007,Joseph,759
PA,M,2007,Ethan,753
PA,M,2007,Nicholas,737
PA,M,2007,Andrew,732
PA,M,2007,Anthony,728
PA,M,2008,Michael,928
PA,M,2008,Ryan,880
PA,M,2008,Jacob,871
PA,M,2008,Matthew,734
PA,M,2008,Joseph,720
PA,M,2008,Logan,702
PA,M,2008,Anthony,697
PA,M,2008,Ethan,696
PA,M,2008,Alexander,693
PA,M,2008,Nicholas,662
PA,M,2009,Michael,815
PA,M,2009,Jacob,811
PA,M,2009,Ethan,736
PA,M,2009,Logan,728
PA,M,2009,Matthew,707
PA,M,2009,Ryan,691
PA,M,2009,Alexander,688
PA,M,2009,Joseph,671
PA,M,2009,Chase,668
PA,M,2009,Aiden,659
PA,M,2010,Michael,828
PA,M,2010,Jacob,822
PA,M,2010,Mason,754
PA,M,2010,Logan,712
PA,M,2010,Ryan,672
PA,M,2010,Ethan,666
PA,M,2010,Aiden,651
PA,M,2010,Anthony,641
PA,M,2010,Joseph,633
PA,M,2010,Noah,631
PA,M,2011,Mason,916
PA,M,2011,Michael,834
PA,M,2011,Jacob,765
PA,M,2011,Logan,671
PA,M,2011,Ryan,651
PA,M,2011,Noah,644
PA,M,2011,Liam,635
PA,M,2011,Ethan,634
PA,M,2011,Benjamin,621
PA,M,2011,William,621
PA,M,2012,Mason,869
PA,M,2012,Liam,783
PA,M,2012,Jacob,761
PA,M,2012,Michael,737
PA,M,2012,Noah,702
PA,M,2012,Ethan,615
PA,M,2012,Ryan,615
PA,M,2012,Logan,608
PA,M,2012,Benjamin,581
PA,M,2012,John,563
PA,M,2013,Mason,816
PA,M,2013,Liam,813
PA,M,2013,Jacob,715
PA,M,2013,Michael,707
PA,M,2013,Noah,670
PA,M,2013,Logan,621
PA,M,2013,Benjamin,603
PA,M,2013,Joseph,595
PA,M,2013,Ethan,559
PA,M,2013,Jackson,547
PA,M,2014,Liam,793
PA,M,2014,Mason,790
PA,M,2014,Noah,722
PA,M,2014,Michael,675
PA,M,2014,Jacob,632
PA,M,2014,Logan,605
PA,M,2014,Benjamin,591
PA,M,2014,Joseph,581
PA,M,2014,Lucas,567
PA,M,2014,James,547
PA,M,2015,Mason,793
PA,M,2015,Liam,763
PA,M,2015,Noah,718
PA,M,2015,Jacob,629
PA,M,2015,Michael,628
PA,M,2015,Logan,603
PA,M,2015,Benjamin,587
PA,M,2015,Carter,565
PA,M,2015,James,555
PA,M,2015,Lucas,541
PA,M,2016,Noah,715
PA,M,2016,Liam,713
PA,M,2016,Mason,662
PA,M,2016,Benjamin,645
PA,M,2016,James,589
PA,M,2016,Michael,582
PA,M,2016,Jacob,571
PA,M,2016,Logan,515
PA,M,2016,Owen,513
PA,M,2016,Lucas,509
PA,M,2017,Liam,724
PA,M,2017,Noah,684
PA,M,2017,Logan,670
PA,M,2017,Benjamin,638
PA,M,2017,Mason,618
PA,M,2017,Michael,588
PA,M,2017,James,540
PA,M,2017,Jacob,518
PA,M,2017,Lucas,513
PA,M,2017,Carter,499
PA,M,2018,Liam,740
PA,M,2018,Noah,666
PA,M,2018,Benjamin,606
PA,M,2018,Mason,579
PA,M,2018,Michael,573
PA,M,2018,Logan,533
PA,M,2018,Lucas,512
PA,M,2018,James,487
PA,M,2018,William,486
PA,M,2018,Jacob,473
PA,M,2019,Liam,761
PA,M,2019,Noah,719
PA,M,2019,Benjamin,542
PA,M,2019,Lucas,519
PA,M,2019,Mason,519
PA,M,2019,James,511
PA,M,2019,Logan,503
PA,M,2019,Oliver,477
PA,M,2019,John,454
PA,M,2019,Joseph,438
