SC,F,1920,Mary,1615
SC,F,1920,Annie,687
SC,F,1920,Margaret,510
SC,F,1920,Ruth,503
SC,F,1920,Louise,458
SC,F,1920,Helen,435
SC,F,1920,Dorothy,431
SC,F,1920,Frances,416
SC,F,1920,Elizabeth,409
SC,F,1920,Sarah,344
SC,F,1921,Mary,1688
SC,F,1921,Annie,627
SC,F,1921,Margaret,562
SC,F,1921,Ruth,471
SC,F,1921,Dorothy,450
SC,F,1921,Helen,447
SC,F,1921,Frances,442
SC,F,1921,Louise,419
SC,F,1921,Elizabeth,417
SC,F,1921,Mildred,338
SC,F,1922,Mary,1635
SC,F,1922,Annie,644
SC,F,1922,Margaret,526
SC,F,1922,Dorothy,513
SC,F,1922,Elizabeth,468
SC,F,1922,Frances,444
SC,F,1922,Ruth,443
SC,F,1922,Louise,435
SC,F,1922,Helen,415
SC,F,1922,Sarah,356
SC,F,1923,Mary,1647
SC,F,1923,Annie,665
SC,F,1923,Dorothy,543
SC,F,1923,Margaret,505
SC,F,1923,Ruth,429
SC,F,1923,Louise,427
SC,F,1923,Elizabeth,414
SC,F,1923,Helen,401
SC,F,1923,Frances,364
SC,F,1923,Sarah,328
SC,F,1924,Mary,1742
SC,F,1924,Annie,667
SC,F,1924,Dorothy,619
SC,F,1924,Margaret,578
SC,F,1924,Ruth,444
SC,F,1924,Elizabeth,422
SC,F,1924,Helen,398
SC,F,1924,Frances,393
SC,F,1924,Louise,370
SC,F,1924,Sarah,347
SC,F,1925,Mary,1669
SC,F,1925,Annie,646
SC,F,1925,Dorothy,620
SC,F,1925,Margaret,540
SC,F,1925,Frances,428
SC,F,1925,Helen,403
SC,F,1925,Elizabeth,396
SC,F,1925,Ruth,395
SC,F,1925,Louise,389
SC,F,1925,Mildred,367
SC,F,1926,Mary,1628
SC,F,1926,Dorothy,579
SC,F,1926,Annie,563
SC,F,1926,Margaret,491
SC,F,1926,Elizabeth,398
SC,F,1926,Frances,391
SC,F,1926,Ruth,377
SC,F,1926,Helen,369
SC,F,1926,Mildred,334
SC,F,1926,Sarah,333
SC,F,1927,Mary,1638
SC,F,1927,Dorothy,668
SC,F,1927,Annie,532
SC,F,1927,Margaret,462
SC,F,1927,Betty,392
SC,F,1927,Helen,381
SC,F,1927,Ruth,378
SC,F,1927,Elizabeth,374
SC,F,1927,Frances,368
SC,F,1927,Sarah,349
SC,F,1928,Mary,1539
SC,F,1928,Dorothy,605
SC,F,1928,Annie,502
SC,F,1928,Betty,469
SC,F,1928,Margaret,420
SC,F,1928,Helen,377
SC,F,1928,Frances,356
SC,F,1928,Ruth,351
SC,F,1928,Elizabeth,329
SC,F,1928,Mildred,314
SC,F,1929,Mary,1417
SC,F,1929,Dorothy,630
SC,F,1929,Betty,583
SC,F,1929,Annie,489
SC,F,1929,Margaret,420
SC,F,1929,Helen,342
SC,F,1929,Frances,336
SC,F,1929,Elizabeth,323
SC,F,1929,Doris,313
SC,F,1929,Louise,301
SC,F,1930,Mary,1452
SC,F,1930,Betty,745
SC,F,1930,Dorothy,554
SC,F,1930,Annie,462
SC,F,1930,Margaret,421
SC,F,1930,Frances,359
SC,F,1930,Elizabeth,322
SC,F,1930,Doris,290
SC,F,1930,Helen,284
SC,F,1930,Sarah,282
SC,F,1931,Mary,1365
SC,F,1931,Betty,823
SC,F,1931,Dorothy,603
SC,F,1931,Annie,405
SC,F,1931,Margaret,335
SC,F,1931,Helen,297
SC,F,1931,Frances,285
SC,F,1931,Ruth,284
SC,F,1931,Sarah,282
SC,F,1931,Elizabeth,265
SC,F,1932,Mary,1563
SC,F,1932,Betty,886
SC,F,1932,Dorothy,635
SC,F,1932,Annie,486
SC,F,1932,Margaret,420
SC,F,1932,Frances,338
SC,F,1932,Helen,317
SC,F,1932,Elizabeth,306
SC,F,1932,Barbara,295
SC,F,1932,Doris,285
SC,F,1933,Mary,1467
SC,F,1933,Betty,899
SC,F,1933,Dorothy,593
SC,F,1933,Annie,467
SC,F,1933,Barbara,376
SC,F,1933,Margaret,356
SC,F,1933,Frances,320
SC,F,1933,Elizabeth,281
SC,F,1933,Doris,278
SC,F,1933,Sarah,274
SC,F,1934,Mary,1527
SC,F,1934,Betty,961
SC,F,1934,Dorothy,558
SC,F,1934,Annie,460
SC,F,1934,Barbara,382
SC,F,1934,Margaret,380
SC,F,1934,Frances,338
SC,F,1934,Elizabeth,297
SC,F,1934,Helen,284
SC,F,1934,Martha,269
SC,F,1935,Mary,1462
SC,F,1935,Betty,848
SC,F,1935,Shirley,651
SC,F,1935,Dorothy,571
SC,F,1935,Barbara,423
SC,F,1935,Annie,418
SC,F,1935,Margaret,392
SC,F,1935,Frances,292
SC,F,1935,Elizabeth,287
SC,F,1935,Helen,271
SC,F,1936,Mary,1436
SC,F,1936,Betty,846
SC,F,1936,Shirley,597
SC,F,1936,Dorothy,482
SC,F,1936,Barbara,453
SC,F,1936,Annie,382
SC,F,1936,Margaret,353
SC,F,1936,Elizabeth,275
SC,F,1936,Frances,260
SC,F,1936,Helen,254
SC,F,1937,Mary,1548
SC,F,1937,Betty,788
SC,F,1937,Shirley,515
SC,F,1937,Barbara,511
SC,F,1937,Dorothy,503
SC,F,1937,Annie,400
SC,F,1937,Margaret,390
SC,F,1937,Frances,280
SC,F,1937,Sarah,278
SC,F,1937,Martha,276
SC,F,1938,Mary,1479
SC,F,1938,Betty,771
SC,F,1938,Dorothy,515
SC,F,1938,Shirley,488
SC,F,1938,Barbara,482
SC,F,1938,Annie,404
SC,F,1938,Margaret,345
SC,F,1938,Martha,326
SC,F,1938,Elizabeth,315
SC,F,1938,Frances,284
SC,F,1939,Mary,1484
SC,F,1939,Betty,791
SC,F,1939,Barbara,559
SC,F,1939,Shirley,470
SC,F,1939,Dorothy,457
SC,F,1939,Annie,424
SC,F,1939,Martha,345
SC,F,1939,Margaret,344
SC,F,1939,Elizabeth,311
SC,F,1939,Carolyn,292
SC,F,1940,Mary,1569
SC,F,1940,Betty,810
SC,F,1940,Barbara,566
SC,F,1940,Dorothy,462
SC,F,1940,Shirley,412
SC,F,1940,Annie,402
SC,F,1940,Margaret,376
SC,F,1940,Patricia,372
SC,F,1940,Martha,338
SC,F,1940,Linda,320
SC,F,1941,Mary,1626
SC,F,1941,Betty,735
SC,F,1941,Barbara,580
SC,F,1941,Patricia,461
SC,F,1941,Dorothy,442
SC,F,1941,Linda,431
SC,F,1941,Shirley,408
SC,F,1941,Annie,403
SC,F,1941,Carolyn,342
SC,F,1941,Margaret,342
SC,F,1942,Mary,1634
SC,F,1942,Betty,714
SC,F,1942,Barbara,668
SC,F,1942,Linda,542
SC,F,1942,Dorothy,507
SC,F,1942,Patricia,491
SC,F,1942,Shirley,431
SC,F,1942,Margaret,387
SC,F,1942,Annie,381
SC,F,1942,Carolyn,381
SC,F,1943,Mary,1698
SC,F,1943,Betty,783
SC,F,1943,Linda,713
SC,F,1943,Barbara,705
SC,F,1943,Patricia,520
SC,F,1943,Dorothy,470
SC,F,1943,Brenda,431
SC,F,1943,Shirley,428
SC,F,1943,Martha,398
SC,F,1943,Annie,376
SC,F,1944,Mary,1604
SC,F,1944,Betty,756
SC,F,1944,Linda,632
SC,F,1944,Barbara,621
SC,F,1944,Patricia,516
SC,F,1944,Shirley,463
SC,F,1944,Dorothy,455
SC,F,1944,Carolyn,436
SC,F,1944,Brenda,421
SC,F,1944,Margaret,391
SC,F,1945,Mary,1549
SC,F,1945,Betty,716
SC,F,1945,Linda,653
SC,F,1945,Barbara,629
SC,F,1945,Patricia,507
SC,F,1945,Dorothy,440
SC,F,1945,Shirley,423
SC,F,1945,Margaret,380
SC,F,1945,Carolyn,364
SC,F,1945,Brenda,362
SC,F,1946,Mary,1570
SC,F,1946,Linda,842
SC,F,1946,Barbara,703
SC,F,1946,Betty,701
SC,F,1946,Patricia,610
SC,F,1946,Brenda,524
SC,F,1946,Shirley,462
SC,F,1946,Carolyn,430
SC,F,1946,Dorothy,421
SC,F,1946,Sandra,420
SC,F,1947,Mary,1710
SC,F,1947,Linda,1196
SC,F,1947,Barbara,758
SC,F,1947,Patricia,718
SC,F,1947,Betty,709
SC,F,1947,Brenda,561
SC,F,1947,Shirley,502
SC,F,1947,Sandra,486
SC,F,1947,Carolyn,484
SC,F,1947,Dorothy,460
SC,F,1948,Mary,1640
SC,F,1948,Linda,1290
SC,F,1948,Barbara,714
SC,F,1948,Betty,699
SC,F,1948,Patricia,690
SC,F,1948,Brenda,536
SC,F,1948,Shirley,480
SC,F,1948,Carolyn,424
SC,F,1948,Sandra,420
SC,F,1948,Margaret,406
SC,F,1949,Mary,1594
SC,F,1949,Linda,1240
SC,F,1949,Betty,695
SC,F,1949,Patricia,688
SC,F,1949,Barbara,669
SC,F,1949,Brenda,602
SC,F,1949,Shirley,537
SC,F,1949,Sandra,503
SC,F,1949,Carolyn,458
SC,F,1949,Dorothy,395
SC,F,1950,Mary,1455
SC,F,1950,Linda,1005
SC,F,1950,Barbara,724
SC,F,1950,Patricia,709
SC,F,1950,Betty,606
SC,F,1950,Brenda,582
SC,F,1950,Shirley,533
SC,F,1950,Sandra,506
SC,F,1950,Carolyn,429
SC,F,1950,Nancy,381
SC,F,1951,Mary,1460
SC,F,1951,Linda,989
SC,F,1951,Patricia,796
SC,F,1951,Barbara,684
SC,F,1951,Brenda,609
SC,F,1951,Deborah,576
SC,F,1951,Betty,565
SC,F,1951,Shirley,481
SC,F,1951,Carolyn,449
SC,F,1951,Sandra,442
SC,F,1952,Mary,1397
SC,F,1952,Linda,958
SC,F,1952,Patricia,879
SC,F,1952,Deborah,711
SC,F,1952,Barbara,646
SC,F,1952,Brenda,592
SC,F,1952,Betty,544
SC,F,1952,Shirley,474
SC,F,1952,Sandra,429
SC,F,1952,Carolyn,421
SC,F,1953,Mary,1361
SC,F,1953,Linda,864
SC,F,1953,Patricia,771
SC,F,1953,Deborah,689
SC,F,1953,Barbara,670
SC,F,1953,Brenda,593
SC,F,1953,Betty,482
SC,F,1953,Shirley,482
SC,F,1953,Debra,463
SC,F,1953,Sandra,420
SC,F,1954,Mary,1300
SC,F,1954,Linda,837
SC,F,1954,Deborah,798
SC,F,1954,Patricia,784
SC,F,1954,Barbara,682
SC,F,1954,Debra,527
SC,F,1954,Betty,502
SC,F,1954,Brenda,502
SC,F,1954,Sandra,450
SC,F,1954,Cynthia,448
SC,F,1955,Mary,1143
SC,F,1955,Deborah,788
SC,F,1955,Linda,787
SC,F,1955,Patricia,753
SC,F,1955,Debra,605
SC,F,1955,Barbara,585
SC,F,1955,Susan,519
SC,F,1955,Brenda,494
SC,F,1955,Betty,451
SC,F,1955,Sandra,426
SC,F,1956,Mary,1097
SC,F,1956,Linda,705
SC,F,1956,Deborah,703
SC,F,1956,Debra,663
SC,F,1956,Patricia,654
SC,F,1956,Barbara,632
SC,F,1956,Cynthia,538
SC,F,1956,Susan,497
SC,F,1956,Brenda,462
SC,F,1956,Sandra,431
SC,F,1957,Mary,995
SC,F,1957,Linda,663
SC,F,1957,Patricia,652
SC,F,1957,Deborah,623
SC,F,1957,Debra,621
SC,F,1957,Cynthia,615
SC,F,1957,Barbara,532
SC,F,1957,Brenda,510
SC,F,1957,Susan,457
SC,F,1957,Sharon,380
SC,F,1958,Mary,898
SC,F,1958,Linda,666
SC,F,1958,Cynthia,579
SC,F,1958,Patricia,560
SC,F,1958,Debra,533
SC,F,1958,Deborah,514
SC,F,1958,Barbara,476
SC,F,1958,Brenda,455
SC,F,1958,Susan,453
SC,F,1958,Kathy,404
SC,F,1959,Mary,874
SC,F,1959,Cynthia,589
SC,F,1959,Donna,585
SC,F,1959,Linda,573
SC,F,1959,Patricia,568
SC,F,1959,Debra,492
SC,F,1959,Deborah,459
SC,F,1959,Barbara,458
SC,F,1959,Susan,425
SC,F,1959,Brenda,418
SC,F,1960,Mary,805
SC,F,1960,Donna,558
SC,F,1960,Cynthia,555
SC,F,1960,Linda,516
SC,F,1960,Brenda,473
SC,F,1960,Sandra,467
SC,F,1960,Barbara,457
SC,F,1960,Debra,437
SC,F,1960,Patricia,434
SC,F,1960,Susan,426
SC,F,1961,Mary,750
SC,F,1961,Linda,550
SC,F,1961,Sandra,512
SC,F,1961,Donna,492
SC,F,1961,Brenda,477
SC,F,1961,Cynthia,475
SC,F,1961,Teresa,434
SC,F,1961,Patricia,420
SC,F,1961,Sharon,403
SC,F,1961,Lisa,395
SC,F,1962,Mary,717
SC,F,1962,Cynthia,507
SC,F,1962,Sandra,476
SC,F,1962,Lisa,455
SC,F,1962,Linda,445
SC,F,1962,Teresa,445
SC,F,1962,Patricia,433
SC,F,1962,Brenda,421
SC,F,1962,Sharon,419
SC,F,1962,Donna,412
SC,F,1963,Mary,645
SC,F,1963,Lisa,578
SC,F,1963,Donna,476
SC,F,1963,Teresa,447
SC,F,1963,Cynthia,441
SC,F,1963,Tammy,427
SC,F,1963,Linda,412
SC,F,1963,Patricia,411
SC,F,1963,Sandra,396
SC,F,1963,Sharon,395
SC,F,1964,Mary,617
SC,F,1964,Lisa,612
SC,F,1964,Angela,488
SC,F,1964,Tammy,444
SC,F,1964,Cynthia,421
SC,F,1964,Donna,411
SC,F,1964,Karen,404
SC,F,1964,Teresa,396
SC,F,1964,Patricia,385
SC,F,1964,Sharon,376
SC,F,1965,Lisa,700
SC,F,1965,Angela,572
SC,F,1965,Mary,532
SC,F,1965,Karen,440
SC,F,1965,Cynthia,394
SC,F,1965,Tammy,381
SC,F,1965,Sharon,380
SC,F,1965,Patricia,363
SC,F,1965,Teresa,345
SC,F,1965,Donna,329
SC,F,1966,Lisa,704
SC,F,1966,Angela,567
SC,F,1966,Mary,469
SC,F,1966,Kimberly,397
SC,F,1966,Tammy,384
SC,F,1966,Sharon,374
SC,F,1966,Cynthia,373
SC,F,1966,Pamela,328
SC,F,1966,Karen,321
SC,F,1966,Donna,316
SC,F,1967,Lisa,618
SC,F,1967,Angela,602
SC,F,1967,Mary,475
SC,F,1967,Kimberly,431
SC,F,1967,Tammy,424
SC,F,1967,Melissa,392
SC,F,1967,Pamela,347
SC,F,1967,Sharon,318
SC,F,1967,Teresa,316
SC,F,1967,Donna,299
SC,F,1968,Lisa,641
SC,F,1968,Angela,563
SC,F,1968,Tammy,481
SC,F,1968,Kimberly,431
SC,F,1968,Melissa,431
SC,F,1968,Mary,423
SC,F,1968,Sharon,317
SC,F,1968,Cynthia,306
SC,F,1968,Michelle,302
SC,F,1968,Pamela,298
SC,F,1969,Lisa,550
SC,F,1969,Angela,539
SC,F,1969,Kimberly,444
SC,F,1969,Tammy,434
SC,F,1969,Melissa,405
SC,F,1969,Mary,365
SC,F,1969,Pamela,345
SC,F,1969,Sharon,303
SC,F,1969,Michelle,283
SC,F,1969,Karen,280
SC,F,1970,Angela,561
SC,F,1970,Lisa,477
SC,F,1970,Kimberly,476
SC,F,1970,Tammy,401
SC,F,1970,Melissa,371
SC,F,1970,Mary,364
SC,F,1970,Jennifer,354
SC,F,1970,Pamela,321
SC,F,1970,Michelle,291
SC,F,1970,Tracy,291
SC,F,1971,Angela,594
SC,F,1971,Kimberly,514
SC,F,1971,Jennifer,499
SC,F,1971,Melissa,463
SC,F,1971,Tammy,379
SC,F,1971,Lisa,375
SC,F,1971,Mary,338
SC,F,1971,Michelle,326
SC,F,1971,Pamela,271
SC,F,1971,Amy,270
SC,F,1972,Angela,590
SC,F,1972,Jennifer,532
SC,F,1972,Kimberly,476
SC,F,1972,Melissa,412
SC,F,1972,Lisa,360
SC,F,1972,Stephanie,321
SC,F,1972,Tammy,294
SC,F,1972,Amy,288
SC,F,1972,Michelle,282
SC,F,1972,Mary,277
SC,F,1973,Jennifer,654
SC,F,1973,Angela,477
SC,F,1973,Kimberly,410
SC,F,1973,Melissa,387
SC,F,1973,Stephanie,352
SC,F,1973,Tonya,286
SC,F,1973,Amy,282
SC,F,1973,Michelle,277
SC,F,1973,Mary,273
SC,F,1973,Lisa,264
SC,F,1974,Jennifer,727
SC,F,1974,Angela,436
SC,F,1974,Kimberly,408
SC,F,1974,Melissa,348
SC,F,1974,Amy,315
SC,F,1974,Stephanie,300
SC,F,1974,Tonya,286
SC,F,1974,Tammy,257
SC,F,1974,Mary,245
SC,F,1974,Heather,234
SC,F,1975,Jennifer,597
SC,F,1975,Angela,416
SC,F,1975,Amy,394
SC,F,1975,Kimberly,361
SC,F,1975,Melissa,339
SC,F,1975,Stephanie,268
SC,F,1975,Amanda,260
SC,F,1975,Tonya,238
SC,F,1975,Mary,233
SC,F,1975,Heather,210
SC,F,1976,Jennifer,672
SC,F,1976,Amy,396
SC,F,1976,Kimberly,374
SC,F,1976,Angela,364
SC,F,1976,Melissa,346
SC,F,1976,Heather,269
SC,F,1976,Amanda,263
SC,F,1976,Stephanie,260
SC,F,1976,Mary,240
SC,F,1976,Crystal,237
SC,F,1977,Jennifer,654
SC,F,1977,Angela,353
SC,F,1977,Kimberly,342
SC,F,1977,Amy,336
SC,F,1977,Melissa,328
SC,F,1977,Crystal,280
SC,F,1977,Amanda,275
SC,F,1977,Heather,268
SC,F,1977,Stephanie,266
SC,F,1977,Elizabeth,247
SC,F,1978,Jennifer,634
SC,F,1978,Crystal,368
SC,F,1978,Melissa,348
SC,F,1978,Angela,336
SC,F,1978,Amanda,318
SC,F,1978,Kimberly,287
SC,F,1978,April,253
SC,F,1978,Amy,248
SC,F,1978,Stephanie,244
SC,F,1978,Heather,238
SC,F,1979,Jennifer,619
SC,F,1979,Amanda,509
SC,F,1979,Melissa,390
SC,F,1979,Crystal,381
SC,F,1979,Kimberly,336
SC,F,1979,Angela,289
SC,F,1979,April,277
SC,F,1979,Elizabeth,264
SC,F,1979,Jessica,262
SC,F,1979,Amy,251
SC,F,1980,Jennifer,677
SC,F,1980,Amanda,586
SC,F,1980,Jessica,398
SC,F,1980,Crystal,367
SC,F,1980,Melissa,334
SC,F,1980,Kimberly,316
SC,F,1980,April,310
SC,F,1980,Tiffany,294
SC,F,1980,Stephanie,275
SC,F,1980,Elizabeth,265
SC,F,1981,Jennifer,744
SC,F,1981,Amanda,584
SC,F,1981,Jessica,533
SC,F,1981,Crystal,379
SC,F,1981,Kimberly,321
SC,F,1981,Melissa,286
SC,F,1981,Stephanie,286
SC,F,1981,Tiffany,275
SC,F,1981,April,261
SC,F,1981,Heather,260
SC,F,1982,Jennifer,765
SC,F,1982,Jessica,594
SC,F,1982,Amanda,489
SC,F,1982,Ashley,405
SC,F,1982,Crystal,391
SC,F,1982,Tiffany,288
SC,F,1982,Kimberly,281
SC,F,1982,Stephanie,267
SC,F,1982,Melissa,253
SC,F,1982,April,251
SC,F,1983,Ashley,720
SC,F,1983,Jennifer,679
SC,F,1983,Jessica,619
SC,F,1983,Amanda,475
SC,F,1983,Crystal,344
SC,F,1983,Tiffany,308
SC,F,1983,Stephanie,298
SC,F,1983,Kimberly,284
SC,F,1983,Heather,278
SC,F,1983,Elizabeth,228
SC,F,1984,Ashley,776
SC,F,1984,Jessica,633
SC,F,1984,Jennifer,618
SC,F,1984,Amanda,438
SC,F,1984,Crystal,326
SC,F,1984,Elizabeth,309
SC,F,1984,Heather,301
SC,F,1984,Kimberly,277
SC,F,1984,Tiffany,270
SC,F,1984,Stephanie,240
SC,F,1985,Ashley,860
SC,F,1985,Jessica,679
SC,F,1985,Jennifer,514
SC,F,1985,Amanda,463
SC,F,1985,Brittany,327
SC,F,1985,Kimberly,314
SC,F,1985,Heather,295
SC,F,1985,Crystal,292
SC,F,1985,Elizabeth,278
SC,F,1985,Tiffany,248
SC,F,1986,Ashley,837
SC,F,1986,Jessica,794
SC,F,1986,Amanda,483
SC,F,1986,Jennifer,427
SC,F,1986,Brittany,403
SC,F,1986,Heather,328
SC,F,1986,Tiffany,294
SC,F,1986,Sarah,267
SC,F,1986,Elizabeth,263
SC,F,1986,Lauren,251
SC,F,1987,Ashley,906
SC,F,1987,Jessica,836
SC,F,1987,Amanda,474
SC,F,1987,Brittany,469
SC,F,1987,Jennifer,370
SC,F,1987,Heather,330
SC,F,1987,Tiffany,293
SC,F,1987,Amber,287
SC,F,1987,Sarah,286
SC,F,1987,Kayla,270
SC,F,1988,Jessica,791
SC,F,1988,Ashley,779
SC,F,1988,Brittany,604
SC,F,1988,Amanda,443
SC,F,1988,Tiffany,339
SC,F,1988,Kayla,328
SC,F,1988,Jennifer,327
SC,F,1988,Heather,318
SC,F,1988,Amber,316
SC,F,1988,Lauren,276
SC,F,1989,Brittany,1016
SC,F,1989,Ashley,732
SC,F,1989,Jessica,692
SC,F,1989,Amanda,460
SC,F,1989,Amber,343
SC,F,1989,Kayla,336
SC,F,1989,Sarah,313
SC,F,1989,Tiffany,310
SC,F,1989,Heather,302
SC,F,1989,Lauren,292
SC,F,1990,Brittany,885
SC,F,1990,Ashley,714
SC,F,1990,Jessica,713
SC,F,1990,Amanda,384
SC,F,1990,Kayla,378
SC,F,1990,Courtney,317
SC,F,1990,Amber,310
SC,F,1990,Lauren,307
SC,F,1990,Sarah,281
SC,F,1990,Elizabeth,266
SC,F,1991,Ashley,675
SC,F,1991,Brittany,620
SC,F,1991,Jessica,591
SC,F,1991,Kayla,392
SC,F,1991,Amber,358
SC,F,1991,Jasmine,306
SC,F,1991,Amanda,297
SC,F,1991,Courtney,297
SC,F,1991,Sarah,296
SC,F,1991,Lauren,292
SC,F,1992,Ashley,606
SC,F,1992,Brittany,577
SC,F,1992,Jessica,539
SC,F,1992,Amber,312
SC,F,1992,Kayla,311
SC,F,1992,Sarah,299
SC,F,1992,Lauren,279
SC,F,1992,Taylor,271
SC,F,1992,Courtney,268
SC,F,1992,Amanda,264
SC,F,1993,Ashley,521
SC,F,1993,Jessica,459
SC,F,1993,Brittany,445
SC,F,1993,Taylor,369
SC,F,1993,Amber,333
SC,F,1993,Jasmine,287
SC,F,1993,Kayla,277
SC,F,1993,Emily,262
SC,F,1993,Sarah,257
SC,F,1993,Courtney,255
SC,F,1994,Ashley,394
SC,F,1994,Brittany,378
SC,F,1994,Jessica,374
SC,F,1994,Taylor,338
SC,F,1994,Kayla,273
SC,F,1994,Hannah,264
SC,F,1994,Emily,262
SC,F,1994,Sarah,244
SC,F,1994,Jasmine,242
SC,F,1994,Amber,235
SC,F,1995,Taylor,364
SC,F,1995,Ashley,359
SC,F,1995,Jessica,341
SC,F,1995,Brittany,329
SC,F,1995,Kayla,297
SC,F,1995,Emily,263
SC,F,1995,Hannah,258
SC,F,1995,Sarah,239
SC,F,1995,Courtney,232
SC,F,1995,Alexis,227
SC,F,1996,Taylor,349
SC,F,1996,Ashley,303
SC,F,1996,Jessica,280
SC,F,1996,Hannah,279
SC,F,1996,Kayla,279
SC,F,1996,Brittany,276
SC,F,1996,Emily,271
SC,F,1996,Alexis,269
SC,F,1996,Sarah,233
SC,F,1996,Courtney,210
SC,F,1997,Hannah,321
SC,F,1997,Taylor,300
SC,F,1997,Sarah,269
SC,F,1997,Alexis,265
SC,F,1997,Ashley,255
SC,F,1997,Emily,252
SC,F,1997,Jessica,247
SC,F,1997,Madison,237
SC,F,1997,Brittany,229
SC,F,1997,Kayla,209
SC,F,1998,Hannah,363
SC,F,1998,Taylor,340
SC,F,1998,Alexis,299
SC,F,1998,Emily,297
SC,F,1998,Ashley,265
SC,F,1998,Sarah,257
SC,F,1998,Madison,244
SC,F,1998,Kayla,231
SC,F,1998,Elizabeth,216
SC,F,1998,Jessica,211
SC,F,1999,Hannah,358
SC,F,1999,Emily,304
SC,F,1999,Alexis,293
SC,F,1999,Taylor,281
SC,F,1999,Sarah,250
SC,F,1999,Madison,244
SC,F,1999,Elizabeth,236
SC,F,1999,Destiny,206
SC,F,1999,Kayla,203
SC,F,1999,Ashley,197
SC,F,2000,Hannah,387
SC,F,2000,Madison,343
SC,F,2000,Emily,310
SC,F,2000,Alexis,261
SC,F,2000,Taylor,243
SC,F,2000,Sarah,221
SC,F,2000,Destiny,215
SC,F,2000,Elizabeth,207
SC,F,2000,Kayla,196
SC,F,2000,Lauren,190
SC,F,2001,Madison,366
SC,F,2001,Hannah,342
SC,F,2001,Emily,302
SC,F,2001,Taylor,232
SC,F,2001,Anna,228
SC,F,2001,Sarah,213
SC,F,2001,Alexis,211
SC,F,2001,Elizabeth,208
SC,F,2001,Lauren,194
SC,F,2001,Brianna,189
SC,F,2002,Madison,367
SC,F,2002,Hannah,300
SC,F,2002,Emily,291
SC,F,2002,Elizabeth,238
SC,F,2002,Abigail,222
SC,F,2002,Sarah,204
SC,F,2002,Alexis,197
SC,F,2002,Anna,194
SC,F,2002,Taylor,180
SC,F,2002,Emma,173
SC,F,2003,Madison,341
SC,F,2003,Emily,310
SC,F,2003,Hannah,297
SC,F,2003,Olivia,214
SC,F,2003,Emma,213
SC,F,2003,Abigail,210
SC,F,2003,Taylor,210
SC,F,2003,Sarah,206
SC,F,2003,Alexis,199
SC,F,2003,Anna,199
SC,F,2004,Madison,373
SC,F,2004,Emily,341
SC,F,2004,Emma,283
SC,F,2004,Hannah,261
SC,F,2004,Abigail,212
SC,F,2004,Olivia,199
SC,F,2004,Sarah,199
SC,F,2004,Elizabeth,186
SC,F,2004,Anna,183
SC,F,2004,Alexis,168
SC,F,2005,Emily,328
SC,F,2005,Madison,309
SC,F,2005,Emma,276
SC,F,2005,Hannah,233
SC,F,2005,Abigail,229
SC,F,2005,Olivia,198
SC,F,2005,Elizabeth,193
SC,F,2005,Anna,191
SC,F,2005,Sarah,188
SC,F,2005,Taylor,171
SC,F,2006,Madison,391
SC,F,2006,Emma,284
SC,F,2006,Emily,273
SC,F,2006,Hannah,226
SC,F,2006,Olivia,210
SC,F,2006,Abigail,196
SC,F,2006,Elizabeth,181
SC,F,2006,Anna,180
SC,F,2006,Isabella,170
SC,F,2006,Sarah,162
SC,F,2007,Madison,324
SC,F,2007,Emma,281
SC,F,2007,Emily,256
SC,F,2007,Abigail,216
SC,F,2007,Ava,216
SC,F,2007,Olivia,214
SC,F,2007,Hannah,200
SC,F,2007,Elizabeth,198
SC,F,2007,Addison,183
SC,F,2007,Isabella,171
SC,F,2008,Madison,302
SC,F,2008,Emma,277
SC,F,2008,Emily,257
SC,F,2008,Abigail,218
SC,F,2008,Olivia,209
SC,F,2008,Isabella,207
SC,F,2008,Elizabeth,192
SC,F,2008,Ava,191
SC,F,2008,Anna,173
SC,F,2008,Addison,166
SC,F,2009,Emma,283
SC,F,2009,Madison,267
SC,F,2009,Isabella,245
SC,F,2009,Olivia,231
SC,F,2009,Abigail,203
SC,F,2009,Ava,192
SC,F,2009,Elizabeth,187
SC,F,2009,Emily,166
SC,F,2009,Addison,163
SC,F,2009,Chloe,162
SC,F,2010,Madison,290
SC,F,2010,Isabella,270
SC,F,2010,Emma,220
SC,F,2010,Olivia,213
SC,F,2010,Ava,197
SC,F,2010,Abigail,194
SC,F,2010,Sophia,185
SC,F,2010,Emily,166
SC,F,2010,Elizabeth,164
SC,F,2010,Addison,161
SC,F,2011,Madison,252
SC,F,2011,Emma,243
SC,F,2011,Isabella,235
SC,F,2011,Olivia,224
SC,F,2011,Ava,195
SC,F,2011,Abigail,178
SC,F,2011,Sophia,173
SC,F,2011,Emily,169
SC,F,2011,Elizabeth,164
SC,F,2011,Addison,163
SC,F,2012,Emma,258
SC,F,2012,Madison,248
SC,F,2012,Olivia,233
SC,F,2012,Ava,221
SC,F,2012,Isabella,221
SC,F,2012,Sophia,198
SC,F,2012,Elizabeth,179
SC,F,2012,Abigail,173
SC,F,2012,Emily,165
SC,F,2012,Addison,149
SC,F,2013,Emma,277
SC,F,2013,Olivia,223
SC,F,2013,Madison,218
SC,F,2013,Ava,212
SC,F,2013,Sophia,204
SC,F,2013,Isabella,176
SC,F,2013,Emily,168
SC,F,2013,Abigail,157
SC,F,2013,Elizabeth,143
SC,F,2013,Charlotte,130
SC,F,2014,Emma,295
SC,F,2014,Ava,290
SC,F,2014,Olivia,228
SC,F,2014,Madison,210
SC,F,2014,Isabella,191
SC,F,2014,Elizabeth,176
SC,F,2014,Abigail,160
SC,F,2014,Sophia,156
SC,F,2014,Zoey,148
SC,F,2014,Harper,144
SC,F,2015,Ava,281
SC,F,2015,Olivia,238
SC,F,2015,Emma,227
SC,F,2015,Madison,207
SC,F,2015,Elizabeth,203
SC,F,2015,Isabella,193
SC,F,2015,Harper,180
SC,F,2015,Abigail,165
SC,F,2015,Skylar,150
SC,F,2015,Emily,142
SC,F,2016,Ava,265
SC,F,2016,Emma,259
SC,F,2016,Olivia,228
SC,F,2016,Charlotte,204
SC,F,2016,Madison,165
SC,F,2016,Isabella,163
SC,F,2016,Harper,158
SC,F,2016,Elizabeth,157
SC,F,2016,Skylar,146
SC,F,2016,Riley,145
SC,F,2017,Ava,290
SC,F,2017,Emma,256
SC,F,2017,Olivia,222
SC,F,2017,Charlotte,192
SC,F,2017,Harper,189
SC,F,2017,Isabella,164
SC,F,2017,Amelia,160
SC,F,2017,Madison,157
SC,F,2017,Elizabeth,156
SC,F,2017,Skylar,141
SC,F,2018,Ava,260
SC,F,2018,Olivia,232
SC,F,2018,Emma,231
SC,F,2018,Charlotte,210
SC,F,2018,Harper,170
SC,F,2018,Amelia,167
SC,F,2018,Sophia,153
SC,F,2018,Isabella,149
SC,F,2018,Skylar,145
SC,F,2018,Elizabeth,130
SC,F,2019,Olivia,269
SC,F,2019,Ava,246
SC,F,2019,Charlotte,217
SC,F,2019,Amelia,214
SC,F,2019,Emma,210
SC,F,2019,Isabella,172
SC,F,2019,Harper,162
SC,F,2019,Elizabeth,139
SC,F,2019,Sophia,130
SC,F,2019,Abigail,128
SC,M,1920,James,2118
SC,M,1920,John,1290
SC,M,1920,William,1213
SC,M,1920,Robert,750
SC,M,1920,Willie,683
SC,M,1920,George,539
SC,M,1920,Thomas,442
SC,M,1920,Henry,426
SC,M,1920,Charles,418
SC,M,1920,Joseph,369
SC,M,1921,James,2004
SC,M,1921,John,1245
SC,M,1921,William,1098
SC,M,1921,Robert,727
SC,M,1921,Willie,599
SC,M,1921,George,482
SC,M,1921,Thomas,455
SC,M,1921,Charles,418
SC,M,1921,Henry,405
SC,M,1921,Joseph,351
SC,M,1922,James,2075
SC,M,1922,John,1180
SC,M,1922,William,1136
SC,M,1922,Robert,711
SC,M,1922,Willie,669
SC,M,1922,George,540
SC,M,1922,Thomas,450
SC,M,1922,Charles,448
SC,M,1922,Henry,403
SC,M,1922,Joseph,360
SC,M,1923,James,1910
SC,M,1923,John,1109
SC,M,1923,William,1057
SC,M,1923,Robert,646
SC,M,1923,Willie,634
SC,M,1923,George,514
SC,M,1923,Charles,456
SC,M,1923,Thomas,434
SC,M,1923,Henry,394
SC,M,1923,Joseph,336
SC,M,1924,James,2007
SC,M,1924,William,1156
SC,M,1924,John,1131
SC,M,1924,Robert,766
SC,M,1924,Willie,615
SC,M,1924,George,497
SC,M,1924,Charles,431
SC,M,1924,Thomas,417
SC,M,1924,Henry,381
SC,M,1924,Joseph,347
SC,M,1925,James,1837
SC,M,1925,William,1129
SC,M,1925,John,1031
SC,M,1925,Robert,752
SC,M,1925,Willie,653
SC,M,1925,George,496
SC,M,1925,Charles,420
SC,M,1925,Thomas,399
SC,M,1925,Henry,359
SC,M,1925,Joseph,332
SC,M,1926,James,1844
SC,M,1926,John,1047
SC,M,1926,William,1017
SC,M,1926,Robert,703
SC,M,1926,Willie,564
SC,M,1926,Charles,446
SC,M,1926,George,425
SC,M,1926,Thomas,379
SC,M,1926,Joseph,331
SC,M,1926,Henry,309
SC,M,1927,James,1694
SC,M,1927,John,1054
SC,M,1927,William,984
SC,M,1927,Robert,653
SC,M,1927,Willie,615
SC,M,1927,Charles,488
SC,M,1927,George,450
SC,M,1927,Thomas,416
SC,M,1927,Henry,357
SC,M,1927,Joseph,274
SC,M,1928,James,1738
SC,M,1928,John,964
SC,M,1928,William,954
SC,M,1928,Robert,681
SC,M,1928,Willie,555
SC,M,1928,Charles,513
SC,M,1928,George,432
SC,M,1928,Thomas,432
SC,M,1928,Henry,314
SC,M,1928,David,279
SC,M,1929,James,1572
SC,M,1929,William,961
SC,M,1929,John,912
SC,M,1929,Robert,724
SC,M,1929,Willie,542
SC,M,1929,Charles,496
SC,M,1929,George,401
SC,M,1929,Thomas,357
SC,M,1929,Henry,277
SC,M,1929,Joseph,273
SC,M,1930,James,1609
SC,M,1930,John,936
SC,M,1930,William,899
SC,M,1930,Robert,723
SC,M,1930,Willie,536
SC,M,1930,Charles,507
SC,M,1930,George,411
SC,M,1930,Thomas,352
SC,M,1930,Henry,312
SC,M,1930,Joseph,285
SC,M,1931,James,1509
SC,M,1931,William,911
SC,M,1931,John,831
SC,M,1931,Robert,688
SC,M,1931,Willie,548
SC,M,1931,Charles,508
SC,M,1931,Thomas,359
SC,M,1931,George,357
SC,M,1931,Henry,278
SC,M,1931,David,258
SC,M,1932,James,1728
SC,M,1932,William,932
SC,M,1932,John,928
SC,M,1932,Robert,802
SC,M,1932,Charles,577
SC,M,1932,Willie,575
SC,M,1932,George,416
SC,M,1932,Thomas,405
SC,M,1932,Henry,301
SC,M,1932,David,295
SC,M,1933,James,1652
SC,M,1933,William,896
SC,M,1933,John,874
SC,M,1933,Robert,731
SC,M,1933,Willie,595
SC,M,1933,Charles,551
SC,M,1933,George,340
SC,M,1933,Thomas,339
SC,M,1933,Henry,283
SC,M,1933,Bobby,279
SC,M,1934,James,1644
SC,M,1934,John,925
SC,M,1934,William,904
SC,M,1934,Robert,736
SC,M,1934,Willie,607
SC,M,1934,Charles,605
SC,M,1934,George,428
SC,M,1934,Thomas,389
SC,M,1934,Bobby,343
SC,M,1934,David,314
SC,M,1935,James,1668
SC,M,1935,John,975
SC,M,1935,William,884
SC,M,1935,Robert,763
SC,M,1935,Willie,613
SC,M,1935,Charles,596
SC,M,1935,Thomas,405
SC,M,1935,George,359
SC,M,1935,Bobby,345
SC,M,1935,David,288
SC,M,1936,James,1564
SC,M,1936,John,862
SC,M,1936,William,849
SC,M,1936,Robert,806
SC,M,1936,Willie,592
SC,M,1936,Charles,507
SC,M,1936,Thomas,390
SC,M,1936,George,374
SC,M,1936,Joe,362
SC,M,1936,Bobby,333
SC,M,1937,James,1659
SC,M,1937,John,945
SC,M,1937,William,917
SC,M,1937,Robert,788
SC,M,1937,Willie,613
SC,M,1937,Charles,600
SC,M,1937,Thomas,398
SC,M,1937,Joe,362
SC,M,1937,George,345
SC,M,1937,Bobby,337
SC,M,1938,James,1661
SC,M,1938,John,989
SC,M,1938,William,903
SC,M,1938,Robert,848
SC,M,1938,Charles,577
SC,M,1938,Willie,551
SC,M,1938,Thomas,406
SC,M,1938,George,378
SC,M,1938,David,318
SC,M,1938,Henry,306
SC,M,1939,James,1802
SC,M,1939,John,974
SC,M,1939,William,956
SC,M,1939,Robert,818
SC,M,1939,Charles,628
SC,M,1939,Willie,599
SC,M,1939,Thomas,427
SC,M,1939,George,416
SC,M,1939,David,364
SC,M,1939,Joseph,329
SC,M,1940,James,1926
SC,M,1940,John,1071
SC,M,1940,William,942
SC,M,1940,Robert,907
SC,M,1940,Willie,646
SC,M,1940,Charles,640
SC,M,1940,Thomas,482
SC,M,1940,George,412
SC,M,1940,David,410
SC,M,1940,Joseph,320
SC,M,1941,James,1881
SC,M,1941,John,1060
SC,M,1941,William,1024
SC,M,1941,Robert,916
SC,M,1941,Charles,681
SC,M,1941,Willie,590
SC,M,1941,Thomas,462
SC,M,1941,George,433
SC,M,1941,David,415
SC,M,1941,Henry,364
SC,M,1942,James,2001
SC,M,1942,William,1129
SC,M,1942,John,1106
SC,M,1942,Robert,966
SC,M,1942,Charles,735
SC,M,1942,Willie,658
SC,M,1942,Thomas,538
SC,M,1942,George,476
SC,M,1942,David,412
SC,M,1942,Joseph,354
SC,M,1943,James,2141
SC,M,1943,John,1189
SC,M,1943,William,1186
SC,M,1943,Robert,1037
SC,M,1943,Charles,720
SC,M,1943,Willie,681
SC,M,1943,Thomas,527
SC,M,1943,David,511
SC,M,1943,George,459
SC,M,1943,Joseph,372
SC,M,1944,James,2043
SC,M,1944,John,1096
SC,M,1944,William,1054
SC,M,1944,Robert,977
SC,M,1944,Charles,748
SC,M,1944,Willie,640
SC,M,1944,Thomas,507
SC,M,1944,David,496
SC,M,1944,George,484
SC,M,1944,Richard,395
SC,M,1945,James,1933
SC,M,1945,John,1106
SC,M,1945,Robert,1010
SC,M,1945,William,1004
SC,M,1945,Charles,672
SC,M,1945,Willie,625
SC,M,1945,Thomas,491
SC,M,1945,David,483
SC,M,1945,George,461
SC,M,1945,Richard,404
SC,M,1946,James,2105
SC,M,1946,John,1180
SC,M,1946,William,1159
SC,M,1946,Robert,1092
SC,M,1946,Charles,773
SC,M,1946,Willie,632
SC,M,1946,David,577
SC,M,1946,Thomas,542
SC,M,1946,Richard,466
SC,M,1946,George,453
SC,M,1947,James,2316
SC,M,1947,John,1310
SC,M,1947,William,1289
SC,M,1947,Robert,1131
SC,M,1947,Charles,804
SC,M,1947,Willie,683
SC,M,1947,David,630
SC,M,1947,Thomas,583
SC,M,1947,George,530
SC,M,1947,Richard,509
SC,M,1948,James,2276
SC,M,1948,John,1320
SC,M,1948,William,1193
SC,M,1948,Robert,1143
SC,M,1948,Charles,833
SC,M,1948,Willie,654
SC,M,1948,David,624
SC,M,1948,Larry,593
SC,M,1948,Thomas,591
SC,M,1948,George,505
SC,M,1949,James,2147
SC,M,1949,John,1283
SC,M,1949,William,1175
SC,M,1949,Robert,1100
SC,M,1949,Charles,878
SC,M,1949,David,717
SC,M,1949,Willie,699
SC,M,1949,Thomas,647
SC,M,1949,Larry,596
SC,M,1949,George,461
SC,M,1950,James,2108
SC,M,1950,John,1182
SC,M,1950,William,1145
SC,M,1950,Robert,1111
SC,M,1950,Charles,858
SC,M,1950,Willie,687
SC,M,1950,David,654
SC,M,1950,Larry,624
SC,M,1950,Thomas,605
SC,M,1950,Michael,512
SC,M,1951,James,2082
SC,M,1951,William,1242
SC,M,1951,John,1191
SC,M,1951,Robert,1144
SC,M,1951,Charles,887
SC,M,1951,David,714
SC,M,1951,Thomas,652
SC,M,1951,Willie,604
SC,M,1951,Larry,601
SC,M,1951,Michael,580
SC,M,1952,James,2003
SC,M,1952,John,1200
SC,M,1952,Robert,1184
SC,M,1952,William,1182
SC,M,1952,Charles,913
SC,M,1952,David,797
SC,M,1952,Larry,686
SC,M,1952,Michael,684
SC,M,1952,Willie,606
SC,M,1952,Thomas,605
SC,M,1953,James,1952
SC,M,1953,John,1200
SC,M,1953,William,1171
SC,M,1953,Robert,1115
SC,M,1953,Charles,860
SC,M,1953,David,850
SC,M,1953,Michael,811
SC,M,1953,Richard,644
SC,M,1953,Thomas,614
SC,M,1953,Willie,613
SC,M,1954,James,1867
SC,M,1954,John,1175
SC,M,1954,William,1108
SC,M,1954,Robert,1074
SC,M,1954,David,867
SC,M,1954,Charles,865
SC,M,1954,Michael,835
SC,M,1954,Thomas,622
SC,M,1954,Larry,615
SC,M,1954,Richard,593
SC,M,1955,James,1863
SC,M,1955,John,1129
SC,M,1955,William,1122
SC,M,1955,Robert,1056
SC,M,1955,David,913
SC,M,1955,Michael,820
SC,M,1955,Charles,780
SC,M,1955,Thomas,577
SC,M,1955,Richard,572
SC,M,1955,Larry,569
SC,M,1956,James,1720
SC,M,1956,John,1077
SC,M,1956,William,1063
SC,M,1956,Robert,1060
SC,M,1956,Michael,881
SC,M,1956,David,861
SC,M,1956,Charles,755
SC,M,1956,Richard,604
SC,M,1956,Larry,523
SC,M,1956,Thomas,517
SC,M,1957,James,1782
SC,M,1957,Robert,1096
SC,M,1957,John,1012
SC,M,1957,Michael,964
SC,M,1957,William,959
SC,M,1957,David,922
SC,M,1957,Charles,778
SC,M,1957,Richard,584
SC,M,1957,Larry,506
SC,M,1957,Kenneth,496
SC,M,1958,James,1570
SC,M,1958,Robert,983
SC,M,1958,William,952
SC,M,1958,Michael,938
SC,M,1958,David,909
SC,M,1958,John,908
SC,M,1958,Charles,698
SC,M,1958,Richard,608
SC,M,1958,Kenneth,444
SC,M,1958,Thomas,437
SC,M,1959,James,1512
SC,M,1959,Robert,925
SC,M,1959,William,921
SC,M,1959,John,918
SC,M,1959,Michael,904
SC,M,1959,David,892
SC,M,1959,Charles,675
SC,M,1959,Richard,519
SC,M,1959,Kenneth,483
SC,M,1959,Thomas,469
SC,M,1960,James,1512
SC,M,1960,David,903
SC,M,1960,John,898
SC,M,1960,Michael,896
SC,M,1960,William,886
SC,M,1960,Robert,878
SC,M,1960,Charles,601
SC,M,1960,Kenneth,513
SC,M,1960,Thomas,469
SC,M,1960,Richard,466
SC,M,1961,James,1472
SC,M,1961,John,963
SC,M,1961,Michael,934
SC,M,1961,David,922
SC,M,1961,Robert,887
SC,M,1961,William,885
SC,M,1961,Charles,594
SC,M,1961,Kenneth,512
SC,M,1961,Richard,492
SC,M,1961,Mark,418
SC,M,1962,James,1374
SC,M,1962,John,968
SC,M,1962,Michael,952
SC,M,1962,Robert,845
SC,M,1962,William,813
SC,M,1962,David,809
SC,M,1962,Charles,558
SC,M,1962,Thomas,460
SC,M,1962,Kenneth,445
SC,M,1962,Richard,445
SC,M,1963,James,1434
SC,M,1963,John,962
SC,M,1963,Michael,885
SC,M,1963,Robert,879
SC,M,1963,William,830
SC,M,1963,David,822
SC,M,1963,Charles,531
SC,M,1963,Kenneth,492
SC,M,1963,Richard,457
SC,M,1963,Thomas,412
SC,M,1964,James,1453
SC,M,1964,John,1017
SC,M,1964,William,858
SC,M,1964,Michael,845
SC,M,1964,Robert,831
SC,M,1964,David,746
SC,M,1964,Charles,574
SC,M,1964,Kenneth,430
SC,M,1964,Mark,423
SC,M,1964,Timothy,413
SC,M,1965,James,1303
SC,M,1965,John,889
SC,M,1965,Robert,776
SC,M,1965,Michael,766
SC,M,1965,William,698
SC,M,1965,David,692
SC,M,1965,Charles,492
SC,M,1965,Richard,433
SC,M,1965,Kenneth,416
SC,M,1965,Timothy,413
SC,M,1966,James,1300
SC,M,1966,Michael,842
SC,M,1966,John,822
SC,M,1966,William,733
SC,M,1966,Robert,731
SC,M,1966,David,670
SC,M,1966,Charles,473
SC,M,1966,Timothy,428
SC,M,1966,Anthony,392
SC,M,1966,Richard,391
SC,M,1967,James,1192
SC,M,1967,Michael,857
SC,M,1967,John,786
SC,M,1967,William,713
SC,M,1967,David,685
SC,M,1967,Robert,681
SC,M,1967,Timothy,436
SC,M,1967,Charles,433
SC,M,1967,Richard,406
SC,M,1967,Anthony,405
SC,M,1968,James,1167
SC,M,1968,Michael,867
SC,M,1968,John,864
SC,M,1968,Robert,780
SC,M,1968,William,746
SC,M,1968,David,654
SC,M,1968,Charles,464
SC,M,1968,Richard,426
SC,M,1968,Timothy,420
SC,M,1968,Christopher,355
SC,M,1969,James,1170
SC,M,1969,Michael,935
SC,M,1969,John,807
SC,M,1969,Robert,773
SC,M,1969,William,767
SC,M,1969,David,712
SC,M,1969,Charles,464
SC,M,1969,Christopher,420
SC,M,1969,Timothy,396
SC,M,1969,Thomas,365
SC,M,1970,James,1262
SC,M,1970,Michael,910
SC,M,1970,John,811
SC,M,1970,William,784
SC,M,1970,Robert,776
SC,M,1970,David,662
SC,M,1970,Christopher,573
SC,M,1970,Charles,443
SC,M,1970,Richard,389
SC,M,1970,Kevin,361
SC,M,1971,James,1076
SC,M,1971,Michael,991
SC,M,1971,Robert,739
SC,M,1971,William,738
SC,M,1971,Christopher,714
SC,M,1971,John,712
SC,M,1971,David,621
SC,M,1971,Charles,449
SC,M,1971,Kevin,402
SC,M,1971,Brian,379
SC,M,1972,James,1030
SC,M,1972,Michael,981
SC,M,1972,Christopher,785
SC,M,1972,William,739
SC,M,1972,John,638
SC,M,1972,Robert,634
SC,M,1972,David,597
SC,M,1972,Kevin,499
SC,M,1972,Brian,418
SC,M,1972,Charles,399
SC,M,1973,James,933
SC,M,1973,Michael,911
SC,M,1973,Christopher,769
SC,M,1973,John,669
SC,M,1973,William,641
SC,M,1973,Robert,566
SC,M,1973,David,534
SC,M,1973,Kevin,475
SC,M,1973,Brian,442
SC,M,1973,Jason,409
SC,M,1974,James,927
SC,M,1974,Michael,879
SC,M,1974,Christopher,789
SC,M,1974,William,639
SC,M,1974,John,611
SC,M,1974,Jason,564
SC,M,1974,David,549
SC,M,1974,Robert,533
SC,M,1974,Kevin,421
SC,M,1974,Brian,384
SC,M,1975,Michael,884
SC,M,1975,James,822
SC,M,1975,Christopher,717
SC,M,1975,John,607
SC,M,1975,William,586
SC,M,1975,Jason,552
SC,M,1975,Robert,512
SC,M,1975,David,450
SC,M,1975,Kevin,342
SC,M,1975,Charles,338
SC,M,1976,James,826
SC,M,1976,Michael,793
SC,M,1976,Christopher,694
SC,M,1976,Jason,619
SC,M,1976,William,573
SC,M,1976,John,566
SC,M,1976,Robert,538
SC,M,1976,David,488
SC,M,1976,Charles,343
SC,M,1976,Kevin,336
SC,M,1977,James,823
SC,M,1977,Michael,751
SC,M,1977,Christopher,718
SC,M,1977,Jason,654
SC,M,1977,William,552
SC,M,1977,Robert,529
SC,M,1977,David,511
SC,M,1977,John,508
SC,M,1977,Kevin,369
SC,M,1977,Charles,351
SC,M,1978,James,848
SC,M,1978,Michael,783
SC,M,1978,Christopher,756
SC,M,1978,Jason,671
SC,M,1978,William,557
SC,M,1978,Robert,537
SC,M,1978,John,535
SC,M,1978,David,498
SC,M,1978,Joseph,371
SC,M,1978,Kevin,347
SC,M,1979,James,856
SC,M,1979,Christopher,764
SC,M,1979,Michael,716
SC,M,1979,Jason,623
SC,M,1979,William,596
SC,M,1979,John,577
SC,M,1979,Robert,495
SC,M,1979,David,487
SC,M,1979,Travis,436
SC,M,1979,Joshua,351
SC,M,1980,James,770
SC,M,1980,Michael,746
SC,M,1980,Christopher,719
SC,M,1980,Jason,632
SC,M,1980,William,596
SC,M,1980,Robert,507
SC,M,1980,David,483
SC,M,1980,John,481
SC,M,1980,Travis,450
SC,M,1980,Joshua,430
SC,M,1981,James,764
SC,M,1981,Michael,738
SC,M,1981,Christopher,700
SC,M,1981,William,581
SC,M,1981,Jason,560
SC,M,1981,John,530
SC,M,1981,Joshua,503
SC,M,1981,Robert,478
SC,M,1981,David,467
SC,M,1981,Matthew,392
SC,M,1982,Christopher,854
SC,M,1982,Michael,753
SC,M,1982,James,736
SC,M,1982,William,551
SC,M,1982,John,523
SC,M,1982,Jason,515
SC,M,1982,Joshua,498
SC,M,1982,Robert,497
SC,M,1982,David,448
SC,M,1982,Matthew,425
SC,M,1983,Christopher,872
SC,M,1983,James,773
SC,M,1983,Michael,751
SC,M,1983,William,600
SC,M,1983,John,511
SC,M,1983,Matthew,490
SC,M,1983,Joshua,486
SC,M,1983,Robert,477
SC,M,1983,Jason,467
SC,M,1983,David,463
SC,M,1984,Christopher,902
SC,M,1984,Michael,713
SC,M,1984,James,682
SC,M,1984,Joshua,575
SC,M,1984,William,547
SC,M,1984,Matthew,497
SC,M,1984,Robert,481
SC,M,1984,John,476
SC,M,1984,Brandon,458
SC,M,1984,David,433
SC,M,1985,Christopher,909
SC,M,1985,Michael,747
SC,M,1985,James,682
SC,M,1985,Joshua,606
SC,M,1985,Brandon,594
SC,M,1985,William,543
SC,M,1985,Matthew,499
SC,M,1985,John,493
SC,M,1985,Robert,451
SC,M,1985,David,438
SC,M,1986,Christopher,881
SC,M,1986,Michael,742
SC,M,1986,James,674
SC,M,1986,William,560
SC,M,1986,Brandon,557
SC,M,1986,Joshua,553
SC,M,1986,Matthew,522
SC,M,1986,John,466
SC,M,1986,David,443
SC,M,1986,Robert,432
SC,M,1987,Christopher,805
SC,M,1987,Michael,694
SC,M,1987,James,693
SC,M,1987,Joshua,597
SC,M,1987,William,580
SC,M,1987,Justin,540
SC,M,1987,Brandon,510
SC,M,1987,Matthew,501
SC,M,1987,John,475
SC,M,1987,David,452
SC,M,1988,Christopher,828
SC,M,1988,Joshua,698
SC,M,1988,Michael,670
SC,M,1988,Justin,651
SC,M,1988,James,605
SC,M,1988,William,602
SC,M,1988,Brandon,497
SC,M,1988,Matthew,489
SC,M,1988,John,475
SC,M,1988,Robert,436
SC,M,1989,Christopher,847
SC,M,1989,Joshua,759
SC,M,1989,Michael,713
SC,M,1989,James,693
SC,M,1989,Justin,663
SC,M,1989,William,611
SC,M,1989,Matthew,505
SC,M,1989,Brandon,500
SC,M,1989,Robert,459
SC,M,1989,John,423
SC,M,1990,Christopher,842
SC,M,1990,Michael,721
SC,M,1990,James,718
SC,M,1990,Joshua,698
SC,M,1990,William,616
SC,M,1990,Justin,565
SC,M,1990,Matthew,548
SC,M,1990,Brandon,484
SC,M,1990,Robert,476
SC,M,1990,John,463
SC,M,1991,Christopher,739
SC,M,1991,Michael,678
SC,M,1991,Joshua,640
SC,M,1991,James,638
SC,M,1991,William,609
SC,M,1991,Matthew,512
SC,M,1991,Brandon,497
SC,M,1991,Justin,487
SC,M,1991,John,433
SC,M,1991,Robert,430
SC,M,1992,Christopher,659
SC,M,1992,James,630
SC,M,1992,Michael,611
SC,M,1992,Joshua,593
SC,M,1992,William,588
SC,M,1992,Brandon,542
SC,M,1992,Matthew,407
SC,M,1992,Justin,402
SC,M,1992,John,395
SC,M,1992,Robert,373
SC,M,1993,Christopher,627
SC,M,1993,Michael,597
SC,M,1993,William,573
SC,M,1993,James,529
SC,M,1993,Joshua,510
SC,M,1993,Brandon,496
SC,M,1993,Matthew,451
SC,M,1993,Justin,386
SC,M,1993,John,373
SC,M,1993,Robert,362
SC,M,1994,Christopher,563
SC,M,1994,Michael,508
SC,M,1994,William,483
SC,M,1994,Joshua,475
SC,M,1994,James,473
SC,M,1994,Brandon,467
SC,M,1994,Matthew,413
SC,M,1994,John,392
SC,M,1994,Austin,378
SC,M,1994,Justin,372
SC,M,1995,William,510
SC,M,1995,Christopher,494
SC,M,1995,Michael,493
SC,M,1995,James,450
SC,M,1995,Brandon,446
SC,M,1995,Joshua,429
SC,M,1995,Austin,387
SC,M,1995,Matthew,380
SC,M,1995,John,354
SC,M,1995,Tyler,353
SC,M,1996,Christopher,492
SC,M,1996,William,485
SC,M,1996,Austin,441
SC,M,1996,Joshua,434
SC,M,1996,Michael,433
SC,M,1996,James,431
SC,M,1996,Matthew,394
SC,M,1996,Brandon,380
SC,M,1996,John,345
SC,M,1996,Zachary,321
SC,M,1997,William,521
SC,M,1997,Christopher,503
SC,M,1997,Joshua,459
SC,M,1997,Michael,431
SC,M,1997,Austin,416
SC,M,1997,James,402
SC,M,1997,Jacob,389
SC,M,1997,Brandon,382
SC,M,1997,Matthew,348
SC,M,1997,John,326
SC,M,1998,William,529
SC,M,1998,Michael,459
SC,M,1998,Christopher,449
SC,M,1998,Joshua,438
SC,M,1998,Jacob,421
SC,M,1998,James,419
SC,M,1998,Austin,398
SC,M,1998,Matthew,375
SC,M,1998,Brandon,363
SC,M,1998,John,351
SC,M,1999,William,507
SC,M,1999,Joshua,435
SC,M,1999,Jacob,431
SC,M,1999,Michael,424
SC,M,1999,James,419
SC,M,1999,Christopher,402
SC,M,1999,Austin,374
SC,M,1999,Matthew,358
SC,M,1999,Nicholas,319
SC,M,1999,John,304
SC,M,2000,William,552
SC,M,2000,Christopher,441
SC,M,2000,Jacob,428
SC,M,2000,Joshua,400
SC,M,2000,James,399
SC,M,2000,Michael,380
SC,M,2000,John,346
SC,M,2000,Matthew,344
SC,M,2000,Andrew,308
SC,M,2000,Brandon,278
SC,M,2001,William,533
SC,M,2001,Jacob,429
SC,M,2001,Joshua,401
SC,M,2001,Christopher,388
SC,M,2001,James,379
SC,M,2001,Michael,378
SC,M,2001,Matthew,323
SC,M,2001,John,303
SC,M,2001,Austin,266
SC,M,2001,Joseph,257
SC,M,2002,William,533
SC,M,2002,Jacob,388
SC,M,2002,Joshua,386
SC,M,2002,James,375
SC,M,2002,Christopher,358
SC,M,2002,Michael,324
SC,M,2002,Matthew,307
SC,M,2002,John,288
SC,M,2002,Ethan,258
SC,M,2002,Andrew,251
SC,M,2003,William,471
SC,M,2003,Jacob,400
SC,M,2003,James,374
SC,M,2003,Joshua,360
SC,M,2003,Christopher,327
SC,M,2003,Michael,325
SC,M,2003,John,319
SC,M,2003,Matthew,289
SC,M,2003,Ethan,269
SC,M,2003,Joseph,239
SC,M,2004,William,500
SC,M,2004,Jacob,393
SC,M,2004,James,372
SC,M,2004,Joshua,354
SC,M,2004,Christopher,344
SC,M,2004,Michael,327
SC,M,2004,John,298
SC,M,2004,Ethan,296
SC,M,2004,Matthew,247
SC,M,2004,David,245
SC,M,2005,William,434
SC,M,2005,Jacob,356
SC,M,2005,James,331
SC,M,2005,Joshua,331
SC,M,2005,John,309
SC,M,2005,Michael,301
SC,M,2005,Christopher,295
SC,M,2005,Ethan,291
SC,M,2005,Matthew,287
SC,M,2005,Andrew,261
SC,M,2006,William,442
SC,M,2006,Christopher,364
SC,M,2006,James,346
SC,M,2006,Jacob,334
SC,M,2006,Joshua,331
SC,M,2006,John,282
SC,M,2006,Michael,273
SC,M,2006,Ethan,271
SC,M,2006,Noah,249
SC,M,2006,Matthew,247
SC,M,2007,William,405
SC,M,2007,James,372
SC,M,2007,Christopher,333
SC,M,2007,Michael,327
SC,M,2007,Joshua,319
SC,M,2007,Jacob,309
SC,M,2007,Ethan,280
SC,M,2007,Jayden,277
SC,M,2007,John,266
SC,M,2007,Noah,254
SC,M,2008,William,457
SC,M,2008,Joshua,319
SC,M,2008,Christopher,314
SC,M,2008,Jayden,312
SC,M,2008,Jacob,299
SC,M,2008,James,299
SC,M,2008,Michael,293
SC,M,2008,Ethan,287
SC,M,2008,John,287
SC,M,2008,Noah,242
SC,M,2009,William,418
SC,M,2009,Jayden,292
SC,M,2009,Christopher,291
SC,M,2009,James,286
SC,M,2009,Joshua,284
SC,M,2009,Jacob,283
SC,M,2009,Michael,253
SC,M,2009,Jackson,250
SC,M,2009,Noah,239
SC,M,2009,Ethan,230
SC,M,2010,William,398
SC,M,2010,James,301
SC,M,2010,Jacob,279
SC,M,2010,Jayden,265
SC,M,2010,Michael,253
SC,M,2010,Christopher,252
SC,M,2010,Joshua,242
SC,M,2010,Elijah,236
SC,M,2010,Noah,230
SC,M,2010,John,227
SC,M,2011,William,410
SC,M,2011,Mason,270
SC,M,2011,Jayden,264
SC,M,2011,James,258
SC,M,2011,Aiden,256
SC,M,2011,Jacob,249
SC,M,2011,Elijah,247
SC,M,2011,Jackson,245
SC,M,2011,Noah,232
SC,M,2011,Christopher,230
SC,M,2012,William,402
SC,M,2012,Mason,316
SC,M,2012,James,279
SC,M,2012,Elijah,269
SC,M,2012,Jayden,242
SC,M,2012,Jacob,227
SC,M,2012,Joshua,224
SC,M,2012,Noah,223
SC,M,2012,Aiden,219
SC,M,2012,Jackson,219
SC,M,2013,William,342
SC,M,2013,Mason,306
SC,M,2013,James,278
SC,M,2013,Noah,264
SC,M,2013,Elijah,238
SC,M,2013,Michael,224
SC,M,2013,Jacob,223
SC,M,2013,Joshua,213
SC,M,2013,Jayden,205
SC,M,2013,Jackson,204
SC,M,2014,William,364
SC,M,2014,James,285
SC,M,2014,Mason,256
SC,M,2014,Noah,254
SC,M,2014,Jackson,240
SC,M,2014,Elijah,224
SC,M,2014,Liam,215
SC,M,2014,Michael,202
SC,M,2014,John,199
SC,M,2014,Carter,194
SC,M,2015,William,360
SC,M,2015,James,299
SC,M,2015,Mason,285
SC,M,2015,Noah,274
SC,M,2015,Elijah,232
SC,M,2015,Liam,225
SC,M,2015,Michael,214
SC,M,2015,Jackson,211
SC,M,2015,John,202
SC,M,2015,Carter,197
SC,M,2016,William,357
SC,M,2016,Noah,286
SC,M,2016,James,271
SC,M,2016,Mason,270
SC,M,2016,Elijah,221
SC,M,2016,Liam,209
SC,M,2016,John,205
SC,M,2016,Michael,204
SC,M,2016,Carter,198
SC,M,2016,Jackson,192
SC,M,2017,William,326
SC,M,2017,Noah,286
SC,M,2017,Mason,271
SC,M,2017,James,252
SC,M,2017,Liam,232
SC,M,2017,John,227
SC,M,2017,Elijah,211
SC,M,2017,Jackson,182
SC,M,2017,Aiden,169
SC,M,2017,Benjamin,168
SC,M,2018,William,326
SC,M,2018,James,267
SC,M,2018,Noah,262
SC,M,2018,Elijah,256
SC,M,2018,Liam,252
SC,M,2018,Mason,231
SC,M,2018,John,197
SC,M,2018,Jackson,191
SC,M,2018,Grayson,159
SC,M,2018,Carter,158
SC,M,2019,William,309
SC,M,2019,Noah,268
SC,M,2019,Liam,247
SC,M,2019,James,240
SC,M,2019,Elijah,235
SC,M,2019,John,195
SC,M,2019,Jackson,193
SC,M,2019,Mason,178
SC,M,2019,Carter,177
SC,M,2019,Michael,161
