UT,F,1920,Mary,222
UT,F,1920,Dorothy,161
UT,F,1920,Helen,156
UT,F,1920,Ruth,153
UT,F,1920,Marjorie,110
UT,F,1920,Margaret,107
UT,F,1920,Beth,79
UT,F,1920,Betty,76
UT,F,1920,Lois,75
UT,F,1920,Florence,72
UT,F,1921,Mary,235
UT,F,1921,Helen,181
UT,F,1921,Ruth,163
UT,F,1921,Dorothy,152
UT,F,1921,Betty,135
UT,F,1921,Marjorie,132
UT,F,1921,Margaret,114
UT,F,1921,Norma,101
UT,F,1921,Virginia,97
UT,F,1921,Donna,86
UT,F,1922,Mary,223
UT,F,1922,Ruth,174
UT,F,1922,Helen,162
UT,F,1922,Betty,160
UT,F,1922,Dorothy,130
UT,F,1922,Margaret,107
UT,F,1922,Norma,106
UT,F,1922,Marjorie,95
UT,F,1922,Barbara,84
UT,F,1922,Virginia,83
UT,F,1923,Mary,219
UT,F,1923,Betty,212
UT,F,1923,Helen,166
UT,F,1923,Dorothy,144
UT,F,1923,Ruth,137
UT,F,1923,Margaret,102
UT,F,1923,Donna,100
UT,F,1923,Norma,100
UT,F,1923,Barbara,92
UT,F,1923,Marjorie,88
UT,F,1924,Betty,249
UT,F,1924,Mary,187
UT,F,1924,Helen,152
UT,F,1924,Dorothy,143
UT,F,1924,Ruth,137
UT,F,1924,Norma,114
UT,F,1924,Donna,112
UT,F,1924,Shirley,107
UT,F,1924,Lois,101
UT,F,1924,Barbara,96
UT,F,1925,Betty,262
UT,F,1925,Mary,189
UT,F,1925,Helen,139
UT,F,1925,Shirley,127
UT,F,1925,Barbara,126
UT,F,1925,Ruth,119
UT,F,1925,Donna,117
UT,F,1925,Dorothy,117
UT,F,1925,Lois,109
UT,F,1925,Norma,93
UT,F,1926,Betty,232
UT,F,1926,Mary,202
UT,F,1926,Shirley,149
UT,F,1926,Barbara,121
UT,F,1926,Beverly,119
UT,F,1926,Dorothy,115
UT,F,1926,Ruth,111
UT,F,1926,Donna,102
UT,F,1926,Helen,97
UT,F,1926,Lois,93
UT,F,1927,Mary,200
UT,F,1927,Betty,180
UT,F,1927,Shirley,144
UT,F,1927,Donna,143
UT,F,1927,Beverly,141
UT,F,1927,Barbara,128
UT,F,1927,Helen,109
UT,F,1927,Dorothy,105
UT,F,1927,Norma,103
UT,F,1927,Lois,94
UT,F,1928,Betty,179
UT,F,1928,Mary,178
UT,F,1928,Barbara,159
UT,F,1928,Shirley,156
UT,F,1928,Donna,145
UT,F,1928,Beverly,113
UT,F,1928,Dorothy,112
UT,F,1928,Lois,92
UT,F,1928,Ruth,92
UT,F,1928,Helen,89
UT,F,1929,Mary,178
UT,F,1929,Betty,169
UT,F,1929,Shirley,149
UT,F,1929,Barbara,147
UT,F,1929,Joyce,120
UT,F,1929,Donna,118
UT,F,1929,Beverly,106
UT,F,1929,Dorothy,92
UT,F,1929,Carol,89
UT,F,1929,Norma,85
UT,F,1930,Betty,171
UT,F,1930,Mary,161
UT,F,1930,Shirley,160
UT,F,1930,Donna,137
UT,F,1930,Barbara,131
UT,F,1930,Joyce,126
UT,F,1930,Beverly,112
UT,F,1930,Marilyn,105
UT,F,1930,Dorothy,98
UT,F,1930,Carol,85
UT,F,1931,Mary,187
UT,F,1931,Barbara,143
UT,F,1931,Betty,117
UT,F,1931,Joyce,117
UT,F,1931,Marilyn,114
UT,F,1931,Shirley,114
UT,F,1931,Donna,105
UT,F,1931,Carol,97
UT,F,1931,Bonnie,87
UT,F,1931,Beverly,86
UT,F,1932,Mary,164
UT,F,1932,Barbara,157
UT,F,1932,Marilyn,128
UT,F,1932,Shirley,127
UT,F,1932,Betty,115
UT,F,1932,Carol,115
UT,F,1932,Donna,106
UT,F,1932,Joyce,104
UT,F,1932,Beverly,98
UT,F,1932,Joan,95
UT,F,1933,Mary,164
UT,F,1933,Barbara,155
UT,F,1933,Carol,138
UT,F,1933,Joyce,121
UT,F,1933,Marilyn,115
UT,F,1933,Donna,93
UT,F,1933,Shirley,91
UT,F,1933,Patricia,86
UT,F,1933,Betty,84
UT,F,1933,Helen,82
UT,F,1934,Mary,158
UT,F,1934,Carol,155
UT,F,1934,Barbara,138
UT,F,1934,Shirley,121
UT,F,1934,Joyce,106
UT,F,1934,Joan,101
UT,F,1934,Marilyn,95
UT,F,1934,Donna,91
UT,F,1934,Betty,78
UT,F,1934,Patricia,76
UT,F,1935,Mary,160
UT,F,1935,Shirley,155
UT,F,1935,Carol,152
UT,F,1935,Barbara,133
UT,F,1935,Marilyn,101
UT,F,1935,Patricia,82
UT,F,1935,Janet,80
UT,F,1935,Donna,78
UT,F,1935,Joan,77
UT,F,1935,Carolyn,75
UT,F,1936,Mary,185
UT,F,1936,Carol,167
UT,F,1936,Barbara,124
UT,F,1936,Marilyn,113
UT,F,1936,Shirley,106
UT,F,1936,Carolyn,91
UT,F,1936,Patricia,91
UT,F,1936,Joyce,88
UT,F,1936,Sharon,85
UT,F,1936,Joan,72
UT,F,1937,Carol,179
UT,F,1937,Mary,161
UT,F,1937,Barbara,130
UT,F,1937,Sharon,102
UT,F,1937,Marilyn,100
UT,F,1937,Patricia,92
UT,F,1937,Joan,89
UT,F,1937,Joyce,84
UT,F,1937,Carolyn,74
UT,F,1937,Karen,74
UT,F,1938,Carol,167
UT,F,1938,Mary,165
UT,F,1938,Barbara,129
UT,F,1938,Karen,117
UT,F,1938,Sharon,115
UT,F,1938,Patricia,94
UT,F,1938,Marilyn,88
UT,F,1938,Joan,81
UT,F,1938,Carolyn,79
UT,F,1938,Janet,74
UT,F,1939,Mary,179
UT,F,1939,Carol,162
UT,F,1939,Barbara,137
UT,F,1939,Sharon,120
UT,F,1939,Patricia,111
UT,F,1939,Judy,98
UT,F,1939,Joan,95
UT,F,1939,Judith,92
UT,F,1939,Nancy,86
UT,F,1939,Karen,85
UT,F,1940,Linda,207
UT,F,1940,Mary,168
UT,F,1940,Karen,141
UT,F,1940,Carol,140
UT,F,1940,Barbara,123
UT,F,1940,Sharon,123
UT,F,1940,Judy,115
UT,F,1940,Patricia,112
UT,F,1940,Joyce,96
UT,F,1940,Carolyn,89
UT,F,1941,Linda,221
UT,F,1941,Karen,185
UT,F,1941,Mary,168
UT,F,1941,Sharon,139
UT,F,1941,Judy,134
UT,F,1941,Barbara,128
UT,F,1941,Carolyn,121
UT,F,1941,Patricia,117
UT,F,1941,Carol,116
UT,F,1941,Judith,98
UT,F,1942,Linda,302
UT,F,1942,Mary,189
UT,F,1942,Karen,183
UT,F,1942,Sharon,153
UT,F,1942,Judy,148
UT,F,1942,Barbara,146
UT,F,1942,Carolyn,142
UT,F,1942,Carol,138
UT,F,1942,Patricia,130
UT,F,1942,Bonnie,122
UT,F,1943,Linda,346
UT,F,1943,Mary,240
UT,F,1943,Karen,221
UT,F,1943,Judy,207
UT,F,1943,Carol,185
UT,F,1943,Sharon,185
UT,F,1943,Barbara,167
UT,F,1943,Patricia,145
UT,F,1943,Susan,135
UT,F,1943,Carolyn,126
UT,F,1944,Linda,322
UT,F,1944,Mary,218
UT,F,1944,Carol,194
UT,F,1944,Karen,176
UT,F,1944,Judy,164
UT,F,1944,Sharon,140
UT,F,1944,Barbara,139
UT,F,1944,Susan,133
UT,F,1944,Kathleen,132
UT,F,1944,Sandra,132
UT,F,1945,Linda,276
UT,F,1945,Mary,195
UT,F,1945,Carol,190
UT,F,1945,Judy,173
UT,F,1945,Susan,173
UT,F,1945,Barbara,154
UT,F,1945,Kathleen,145
UT,F,1945,Karen,138
UT,F,1945,Sandra,133
UT,F,1945,Patricia,120
UT,F,1946,Linda,329
UT,F,1946,Susan,285
UT,F,1946,Mary,220
UT,F,1946,Patricia,190
UT,F,1946,Karen,181
UT,F,1946,Carol,175
UT,F,1946,Judy,172
UT,F,1946,Kathleen,168
UT,F,1946,Barbara,153
UT,F,1946,Sharon,150
UT,F,1947,Linda,575
UT,F,1947,Susan,275
UT,F,1947,Mary,240
UT,F,1947,Patricia,197
UT,F,1947,Karen,188
UT,F,1947,Kathleen,188
UT,F,1947,Sandra,181
UT,F,1947,Carol,180
UT,F,1947,Barbara,158
UT,F,1947,Judy,157
UT,F,1948,Linda,456
UT,F,1948,Susan,308
UT,F,1948,Mary,256
UT,F,1948,Kathleen,184
UT,F,1948,Karen,173
UT,F,1948,Barbara,166
UT,F,1948,Carol,163
UT,F,1948,Patricia,162
UT,F,1948,Sandra,156
UT,F,1948,Judy,142
UT,F,1949,Linda,367
UT,F,1949,Susan,342
UT,F,1949,Mary,233
UT,F,1949,Kathleen,183
UT,F,1949,Karen,162
UT,F,1949,Carol,151
UT,F,1949,Barbara,142
UT,F,1949,Sandra,142
UT,F,1949,Patricia,141
UT,F,1949,Connie,130
UT,F,1950,Susan,323
UT,F,1950,Linda,320
UT,F,1950,Mary,240
UT,F,1950,Kathleen,206
UT,F,1950,Karen,163
UT,F,1950,Patricia,157
UT,F,1950,Barbara,141
UT,F,1950,Sandra,131
UT,F,1950,Christine,130
UT,F,1950,Nancy,130
UT,F,1951,Linda,307
UT,F,1951,Susan,307
UT,F,1951,Mary,234
UT,F,1951,Karen,210
UT,F,1951,Debra,201
UT,F,1951,Patricia,187
UT,F,1951,Kathleen,170
UT,F,1951,Barbara,158
UT,F,1951,Nancy,146
UT,F,1951,Janet,143
UT,F,1952,Susan,326
UT,F,1952,Debra,303
UT,F,1952,Linda,269
UT,F,1952,Mary,230
UT,F,1952,Karen,196
UT,F,1952,Patricia,188
UT,F,1952,Barbara,172
UT,F,1952,Kathleen,165
UT,F,1952,Christine,151
UT,F,1952,Nancy,139
UT,F,1953,Debra,376
UT,F,1953,Susan,301
UT,F,1953,Linda,248
UT,F,1953,Mary,230
UT,F,1953,Karen,189
UT,F,1953,Barbara,164
UT,F,1953,Patricia,155
UT,F,1953,Nancy,149
UT,F,1953,Pamela,146
UT,F,1953,Diane,145
UT,F,1954,Debra,432
UT,F,1954,Susan,338
UT,F,1954,Mary,230
UT,F,1954,Karen,225
UT,F,1954,Linda,219
UT,F,1954,Pamela,180
UT,F,1954,Patricia,171
UT,F,1954,Deborah,153
UT,F,1954,Kathleen,145
UT,F,1954,Nancy,142
UT,F,1955,Debra,408
UT,F,1955,Susan,328
UT,F,1955,Karen,205
UT,F,1955,Linda,195
UT,F,1955,Mary,181
UT,F,1955,Pamela,161
UT,F,1955,Patricia,161
UT,F,1955,Julie,155
UT,F,1955,Janet,149
UT,F,1955,Deborah,143
UT,F,1956,Debra,332
UT,F,1956,Susan,274
UT,F,1956,Karen,235
UT,F,1956,Mary,205
UT,F,1956,Cindy,194
UT,F,1956,Julie,185
UT,F,1956,Linda,181
UT,F,1956,Patricia,159
UT,F,1956,Barbara,142
UT,F,1956,Pamela,141
UT,F,1957,Cindy,306
UT,F,1957,Susan,258
UT,F,1957,Debra,244
UT,F,1957,Julie,235
UT,F,1957,Karen,222
UT,F,1957,Mary,207
UT,F,1957,Linda,171
UT,F,1957,Diane,161
UT,F,1957,Cynthia,135
UT,F,1957,Patricia,135
UT,F,1958,Julie,333
UT,F,1958,Susan,246
UT,F,1958,Cindy,220
UT,F,1958,Karen,202
UT,F,1958,Mary,183
UT,F,1958,Linda,175
UT,F,1958,Debra,166
UT,F,1958,Kathy,152
UT,F,1958,Lori,146
UT,F,1958,Lisa,137
UT,F,1959,Julie,295
UT,F,1959,Susan,243
UT,F,1959,Cindy,205
UT,F,1959,Karen,190
UT,F,1959,Lori,181
UT,F,1959,Linda,178
UT,F,1959,Lisa,174
UT,F,1959,Mary,164
UT,F,1959,Debra,154
UT,F,1959,Debbie,151
UT,F,1960,Julie,261
UT,F,1960,Lori,235
UT,F,1960,Susan,233
UT,F,1960,Cindy,224
UT,F,1960,Lisa,215
UT,F,1960,Linda,183
UT,F,1960,Karen,159
UT,F,1960,Mary,148
UT,F,1960,Debbie,142
UT,F,1960,Kathy,135
UT,F,1961,Lisa,287
UT,F,1961,Julie,248
UT,F,1961,Susan,240
UT,F,1961,Lori,205
UT,F,1961,Cindy,180
UT,F,1961,Linda,174
UT,F,1961,Karen,172
UT,F,1961,Michelle,158
UT,F,1961,Mary,145
UT,F,1961,Debbie,132
UT,F,1962,Lisa,324
UT,F,1962,Julie,249
UT,F,1962,Lori,221
UT,F,1962,Susan,201
UT,F,1962,Karen,190
UT,F,1962,Linda,180
UT,F,1962,Mary,171
UT,F,1962,Brenda,143
UT,F,1962,Cindy,141
UT,F,1962,Michelle,137
UT,F,1963,Lisa,371
UT,F,1963,Lori,226
UT,F,1963,Julie,204
UT,F,1963,Susan,200
UT,F,1963,Michelle,156
UT,F,1963,Karen,153
UT,F,1963,Mary,137
UT,F,1963,Linda,128
UT,F,1963,Cindy,125
UT,F,1963,Brenda,121
UT,F,1964,Lisa,328
UT,F,1964,Julie,212
UT,F,1964,Michelle,158
UT,F,1964,Lori,156
UT,F,1964,Susan,145
UT,F,1964,Karen,134
UT,F,1964,Mary,129
UT,F,1964,Cindy,124
UT,F,1964,Wendy,124
UT,F,1964,Jill,107
UT,F,1965,Lisa,306
UT,F,1965,Julie,231
UT,F,1965,Wendy,185
UT,F,1965,Michelle,162
UT,F,1965,Lori,136
UT,F,1965,Susan,134
UT,F,1965,Mary,125
UT,F,1965,Brenda,121
UT,F,1965,Karen,111
UT,F,1965,Kimberly,106
UT,F,1966,Lisa,347
UT,F,1966,Michelle,243
UT,F,1966,Julie,231
UT,F,1966,Wendy,162
UT,F,1966,Lori,148
UT,F,1966,Jennifer,136
UT,F,1966,Susan,136
UT,F,1966,Karen,112
UT,F,1966,Mary,110
UT,F,1966,Kimberly,109
UT,F,1967,Lisa,341
UT,F,1967,Michelle,246
UT,F,1967,Julie,183
UT,F,1967,Wendy,166
UT,F,1967,Jennifer,155
UT,F,1967,Stephanie,144
UT,F,1967,Kimberly,130
UT,F,1967,Susan,123
UT,F,1967,Teresa,121
UT,F,1967,Lori,116
UT,F,1968,Lisa,294
UT,F,1968,Michelle,285
UT,F,1968,Jennifer,237
UT,F,1968,Julie,174
UT,F,1968,Kimberly,160
UT,F,1968,Stephanie,157
UT,F,1968,Wendy,144
UT,F,1968,Lori,120
UT,F,1968,Angela,111
UT,F,1968,Rebecca,108
UT,F,1969,Jennifer,300
UT,F,1969,Lisa,274
UT,F,1969,Michelle,274
UT,F,1969,Julie,198
UT,F,1969,Kimberly,173
UT,F,1969,Stephanie,165
UT,F,1969,Amy,151
UT,F,1969,Angela,151
UT,F,1969,Heather,133
UT,F,1969,Wendy,115
UT,F,1970,Jennifer,442
UT,F,1970,Michelle,307
UT,F,1970,Lisa,269
UT,F,1970,Angela,201
UT,F,1970,Kimberly,200
UT,F,1970,Amy,198
UT,F,1970,Julie,186
UT,F,1970,Heather,170
UT,F,1970,Stephanie,160
UT,F,1970,Wendy,134
UT,F,1971,Jennifer,548
UT,F,1971,Amy,254
UT,F,1971,Michelle,252
UT,F,1971,Lisa,224
UT,F,1971,Heather,196
UT,F,1971,Angela,192
UT,F,1971,Julie,191
UT,F,1971,Kimberly,170
UT,F,1971,Rebecca,144
UT,F,1971,Melissa,141
UT,F,1972,Jennifer,702
UT,F,1972,Amy,253
UT,F,1972,Michelle,236
UT,F,1972,Heather,222
UT,F,1972,Lisa,214
UT,F,1972,Kimberly,204
UT,F,1972,Angela,187
UT,F,1972,Rebecca,184
UT,F,1972,Stephanie,168
UT,F,1972,Julie,167
UT,F,1973,Jennifer,590
UT,F,1973,Amy,299
UT,F,1973,Heather,241
UT,F,1973,Rebecca,216
UT,F,1973,Michelle,214
UT,F,1973,Angela,183
UT,F,1973,Stephanie,182
UT,F,1973,Lisa,180
UT,F,1973,Kimberly,167
UT,F,1973,Melissa,158
UT,F,1974,Jennifer,619
UT,F,1974,Amy,379
UT,F,1974,Heather,296
UT,F,1974,Angela,270
UT,F,1974,Michelle,246
UT,F,1974,Rebecca,220
UT,F,1974,Melissa,194
UT,F,1974,Lisa,189
UT,F,1974,Stephanie,184
UT,F,1974,Kimberly,178
UT,F,1975,Jennifer,531
UT,F,1975,Amy,357
UT,F,1975,Heather,319
UT,F,1975,Melissa,255
UT,F,1975,Angela,247
UT,F,1975,Rebecca,219
UT,F,1975,Michelle,216
UT,F,1975,Kimberly,189
UT,F,1975,Emily,187
UT,F,1975,Stephanie,184
UT,F,1976,Jennifer,600
UT,F,1976,Amy,408
UT,F,1976,Heather,347
UT,F,1976,Angela,293
UT,F,1976,Jamie,292
UT,F,1976,Melissa,271
UT,F,1976,Rebecca,229
UT,F,1976,Amanda,207
UT,F,1976,Emily,205
UT,F,1976,Jessica,205
UT,F,1977,Jennifer,616
UT,F,1977,Heather,359
UT,F,1977,Amy,349
UT,F,1977,Melissa,322
UT,F,1977,Angela,309
UT,F,1977,Jamie,254
UT,F,1977,Jessica,240
UT,F,1977,Rebecca,236
UT,F,1977,Amanda,227
UT,F,1977,Sarah,214
UT,F,1978,Jennifer,567
UT,F,1978,Heather,356
UT,F,1978,Amy,334
UT,F,1978,Melissa,310
UT,F,1978,Emily,272
UT,F,1978,Angela,271
UT,F,1978,Amanda,251
UT,F,1978,Jessica,244
UT,F,1978,Amber,231
UT,F,1978,Rebecca,208
UT,F,1979,Jennifer,577
UT,F,1979,Melissa,367
UT,F,1979,Heather,350
UT,F,1979,Amanda,332
UT,F,1979,Amber,322
UT,F,1979,Amy,308
UT,F,1979,Angela,285
UT,F,1979,Jessica,261
UT,F,1979,Emily,244
UT,F,1979,Michelle,243
UT,F,1980,Jennifer,628
UT,F,1980,Melissa,393
UT,F,1980,Amanda,376
UT,F,1980,Amber,323
UT,F,1980,Heather,317
UT,F,1980,Amy,300
UT,F,1980,Sarah,294
UT,F,1980,Jessica,289
UT,F,1980,Emily,273
UT,F,1980,Tiffany,249
UT,F,1981,Jennifer,578
UT,F,1981,Amanda,338
UT,F,1981,Jessica,336
UT,F,1981,Melissa,325
UT,F,1981,Amy,312
UT,F,1981,Sarah,284
UT,F,1981,Amber,276
UT,F,1981,Heather,261
UT,F,1981,Rebecca,254
UT,F,1981,Emily,241
UT,F,1982,Jennifer,555
UT,F,1982,Jessica,400
UT,F,1982,Amanda,324
UT,F,1982,Melissa,315
UT,F,1982,Sarah,309
UT,F,1982,Amber,307
UT,F,1982,Ashley,269
UT,F,1982,Emily,266
UT,F,1982,Heather,232
UT,F,1982,Tiffany,232
UT,F,1983,Jennifer,522
UT,F,1983,Ashley,455
UT,F,1983,Jessica,443
UT,F,1983,Amanda,304
UT,F,1983,Heather,301
UT,F,1983,Melissa,280
UT,F,1983,Amber,253
UT,F,1983,Sarah,246
UT,F,1983,Emily,244
UT,F,1983,Stephanie,229
UT,F,1984,Jennifer,451
UT,F,1984,Jessica,446
UT,F,1984,Ashley,429
UT,F,1984,Megan,292
UT,F,1984,Amanda,282
UT,F,1984,Heather,264
UT,F,1984,Melissa,245
UT,F,1984,Stephanie,236
UT,F,1984,Amber,218
UT,F,1984,Nicole,210
UT,F,1985,Jessica,457
UT,F,1985,Ashley,429
UT,F,1985,Jennifer,348
UT,F,1985,Megan,336
UT,F,1985,Amanda,296
UT,F,1985,Heather,282
UT,F,1985,Melissa,228
UT,F,1985,Nicole,218
UT,F,1985,Sarah,209
UT,F,1985,Stephanie,201
UT,F,1986,Jessica,473
UT,F,1986,Amanda,383
UT,F,1986,Ashley,373
UT,F,1986,Jennifer,285
UT,F,1986,Megan,264
UT,F,1986,Whitney,245
UT,F,1986,Sarah,241
UT,F,1986,Heather,229
UT,F,1986,Stephanie,221
UT,F,1986,Nicole,211
UT,F,1987,Jessica,489
UT,F,1987,Ashley,423
UT,F,1987,Amanda,332
UT,F,1987,Sarah,277
UT,F,1987,Heather,243
UT,F,1987,Jennifer,219
UT,F,1987,Whitney,219
UT,F,1987,Megan,216
UT,F,1987,Stephanie,201
UT,F,1987,Nicole,194
UT,F,1988,Jessica,545
UT,F,1988,Ashley,382
UT,F,1988,Amanda,296
UT,F,1988,Megan,260
UT,F,1988,Sarah,226
UT,F,1988,Jennifer,213
UT,F,1988,Heather,200
UT,F,1988,Nicole,193
UT,F,1988,Whitney,193
UT,F,1988,Danielle,183
UT,F,1989,Jessica,528
UT,F,1989,Ashley,344
UT,F,1989,Amanda,310
UT,F,1989,Sarah,236
UT,F,1989,Megan,227
UT,F,1989,Nicole,196
UT,F,1989,Brittany,185
UT,F,1989,Heather,184
UT,F,1989,Whitney,177
UT,F,1989,Stephanie,171
UT,F,1990,Jessica,482
UT,F,1990,Ashley,316
UT,F,1990,Amanda,271
UT,F,1990,Megan,242
UT,F,1990,Sarah,217
UT,F,1990,Emily,196
UT,F,1990,Stephanie,187
UT,F,1990,Melissa,186
UT,F,1990,Samantha,182
UT,F,1990,Rachel,177
UT,F,1991,Jessica,459
UT,F,1991,Ashley,316
UT,F,1991,Sarah,229
UT,F,1991,Amanda,223
UT,F,1991,Megan,217
UT,F,1991,Samantha,194
UT,F,1991,Rachel,174
UT,F,1991,Whitney,151
UT,F,1991,Jennifer,146
UT,F,1991,Emily,142
UT,F,1992,Jessica,447
UT,F,1992,Ashley,317
UT,F,1992,Sarah,261
UT,F,1992,Samantha,220
UT,F,1992,Megan,211
UT,F,1992,Emily,201
UT,F,1992,Rachel,199
UT,F,1992,Amanda,190
UT,F,1992,Nicole,150
UT,F,1992,Chelsea,146
UT,F,1993,Jessica,421
UT,F,1993,Ashley,261
UT,F,1993,Sarah,237
UT,F,1993,Megan,216
UT,F,1993,Emily,211
UT,F,1993,Amanda,202
UT,F,1993,Samantha,190
UT,F,1993,Taylor,187
UT,F,1993,Rachel,153
UT,F,1993,Alexis,142
UT,F,1994,Jessica,380
UT,F,1994,Ashley,256
UT,F,1994,Megan,232
UT,F,1994,Sarah,232
UT,F,1994,Emily,220
UT,F,1994,Samantha,210
UT,F,1994,Madison,201
UT,F,1994,Amanda,199
UT,F,1994,Alexis,196
UT,F,1994,Taylor,196
UT,F,1995,Jessica,335
UT,F,1995,Madison,262
UT,F,1995,Sarah,250
UT,F,1995,Emily,247
UT,F,1995,Ashley,245
UT,F,1995,Megan,233
UT,F,1995,Samantha,223
UT,F,1995,Rachel,210
UT,F,1995,Alexis,193
UT,F,1995,Taylor,184
UT,F,1996,Madison,302
UT,F,1996,Jessica,291
UT,F,1996,Emily,264
UT,F,1996,Megan,257
UT,F,1996,Ashley,242
UT,F,1996,Sarah,242
UT,F,1996,Rachel,235
UT,F,1996,Alexis,220
UT,F,1996,Samantha,213
UT,F,1996,Hannah,184
UT,F,1997,Madison,289
UT,F,1997,Jessica,283
UT,F,1997,Emily,249
UT,F,1997,Hannah,235
UT,F,1997,Sarah,234
UT,F,1997,Samantha,230
UT,F,1997,Megan,228
UT,F,1997,Ashley,205
UT,F,1997,Alexis,189
UT,F,1997,Taylor,188
UT,F,1998,Madison,306
UT,F,1998,Emily,290
UT,F,1998,Hannah,279
UT,F,1998,Sarah,264
UT,F,1998,Samantha,250
UT,F,1998,Megan,239
UT,F,1998,Jessica,223
UT,F,1998,Alexis,218
UT,F,1998,Ashley,208
UT,F,1998,Abigail,177
UT,F,1999,Emily,346
UT,F,1999,Madison,314
UT,F,1999,Hannah,266
UT,F,1999,Samantha,244
UT,F,1999,Sarah,239
UT,F,1999,Megan,229
UT,F,1999,Emma,218
UT,F,1999,Jessica,195
UT,F,1999,Alexis,192
UT,F,1999,Rachel,188
UT,F,2000,Madison,311
UT,F,2000,Emily,304
UT,F,2000,Hannah,301
UT,F,2000,Abigail,226
UT,F,2000,Samantha,225
UT,F,2000,Jessica,218
UT,F,2000,Emma,213
UT,F,2000,Megan,212
UT,F,2000,Alexis,204
UT,F,2000,Sarah,203
UT,F,2001,Emily,308
UT,F,2001,Madison,287
UT,F,2001,Emma,252
UT,F,2001,Hannah,237
UT,F,2001,Alexis,226
UT,F,2001,Samantha,208
UT,F,2001,Ashley,199
UT,F,2001,Abigail,193
UT,F,2001,Megan,190
UT,F,2001,Sarah,189
UT,F,2002,Emily,281
UT,F,2002,Emma,272
UT,F,2002,Abigail,266
UT,F,2002,Madison,264
UT,F,2002,Hannah,249
UT,F,2002,Olivia,222
UT,F,2002,Samantha,210
UT,F,2002,Elizabeth,194
UT,F,2002,Alexis,187
UT,F,2002,Ashley,174
UT,F,2003,Emma,391
UT,F,2003,Madison,274
UT,F,2003,Emily,256
UT,F,2003,Hannah,256
UT,F,2003,Abigail,235
UT,F,2003,Elizabeth,199
UT,F,2003,Olivia,198
UT,F,2003,Brooklyn,192
UT,F,2003,Hailey,191
UT,F,2003,Sarah,190
UT,F,2004,Emma,382
UT,F,2004,Emily,239
UT,F,2004,Olivia,238
UT,F,2004,Madison,236
UT,F,2004,Abigail,227
UT,F,2004,Samantha,201
UT,F,2004,Hannah,199
UT,F,2004,Brooklyn,189
UT,F,2004,Elizabeth,182
UT,F,2004,Grace,169
UT,F,2005,Emma,312
UT,F,2005,Emily,256
UT,F,2005,Olivia,245
UT,F,2005,Abigail,218
UT,F,2005,Hannah,212
UT,F,2005,Madison,208
UT,F,2005,Samantha,204
UT,F,2005,Brooklyn,192
UT,F,2005,Grace,180
UT,F,2005,Elizabeth,179
UT,F,2006,Emma,313
UT,F,2006,Abigail,226
UT,F,2006,Olivia,219
UT,F,2006,Elizabeth,214
UT,F,2006,Emily,211
UT,F,2006,Hannah,203
UT,F,2006,Brooklyn,198
UT,F,2006,Madison,188
UT,F,2006,Ava,183
UT,F,2006,Samantha,183
UT,F,2007,Olivia,256
UT,F,2007,Emma,245
UT,F,2007,Abigail,225
UT,F,2007,Elizabeth,214
UT,F,2007,Ava,212
UT,F,2007,Addison,209
UT,F,2007,Brooklyn,202
UT,F,2007,Emily,200
UT,F,2007,Sophia,190
UT,F,2007,Madison,181
UT,F,2008,Olivia,260
UT,F,2008,Emma,251
UT,F,2008,Abigail,224
UT,F,2008,Lily,204
UT,F,2008,Elizabeth,200
UT,F,2008,Ava,195
UT,F,2008,Addison,191
UT,F,2008,Madison,190
UT,F,2008,Emily,189
UT,F,2008,Isabella,183
UT,F,2009,Olivia,269
UT,F,2009,Emma,228
UT,F,2009,Abigail,218
UT,F,2009,Brooklyn,205
UT,F,2009,Lily,191
UT,F,2009,Isabella,180
UT,F,2009,Elizabeth,177
UT,F,2009,Chloe,165
UT,F,2009,Ava,164
UT,F,2009,Emily,163
UT,F,2010,Olivia,269
UT,F,2010,Abigail,211
UT,F,2010,Sophia,204
UT,F,2010,Emma,203
UT,F,2010,Lily,192
UT,F,2010,Brooklyn,175
UT,F,2010,Chloe,164
UT,F,2010,Elizabeth,156
UT,F,2010,Ava,155
UT,F,2010,Addison,147
UT,F,2011,Olivia,238
UT,F,2011,Sophia,230
UT,F,2011,Emma,218
UT,F,2011,Lily,185
UT,F,2011,Abigail,178
UT,F,2011,Brooklyn,169
UT,F,2011,Elizabeth,161
UT,F,2011,Lucy,149
UT,F,2011,Avery,147
UT,F,2011,Chloe,146
UT,F,2012,Emma,270
UT,F,2012,Olivia,244
UT,F,2012,Sophia,209
UT,F,2012,Ava,174
UT,F,2012,Lily,174
UT,F,2012,Elizabeth,172
UT,F,2012,Abigail,165
UT,F,2012,Lucy,160
UT,F,2012,Brooklyn,159
UT,F,2012,Claire,136
UT,F,2013,Olivia,265
UT,F,2013,Emma,252
UT,F,2013,Abigail,178
UT,F,2013,Ava,169
UT,F,2013,Elizabeth,168
UT,F,2013,Sophia,168
UT,F,2013,Charlotte,166
UT,F,2013,Brooklyn,157
UT,F,2013,Lucy,155
UT,F,2013,Avery,144
UT,F,2014,Olivia,320
UT,F,2014,Emma,271
UT,F,2014,Lucy,173
UT,F,2014,Charlotte,171
UT,F,2014,Harper,154
UT,F,2014,Ruby,151
UT,F,2014,Ava,147
UT,F,2014,Evelyn,147
UT,F,2014,Lily,145
UT,F,2014,Abigail,143
UT,F,2015,Emma,285
UT,F,2015,Olivia,281
UT,F,2015,Charlotte,192
UT,F,2015,Evelyn,160
UT,F,2015,Harper,157
UT,F,2015,Ava,152
UT,F,2015,Hazel,152
UT,F,2015,Sophia,148
UT,F,2015,Amelia,145
UT,F,2015,Lucy,141
UT,F,2016,Olivia,284
UT,F,2016,Emma,271
UT,F,2016,Charlotte,196
UT,F,2016,Evelyn,184
UT,F,2016,Harper,181
UT,F,2016,Lucy,177
UT,F,2016,Amelia,170
UT,F,2016,Hazel,168
UT,F,2016,Ava,143
UT,F,2016,Claire,142
UT,F,2017,Olivia,248
UT,F,2017,Emma,233
UT,F,2017,Charlotte,212
UT,F,2017,Evelyn,191
UT,F,2017,Hazel,180
UT,F,2017,Lucy,172
UT,F,2017,Harper,165
UT,F,2017,Amelia,153
UT,F,2017,Ellie,140
UT,F,2017,Nora,140
UT,F,2018,Olivia,271
UT,F,2018,Charlotte,229
UT,F,2018,Emma,220
UT,F,2018,Evelyn,180
UT,F,2018,Lucy,180
UT,F,2018,Amelia,170
UT,F,2018,Harper,165
UT,F,2018,Ava,150
UT,F,2018,Lily,142
UT,F,2018,Sophia,131
UT,F,2019,Olivia,261
UT,F,2019,Emma,228
UT,F,2019,Charlotte,192
UT,F,2019,Lucy,172
UT,F,2019,Evelyn,165
UT,F,2019,Harper,157
UT,F,2019,Hazel,148
UT,F,2019,Amelia,146
UT,F,2019,Lily,133
UT,F,2019,Mia,127
UT,M,1920,Robert,223
UT,M,1920,William,191
UT,M,1920,John,179
UT,M,1920,James,139
UT,M,1920,George,132
UT,M,1920,Jack,110
UT,M,1920,Richard,88
UT,M,1920,Joseph,84
UT,M,1920,Charles,76
UT,M,1920,Donald,75
UT,M,1921,Robert,263
UT,M,1921,John,207
UT,M,1921,William,202
UT,M,1921,James,161
UT,M,1921,Jack,127
UT,M,1921,George,104
UT,M,1921,Richard,100
UT,M,1921,Joseph,93
UT,M,1921,Charles,92
UT,M,1921,Kenneth,87
UT,M,1922,Robert,242
UT,M,1922,John,181
UT,M,1922,William,178
UT,M,1922,George,122
UT,M,1922,James,115
UT,M,1922,Richard,104
UT,M,1922,Jack,92
UT,M,1922,Donald,90
UT,M,1922,Charles,78
UT,M,1922,Don,77
UT,M,1923,Robert,240
UT,M,1923,John,221
UT,M,1923,William,179
UT,M,1923,Jack,122
UT,M,1923,James,112
UT,M,1923,Richard,109
UT,M,1923,Kenneth,103
UT,M,1923,George,100
UT,M,1923,Donald,90
UT,M,1923,Keith,81
UT,M,1924,Robert,277
UT,M,1924,John,209
UT,M,1924,William,185
UT,M,1924,Richard,145
UT,M,1924,James,133
UT,M,1924,Jack,126
UT,M,1924,George,110
UT,M,1924,Kenneth,89
UT,M,1924,Charles,86
UT,M,1924,Donald,85
UT,M,1925,Robert,282
UT,M,1925,William,178
UT,M,1925,John,177
UT,M,1925,Richard,170
UT,M,1925,James,141
UT,M,1925,Jack,136
UT,M,1925,Donald,108
UT,M,1925,Kenneth,96
UT,M,1925,Charles,90
UT,M,1925,George,90
UT,M,1926,Robert,252
UT,M,1926,John,156
UT,M,1926,William,147
UT,M,1926,Richard,135
UT,M,1926,James,128
UT,M,1926,Donald,121
UT,M,1926,Jack,105
UT,M,1926,George,98
UT,M,1926,Kenneth,97
UT,M,1926,Don,95
UT,M,1927,Robert,252
UT,M,1927,Richard,166
UT,M,1927,John,158
UT,M,1927,William,148
UT,M,1927,James,122
UT,M,1927,Donald,111
UT,M,1927,Don,110
UT,M,1927,Jack,110
UT,M,1927,George,109
UT,M,1927,Kenneth,104
UT,M,1928,Robert,252
UT,M,1928,John,173
UT,M,1928,Richard,162
UT,M,1928,William,148
UT,M,1928,James,115
UT,M,1928,Jack,106
UT,M,1928,George,105
UT,M,1928,Kenneth,94
UT,M,1928,Donald,92
UT,M,1928,Don,77
UT,M,1929,Robert,258
UT,M,1929,Richard,162
UT,M,1929,William,157
UT,M,1929,John,152
UT,M,1929,Donald,117
UT,M,1929,James,111
UT,M,1929,Don,96
UT,M,1929,George,94
UT,M,1929,Kenneth,91
UT,M,1929,Jack,90
UT,M,1930,Robert,254
UT,M,1930,Richard,196
UT,M,1930,John,170
UT,M,1930,James,140
UT,M,1930,William,134
UT,M,1930,Donald,126
UT,M,1930,Jack,98
UT,M,1930,George,96
UT,M,1930,Don,93
UT,M,1930,Kenneth,92
UT,M,1931,Robert,215
UT,M,1931,Richard,191
UT,M,1931,John,172
UT,M,1931,James,139
UT,M,1931,William,138
UT,M,1931,George,108
UT,M,1931,Donald,107
UT,M,1931,Don,96
UT,M,1931,Kenneth,89
UT,M,1931,David,85
UT,M,1932,Robert,244
UT,M,1932,Richard,179
UT,M,1932,James,141
UT,M,1932,John,133
UT,M,1932,Ronald,130
UT,M,1932,William,109
UT,M,1932,Donald,97
UT,M,1932,Jack,91
UT,M,1932,Kenneth,86
UT,M,1932,Don,82
UT,M,1933,Robert,215
UT,M,1933,Richard,188
UT,M,1933,John,152
UT,M,1933,Ronald,133
UT,M,1933,William,124
UT,M,1933,James,122
UT,M,1933,Donald,101
UT,M,1933,Jack,85
UT,M,1933,George,83
UT,M,1933,David,81
UT,M,1934,Robert,217
UT,M,1934,Richard,177
UT,M,1934,John,151
UT,M,1934,Ronald,139
UT,M,1934,James,136
UT,M,1934,William,133
UT,M,1934,Gary,100
UT,M,1934,David,93
UT,M,1934,George,87
UT,M,1934,Donald,83
UT,M,1935,Robert,252
UT,M,1935,Richard,179
UT,M,1935,John,170
UT,M,1935,Gary,146
UT,M,1935,James,142
UT,M,1935,Ronald,137
UT,M,1935,David,131
UT,M,1935,William,115
UT,M,1935,Jerry,88
UT,M,1935,Larry,86
UT,M,1936,Robert,266
UT,M,1936,Richard,195
UT,M,1936,Gary,149
UT,M,1936,John,148
UT,M,1936,James,146
UT,M,1936,David,144
UT,M,1936,Ronald,135
UT,M,1936,Larry,105
UT,M,1936,Charles,84
UT,M,1936,George,83
UT,M,1937,Robert,278
UT,M,1937,Richard,203
UT,M,1937,James,173
UT,M,1937,John,162
UT,M,1937,Gary,156
UT,M,1937,David,153
UT,M,1937,Ronald,144
UT,M,1937,Larry,139
UT,M,1937,William,108
UT,M,1937,Jerry,96
UT,M,1938,Robert,273
UT,M,1938,Richard,207
UT,M,1938,John,193
UT,M,1938,David,189
UT,M,1938,James,181
UT,M,1938,Gary,168
UT,M,1938,Ronald,141
UT,M,1938,William,130
UT,M,1938,Larry,129
UT,M,1938,Jerry,87
UT,M,1939,Robert,227
UT,M,1939,John,213
UT,M,1939,Richard,197
UT,M,1939,David,181
UT,M,1939,James,175
UT,M,1939,Larry,163
UT,M,1939,Gary,145
UT,M,1939,Ronald,135
UT,M,1939,William,117
UT,M,1939,Kenneth,107
UT,M,1940,Richard,240
UT,M,1940,John,221
UT,M,1940,Robert,218
UT,M,1940,David,216
UT,M,1940,Gary,172
UT,M,1940,James,169
UT,M,1940,Larry,154
UT,M,1940,Ronald,122
UT,M,1940,William,122
UT,M,1940,Dennis,99
UT,M,1941,Robert,253
UT,M,1941,Richard,232
UT,M,1941,John,226
UT,M,1941,David,219
UT,M,1941,James,187
UT,M,1941,Gary,166
UT,M,1941,Larry,157
UT,M,1941,William,132
UT,M,1941,Ronald,130
UT,M,1941,Michael,128
UT,M,1942,David,303
UT,M,1942,Robert,299
UT,M,1942,Richard,283
UT,M,1942,John,226
UT,M,1942,James,222
UT,M,1942,William,186
UT,M,1942,Larry,177
UT,M,1942,Michael,172
UT,M,1942,Gary,170
UT,M,1942,Dennis,161
UT,M,1943,Robert,340
UT,M,1943,David,298
UT,M,1943,Richard,296
UT,M,1943,John,283
UT,M,1943,James,259
UT,M,1943,Larry,199
UT,M,1943,Dennis,191
UT,M,1943,Michael,190
UT,M,1943,William,168
UT,M,1943,Ronald,167
UT,M,1944,Robert,320
UT,M,1944,David,314
UT,M,1944,Richard,314
UT,M,1944,John,280
UT,M,1944,James,263
UT,M,1944,Michael,202
UT,M,1944,Gary,175
UT,M,1944,Dennis,168
UT,M,1944,William,165
UT,M,1944,Ronald,149
UT,M,1945,Robert,301
UT,M,1945,Richard,295
UT,M,1945,David,286
UT,M,1945,John,276
UT,M,1945,Michael,206
UT,M,1945,James,203
UT,M,1945,Dennis,187
UT,M,1945,William,163
UT,M,1945,Gary,154
UT,M,1945,Steven,154
UT,M,1946,Robert,341
UT,M,1946,David,334
UT,M,1946,Richard,333
UT,M,1946,John,306
UT,M,1946,James,262
UT,M,1946,Michael,262
UT,M,1946,Steven,189
UT,M,1946,Ronald,185
UT,M,1946,Dennis,171
UT,M,1946,Gary,169
UT,M,1947,David,430
UT,M,1947,Robert,413
UT,M,1947,Richard,363
UT,M,1947,John,352
UT,M,1947,Michael,314
UT,M,1947,James,293
UT,M,1947,Steven,255
UT,M,1947,Gary,222
UT,M,1947,Dennis,212
UT,M,1947,Larry,211
UT,M,1948,David,384
UT,M,1948,Robert,384
UT,M,1948,Michael,336
UT,M,1948,John,321
UT,M,1948,Richard,290
UT,M,1948,Steven,248
UT,M,1948,James,244
UT,M,1948,Larry,195
UT,M,1948,Dennis,188
UT,M,1948,Ronald,180
UT,M,1949,Robert,417
UT,M,1949,David,404
UT,M,1949,Michael,330
UT,M,1949,John,313
UT,M,1949,Steven,278
UT,M,1949,Richard,274
UT,M,1949,James,258
UT,M,1949,William,232
UT,M,1949,Ronald,187
UT,M,1949,Gary,179
UT,M,1950,David,421
UT,M,1950,Robert,408
UT,M,1950,Michael,381
UT,M,1950,John,316
UT,M,1950,Steven,292
UT,M,1950,Richard,290
UT,M,1950,James,279
UT,M,1950,Gary,209
UT,M,1950,William,203
UT,M,1950,Dennis,194
UT,M,1951,David,441
UT,M,1951,Michael,413
UT,M,1951,Robert,406
UT,M,1951,John,361
UT,M,1951,Richard,326
UT,M,1951,Steven,321
UT,M,1951,James,289
UT,M,1951,Gary,214
UT,M,1951,William,196
UT,M,1951,Mark,194
UT,M,1952,David,514
UT,M,1952,Michael,437
UT,M,1952,Robert,415
UT,M,1952,Steven,362
UT,M,1952,John,339
UT,M,1952,Richard,332
UT,M,1952,James,300
UT,M,1952,Gary,212
UT,M,1952,Scott,212
UT,M,1952,Randy,208
UT,M,1953,David,549
UT,M,1953,Michael,453
UT,M,1953,Robert,436
UT,M,1953,Richard,333
UT,M,1953,Steven,326
UT,M,1953,John,309
UT,M,1953,James,280
UT,M,1953,Gary,250
UT,M,1953,Mark,228
UT,M,1953,William,217
UT,M,1954,David,546
UT,M,1954,Michael,460
UT,M,1954,Robert,413
UT,M,1954,John,350
UT,M,1954,Steven,347
UT,M,1954,Richard,313
UT,M,1954,James,309
UT,M,1954,Mark,281
UT,M,1954,Scott,237
UT,M,1954,Kevin,235
UT,M,1955,David,559
UT,M,1955,Michael,436
UT,M,1955,Robert,418
UT,M,1955,Steven,354
UT,M,1955,Richard,328
UT,M,1955,John,324
UT,M,1955,Mark,287
UT,M,1955,James,280
UT,M,1955,Scott,247
UT,M,1955,Kevin,246
UT,M,1956,David,535
UT,M,1956,Michael,462
UT,M,1956,Mark,369
UT,M,1956,Robert,364
UT,M,1956,Steven,349
UT,M,1956,John,327
UT,M,1956,James,290
UT,M,1956,Richard,282
UT,M,1956,Kevin,280
UT,M,1956,Scott,274
UT,M,1957,David,571
UT,M,1957,Michael,468
UT,M,1957,Robert,361
UT,M,1957,Mark,343
UT,M,1957,Steven,330
UT,M,1957,John,316
UT,M,1957,Scott,272
UT,M,1957,Richard,261
UT,M,1957,James,258
UT,M,1957,Kevin,254
UT,M,1958,David,534
UT,M,1958,Michael,390
UT,M,1958,Mark,351
UT,M,1958,Robert,348
UT,M,1958,Scott,335
UT,M,1958,Steven,285
UT,M,1958,John,282
UT,M,1958,Richard,276
UT,M,1958,James,245
UT,M,1958,Kevin,208
UT,M,1959,David,509
UT,M,1959,Michael,349
UT,M,1959,Robert,347
UT,M,1959,Mark,340
UT,M,1959,John,333
UT,M,1959,Scott,286
UT,M,1959,Steven,265
UT,M,1959,James,256
UT,M,1959,Kevin,229
UT,M,1959,Richard,227
UT,M,1960,David,523
UT,M,1960,Michael,396
UT,M,1960,Mark,369
UT,M,1960,Robert,354
UT,M,1960,John,331
UT,M,1960,Scott,330
UT,M,1960,Steven,285
UT,M,1960,James,263
UT,M,1960,Richard,250
UT,M,1960,Kevin,228
UT,M,1961,David,566
UT,M,1961,Michael,446
UT,M,1961,Mark,383
UT,M,1961,Robert,355
UT,M,1961,John,302
UT,M,1961,Scott,294
UT,M,1961,Steven,275
UT,M,1961,Richard,218
UT,M,1961,James,201
UT,M,1961,Kevin,200
UT,M,1962,David,559
UT,M,1962,Michael,442
UT,M,1962,Mark,382
UT,M,1962,Robert,363
UT,M,1962,Scott,334
UT,M,1962,John,313
UT,M,1962,Richard,274
UT,M,1962,Steven,253
UT,M,1962,James,239
UT,M,1962,Todd,219
UT,M,1963,David,480
UT,M,1963,Michael,394
UT,M,1963,John,350
UT,M,1963,Robert,335
UT,M,1963,Mark,302
UT,M,1963,Scott,297
UT,M,1963,Steven,237
UT,M,1963,Richard,230
UT,M,1963,James,221
UT,M,1963,Kevin,204
UT,M,1964,David,469
UT,M,1964,Michael,448
UT,M,1964,John,333
UT,M,1964,Robert,328
UT,M,1964,James,290
UT,M,1964,Mark,276
UT,M,1964,Scott,272
UT,M,1964,Richard,242
UT,M,1964,Steven,236
UT,M,1964,Troy,180
UT,M,1965,David,470
UT,M,1965,Michael,417
UT,M,1965,Robert,326
UT,M,1965,John,312
UT,M,1965,Richard,236
UT,M,1965,Scott,234
UT,M,1965,Mark,232
UT,M,1965,Steven,231
UT,M,1965,James,222
UT,M,1965,Todd,175
UT,M,1966,David,469
UT,M,1966,Michael,454
UT,M,1966,John,330
UT,M,1966,Robert,319
UT,M,1966,James,244
UT,M,1966,Steven,239
UT,M,1966,Scott,231
UT,M,1966,Richard,227
UT,M,1966,Mark,208
UT,M,1966,Jeffrey,181
UT,M,1967,Michael,515
UT,M,1967,David,481
UT,M,1967,John,291
UT,M,1967,Robert,281
UT,M,1967,Richard,235
UT,M,1967,James,225
UT,M,1967,Steven,223
UT,M,1967,Mark,214
UT,M,1967,Scott,213
UT,M,1967,Troy,200
UT,M,1968,Michael,514
UT,M,1968,David,434
UT,M,1968,Robert,342
UT,M,1968,John,288
UT,M,1968,Mark,243
UT,M,1968,Steven,228
UT,M,1968,Scott,226
UT,M,1968,James,219
UT,M,1968,Richard,216
UT,M,1968,Troy,186
UT,M,1969,Michael,530
UT,M,1969,David,474
UT,M,1969,Robert,324
UT,M,1969,John,291
UT,M,1969,Jason,274
UT,M,1969,Steven,257
UT,M,1969,James,239
UT,M,1969,Scott,220
UT,M,1969,Richard,219
UT,M,1969,Brian,192
UT,M,1970,David,542
UT,M,1970,Michael,523
UT,M,1970,Jason,448
UT,M,1970,Robert,338
UT,M,1970,James,286
UT,M,1970,John,268
UT,M,1970,Steven,240
UT,M,1970,Christopher,223
UT,M,1970,Richard,220
UT,M,1970,Mark,218
UT,M,1971,Michael,568
UT,M,1971,Jason,540
UT,M,1971,David,451
UT,M,1971,Robert,340
UT,M,1971,John,301
UT,M,1971,Christopher,266
UT,M,1971,Matthew,261
UT,M,1971,James,250
UT,M,1971,Ryan,237
UT,M,1971,Steven,213
UT,M,1972,Michael,515
UT,M,1972,Jason,448
UT,M,1972,David,436
UT,M,1972,Ryan,323
UT,M,1972,Robert,284
UT,M,1972,John,274
UT,M,1972,Christopher,270
UT,M,1972,Matthew,251
UT,M,1972,James,243
UT,M,1972,Brian,227
UT,M,1973,Jason,489
UT,M,1973,Michael,450
UT,M,1973,David,392
UT,M,1973,Ryan,364
UT,M,1973,Christopher,294
UT,M,1973,Robert,283
UT,M,1973,Matthew,281
UT,M,1973,John,279
UT,M,1973,James,275
UT,M,1973,Brandon,252
UT,M,1974,Michael,525
UT,M,1974,Jason,516
UT,M,1974,David,440
UT,M,1974,Ryan,407
UT,M,1974,Matthew,330
UT,M,1974,Christopher,320
UT,M,1974,Robert,295
UT,M,1974,Brian,277
UT,M,1974,Justin,265
UT,M,1974,John,259
UT,M,1975,Michael,527
UT,M,1975,Jason,469
UT,M,1975,Ryan,442
UT,M,1975,David,438
UT,M,1975,Matthew,397
UT,M,1975,Christopher,299
UT,M,1975,Robert,293
UT,M,1975,Brandon,286
UT,M,1975,Justin,284
UT,M,1975,John,276
UT,M,1976,Michael,622
UT,M,1976,Jason,479
UT,M,1976,Ryan,475
UT,M,1976,David,467
UT,M,1976,Matthew,430
UT,M,1976,Jeremy,321
UT,M,1976,Brandon,317
UT,M,1976,Christopher,316
UT,M,1976,James,308
UT,M,1976,Jared,308
UT,M,1977,Michael,616
UT,M,1977,Ryan,489
UT,M,1977,Jason,487
UT,M,1977,David,470
UT,M,1977,Matthew,457
UT,M,1977,Joshua,368
UT,M,1977,Jeremy,366
UT,M,1977,Christopher,364
UT,M,1977,Robert,353
UT,M,1977,Nathan,322
UT,M,1978,Michael,655
UT,M,1978,David,521
UT,M,1978,Jason,509
UT,M,1978,Ryan,458
UT,M,1978,Matthew,430
UT,M,1978,Christopher,415
UT,M,1978,Joshua,399
UT,M,1978,Daniel,349
UT,M,1978,James,319
UT,M,1978,Jeremy,318
UT,M,1979,Michael,651
UT,M,1979,David,536
UT,M,1979,Joshua,500
UT,M,1979,Christopher,464
UT,M,1979,Matthew,454
UT,M,1979,Ryan,452
UT,M,1979,Jason,438
UT,M,1979,Justin,347
UT,M,1979,Daniel,344
UT,M,1979,Nathan,336
UT,M,1980,Michael,658
UT,M,1980,Joshua,508
UT,M,1980,David,457
UT,M,1980,Matthew,451
UT,M,1980,Jason,450
UT,M,1980,Christopher,419
UT,M,1980,Ryan,413
UT,M,1980,Justin,365
UT,M,1980,Brandon,351
UT,M,1980,Daniel,344
UT,M,1981,Michael,651
UT,M,1981,Joshua,538
UT,M,1981,David,474
UT,M,1981,Christopher,472
UT,M,1981,Matthew,444
UT,M,1981,Ryan,429
UT,M,1981,Daniel,390
UT,M,1981,Jason,380
UT,M,1981,Brandon,352
UT,M,1981,Robert,348
UT,M,1982,Michael,617
UT,M,1982,Christopher,538
UT,M,1982,Joshua,481
UT,M,1982,Matthew,471
UT,M,1982,David,430
UT,M,1982,Ryan,399
UT,M,1982,Daniel,386
UT,M,1982,Jason,377
UT,M,1982,Brandon,355
UT,M,1982,Justin,327
UT,M,1983,Michael,623
UT,M,1983,Christopher,534
UT,M,1983,Matthew,462
UT,M,1983,David,434
UT,M,1983,Joshua,406
UT,M,1983,Daniel,382
UT,M,1983,Ryan,381
UT,M,1983,Brandon,340
UT,M,1983,Tyler,332
UT,M,1983,Adam,306
UT,M,1984,Michael,597
UT,M,1984,Matthew,468
UT,M,1984,Christopher,461
UT,M,1984,Joshua,446
UT,M,1984,David,381
UT,M,1984,Daniel,367
UT,M,1984,Ryan,336
UT,M,1984,Brandon,319
UT,M,1984,Tyler,313
UT,M,1984,James,301
UT,M,1985,Michael,533
UT,M,1985,Christopher,462
UT,M,1985,Joshua,441
UT,M,1985,Matthew,404
UT,M,1985,Daniel,359
UT,M,1985,Tyler,346
UT,M,1985,David,338
UT,M,1985,Ryan,319
UT,M,1985,Andrew,283
UT,M,1985,Jason,277
UT,M,1986,Michael,555
UT,M,1986,Christopher,435
UT,M,1986,Matthew,379
UT,M,1986,Joshua,368
UT,M,1986,David,365
UT,M,1986,Ryan,335
UT,M,1986,Tyler,331
UT,M,1986,Andrew,327
UT,M,1986,Daniel,313
UT,M,1986,Jason,265
UT,M,1987,Michael,480
UT,M,1987,Matthew,391
UT,M,1987,Joshua,353
UT,M,1987,Christopher,349
UT,M,1987,Andrew,338
UT,M,1987,Tyler,314
UT,M,1987,Daniel,299
UT,M,1987,Ryan,295
UT,M,1987,David,287
UT,M,1987,Justin,272
UT,M,1988,Michael,433
UT,M,1988,Joshua,378
UT,M,1988,Matthew,351
UT,M,1988,Andrew,341
UT,M,1988,Christopher,339
UT,M,1988,Tyler,309
UT,M,1988,David,297
UT,M,1988,Justin,275
UT,M,1988,Jacob,274
UT,M,1988,Daniel,268
UT,M,1989,Michael,482
UT,M,1989,Joshua,417
UT,M,1989,Christopher,353
UT,M,1989,Tyler,331
UT,M,1989,Andrew,314
UT,M,1989,Matthew,311
UT,M,1989,Justin,275
UT,M,1989,Jordan,265
UT,M,1989,David,262
UT,M,1989,Daniel,259
UT,M,1990,Michael,455
UT,M,1990,Joshua,416
UT,M,1990,Tyler,338
UT,M,1990,Matthew,330
UT,M,1990,Jordan,314
UT,M,1990,Christopher,310
UT,M,1990,David,279
UT,M,1990,Jacob,275
UT,M,1990,Andrew,263
UT,M,1990,Zachary,253
UT,M,1991,Michael,437
UT,M,1991,Joshua,411
UT,M,1991,Tyler,391
UT,M,1991,Jacob,332
UT,M,1991,Jordan,323
UT,M,1991,Matthew,312
UT,M,1991,Christopher,298
UT,M,1991,Andrew,275
UT,M,1991,Ryan,255
UT,M,1991,Taylor,252
UT,M,1992,Joshua,397
UT,M,1992,Michael,393
UT,M,1992,Tyler,374
UT,M,1992,Jacob,342
UT,M,1992,Jordan,318
UT,M,1992,Matthew,312
UT,M,1992,Zachary,281
UT,M,1992,Taylor,265
UT,M,1992,Andrew,258
UT,M,1992,Austin,258
UT,M,1993,Tyler,390
UT,M,1993,Austin,375
UT,M,1993,Joshua,364
UT,M,1993,Michael,360
UT,M,1993,Jacob,348
UT,M,1993,Zachary,300
UT,M,1993,Jordan,282
UT,M,1993,Christopher,274
UT,M,1993,Matthew,263
UT,M,1993,Taylor,243
UT,M,1994,Austin,404
UT,M,1994,Joshua,381
UT,M,1994,Jacob,372
UT,M,1994,Tyler,364
UT,M,1994,Zachary,300
UT,M,1994,Michael,293
UT,M,1994,Jordan,257
UT,M,1994,Matthew,243
UT,M,1994,Nathan,236
UT,M,1994,Christopher,234
UT,M,1995,Austin,397
UT,M,1995,Jacob,393
UT,M,1995,Joshua,372
UT,M,1995,Tyler,337
UT,M,1995,Michael,297
UT,M,1995,Zachary,261
UT,M,1995,Nathan,249
UT,M,1995,Matthew,241
UT,M,1995,Andrew,234
UT,M,1995,Ryan,223
UT,M,1996,Jacob,442
UT,M,1996,Austin,407
UT,M,1996,Joshua,383
UT,M,1996,Tyler,339
UT,M,1996,Michael,299
UT,M,1996,Zachary,294
UT,M,1996,Matthew,271
UT,M,1996,Andrew,259
UT,M,1996,Nathan,255
UT,M,1996,Jordan,241
UT,M,1997,Jacob,470
UT,M,1997,Joshua,353
UT,M,1997,Tyler,351
UT,M,1997,Austin,340
UT,M,1997,Michael,299
UT,M,1997,Zachary,286
UT,M,1997,Matthew,251
UT,M,1997,Andrew,243
UT,M,1997,Nathan,234
UT,M,1997,Jordan,218
UT,M,1998,Jacob,461
UT,M,1998,Joshua,417
UT,M,1998,Tyler,350
UT,M,1998,Austin,333
UT,M,1998,Michael,286
UT,M,1998,Matthew,281
UT,M,1998,Nathan,278
UT,M,1998,Andrew,274
UT,M,1998,Zachary,258
UT,M,1998,Jordan,226
UT,M,1999,Jacob,453
UT,M,1999,Joshua,358
UT,M,1999,Tyler,293
UT,M,1999,Zachary,286
UT,M,1999,Michael,280
UT,M,1999,Matthew,268
UT,M,1999,Nathan,264
UT,M,1999,Benjamin,244
UT,M,1999,Hunter,243
UT,M,1999,Samuel,238
UT,M,2000,Jacob,440
UT,M,2000,Joshua,346
UT,M,2000,Ethan,333
UT,M,2000,Tyler,277
UT,M,2000,Zachary,277
UT,M,2000,Matthew,251
UT,M,2000,Michael,251
UT,M,2000,Andrew,247
UT,M,2000,Nathan,238
UT,M,2000,Hunter,234
UT,M,2001,Jacob,425
UT,M,2001,Ethan,373
UT,M,2001,Joshua,347
UT,M,2001,Tyler,262
UT,M,2001,Michael,250
UT,M,2001,Andrew,237
UT,M,2001,Samuel,236
UT,M,2001,Zachary,231
UT,M,2001,Matthew,226
UT,M,2001,Dylan,225
UT,M,2002,Jacob,400
UT,M,2002,Ethan,378
UT,M,2002,Joshua,360
UT,M,2002,Samuel,256
UT,M,2002,Tyler,245
UT,M,2002,Benjamin,237
UT,M,2002,Andrew,230
UT,M,2002,Zachary,227
UT,M,2002,Isaac,224
UT,M,2002,Nathan,224
UT,M,2003,Ethan,406
UT,M,2003,Jacob,355
UT,M,2003,Joshua,320
UT,M,2003,Samuel,282
UT,M,2003,Tyler,264
UT,M,2003,Isaac,258
UT,M,2003,Benjamin,240
UT,M,2003,Andrew,231
UT,M,2003,Zachary,213
UT,M,2003,Nathan,207
UT,M,2004,Ethan,413
UT,M,2004,Jacob,354
UT,M,2004,Joshua,306
UT,M,2004,Samuel,293
UT,M,2004,William,250
UT,M,2004,Andrew,248
UT,M,2004,Isaac,246
UT,M,2004,Tyler,232
UT,M,2004,Benjamin,223
UT,M,2004,Nathan,221
UT,M,2005,Jacob,323
UT,M,2005,Ethan,319
UT,M,2005,Joshua,293
UT,M,2005,Samuel,273
UT,M,2005,Andrew,252
UT,M,2005,Tyler,239
UT,M,2005,William,232
UT,M,2005,Joseph,225
UT,M,2005,Isaac,218
UT,M,2005,Alexander,209
UT,M,2006,Ethan,352
UT,M,2006,Joshua,336
UT,M,2006,Jacob,319
UT,M,2006,Samuel,286
UT,M,2006,Benjamin,254
UT,M,2006,Jackson,247
UT,M,2006,Isaac,241
UT,M,2006,William,241
UT,M,2006,Mason,234
UT,M,2006,Logan,224
UT,M,2007,Ethan,349
UT,M,2007,Jacob,285
UT,M,2007,Benjamin,256
UT,M,2007,Joshua,256
UT,M,2007,Samuel,251
UT,M,2007,William,249
UT,M,2007,Isaac,244
UT,M,2007,Mason,243
UT,M,2007,James,229
UT,M,2007,Andrew,219
UT,M,2008,Ethan,306
UT,M,2008,Samuel,270
UT,M,2008,Jacob,267
UT,M,2008,William,267
UT,M,2008,Benjamin,232
UT,M,2008,Joshua,221
UT,M,2008,Alexander,217
UT,M,2008,Daniel,205
UT,M,2008,Jackson,204
UT,M,2008,Andrew,203
UT,M,2009,Ethan,288
UT,M,2009,William,288
UT,M,2009,Jacob,246
UT,M,2009,Isaac,231
UT,M,2009,Mason,212
UT,M,2009,James,209
UT,M,2009,Benjamin,207
UT,M,2009,Samuel,207
UT,M,2009,Joshua,202
UT,M,2009,Logan,193
UT,M,2010,William,264
UT,M,2010,Mason,243
UT,M,2010,Jacob,236
UT,M,2010,Ethan,235
UT,M,2010,James,231
UT,M,2010,Samuel,227
UT,M,2010,Isaac,216
UT,M,2010,Logan,200
UT,M,2010,Jack,195
UT,M,2010,Benjamin,190
UT,M,2011,Mason,274
UT,M,2011,William,268
UT,M,2011,James,229
UT,M,2011,Jacob,222
UT,M,2011,Samuel,207
UT,M,2011,Ethan,200
UT,M,2011,Jackson,200
UT,M,2011,Liam,195
UT,M,2011,Benjamin,193
UT,M,2011,Isaac,189
UT,M,2012,William,281
UT,M,2012,Liam,264
UT,M,2012,Mason,228
UT,M,2012,Ethan,217
UT,M,2012,Jacob,217
UT,M,2012,Samuel,206
UT,M,2012,Jackson,193
UT,M,2012,James,188
UT,M,2012,Luke,178
UT,M,2012,Jack,174
UT,M,2013,William,277
UT,M,2013,Liam,254
UT,M,2013,James,244
UT,M,2013,Jacob,214
UT,M,2013,Samuel,210
UT,M,2013,Mason,203
UT,M,2013,Henry,202
UT,M,2013,Isaac,187
UT,M,2013,Lincoln,186
UT,M,2013,Noah,180
UT,M,2014,William,285
UT,M,2014,Liam,258
UT,M,2014,James,226
UT,M,2014,Oliver,224
UT,M,2014,Lincoln,209
UT,M,2014,Luke,200
UT,M,2014,Samuel,200
UT,M,2014,Jack,197
UT,M,2014,Ethan,193
UT,M,2014,Mason,180
UT,M,2015,William,314
UT,M,2015,Oliver,282
UT,M,2015,James,231
UT,M,2015,Liam,223
UT,M,2015,Lincoln,218
UT,M,2015,Henry,205
UT,M,2015,Mason,192
UT,M,2015,Jack,189
UT,M,2015,Owen,171
UT,M,2015,Benjamin,169
UT,M,2016,Oliver,314
UT,M,2016,William,273
UT,M,2016,Liam,254
UT,M,2016,James,233
UT,M,2016,Henry,203
UT,M,2016,Lincoln,199
UT,M,2016,Benjamin,191
UT,M,2016,Owen,186
UT,M,2016,Samuel,177
UT,M,2016,Jack,175
UT,M,2017,Oliver,300
UT,M,2017,Liam,267
UT,M,2017,James,249
UT,M,2017,William,249
UT,M,2017,Benjamin,208
UT,M,2017,Lincoln,201
UT,M,2017,Henry,196
UT,M,2017,Owen,189
UT,M,2017,Jack,184
UT,M,2017,Logan,179
UT,M,2018,Oliver,298
UT,M,2018,William,271
UT,M,2018,Liam,232
UT,M,2018,James,224
UT,M,2018,Henry,207
UT,M,2018,Jack,204
UT,M,2018,Owen,191
UT,M,2018,Benjamin,188
UT,M,2018,Noah,160
UT,M,2018,Jackson,159
UT,M,2019,Oliver,281
UT,M,2019,Liam,264
UT,M,2019,William,253
UT,M,2019,Henry,228
UT,M,2019,Jack,193
UT,M,2019,James,192
UT,M,2019,Owen,186
UT,M,2019,Lincoln,185
UT,M,2019,Benjamin,168
UT,M,2019,Noah,164
