VT,F,1920,Mary,132
VT,F,1920,Dorothy,94
VT,F,1920,Ruth,90
VT,F,1920,Elizabeth,71
VT,F,1920,Helen,71
VT,F,1920,Margaret,70
VT,F,1920,Barbara,68
VT,F,1920,Marion,58
VT,F,1920,Mildred,55
VT,F,1920,Doris,48
VT,F,1921,Mary,154
VT,F,1921,Ruth,92
VT,F,1921,Helen,83
VT,F,1921,Barbara,82
VT,F,1921,Dorothy,82
VT,F,1921,Margaret,78
VT,F,1921,Marjorie,73
VT,F,1921,Elizabeth,72
VT,F,1921,Marion,69
VT,F,1921,Doris,51
VT,F,1922,Mary,129
VT,F,1922,Dorothy,92
VT,F,1922,Helen,89
VT,F,1922,Margaret,80
VT,F,1922,Barbara,70
VT,F,1922,Ruth,68
VT,F,1922,Elizabeth,65
VT,F,1922,Marion,59
VT,F,1922,Shirley,53
VT,F,1922,Doris,52
VT,F,1923,Mary,119
VT,F,1923,Barbara,81
VT,F,1923,Dorothy,78
VT,F,1923,Ruth,78
VT,F,1923,Marion,70
VT,F,1923,Helen,69
VT,F,1923,Margaret,63
VT,F,1923,Shirley,57
VT,F,1923,Elizabeth,56
VT,F,1923,Alice,43
VT,F,1924,Mary,124
VT,F,1924,Dorothy,92
VT,F,1924,Barbara,80
VT,F,1924,Ruth,78
VT,F,1924,Helen,67
VT,F,1924,Margaret,64
VT,F,1924,Shirley,64
VT,F,1924,Elizabeth,55
VT,F,1924,Pauline,54
VT,F,1924,Marjorie,52
VT,F,1925,Mary,141
VT,F,1925,Barbara,83
VT,F,1925,Dorothy,73
VT,F,1925,Helen,71
VT,F,1925,Elizabeth,67
VT,F,1925,Ruth,59
VT,F,1925,Marion,55
VT,F,1925,Doris,53
VT,F,1925,Shirley,53
VT,F,1925,Margaret,50
VT,F,1926,Mary,113
VT,F,1926,Dorothy,81
VT,F,1926,Barbara,74
VT,F,1926,Helen,63
VT,F,1926,Ruth,63
VT,F,1926,Margaret,62
VT,F,1926,Shirley,59
VT,F,1926,Pauline,55
VT,F,1926,Elizabeth,53
VT,F,1926,Marion,51
VT,F,1927,Mary,115
VT,F,1927,Dorothy,87
VT,F,1927,Barbara,75
VT,F,1927,Ruth,67
VT,F,1927,Helen,64
VT,F,1927,Shirley,58
VT,F,1927,Pauline,57
VT,F,1927,Theresa,57
VT,F,1927,Margaret,52
VT,F,1927,Joyce,51
VT,F,1928,Mary,123
VT,F,1928,Barbara,112
VT,F,1928,Theresa,66
VT,F,1928,Dorothy,65
VT,F,1928,Betty,62
VT,F,1928,Beverly,62
VT,F,1928,Shirley,62
VT,F,1928,Patricia,58
VT,F,1928,Elizabeth,56
VT,F,1928,Ruth,56
VT,F,1929,Mary,141
VT,F,1929,Barbara,113
VT,F,1929,Dorothy,72
VT,F,1929,Shirley,62
VT,F,1929,Betty,61
VT,F,1929,Helen,55
VT,F,1929,Pauline,55
VT,F,1929,Jean,54
VT,F,1929,Theresa,54
VT,F,1929,Patricia,51
VT,F,1930,Mary,126
VT,F,1930,Barbara,90
VT,F,1930,Shirley,78
VT,F,1930,Dorothy,68
VT,F,1930,Betty,66
VT,F,1930,Joyce,63
VT,F,1930,Patricia,63
VT,F,1930,Beverly,56
VT,F,1930,Jean,51
VT,F,1930,Ruth,49
VT,F,1931,Mary,114
VT,F,1931,Barbara,97
VT,F,1931,Betty,83
VT,F,1931,Patricia,77
VT,F,1931,Joyce,71
VT,F,1931,Shirley,69
VT,F,1931,Elizabeth,68
VT,F,1931,Beverly,53
VT,F,1931,Ruth,52
VT,F,1931,Theresa,52
VT,F,1932,Mary,127
VT,F,1932,Barbara,89
VT,F,1932,Joyce,70
VT,F,1932,Patricia,67
VT,F,1932,Betty,64
VT,F,1932,Shirley,60
VT,F,1932,Beverly,58
VT,F,1932,Pauline,56
VT,F,1932,Dorothy,55
VT,F,1932,Elizabeth,47
VT,F,1933,Mary,117
VT,F,1933,Barbara,92
VT,F,1933,Patricia,77
VT,F,1933,Joyce,74
VT,F,1933,Shirley,64
VT,F,1933,Betty,61
VT,F,1933,Dorothy,55
VT,F,1933,Joan,54
VT,F,1933,Elizabeth,50
VT,F,1933,Beverly,47
VT,F,1934,Mary,114
VT,F,1934,Barbara,105
VT,F,1934,Patricia,74
VT,F,1934,Shirley,72
VT,F,1934,Beverly,71
VT,F,1934,Betty,69
VT,F,1934,Joyce,61
VT,F,1934,Janet,55
VT,F,1934,Joan,53
VT,F,1934,Margaret,53
VT,F,1935,Shirley,133
VT,F,1935,Patricia,101
VT,F,1935,Mary,99
VT,F,1935,Barbara,92
VT,F,1935,Beverly,74
VT,F,1935,Joyce,67
VT,F,1935,Joan,66
VT,F,1935,Nancy,60
VT,F,1935,Betty,54
VT,F,1935,Elizabeth,53
VT,F,1936,Shirley,144
VT,F,1936,Mary,112
VT,F,1936,Barbara,91
VT,F,1936,Patricia,77
VT,F,1936,Joan,72
VT,F,1936,Beverly,63
VT,F,1936,Betty,62
VT,F,1936,Joyce,61
VT,F,1936,Nancy,60
VT,F,1936,Elizabeth,50
VT,F,1937,Mary,104
VT,F,1937,Patricia,103
VT,F,1937,Shirley,91
VT,F,1937,Barbara,83
VT,F,1937,Beverly,83
VT,F,1937,Nancy,66
VT,F,1937,Joan,60
VT,F,1937,Jean,44
VT,F,1937,Joyce,44
VT,F,1937,Betty,42
VT,F,1938,Mary,105
VT,F,1938,Shirley,88
VT,F,1938,Patricia,84
VT,F,1938,Barbara,83
VT,F,1938,Nancy,83
VT,F,1938,Betty,68
VT,F,1938,Joan,56
VT,F,1938,Joyce,53
VT,F,1938,Beverly,51
VT,F,1938,Sandra,49
VT,F,1939,Mary,106
VT,F,1939,Patricia,99
VT,F,1939,Barbara,98
VT,F,1939,Nancy,76
VT,F,1939,Sandra,75
VT,F,1939,Beverly,61
VT,F,1939,Carol,61
VT,F,1939,Joan,61
VT,F,1939,Betty,56
VT,F,1939,Shirley,51
VT,F,1940,Mary,123
VT,F,1940,Patricia,114
VT,F,1940,Barbara,107
VT,F,1940,Sandra,85
VT,F,1940,Shirley,80
VT,F,1940,Nancy,74
VT,F,1940,Judith,70
VT,F,1940,Joyce,63
VT,F,1940,Carol,56
VT,F,1940,Elizabeth,51
VT,F,1941,Patricia,133
VT,F,1941,Mary,111
VT,F,1941,Barbara,107
VT,F,1941,Sandra,97
VT,F,1941,Nancy,83
VT,F,1941,Betty,60
VT,F,1941,Linda,60
VT,F,1941,Carol,56
VT,F,1941,Judith,56
VT,F,1941,Shirley,51
VT,F,1942,Mary,128
VT,F,1942,Sandra,113
VT,F,1942,Patricia,109
VT,F,1942,Nancy,84
VT,F,1942,Linda,82
VT,F,1942,Judith,74
VT,F,1942,Barbara,69
VT,F,1942,Carol,69
VT,F,1942,Joan,65
VT,F,1942,Donna,45
VT,F,1943,Mary,121
VT,F,1943,Patricia,109
VT,F,1943,Sandra,108
VT,F,1943,Linda,102
VT,F,1943,Barbara,90
VT,F,1943,Nancy,87
VT,F,1943,Carol,70
VT,F,1943,Judith,57
VT,F,1943,Donna,50
VT,F,1943,Shirley,50
VT,F,1944,Linda,123
VT,F,1944,Mary,118
VT,F,1944,Patricia,113
VT,F,1944,Nancy,95
VT,F,1944,Sandra,90
VT,F,1944,Carol,83
VT,F,1944,Barbara,72
VT,F,1944,Judith,71
VT,F,1944,Donna,60
VT,F,1944,Susan,54
VT,F,1945,Linda,129
VT,F,1945,Mary,120
VT,F,1945,Carol,97
VT,F,1945,Patricia,83
VT,F,1945,Nancy,74
VT,F,1945,Sandra,72
VT,F,1945,Judith,70
VT,F,1945,Barbara,69
VT,F,1945,Donna,61
VT,F,1945,Susan,58
VT,F,1946,Patricia,158
VT,F,1946,Linda,147
VT,F,1946,Mary,132
VT,F,1946,Sandra,119
VT,F,1946,Nancy,100
VT,F,1946,Donna,93
VT,F,1946,Susan,91
VT,F,1946,Carol,89
VT,F,1946,Barbara,81
VT,F,1946,Judith,80
VT,F,1947,Linda,325
VT,F,1947,Mary,183
VT,F,1947,Patricia,148
VT,F,1947,Susan,128
VT,F,1947,Sandra,111
VT,F,1947,Nancy,106
VT,F,1947,Barbara,103
VT,F,1947,Donna,102
VT,F,1947,Carol,75
VT,F,1947,Judith,75
VT,F,1948,Linda,276
VT,F,1948,Mary,146
VT,F,1948,Susan,134
VT,F,1948,Sandra,119
VT,F,1948,Patricia,116
VT,F,1948,Nancy,99
VT,F,1948,Barbara,95
VT,F,1948,Donna,83
VT,F,1948,Carol,81
VT,F,1948,Diane,64
VT,F,1949,Linda,262
VT,F,1949,Mary,173
VT,F,1949,Susan,156
VT,F,1949,Patricia,117
VT,F,1949,Nancy,95
VT,F,1949,Diane,85
VT,F,1949,Barbara,83
VT,F,1949,Sandra,81
VT,F,1949,Donna,79
VT,F,1949,Carol,78
VT,F,1950,Linda,237
VT,F,1950,Mary,155
VT,F,1950,Susan,142
VT,F,1950,Patricia,110
VT,F,1950,Carol,91
VT,F,1950,Nancy,88
VT,F,1950,Sandra,86
VT,F,1950,Barbara,84
VT,F,1950,Donna,83
VT,F,1950,Diane,80
VT,F,1951,Linda,194
VT,F,1951,Mary,148
VT,F,1951,Patricia,127
VT,F,1951,Susan,125
VT,F,1951,Deborah,116
VT,F,1951,Donna,89
VT,F,1951,Nancy,78
VT,F,1951,Kathleen,75
VT,F,1951,Sandra,75
VT,F,1951,Diane,70
VT,F,1952,Linda,183
VT,F,1952,Mary,154
VT,F,1952,Susan,148
VT,F,1952,Patricia,119
VT,F,1952,Deborah,117
VT,F,1952,Donna,89
VT,F,1952,Nancy,84
VT,F,1952,Carol,76
VT,F,1952,Diane,73
VT,F,1952,Barbara,68
VT,F,1953,Mary,174
VT,F,1953,Linda,172
VT,F,1953,Susan,154
VT,F,1953,Deborah,101
VT,F,1953,Patricia,101
VT,F,1953,Nancy,94
VT,F,1953,Debra,92
VT,F,1953,Donna,77
VT,F,1953,Barbara,75
VT,F,1953,Pamela,74
VT,F,1954,Mary,186
VT,F,1954,Susan,156
VT,F,1954,Deborah,138
VT,F,1954,Linda,126
VT,F,1954,Patricia,101
VT,F,1954,Donna,81
VT,F,1954,Nancy,78
VT,F,1954,Debra,74
VT,F,1954,Karen,66
VT,F,1954,Pamela,66
VT,F,1955,Susan,170
VT,F,1955,Mary,144
VT,F,1955,Deborah,134
VT,F,1955,Debra,127
VT,F,1955,Linda,123
VT,F,1955,Patricia,95
VT,F,1955,Nancy,93
VT,F,1955,Donna,78
VT,F,1955,Diane,77
VT,F,1955,Carol,65
VT,F,1956,Susan,139
VT,F,1956,Mary,123
VT,F,1956,Deborah,116
VT,F,1956,Debra,103
VT,F,1956,Linda,96
VT,F,1956,Nancy,93
VT,F,1956,Diane,86
VT,F,1956,Donna,83
VT,F,1956,Patricia,77
VT,F,1956,Kathleen,70
VT,F,1957,Mary,156
VT,F,1957,Susan,150
VT,F,1957,Deborah,119
VT,F,1957,Debra,91
VT,F,1957,Karen,85
VT,F,1957,Linda,85
VT,F,1957,Cynthia,84
VT,F,1957,Patricia,70
VT,F,1957,Nancy,67
VT,F,1957,Diane,64
VT,F,1958,Susan,127
VT,F,1958,Mary,117
VT,F,1958,Deborah,91
VT,F,1958,Patricia,76
VT,F,1958,Cynthia,75
VT,F,1958,Diane,72
VT,F,1958,Debra,70
VT,F,1958,Karen,66
VT,F,1958,Linda,66
VT,F,1958,Nancy,63
VT,F,1959,Susan,131
VT,F,1959,Mary,126
VT,F,1959,Deborah,89
VT,F,1959,Donna,87
VT,F,1959,Karen,87
VT,F,1959,Linda,80
VT,F,1959,Patricia,78
VT,F,1959,Diane,68
VT,F,1959,Debra,63
VT,F,1959,Nancy,58
VT,F,1960,Susan,131
VT,F,1960,Mary,102
VT,F,1960,Donna,90
VT,F,1960,Karen,88
VT,F,1960,Linda,87
VT,F,1960,Lisa,81
VT,F,1960,Laurie,76
VT,F,1960,Debra,68
VT,F,1960,Deborah,62
VT,F,1960,Patricia,62
VT,F,1961,Lisa,111
VT,F,1961,Laurie,103
VT,F,1961,Mary,97
VT,F,1961,Susan,94
VT,F,1961,Lori,90
VT,F,1961,Linda,73
VT,F,1961,Karen,71
VT,F,1961,Donna,64
VT,F,1961,Deborah,63
VT,F,1961,Brenda,61
VT,F,1962,Lisa,128
VT,F,1962,Laurie,90
VT,F,1962,Susan,88
VT,F,1962,Lori,81
VT,F,1962,Mary,81
VT,F,1962,Donna,70
VT,F,1962,Linda,69
VT,F,1962,Karen,64
VT,F,1962,Deborah,58
VT,F,1962,Pamela,53
VT,F,1963,Lisa,154
VT,F,1963,Mary,84
VT,F,1963,Susan,83
VT,F,1963,Lori,75
VT,F,1963,Karen,73
VT,F,1963,Laurie,69
VT,F,1963,Tammy,63
VT,F,1963,Pamela,60
VT,F,1963,Kelly,59
VT,F,1963,Linda,59
VT,F,1964,Lisa,155
VT,F,1964,Mary,96
VT,F,1964,Susan,83
VT,F,1964,Karen,82
VT,F,1964,Lori,66
VT,F,1964,Tammy,59
VT,F,1964,Donna,57
VT,F,1964,Kimberly,55
VT,F,1964,Pamela,53
VT,F,1964,Julie,52
VT,F,1965,Lisa,170
VT,F,1965,Karen,79
VT,F,1965,Mary,73
VT,F,1965,Kimberly,69
VT,F,1965,Susan,66
VT,F,1965,Tina,60
VT,F,1965,Tammy,59
VT,F,1965,Lori,53
VT,F,1965,Kelly,51
VT,F,1965,Pamela,47
VT,F,1966,Lisa,155
VT,F,1966,Karen,85
VT,F,1966,Michelle,77
VT,F,1966,Susan,71
VT,F,1966,Kimberly,64
VT,F,1966,Mary,61
VT,F,1966,Tammy,59
VT,F,1966,Julie,58
VT,F,1966,Wendy,50
VT,F,1966,Tina,46
VT,F,1967,Lisa,126
VT,F,1967,Michelle,71
VT,F,1967,Karen,67
VT,F,1967,Kimberly,63
VT,F,1967,Susan,63
VT,F,1967,Melissa,59
VT,F,1967,Tammy,59
VT,F,1967,Wendy,57
VT,F,1967,Mary,56
VT,F,1967,Tina,55
VT,F,1968,Lisa,134
VT,F,1968,Melissa,81
VT,F,1968,Jennifer,80
VT,F,1968,Tammy,79
VT,F,1968,Karen,78
VT,F,1968,Michelle,72
VT,F,1968,Kimberly,65
VT,F,1968,Lori,58
VT,F,1968,Susan,54
VT,F,1968,Amy,53
VT,F,1969,Lisa,113
VT,F,1969,Jennifer,93
VT,F,1969,Amy,80
VT,F,1969,Melissa,74
VT,F,1969,Karen,71
VT,F,1969,Michelle,71
VT,F,1969,Kimberly,69
VT,F,1969,Tammy,69
VT,F,1969,Susan,64
VT,F,1969,Julie,62
VT,F,1970,Jennifer,137
VT,F,1970,Amy,85
VT,F,1970,Michelle,85
VT,F,1970,Lisa,77
VT,F,1970,Melissa,71
VT,F,1970,Heather,66
VT,F,1970,Kimberly,65
VT,F,1970,Tammy,61
VT,F,1970,Karen,54
VT,F,1970,Kelly,51
VT,F,1971,Jennifer,155
VT,F,1971,Heather,81
VT,F,1971,Lisa,81
VT,F,1971,Tammy,81
VT,F,1971,Amy,78
VT,F,1971,Melissa,77
VT,F,1971,Michelle,69
VT,F,1971,Kimberly,64
VT,F,1971,Julie,52
VT,F,1971,Karen,47
VT,F,1972,Jennifer,139
VT,F,1972,Melissa,67
VT,F,1972,Amy,66
VT,F,1972,Tammy,65
VT,F,1972,Lisa,60
VT,F,1972,Heather,59
VT,F,1972,Nicole,59
VT,F,1972,Michelle,57
VT,F,1972,Kimberly,52
VT,F,1972,Rebecca,50
VT,F,1973,Jennifer,141
VT,F,1973,Amy,99
VT,F,1973,Heather,75
VT,F,1973,Michelle,75
VT,F,1973,Rebecca,59
VT,F,1973,Melissa,53
VT,F,1973,Julie,42
VT,F,1973,Tammy,41
VT,F,1973,Jessica,40
VT,F,1973,Lisa,40
VT,F,1974,Jennifer,155
VT,F,1974,Amy,102
VT,F,1974,Heather,91
VT,F,1974,Melissa,73
VT,F,1974,Sarah,72
VT,F,1974,Jessica,54
VT,F,1974,Rebecca,48
VT,F,1974,Michelle,47
VT,F,1974,Stephanie,39
VT,F,1974,Lisa,38
VT,F,1975,Jennifer,133
VT,F,1975,Amy,101
VT,F,1975,Heather,85
VT,F,1975,Jessica,78
VT,F,1975,Sarah,70
VT,F,1975,Michelle,51
VT,F,1975,Rebecca,51
VT,F,1975,Melissa,46
VT,F,1975,Lisa,42
VT,F,1975,Angela,38
VT,F,1976,Jennifer,135
VT,F,1976,Jessica,85
VT,F,1976,Heather,83
VT,F,1976,Sarah,81
VT,F,1976,Amy,79
VT,F,1976,Melissa,53
VT,F,1976,Rebecca,44
VT,F,1976,Amanda,42
VT,F,1976,Angela,42
VT,F,1976,Lisa,40
VT,F,1977,Jennifer,144
VT,F,1977,Sarah,108
VT,F,1977,Jessica,99
VT,F,1977,Amy,82
VT,F,1977,Melissa,77
VT,F,1977,Heather,64
VT,F,1977,Rebecca,46
VT,F,1977,Sara,46
VT,F,1977,Julie,44
VT,F,1977,Amanda,39
VT,F,1978,Jennifer,143
VT,F,1978,Jessica,108
VT,F,1978,Sarah,107
VT,F,1978,Melissa,94
VT,F,1978,Heather,74
VT,F,1978,Amy,70
VT,F,1978,Rebecca,52
VT,F,1978,Sara,52
VT,F,1978,Amanda,50
VT,F,1978,Elizabeth,50
VT,F,1979,Jennifer,150
VT,F,1979,Jessica,107
VT,F,1979,Sarah,101
VT,F,1979,Melissa,88
VT,F,1979,Amanda,72
VT,F,1979,Heather,60
VT,F,1979,Amy,57
VT,F,1979,Rebecca,52
VT,F,1979,Nicole,51
VT,F,1979,Erin,48
VT,F,1980,Jessica,135
VT,F,1980,Jennifer,132
VT,F,1980,Sarah,95
VT,F,1980,Amanda,85
VT,F,1980,Heather,78
VT,F,1980,Melissa,72
VT,F,1980,Amy,57
VT,F,1980,Rebecca,53
VT,F,1980,Elizabeth,48
VT,F,1980,Erin,47
VT,F,1981,Jessica,144
VT,F,1981,Jennifer,133
VT,F,1981,Sarah,111
VT,F,1981,Amanda,101
VT,F,1981,Heather,77
VT,F,1981,Melissa,76
VT,F,1981,Rebecca,70
VT,F,1981,Amy,61
VT,F,1981,Erin,57
VT,F,1981,Nicole,51
VT,F,1982,Jessica,154
VT,F,1982,Jennifer,131
VT,F,1982,Sarah,106
VT,F,1982,Amanda,105
VT,F,1982,Melissa,75
VT,F,1982,Erin,70
VT,F,1982,Heather,62
VT,F,1982,Elizabeth,58
VT,F,1982,Emily,58
VT,F,1982,Nicole,58
VT,F,1983,Jessica,143
VT,F,1983,Amanda,110
VT,F,1983,Jennifer,105
VT,F,1983,Ashley,99
VT,F,1983,Sarah,96
VT,F,1983,Heather,90
VT,F,1983,Elizabeth,64
VT,F,1983,Erin,59
VT,F,1983,Melissa,58
VT,F,1983,Nicole,58
VT,F,1984,Jennifer,124
VT,F,1984,Ashley,118
VT,F,1984,Jessica,111
VT,F,1984,Amanda,98
VT,F,1984,Sarah,87
VT,F,1984,Heather,75
VT,F,1984,Emily,65
VT,F,1984,Danielle,64
VT,F,1984,Elizabeth,57
VT,F,1984,Nicole,57
VT,F,1985,Ashley,126
VT,F,1985,Jessica,124
VT,F,1985,Amanda,102
VT,F,1985,Sarah,93
VT,F,1985,Jennifer,82
VT,F,1985,Heather,73
VT,F,1985,Danielle,62
VT,F,1985,Nicole,60
VT,F,1985,Emily,57
VT,F,1985,Elizabeth,56
VT,F,1986,Ashley,124
VT,F,1986,Jessica,108
VT,F,1986,Amanda,90
VT,F,1986,Sarah,79
VT,F,1986,Jennifer,77
VT,F,1986,Nicole,69
VT,F,1986,Danielle,62
VT,F,1986,Heather,61
VT,F,1986,Elizabeth,58
VT,F,1986,Megan,52
VT,F,1987,Ashley,124
VT,F,1987,Amanda,112
VT,F,1987,Jessica,86
VT,F,1987,Sarah,82
VT,F,1987,Emily,74
VT,F,1987,Samantha,67
VT,F,1987,Nicole,66
VT,F,1987,Danielle,61
VT,F,1987,Elizabeth,61
VT,F,1987,Jennifer,61
VT,F,1988,Ashley,107
VT,F,1988,Amanda,99
VT,F,1988,Jessica,92
VT,F,1988,Sarah,79
VT,F,1988,Elizabeth,68
VT,F,1988,Emily,61
VT,F,1988,Samantha,59
VT,F,1988,Nicole,57
VT,F,1988,Jennifer,55
VT,F,1988,Chelsea,51
VT,F,1989,Amanda,97
VT,F,1989,Sarah,92
VT,F,1989,Ashley,90
VT,F,1989,Jessica,88
VT,F,1989,Samantha,85
VT,F,1989,Brittany,71
VT,F,1989,Emily,58
VT,F,1989,Elizabeth,56
VT,F,1989,Danielle,55
VT,F,1989,Jennifer,54
VT,F,1990,Ashley,101
VT,F,1990,Brittany,86
VT,F,1990,Jessica,84
VT,F,1990,Samantha,79
VT,F,1990,Sarah,78
VT,F,1990,Amanda,74
VT,F,1990,Emily,67
VT,F,1990,Elizabeth,50
VT,F,1990,Chelsea,48
VT,F,1990,Nicole,47
VT,F,1991,Ashley,91
VT,F,1991,Jessica,80
VT,F,1991,Samantha,77
VT,F,1991,Elizabeth,71
VT,F,1991,Amanda,66
VT,F,1991,Sarah,65
VT,F,1991,Emily,64
VT,F,1991,Chelsea,58
VT,F,1991,Jennifer,56
VT,F,1991,Brittany,47
VT,F,1992,Ashley,83
VT,F,1992,Samantha,74
VT,F,1992,Emily,69
VT,F,1992,Jessica,66
VT,F,1992,Sarah,61
VT,F,1992,Amanda,59
VT,F,1992,Brittany,57
VT,F,1992,Megan,48
VT,F,1992,Chelsea,47
VT,F,1992,Kayla,43
VT,F,1993,Emily,96
VT,F,1993,Ashley,73
VT,F,1993,Sarah,63
VT,F,1993,Amanda,53
VT,F,1993,Elizabeth,53
VT,F,1993,Samantha,52
VT,F,1993,Hannah,47
VT,F,1993,Brittany,44
VT,F,1993,Jessica,42
VT,F,1993,Kayla,42
VT,F,1994,Emily,81
VT,F,1994,Ashley,70
VT,F,1994,Samantha,64
VT,F,1994,Jessica,51
VT,F,1994,Sarah,49
VT,F,1994,Megan,44
VT,F,1994,Brittany,43
VT,F,1994,Elizabeth,42
VT,F,1994,Nicole,42
VT,F,1994,Taylor,41
VT,F,1995,Emily,67
VT,F,1995,Sarah,55
VT,F,1995,Ashley,52
VT,F,1995,Samantha,49
VT,F,1995,Taylor,47
VT,F,1995,Hannah,43
VT,F,1995,Brittany,40
VT,F,1995,Elizabeth,39
VT,F,1995,Abigail,35
VT,F,1995,Kayla,35
VT,F,1996,Emily,59
VT,F,1996,Samantha,55
VT,F,1996,Hannah,50
VT,F,1996,Taylor,44
VT,F,1996,Ashley,43
VT,F,1996,Sarah,43
VT,F,1996,Elizabeth,37
VT,F,1996,Megan,36
VT,F,1996,Olivia,34
VT,F,1996,Jessica,32
VT,F,1997,Emily,61
VT,F,1997,Samantha,45
VT,F,1997,Taylor,45
VT,F,1997,Hannah,42
VT,F,1997,Sarah,41
VT,F,1997,Abigail,34
VT,F,1997,Elizabeth,33
VT,F,1997,Olivia,33
VT,F,1997,Ashley,31
VT,F,1997,Megan,31
VT,F,1998,Emily,71
VT,F,1998,Hannah,57
VT,F,1998,Sarah,43
VT,F,1998,Taylor,43
VT,F,1998,Madison,40
VT,F,1998,Abigail,37
VT,F,1998,Megan,37
VT,F,1998,Olivia,37
VT,F,1998,Emma,36
VT,F,1998,Samantha,33
VT,F,1999,Hannah,65
VT,F,1999,Emily,58
VT,F,1999,Emma,51
VT,F,1999,Olivia,41
VT,F,1999,Taylor,41
VT,F,1999,Alexis,36
VT,F,1999,Elizabeth,36
VT,F,1999,Sarah,32
VT,F,1999,Madison,31
VT,F,1999,Abigail,29
VT,F,2000,Emily,69
VT,F,2000,Olivia,51
VT,F,2000,Abigail,48
VT,F,2000,Emma,46
VT,F,2000,Hannah,46
VT,F,2000,Madison,39
VT,F,2000,Elizabeth,35
VT,F,2000,Samantha,35
VT,F,2000,Brianna,31
VT,F,2000,Grace,31
VT,F,2001,Emily,52
VT,F,2001,Hannah,50
VT,F,2001,Olivia,47
VT,F,2001,Emma,46
VT,F,2001,Madison,45
VT,F,2001,Abigail,35
VT,F,2001,Taylor,34
VT,F,2001,Elizabeth,33
VT,F,2001,Grace,33
VT,F,2001,Alexis,28
VT,F,2002,Emma,63
VT,F,2002,Hannah,58
VT,F,2002,Madison,50
VT,F,2002,Emily,48
VT,F,2002,Abigail,43
VT,F,2002,Grace,41
VT,F,2002,Olivia,37
VT,F,2002,Morgan,30
VT,F,2002,Samantha,29
VT,F,2002,Sarah,29
VT,F,2003,Emma,57
VT,F,2003,Emily,52
VT,F,2003,Abigail,46
VT,F,2003,Madison,46
VT,F,2003,Hannah,41
VT,F,2003,Olivia,41
VT,F,2003,Grace,37
VT,F,2003,Alexis,30
VT,F,2003,Anna,30
VT,F,2003,Elizabeth,28
VT,F,2004,Emma,72
VT,F,2004,Emily,57
VT,F,2004,Olivia,43
VT,F,2004,Madison,42
VT,F,2004,Abigail,37
VT,F,2004,Hannah,36
VT,F,2004,Alexis,34
VT,F,2004,Elizabeth,32
VT,F,2004,Anna,27
VT,F,2004,Grace,25
VT,F,2005,Emma,61
VT,F,2005,Emily,47
VT,F,2005,Olivia,43
VT,F,2005,Hannah,42
VT,F,2005,Madison,40
VT,F,2005,Abigail,38
VT,F,2005,Ella,36
VT,F,2005,Ava,33
VT,F,2005,Alexis,32
VT,F,2005,Grace,32
VT,F,2006,Emma,58
VT,F,2006,Ava,54
VT,F,2006,Abigail,37
VT,F,2006,Grace,37
VT,F,2006,Olivia,37
VT,F,2006,Hannah,30
VT,F,2006,Isabella,30
VT,F,2006,Elizabeth,28
VT,F,2006,Alexis,27
VT,F,2006,Madison,27
VT,F,2007,Ava,53
VT,F,2007,Emma,50
VT,F,2007,Abigail,42
VT,F,2007,Olivia,40
VT,F,2007,Ella,39
VT,F,2007,Madison,39
VT,F,2007,Emily,35
VT,F,2007,Sophia,34
VT,F,2007,Hannah,31
VT,F,2007,Grace,29
VT,F,2008,Emma,50
VT,F,2008,Elizabeth,37
VT,F,2008,Ava,36
VT,F,2008,Olivia,36
VT,F,2008,Emily,33
VT,F,2008,Abigail,31
VT,F,2008,Hannah,31
VT,F,2008,Lily,31
VT,F,2008,Isabella,30
VT,F,2008,Madison,30
VT,F,2009,Emma,38
VT,F,2009,Ava,32
VT,F,2009,Isabella,32
VT,F,2009,Madison,31
VT,F,2009,Sophia,31
VT,F,2009,Olivia,30
VT,F,2009,Abigail,29
VT,F,2009,Lily,24
VT,F,2009,Addison,22
VT,F,2009,Chloe,21
VT,F,2010,Sophia,45
VT,F,2010,Ava,37
VT,F,2010,Olivia,36
VT,F,2010,Emma,33
VT,F,2010,Isabella,29
VT,F,2010,Addison,28
VT,F,2010,Abigail,23
VT,F,2010,Madison,23
VT,F,2010,Elizabeth,22
VT,F,2010,Emily,20
VT,F,2011,Emma,39
VT,F,2011,Olivia,38
VT,F,2011,Sophia,36
VT,F,2011,Ava,29
VT,F,2011,Isabella,28
VT,F,2011,Lillian,28
VT,F,2011,Amelia,25
VT,F,2011,Madison,24
VT,F,2011,Abigail,21
VT,F,2011,Grace,21
VT,F,2012,Ava,36
VT,F,2012,Olivia,34
VT,F,2012,Emma,33
VT,F,2012,Sophia,32
VT,F,2012,Ella,28
VT,F,2012,Isabella,27
VT,F,2012,Lillian,26
VT,F,2012,Madison,23
VT,F,2012,Addison,21
VT,F,2012,Emily,20
VT,F,2013,Olivia,34
VT,F,2013,Sophia,33
VT,F,2013,Emma,30
VT,F,2013,Avery,26
VT,F,2013,Ava,25
VT,F,2013,Amelia,24
VT,F,2013,Charlotte,23
VT,F,2013,Chloe,22
VT,F,2013,Ella,22
VT,F,2013,Elizabeth,20
VT,F,2014,Emma,40
VT,F,2014,Olivia,40
VT,F,2014,Sophia,33
VT,F,2014,Ava,29
VT,F,2014,Abigail,28
VT,F,2014,Amelia,28
VT,F,2014,Charlotte,25
VT,F,2014,Harper,24
VT,F,2014,Hannah,23
VT,F,2014,Chloe,20
VT,F,2015,Emma,33
VT,F,2015,Ava,31
VT,F,2015,Harper,26
VT,F,2015,Charlotte,25
VT,F,2015,Isabella,24
VT,F,2015,Olivia,24
VT,F,2015,Sophia,23
VT,F,2015,Ella,18
VT,F,2015,Elizabeth,17
VT,F,2015,Grace,17
VT,F,2016,Harper,36
VT,F,2016,Charlotte,33
VT,F,2016,Emma,30
VT,F,2016,Olivia,29
VT,F,2016,Evelyn,26
VT,F,2016,Sophia,26
VT,F,2016,Amelia,25
VT,F,2016,Ava,24
VT,F,2016,Lillian,20
VT,F,2016,Abigail,19
VT,F,2017,Evelyn,34
VT,F,2017,Olivia,29
VT,F,2017,Charlotte,28
VT,F,2017,Emma,27
VT,F,2017,Harper,24
VT,F,2017,Ava,22
VT,F,2017,Nora,22
VT,F,2017,Sophia,22
VT,F,2017,Amelia,21
VT,F,2017,Isabella,20
VT,F,2018,Harper,31
VT,F,2018,Charlotte,27
VT,F,2018,Evelyn,27
VT,F,2018,Emma,25
VT,F,2018,Nora,25
VT,F,2018,Amelia,24
VT,F,2018,Olivia,24
VT,F,2018,Sophia,24
VT,F,2018,Ella,18
VT,F,2018,Lucy,18
VT,F,2019,Harper,34
VT,F,2019,Amelia,27
VT,F,2019,Charlotte,25
VT,F,2019,Evelyn,25
VT,F,2019,Olivia,25
VT,F,2019,Abigail,21
VT,F,2019,Emma,21
VT,F,2019,Hazel,19
VT,F,2019,Isla,18
VT,F,2019,Willow,18
VT,M,1920,Robert,139
VT,M,1920,John,120
VT,M,1920,Charles,89
VT,M,1920,William,87
VT,M,1920,George,82
VT,M,1920,Raymond,68
VT,M,1920,Richard,68
VT,M,1920,James,62
VT,M,1920,Donald,58
VT,M,1920,Joseph,55
VT,M,1921,Robert,146
VT,M,1921,John,122
VT,M,1921,William,103
VT,M,1921,George,75
VT,M,1921,Charles,69
VT,M,1921,Richard,69
VT,M,1921,Raymond,66
VT,M,1921,James,63
VT,M,1921,Donald,62
VT,M,1921,Edward,61
VT,M,1922,Robert,189
VT,M,1922,John,96
VT,M,1922,William,91
VT,M,1922,Richard,85
VT,M,1922,George,84
VT,M,1922,Charles,70
VT,M,1922,Donald,68
VT,M,1922,Edward,63
VT,M,1922,James,61
VT,M,1922,Joseph,57
VT,M,1923,Robert,170
VT,M,1923,John,124
VT,M,1923,William,92
VT,M,1923,Charles,89
VT,M,1923,Richard,80
VT,M,1923,George,76
VT,M,1923,Donald,68
VT,M,1923,James,62
VT,M,1923,Joseph,56
VT,M,1923,Raymond,55
VT,M,1924,Robert,151
VT,M,1924,John,125
VT,M,1924,William,99
VT,M,1924,Richard,80
VT,M,1924,George,76
VT,M,1924,Charles,74
VT,M,1924,Raymond,68
VT,M,1924,Edward,67
VT,M,1924,Donald,63
VT,M,1924,James,62
VT,M,1925,Robert,180
VT,M,1925,John,104
VT,M,1925,Donald,95
VT,M,1925,Richard,95
VT,M,1925,William,93
VT,M,1925,George,78
VT,M,1925,Edward,77
VT,M,1925,Raymond,71
VT,M,1925,James,55
VT,M,1925,Harold,53
VT,M,1926,Robert,150
VT,M,1926,Richard,110
VT,M,1926,John,97
VT,M,1926,William,92
VT,M,1926,George,81
VT,M,1926,Donald,76
VT,M,1926,Charles,63
VT,M,1926,Raymond,62
VT,M,1926,Francis,57
VT,M,1926,Edward,54
VT,M,1927,Robert,202
VT,M,1927,John,119
VT,M,1927,Richard,113
VT,M,1927,Charles,85
VT,M,1927,Donald,79
VT,M,1927,William,79
VT,M,1927,James,78
VT,M,1927,George,70
VT,M,1927,Harold,66
VT,M,1927,Raymond,66
VT,M,1928,Robert,195
VT,M,1928,John,133
VT,M,1928,Richard,122
VT,M,1928,William,79
VT,M,1928,Donald,75
VT,M,1928,James,73
VT,M,1928,Raymond,70
VT,M,1928,George,65
VT,M,1928,Edward,60
VT,M,1928,Paul,57
VT,M,1929,Robert,189
VT,M,1929,Richard,130
VT,M,1929,John,122
VT,M,1929,William,103
VT,M,1929,Donald,98
VT,M,1929,James,74
VT,M,1929,Raymond,69
VT,M,1929,George,60
VT,M,1929,Paul,60
VT,M,1929,Edward,55
VT,M,1930,Robert,200
VT,M,1930,Richard,156
VT,M,1930,John,127
VT,M,1930,William,88
VT,M,1930,Donald,83
VT,M,1930,George,73
VT,M,1930,James,70
VT,M,1930,Charles,65
VT,M,1930,Raymond,58
VT,M,1930,Paul,56
VT,M,1931,Robert,219
VT,M,1931,Richard,151
VT,M,1931,John,131
VT,M,1931,Donald,103
VT,M,1931,William,91
VT,M,1931,James,70
VT,M,1931,Raymond,63
VT,M,1931,Charles,59
VT,M,1931,Paul,56
VT,M,1931,George,54
VT,M,1932,Robert,219
VT,M,1932,Richard,134
VT,M,1932,John,104
VT,M,1932,Donald,95
VT,M,1932,William,76
VT,M,1932,Paul,71
VT,M,1932,James,67
VT,M,1932,George,61
VT,M,1932,Edward,59
VT,M,1932,Charles,58
VT,M,1933,Robert,199
VT,M,1933,John,119
VT,M,1933,Richard,114
VT,M,1933,William,93
VT,M,1933,Donald,92
VT,M,1933,James,71
VT,M,1933,Raymond,65
VT,M,1933,Charles,61
VT,M,1933,Paul,58
VT,M,1933,George,57
VT,M,1934,Robert,214
VT,M,1934,Richard,171
VT,M,1934,Donald,103
VT,M,1934,John,99
VT,M,1934,James,72
VT,M,1934,William,70
VT,M,1934,George,62
VT,M,1934,Kenneth,59
VT,M,1934,David,55
VT,M,1934,Charles,52
VT,M,1935,Robert,194
VT,M,1935,Richard,176
VT,M,1935,John,116
VT,M,1935,Donald,108
VT,M,1935,William,104
VT,M,1935,James,93
VT,M,1935,Paul,61
VT,M,1935,Charles,56
VT,M,1935,Ronald,54
VT,M,1935,George,53
VT,M,1936,Robert,202
VT,M,1936,Richard,157
VT,M,1936,John,121
VT,M,1936,William,98
VT,M,1936,Donald,89
VT,M,1936,James,84
VT,M,1936,David,82
VT,M,1936,George,78
VT,M,1936,Charles,63
VT,M,1936,Ronald,63
VT,M,1937,Robert,210
VT,M,1937,Richard,146
VT,M,1937,John,118
VT,M,1937,William,100
VT,M,1937,James,94
VT,M,1937,Donald,91
VT,M,1937,David,89
VT,M,1937,Charles,65
VT,M,1937,Paul,61
VT,M,1937,Ronald,60
VT,M,1938,Robert,232
VT,M,1938,Richard,125
VT,M,1938,John,123
VT,M,1938,James,100
VT,M,1938,William,94
VT,M,1938,David,87
VT,M,1938,Donald,75
VT,M,1938,Ronald,69
VT,M,1938,Edward,58
VT,M,1938,Charles,55
VT,M,1939,Robert,213
VT,M,1939,Richard,153
VT,M,1939,John,146
VT,M,1939,William,107
VT,M,1939,James,100
VT,M,1939,David,92
VT,M,1939,Donald,64
VT,M,1939,Paul,61
VT,M,1939,Ronald,61
VT,M,1939,Raymond,58
VT,M,1940,Richard,186
VT,M,1940,Robert,180
VT,M,1940,John,147
VT,M,1940,David,108
VT,M,1940,James,105
VT,M,1940,William,103
VT,M,1940,Ronald,70
VT,M,1940,Donald,62
VT,M,1940,Charles,56
VT,M,1940,Kenneth,54
VT,M,1941,Robert,200
VT,M,1941,Richard,154
VT,M,1941,John,136
VT,M,1941,James,115
VT,M,1941,David,109
VT,M,1941,William,91
VT,M,1941,Donald,76
VT,M,1941,Ronald,72
VT,M,1941,Raymond,63
VT,M,1941,Thomas,62
VT,M,1942,Robert,194
VT,M,1942,Richard,149
VT,M,1942,John,138
VT,M,1942,David,127
VT,M,1942,James,117
VT,M,1942,William,101
VT,M,1942,Donald,90
VT,M,1942,Ronald,74
VT,M,1942,Charles,73
VT,M,1942,Thomas,71
VT,M,1943,Robert,219
VT,M,1943,Richard,158
VT,M,1943,John,147
VT,M,1943,James,135
VT,M,1943,David,115
VT,M,1943,William,97
VT,M,1943,Ronald,83
VT,M,1943,Paul,72
VT,M,1943,Donald,70
VT,M,1943,Charles,65
VT,M,1944,Robert,205
VT,M,1944,David,153
VT,M,1944,Richard,145
VT,M,1944,John,142
VT,M,1944,James,119
VT,M,1944,William,86
VT,M,1944,Ronald,74
VT,M,1944,Michael,67
VT,M,1944,Thomas,67
VT,M,1944,Gary,66
VT,M,1945,Robert,176
VT,M,1945,John,154
VT,M,1945,James,139
VT,M,1945,Richard,135
VT,M,1945,David,130
VT,M,1945,William,116
VT,M,1945,Michael,78
VT,M,1945,Paul,76
VT,M,1945,Gary,70
VT,M,1945,Charles,67
VT,M,1946,Robert,240
VT,M,1946,Richard,209
VT,M,1946,James,179
VT,M,1946,John,165
VT,M,1946,David,151
VT,M,1946,William,128
VT,M,1946,Michael,96
VT,M,1946,Thomas,96
VT,M,1946,Ronald,93
VT,M,1946,Gary,90
VT,M,1947,Robert,217
VT,M,1947,Richard,194
VT,M,1947,David,190
VT,M,1947,John,190
VT,M,1947,William,159
VT,M,1947,James,150
VT,M,1947,Michael,131
VT,M,1947,Ronald,118
VT,M,1947,Thomas,113
VT,M,1947,Gary,94
VT,M,1948,Robert,224
VT,M,1948,David,205
VT,M,1948,John,199
VT,M,1948,James,177
VT,M,1948,Richard,162
VT,M,1948,Michael,156
VT,M,1948,Gary,121
VT,M,1948,William,114
VT,M,1948,Thomas,105
VT,M,1948,Donald,96
VT,M,1949,Robert,226
VT,M,1949,David,204
VT,M,1949,John,178
VT,M,1949,Michael,170
VT,M,1949,Richard,160
VT,M,1949,James,152
VT,M,1949,William,136
VT,M,1949,Stephen,117
VT,M,1949,Gary,113
VT,M,1949,Thomas,108
VT,M,1950,David,212
VT,M,1950,John,203
VT,M,1950,Robert,192
VT,M,1950,Richard,186
VT,M,1950,Michael,172
VT,M,1950,James,158
VT,M,1950,William,122
VT,M,1950,Gary,115
VT,M,1950,Thomas,112
VT,M,1950,Paul,89
VT,M,1951,Robert,218
VT,M,1951,David,207
VT,M,1951,Michael,193
VT,M,1951,John,167
VT,M,1951,Richard,155
VT,M,1951,James,147
VT,M,1951,Gary,131
VT,M,1951,William,122
VT,M,1951,Stephen,102
VT,M,1951,Thomas,89
VT,M,1952,Michael,226
VT,M,1952,David,210
VT,M,1952,Robert,201
VT,M,1952,John,162
VT,M,1952,Richard,157
VT,M,1952,James,135
VT,M,1952,Gary,132
VT,M,1952,William,130
VT,M,1952,Stephen,105
VT,M,1952,Thomas,104
VT,M,1953,Michael,252
VT,M,1953,David,236
VT,M,1953,Robert,188
VT,M,1953,James,177
VT,M,1953,John,175
VT,M,1953,Richard,148
VT,M,1953,Gary,140
VT,M,1953,Thomas,104
VT,M,1953,William,94
VT,M,1953,Paul,88
VT,M,1954,Michael,256
VT,M,1954,David,227
VT,M,1954,Robert,195
VT,M,1954,John,174
VT,M,1954,James,152
VT,M,1954,Richard,144
VT,M,1954,Gary,130
VT,M,1954,Thomas,113
VT,M,1954,William,112
VT,M,1954,Stephen,86
VT,M,1955,David,261
VT,M,1955,Michael,243
VT,M,1955,Robert,170
VT,M,1955,James,159
VT,M,1955,John,157
VT,M,1955,Richard,137
VT,M,1955,William,121
VT,M,1955,Thomas,116
VT,M,1955,Gary,115
VT,M,1955,Mark,103
VT,M,1956,Michael,225
VT,M,1956,David,206
VT,M,1956,Robert,190
VT,M,1956,James,170
VT,M,1956,Richard,151
VT,M,1956,John,149
VT,M,1956,Mark,109
VT,M,1956,Gary,107
VT,M,1956,Steven,105
VT,M,1956,William,89
VT,M,1957,David,230
VT,M,1957,Michael,214
VT,M,1957,John,157
VT,M,1957,Robert,147
VT,M,1957,Mark,139
VT,M,1957,James,136
VT,M,1957,Richard,122
VT,M,1957,William,115
VT,M,1957,Brian,96
VT,M,1957,Gary,87
VT,M,1958,Michael,232
VT,M,1958,David,213
VT,M,1958,James,166
VT,M,1958,Robert,166
VT,M,1958,John,144
VT,M,1958,Richard,128
VT,M,1958,Mark,124
VT,M,1958,Thomas,123
VT,M,1958,William,101
VT,M,1958,Timothy,86
VT,M,1959,David,210
VT,M,1959,Michael,209
VT,M,1959,Robert,182
VT,M,1959,James,156
VT,M,1959,John,151
VT,M,1959,Mark,136
VT,M,1959,Richard,118
VT,M,1959,Timothy,107
VT,M,1959,William,107
VT,M,1959,Thomas,103
VT,M,1960,Michael,247
VT,M,1960,David,197
VT,M,1960,James,159
VT,M,1960,Robert,151
VT,M,1960,John,150
VT,M,1960,Mark,120
VT,M,1960,Richard,108
VT,M,1960,Timothy,104
VT,M,1960,Brian,85
VT,M,1960,William,84
VT,M,1961,David,212
VT,M,1961,Michael,211
VT,M,1961,John,164
VT,M,1961,Robert,164
VT,M,1961,James,139
VT,M,1961,Mark,137
VT,M,1961,Richard,108
VT,M,1961,Jeffrey,105
VT,M,1961,Brian,96
VT,M,1961,Timothy,94
VT,M,1962,Michael,209
VT,M,1962,David,208
VT,M,1962,John,166
VT,M,1962,Robert,144
VT,M,1962,James,126
VT,M,1962,Mark,126
VT,M,1962,Scott,124
VT,M,1962,Brian,110
VT,M,1962,Jeffrey,106
VT,M,1962,Kevin,98
VT,M,1963,David,191
VT,M,1963,Michael,191
VT,M,1963,John,157
VT,M,1963,James,141
VT,M,1963,Robert,127
VT,M,1963,Scott,113
VT,M,1963,Mark,112
VT,M,1963,Richard,108
VT,M,1963,Timothy,97
VT,M,1963,Brian,95
VT,M,1964,Michael,207
VT,M,1964,David,166
VT,M,1964,John,160
VT,M,1964,James,152
VT,M,1964,Robert,142
VT,M,1964,Mark,117
VT,M,1964,Richard,103
VT,M,1964,Timothy,99
VT,M,1964,Brian,96
VT,M,1964,Jeffrey,86
VT,M,1965,Michael,204
VT,M,1965,Robert,138
VT,M,1965,David,133
VT,M,1965,John,126
VT,M,1965,James,125
VT,M,1965,Kevin,101
VT,M,1965,Mark,101
VT,M,1965,Scott,101
VT,M,1965,Timothy,92
VT,M,1965,Brian,84
VT,M,1966,Michael,181
VT,M,1966,David,150
VT,M,1966,John,125
VT,M,1966,James,117
VT,M,1966,Timothy,103
VT,M,1966,Brian,97
VT,M,1966,Robert,97
VT,M,1966,Scott,92
VT,M,1966,Christopher,86
VT,M,1966,Mark,85
VT,M,1967,Michael,172
VT,M,1967,David,144
VT,M,1967,John,125
VT,M,1967,Christopher,114
VT,M,1967,Robert,112
VT,M,1967,James,102
VT,M,1967,Scott,91
VT,M,1967,Jeffrey,89
VT,M,1967,Richard,87
VT,M,1967,Brian,82
VT,M,1968,Michael,193
VT,M,1968,John,140
VT,M,1968,David,137
VT,M,1968,Robert,125
VT,M,1968,James,111
VT,M,1968,Christopher,108
VT,M,1968,Scott,103
VT,M,1968,Mark,89
VT,M,1968,Brian,81
VT,M,1968,Jeffrey,76
VT,M,1969,Michael,170
VT,M,1969,Christopher,135
VT,M,1969,John,134
VT,M,1969,Scott,125
VT,M,1969,James,111
VT,M,1969,David,107
VT,M,1969,Robert,102
VT,M,1969,Mark,93
VT,M,1969,Jeffrey,88
VT,M,1969,William,86
VT,M,1970,Michael,179
VT,M,1970,John,156
VT,M,1970,Christopher,136
VT,M,1970,Scott,118
VT,M,1970,David,116
VT,M,1970,James,111
VT,M,1970,Robert,110
VT,M,1970,Jeffrey,102
VT,M,1970,Mark,95
VT,M,1970,Jason,79
VT,M,1971,Michael,150
VT,M,1971,Christopher,148
VT,M,1971,Scott,119
VT,M,1971,Jason,113
VT,M,1971,David,111
VT,M,1971,Robert,104
VT,M,1971,John,100
VT,M,1971,Brian,95
VT,M,1971,James,95
VT,M,1971,Matthew,77
VT,M,1972,Jason,132
VT,M,1972,Christopher,129
VT,M,1972,Michael,122
VT,M,1972,David,98
VT,M,1972,John,91
VT,M,1972,Scott,91
VT,M,1972,James,86
VT,M,1972,Matthew,76
VT,M,1972,Robert,71
VT,M,1972,Brian,65
VT,M,1973,Jason,139
VT,M,1973,Christopher,128
VT,M,1973,Michael,111
VT,M,1973,David,93
VT,M,1973,Robert,79
VT,M,1973,James,73
VT,M,1973,Scott,73
VT,M,1973,John,72
VT,M,1973,Brian,70
VT,M,1973,Matthew,65
VT,M,1974,Jason,161
VT,M,1974,Michael,125
VT,M,1974,Christopher,100
VT,M,1974,Matthew,96
VT,M,1974,John,80
VT,M,1974,David,73
VT,M,1974,Robert,71
VT,M,1974,Eric,67
VT,M,1974,James,62
VT,M,1974,Jeremy,57
VT,M,1975,Jason,155
VT,M,1975,Michael,118
VT,M,1975,Christopher,112
VT,M,1975,Matthew,92
VT,M,1975,David,80
VT,M,1975,Scott,78
VT,M,1975,John,75
VT,M,1975,Daniel,69
VT,M,1975,James,66
VT,M,1975,Robert,64
VT,M,1976,Jason,164
VT,M,1976,Michael,121
VT,M,1976,Christopher,113
VT,M,1976,Matthew,101
VT,M,1976,John,84
VT,M,1976,David,81
VT,M,1976,Eric,74
VT,M,1976,Joshua,71
VT,M,1976,Scott,64
VT,M,1976,James,60
VT,M,1977,Jason,140
VT,M,1977,Michael,132
VT,M,1977,Christopher,106
VT,M,1977,Matthew,102
VT,M,1977,David,81
VT,M,1977,James,80
VT,M,1977,Jeremy,73
VT,M,1977,Brian,68
VT,M,1977,Joshua,62
VT,M,1977,Eric,60
VT,M,1978,Christopher,118
VT,M,1978,Jason,118
VT,M,1978,Michael,113
VT,M,1978,Matthew,103
VT,M,1978,Joshua,82
VT,M,1978,Daniel,75
VT,M,1978,David,71
VT,M,1978,Robert,70
VT,M,1978,James,63
VT,M,1978,Jeremy,56
VT,M,1979,Christopher,128
VT,M,1979,Jason,123
VT,M,1979,Michael,119
VT,M,1979,Matthew,100
VT,M,1979,David,84
VT,M,1979,Joshua,79
VT,M,1979,Daniel,76
VT,M,1979,Jeremy,73
VT,M,1979,Adam,68
VT,M,1979,John,68
VT,M,1980,Michael,133
VT,M,1980,Matthew,132
VT,M,1980,Christopher,127
VT,M,1980,Jason,116
VT,M,1980,Joshua,109
VT,M,1980,David,90
VT,M,1980,James,85
VT,M,1980,Daniel,81
VT,M,1980,Justin,76
VT,M,1980,Adam,74
VT,M,1981,Michael,143
VT,M,1981,Christopher,125
VT,M,1981,Joshua,121
VT,M,1981,Matthew,105
VT,M,1981,Jason,98
VT,M,1981,Justin,82
VT,M,1981,Daniel,77
VT,M,1981,David,74
VT,M,1981,James,71
VT,M,1981,Adam,69
VT,M,1982,Christopher,159
VT,M,1982,Michael,138
VT,M,1982,Matthew,117
VT,M,1982,Jason,107
VT,M,1982,Joshua,105
VT,M,1982,Justin,87
VT,M,1982,David,82
VT,M,1982,James,78
VT,M,1982,Adam,68
VT,M,1982,John,67
VT,M,1983,Christopher,173
VT,M,1983,Matthew,137
VT,M,1983,Michael,131
VT,M,1983,Joshua,97
VT,M,1983,Justin,95
VT,M,1983,Jason,90
VT,M,1983,Daniel,82
VT,M,1983,Ryan,76
VT,M,1983,Nicholas,73
VT,M,1983,Andrew,71
VT,M,1984,Christopher,144
VT,M,1984,Matthew,135
VT,M,1984,Joshua,122
VT,M,1984,Michael,122
VT,M,1984,Ryan,94
VT,M,1984,Justin,91
VT,M,1984,Adam,81
VT,M,1984,David,77
VT,M,1984,Andrew,75
VT,M,1984,James,68
VT,M,1985,Matthew,133
VT,M,1985,Michael,131
VT,M,1985,Christopher,128
VT,M,1985,Ryan,102
VT,M,1985,Daniel,95
VT,M,1985,Joshua,95
VT,M,1985,Andrew,93
VT,M,1985,Justin,76
VT,M,1985,Jason,73
VT,M,1985,James,72
VT,M,1986,Matthew,138
VT,M,1986,Michael,129
VT,M,1986,Christopher,118
VT,M,1986,Joshua,107
VT,M,1986,Daniel,97
VT,M,1986,Kyle,83
VT,M,1986,Andrew,80
VT,M,1986,Ryan,76
VT,M,1986,Adam,74
VT,M,1986,Nicholas,74
VT,M,1987,Christopher,135
VT,M,1987,Matthew,126
VT,M,1987,Michael,124
VT,M,1987,Joshua,118
VT,M,1987,Ryan,109
VT,M,1987,Andrew,107
VT,M,1987,Justin,92
VT,M,1987,Kyle,91
VT,M,1987,Daniel,81
VT,M,1987,Nicholas,67
VT,M,1988,Michael,138
VT,M,1988,Christopher,118
VT,M,1988,Matthew,118
VT,M,1988,Joshua,108
VT,M,1988,Andrew,93
VT,M,1988,Ryan,89
VT,M,1988,Kyle,85
VT,M,1988,Justin,80
VT,M,1988,Nicholas,72
VT,M,1988,Benjamin,67
VT,M,1989,Michael,137
VT,M,1989,Joshua,131
VT,M,1989,Christopher,122
VT,M,1989,Matthew,97
VT,M,1989,Kyle,89
VT,M,1989,Tyler,88
VT,M,1989,Justin,86
VT,M,1989,Nicholas,85
VT,M,1989,Ryan,83
VT,M,1989,John,72
VT,M,1990,Michael,115
VT,M,1990,Christopher,114
VT,M,1990,Joshua,113
VT,M,1990,Matthew,102
VT,M,1990,Ryan,90
VT,M,1990,Tyler,86
VT,M,1990,Justin,85
VT,M,1990,Kyle,84
VT,M,1990,Nicholas,83
VT,M,1990,Andrew,78
VT,M,1991,Joshua,122
VT,M,1991,Christopher,106
VT,M,1991,Tyler,91
VT,M,1991,Michael,87
VT,M,1991,Kyle,84
VT,M,1991,Ryan,82
VT,M,1991,Matthew,79
VT,M,1991,Nicholas,74
VT,M,1991,Andrew,65
VT,M,1991,Jacob,60
VT,M,1992,Michael,106
VT,M,1992,Tyler,94
VT,M,1992,Ryan,86
VT,M,1992,Nicholas,85
VT,M,1992,Joshua,84
VT,M,1992,Christopher,83
VT,M,1992,Matthew,73
VT,M,1992,Andrew,72
VT,M,1992,Kyle,72
VT,M,1992,Jacob,64
VT,M,1993,Tyler,86
VT,M,1993,Ryan,85
VT,M,1993,Joshua,82
VT,M,1993,Michael,78
VT,M,1993,Nicholas,78
VT,M,1993,Christopher,75
VT,M,1993,Matthew,74
VT,M,1993,Cody,70
VT,M,1993,Kyle,69
VT,M,1993,Jacob,65
VT,M,1994,Jacob,81
VT,M,1994,Tyler,80
VT,M,1994,Nicholas,78
VT,M,1994,Michael,72
VT,M,1994,Cody,69
VT,M,1994,Joshua,69
VT,M,1994,Matthew,69
VT,M,1994,Ryan,66
VT,M,1994,Dylan,64
VT,M,1994,Christopher,63
VT,M,1995,Jacob,86
VT,M,1995,Matthew,86
VT,M,1995,Nicholas,76
VT,M,1995,Joshua,72
VT,M,1995,Michael,68
VT,M,1995,Dylan,62
VT,M,1995,Ryan,61
VT,M,1995,Brandon,56
VT,M,1995,Tyler,56
VT,M,1995,Christopher,55
VT,M,1996,Nicholas,79
VT,M,1996,Jacob,75
VT,M,1996,Matthew,66
VT,M,1996,Tyler,66
VT,M,1996,Brandon,60
VT,M,1996,Christopher,60
VT,M,1996,Joshua,59
VT,M,1996,Ryan,59
VT,M,1996,Michael,56
VT,M,1996,Dylan,53
VT,M,1997,Jacob,81
VT,M,1997,Nicholas,69
VT,M,1997,Ryan,67
VT,M,1997,Tyler,61
VT,M,1997,Matthew,60
VT,M,1997,Joshua,56
VT,M,1997,Kyle,55
VT,M,1997,Michael,52
VT,M,1997,Brandon,50
VT,M,1997,Dylan,49
VT,M,1998,Jacob,88
VT,M,1998,Tyler,66
VT,M,1998,Matthew,54
VT,M,1998,Zachary,50
VT,M,1998,Nicholas,48
VT,M,1998,Joshua,47
VT,M,1998,Benjamin,44
VT,M,1998,Alexander,43
VT,M,1998,Austin,42
VT,M,1998,Dylan,42
VT,M,1999,Jacob,74
VT,M,1999,Nicholas,68
VT,M,1999,Matthew,63
VT,M,1999,Dylan,58
VT,M,1999,Ryan,54
VT,M,1999,Michael,50
VT,M,1999,Zachary,46
VT,M,1999,Joshua,44
VT,M,1999,Kyle,41
VT,M,1999,Hunter,39
VT,M,2000,Jacob,79
VT,M,2000,Matthew,61
VT,M,2000,Ryan,59
VT,M,2000,Michael,52
VT,M,2000,Tyler,51
VT,M,2000,Noah,49
VT,M,2000,Benjamin,47
VT,M,2000,Nicholas,47
VT,M,2000,Zachary,44
VT,M,2000,William,43
VT,M,2001,Jacob,77
VT,M,2001,Nicholas,49
VT,M,2001,Dylan,48
VT,M,2001,Ethan,47
VT,M,2001,Samuel,47
VT,M,2001,Benjamin,45
VT,M,2001,Zachary,45
VT,M,2001,Noah,44
VT,M,2001,Tyler,44
VT,M,2001,Matthew,43
VT,M,2002,Ethan,71
VT,M,2002,Jacob,60
VT,M,2002,Matthew,57
VT,M,2002,Hunter,51
VT,M,2002,William,47
VT,M,2002,Nicholas,45
VT,M,2002,Dylan,43
VT,M,2002,Ryan,43
VT,M,2002,Samuel,41
VT,M,2002,Tyler,40
VT,M,2003,Ethan,60
VT,M,2003,Jacob,57
VT,M,2003,Benjamin,49
VT,M,2003,Tyler,47
VT,M,2003,William,47
VT,M,2003,Ryan,45
VT,M,2003,Samuel,45
VT,M,2003,Alexander,44
VT,M,2003,Owen,43
VT,M,2003,Dylan,42
VT,M,2004,Jacob,65
VT,M,2004,Ryan,47
VT,M,2004,William,45
VT,M,2004,Ethan,43
VT,M,2004,Matthew,42
VT,M,2004,Samuel,42
VT,M,2004,Dylan,40
VT,M,2004,Benjamin,39
VT,M,2004,Owen,39
VT,M,2004,Logan,35
VT,M,2005,Jacob,63
VT,M,2005,Connor,44
VT,M,2005,Matthew,42
VT,M,2005,Samuel,42
VT,M,2005,Ryan,39
VT,M,2005,William,39
VT,M,2005,Noah,37
VT,M,2005,Benjamin,36
VT,M,2005,Aiden,35
VT,M,2005,Ethan,35
VT,M,2006,Jacob,56
VT,M,2006,William,42
VT,M,2006,Noah,41
VT,M,2006,Owen,38
VT,M,2006,Aiden,37
VT,M,2006,Nicholas,34
VT,M,2006,Tyler,34
VT,M,2006,Dylan,33
VT,M,2006,Ethan,32
VT,M,2006,Ryan,32
VT,M,2007,Logan,50
VT,M,2007,Jacob,41
VT,M,2007,Alexander,36
VT,M,2007,Mason,33
VT,M,2007,Noah,33
VT,M,2007,Caleb,32
VT,M,2007,Aiden,31
VT,M,2007,Ethan,31
VT,M,2007,Ryan,31
VT,M,2007,Owen,30
VT,M,2008,Jacob,45
VT,M,2008,Noah,45
VT,M,2008,Benjamin,40
VT,M,2008,Logan,37
VT,M,2008,Mason,36
VT,M,2008,Wyatt,36
VT,M,2008,Owen,33
VT,M,2008,Ryan,33
VT,M,2008,Ethan,32
VT,M,2008,Evan,30
VT,M,2009,Noah,46
VT,M,2009,William,43
VT,M,2009,Owen,40
VT,M,2009,Logan,37
VT,M,2009,Aiden,34
VT,M,2009,Hunter,33
VT,M,2009,Jackson,32
VT,M,2009,Jacob,31
VT,M,2009,Carter,30
VT,M,2009,Wyatt,29
VT,M,2010,Logan,43
VT,M,2010,Wyatt,38
VT,M,2010,William,36
VT,M,2010,Connor,35
VT,M,2010,Liam,34
VT,M,2010,Mason,32
VT,M,2010,Carter,29
VT,M,2010,Jackson,29
VT,M,2010,Noah,29
VT,M,2010,Owen,29
VT,M,2011,Liam,41
VT,M,2011,William,38
VT,M,2011,Mason,37
VT,M,2011,Carter,35
VT,M,2011,Owen,34
VT,M,2011,Benjamin,33
VT,M,2011,Ethan,31
VT,M,2011,Logan,30
VT,M,2011,Samuel,28
VT,M,2011,James,27
VT,M,2012,Mason,43
VT,M,2012,Noah,42
VT,M,2012,Liam,40
VT,M,2012,Owen,37
VT,M,2012,Logan,34
VT,M,2012,Jacob,33
VT,M,2012,Benjamin,29
VT,M,2012,Aiden,28
VT,M,2012,Jackson,28
VT,M,2012,Wyatt,28
VT,M,2013,Mason,43
VT,M,2013,Owen,43
VT,M,2013,Carter,37
VT,M,2013,Ethan,36
VT,M,2013,Liam,36
VT,M,2013,Jack,33
VT,M,2013,Henry,32
VT,M,2013,Hunter,30
VT,M,2013,Wyatt,29
VT,M,2013,Oliver,28
VT,M,2014,Liam,47
VT,M,2014,Mason,39
VT,M,2014,Oliver,35
VT,M,2014,Carter,33
VT,M,2014,William,32
VT,M,2014,Benjamin,27
VT,M,2014,Jackson,27
VT,M,2014,Henry,26
VT,M,2014,Samuel,26
VT,M,2014,Michael,25
VT,M,2015,Liam,40
VT,M,2015,Oliver,35
VT,M,2015,Jackson,34
VT,M,2015,Mason,33
VT,M,2015,Owen,32
VT,M,2015,Carter,31
VT,M,2015,Wyatt,30
VT,M,2015,Samuel,28
VT,M,2015,Noah,27
VT,M,2015,Alexander,25
VT,M,2016,Owen,47
VT,M,2016,Oliver,39
VT,M,2016,Wyatt,32
VT,M,2016,William,31
VT,M,2016,Henry,28
VT,M,2016,Carter,27
VT,M,2016,Benjamin,26
VT,M,2016,Levi,24
VT,M,2016,Liam,24
VT,M,2016,Lucas,21
VT,M,2017,Wyatt,36
VT,M,2017,William,32
VT,M,2017,Oliver,31
VT,M,2017,Liam,30
VT,M,2017,Noah,29
VT,M,2017,Mason,27
VT,M,2017,Benjamin,26
VT,M,2017,Henry,26
VT,M,2017,James,25
VT,M,2017,Owen,25
VT,M,2018,Oliver,38
VT,M,2018,Liam,31
VT,M,2018,Owen,30
VT,M,2018,Levi,27
VT,M,2018,Benjamin,25
VT,M,2018,Lucas,25
VT,M,2018,Mason,25
VT,M,2018,Noah,25
VT,M,2018,Jackson,24
VT,M,2018,Henry,23
VT,M,2019,Oliver,40
VT,M,2019,Henry,32
VT,M,2019,Liam,31
VT,M,2019,Owen,28
VT,M,2019,Wyatt,27
VT,M,2019,Benjamin,24
VT,M,2019,John,23
VT,M,2019,Jackson,22
VT,M,2019,Levi,22
VT,M,2019,Emmett,21
