WA,F,1920,Mary,544
WA,F,1920,Dorothy,440
WA,F,1920,Margaret,346
WA,F,1920,Betty,341
WA,F,1920,Helen,319
WA,F,1920,Ruth,251
WA,F,1920,Virginia,215
WA,F,1920,Frances,192
WA,F,1920,Doris,177
WA,F,1920,Evelyn,170
WA,F,1921,Mary,531
WA,F,1921,Dorothy,455
WA,F,1921,Betty,368
WA,F,1921,Margaret,334
WA,F,1921,Helen,324
WA,F,1921,Virginia,245
WA,F,1921,Ruth,200
WA,F,1921,Marjorie,185
WA,F,1921,Patricia,166
WA,F,1921,Frances,159
WA,F,1922,Mary,531
WA,F,1922,Betty,447
WA,F,1922,Dorothy,400
WA,F,1922,Margaret,334
WA,F,1922,Helen,271
WA,F,1922,Virginia,241
WA,F,1922,Ruth,196
WA,F,1922,Marjorie,182
WA,F,1922,Doris,164
WA,F,1922,Patricia,154
WA,F,1923,Betty,516
WA,F,1923,Mary,475
WA,F,1923,Dorothy,400
WA,F,1923,Helen,296
WA,F,1923,Margaret,280
WA,F,1923,Virginia,233
WA,F,1923,Ruth,202
WA,F,1923,Shirley,177
WA,F,1923,Patricia,164
WA,F,1923,Doris,160
WA,F,1924,Betty,527
WA,F,1924,Mary,464
WA,F,1924,Dorothy,418
WA,F,1924,Margaret,261
WA,F,1924,Patricia,252
WA,F,1924,Helen,248
WA,F,1924,Virginia,223
WA,F,1924,Ruth,178
WA,F,1924,Barbara,176
WA,F,1924,Shirley,170
WA,F,1925,Betty,511
WA,F,1925,Mary,436
WA,F,1925,Dorothy,381
WA,F,1925,Shirley,242
WA,F,1925,Margaret,235
WA,F,1925,Helen,230
WA,F,1925,Patricia,227
WA,F,1925,Virginia,218
WA,F,1925,Barbara,194
WA,F,1925,Lois,179
WA,F,1926,Betty,479
WA,F,1926,Mary,435
WA,F,1926,Dorothy,343
WA,F,1926,Shirley,250
WA,F,1926,Patricia,246
WA,F,1926,Margaret,239
WA,F,1926,Helen,237
WA,F,1926,Barbara,236
WA,F,1926,Virginia,183
WA,F,1926,Doris,167
WA,F,1927,Betty,483
WA,F,1927,Mary,462
WA,F,1927,Dorothy,334
WA,F,1927,Barbara,299
WA,F,1927,Shirley,282
WA,F,1927,Patricia,253
WA,F,1927,Helen,205
WA,F,1927,Lois,173
WA,F,1927,Margaret,172
WA,F,1927,Virginia,163
WA,F,1928,Betty,447
WA,F,1928,Mary,400
WA,F,1928,Shirley,306
WA,F,1928,Barbara,301
WA,F,1928,Dorothy,293
WA,F,1928,Patricia,247
WA,F,1928,Margaret,178
WA,F,1928,Beverly,172
WA,F,1928,Virginia,162
WA,F,1928,Helen,157
WA,F,1929,Mary,432
WA,F,1929,Betty,431
WA,F,1929,Barbara,316
WA,F,1929,Shirley,304
WA,F,1929,Patricia,279
WA,F,1929,Dorothy,255
WA,F,1929,Margaret,172
WA,F,1929,Donna,170
WA,F,1929,Beverly,168
WA,F,1929,Dolores,167
WA,F,1930,Betty,408
WA,F,1930,Mary,401
WA,F,1930,Shirley,316
WA,F,1930,Barbara,313
WA,F,1930,Patricia,302
WA,F,1930,Dorothy,228
WA,F,1930,Donna,212
WA,F,1930,Dolores,182
WA,F,1930,Joan,173
WA,F,1930,Helen,172
WA,F,1931,Mary,377
WA,F,1931,Barbara,333
WA,F,1931,Betty,333
WA,F,1931,Patricia,303
WA,F,1931,Shirley,258
WA,F,1931,Donna,230
WA,F,1931,Dorothy,221
WA,F,1931,Beverly,169
WA,F,1931,Joan,167
WA,F,1931,Dolores,166
WA,F,1932,Barbara,404
WA,F,1932,Mary,398
WA,F,1932,Betty,317
WA,F,1932,Shirley,276
WA,F,1932,Patricia,275
WA,F,1932,Donna,237
WA,F,1932,Beverly,185
WA,F,1932,Joan,181
WA,F,1932,Dorothy,175
WA,F,1932,Marilyn,170
WA,F,1933,Mary,388
WA,F,1933,Barbara,362
WA,F,1933,Patricia,291
WA,F,1933,Donna,265
WA,F,1933,Betty,255
WA,F,1933,Shirley,228
WA,F,1933,Beverly,175
WA,F,1933,Joan,166
WA,F,1933,Dorothy,153
WA,F,1933,Marilyn,152
WA,F,1934,Barbara,404
WA,F,1934,Mary,361
WA,F,1934,Patricia,306
WA,F,1934,Shirley,298
WA,F,1934,Joan,238
WA,F,1934,Betty,228
WA,F,1934,Donna,195
WA,F,1934,Carol,190
WA,F,1934,Janet,182
WA,F,1934,Marilyn,180
WA,F,1935,Shirley,451
WA,F,1935,Barbara,399
WA,F,1935,Mary,375
WA,F,1935,Patricia,301
WA,F,1935,Donna,220
WA,F,1935,Carol,218
WA,F,1935,Betty,197
WA,F,1935,Marilyn,193
WA,F,1935,Joan,178
WA,F,1935,Nancy,156
WA,F,1936,Mary,351
WA,F,1936,Barbara,340
WA,F,1936,Shirley,307
WA,F,1936,Patricia,300
WA,F,1936,Carol,267
WA,F,1936,Donna,262
WA,F,1936,Marilyn,225
WA,F,1936,Nancy,208
WA,F,1936,Betty,189
WA,F,1936,Joan,184
WA,F,1937,Barbara,388
WA,F,1937,Mary,378
WA,F,1937,Patricia,357
WA,F,1937,Carol,320
WA,F,1937,Donna,242
WA,F,1937,Shirley,242
WA,F,1937,Sharon,226
WA,F,1937,Nancy,212
WA,F,1937,Janet,194
WA,F,1937,Betty,188
WA,F,1938,Mary,382
WA,F,1938,Barbara,369
WA,F,1938,Patricia,364
WA,F,1938,Sharon,344
WA,F,1938,Carol,332
WA,F,1938,Shirley,252
WA,F,1938,Donna,250
WA,F,1938,Nancy,222
WA,F,1938,Marilyn,191
WA,F,1938,Betty,178
WA,F,1939,Barbara,370
WA,F,1939,Patricia,370
WA,F,1939,Sharon,369
WA,F,1939,Mary,349
WA,F,1939,Carol,299
WA,F,1939,Nancy,284
WA,F,1939,Judith,248
WA,F,1939,Marilyn,225
WA,F,1939,Sandra,213
WA,F,1939,Donna,206
WA,F,1940,Sharon,438
WA,F,1940,Judith,380
WA,F,1940,Mary,368
WA,F,1940,Patricia,350
WA,F,1940,Linda,349
WA,F,1940,Barbara,340
WA,F,1940,Carol,325
WA,F,1940,Judy,297
WA,F,1940,Sandra,281
WA,F,1940,Nancy,244
WA,F,1941,Sharon,520
WA,F,1941,Patricia,425
WA,F,1941,Mary,423
WA,F,1941,Linda,420
WA,F,1941,Judith,414
WA,F,1941,Barbara,355
WA,F,1941,Carol,352
WA,F,1941,Karen,351
WA,F,1941,Judy,340
WA,F,1941,Sandra,321
WA,F,1942,Sharon,721
WA,F,1942,Linda,608
WA,F,1942,Mary,572
WA,F,1942,Patricia,516
WA,F,1942,Karen,471
WA,F,1942,Carol,465
WA,F,1942,Judith,456
WA,F,1942,Barbara,451
WA,F,1942,Judy,405
WA,F,1942,Sandra,399
WA,F,1943,Linda,776
WA,F,1943,Sharon,758
WA,F,1943,Mary,601
WA,F,1943,Carol,574
WA,F,1943,Patricia,543
WA,F,1943,Karen,524
WA,F,1943,Judy,516
WA,F,1943,Barbara,496
WA,F,1943,Sandra,449
WA,F,1943,Judith,421
WA,F,1944,Linda,812
WA,F,1944,Mary,684
WA,F,1944,Sharon,654
WA,F,1944,Carol,601
WA,F,1944,Barbara,543
WA,F,1944,Sandra,466
WA,F,1944,Karen,465
WA,F,1944,Patricia,464
WA,F,1944,Susan,433
WA,F,1944,Judy,430
WA,F,1945,Linda,818
WA,F,1945,Mary,655
WA,F,1945,Carol,592
WA,F,1945,Patricia,551
WA,F,1945,Barbara,536
WA,F,1945,Sharon,512
WA,F,1945,Susan,495
WA,F,1945,Judy,455
WA,F,1945,Sandra,424
WA,F,1945,Karen,407
WA,F,1946,Linda,916
WA,F,1946,Mary,753
WA,F,1946,Susan,665
WA,F,1946,Patricia,650
WA,F,1946,Carol,627
WA,F,1946,Sharon,614
WA,F,1946,Barbara,613
WA,F,1946,Sandra,548
WA,F,1946,Nancy,483
WA,F,1946,Judy,482
WA,F,1947,Linda,1697
WA,F,1947,Mary,790
WA,F,1947,Susan,773
WA,F,1947,Patricia,733
WA,F,1947,Barbara,681
WA,F,1947,Nancy,588
WA,F,1947,Sharon,575
WA,F,1947,Sandra,569
WA,F,1947,Carol,549
WA,F,1947,Kathleen,499
WA,F,1948,Linda,1750
WA,F,1948,Susan,863
WA,F,1948,Mary,805
WA,F,1948,Patricia,722
WA,F,1948,Barbara,629
WA,F,1948,Sandra,533
WA,F,1948,Karen,525
WA,F,1948,Kathleen,524
WA,F,1948,Carol,522
WA,F,1948,Nancy,516
WA,F,1949,Linda,1538
WA,F,1949,Susan,827
WA,F,1949,Mary,796
WA,F,1949,Patricia,684
WA,F,1949,Kathleen,637
WA,F,1949,Barbara,594
WA,F,1949,Carol,553
WA,F,1949,Sandra,520
WA,F,1949,Nancy,517
WA,F,1949,Karen,475
WA,F,1950,Linda,1330
WA,F,1950,Mary,819
WA,F,1950,Susan,788
WA,F,1950,Patricia,727
WA,F,1950,Kathleen,561
WA,F,1950,Barbara,557
WA,F,1950,Nancy,512
WA,F,1950,Karen,476
WA,F,1950,Carol,456
WA,F,1950,Sandra,442
WA,F,1951,Linda,1104
WA,F,1951,Susan,870
WA,F,1951,Patricia,792
WA,F,1951,Mary,737
WA,F,1951,Karen,592
WA,F,1951,Kathleen,578
WA,F,1951,Barbara,571
WA,F,1951,Deborah,529
WA,F,1951,Nancy,494
WA,F,1951,Sandra,451
WA,F,1952,Linda,1022
WA,F,1952,Susan,832
WA,F,1952,Mary,828
WA,F,1952,Patricia,698
WA,F,1952,Deborah,691
WA,F,1952,Karen,599
WA,F,1952,Barbara,596
WA,F,1952,Kathleen,586
WA,F,1952,Debra,564
WA,F,1952,Nancy,499
WA,F,1953,Linda,895
WA,F,1953,Susan,851
WA,F,1953,Mary,759
WA,F,1953,Debra,754
WA,F,1953,Deborah,744
WA,F,1953,Patricia,739
WA,F,1953,Karen,539
WA,F,1953,Barbara,536
WA,F,1953,Nancy,533
WA,F,1953,Pamela,494
WA,F,1954,Susan,909
WA,F,1954,Debra,890
WA,F,1954,Linda,831
WA,F,1954,Mary,790
WA,F,1954,Patricia,683
WA,F,1954,Deborah,673
WA,F,1954,Karen,587
WA,F,1954,Pamela,559
WA,F,1954,Barbara,507
WA,F,1954,Nancy,461
WA,F,1955,Susan,945
WA,F,1955,Debra,930
WA,F,1955,Linda,784
WA,F,1955,Mary,735
WA,F,1955,Deborah,616
WA,F,1955,Patricia,604
WA,F,1955,Karen,576
WA,F,1955,Barbara,466
WA,F,1955,Nancy,453
WA,F,1955,Pamela,451
WA,F,1956,Susan,813
WA,F,1956,Debra,806
WA,F,1956,Mary,700
WA,F,1956,Linda,699
WA,F,1956,Karen,668
WA,F,1956,Deborah,534
WA,F,1956,Patricia,528
WA,F,1956,Cynthia,460
WA,F,1956,Cheryl,453
WA,F,1956,Barbara,427
WA,F,1957,Susan,699
WA,F,1957,Mary,686
WA,F,1957,Karen,660
WA,F,1957,Debra,655
WA,F,1957,Linda,646
WA,F,1957,Cynthia,495
WA,F,1957,Cindy,493
WA,F,1957,Patricia,454
WA,F,1957,Deborah,430
WA,F,1957,Julie,428
WA,F,1958,Susan,706
WA,F,1958,Karen,621
WA,F,1958,Mary,621
WA,F,1958,Linda,598
WA,F,1958,Julie,530
WA,F,1958,Debra,501
WA,F,1958,Lori,433
WA,F,1958,Cheryl,415
WA,F,1958,Cindy,411
WA,F,1958,Kathy,411
WA,F,1959,Mary,683
WA,F,1959,Susan,658
WA,F,1959,Karen,579
WA,F,1959,Linda,571
WA,F,1959,Julie,478
WA,F,1959,Lori,446
WA,F,1959,Debbie,428
WA,F,1959,Debra,427
WA,F,1959,Lisa,414
WA,F,1959,Cindy,406
WA,F,1960,Susan,642
WA,F,1960,Mary,549
WA,F,1960,Karen,528
WA,F,1960,Lisa,514
WA,F,1960,Linda,513
WA,F,1960,Julie,476
WA,F,1960,Lori,471
WA,F,1960,Teresa,384
WA,F,1960,Debra,383
WA,F,1960,Patricia,338
WA,F,1961,Lisa,648
WA,F,1961,Susan,586
WA,F,1961,Karen,540
WA,F,1961,Lori,528
WA,F,1961,Mary,495
WA,F,1961,Linda,484
WA,F,1961,Julie,470
WA,F,1961,Teresa,432
WA,F,1961,Debbie,332
WA,F,1961,Cheryl,315
WA,F,1962,Lisa,717
WA,F,1962,Susan,552
WA,F,1962,Mary,513
WA,F,1962,Julie,505
WA,F,1962,Lori,491
WA,F,1962,Karen,457
WA,F,1962,Linda,450
WA,F,1962,Teresa,407
WA,F,1962,Kimberly,308
WA,F,1962,Debra,291
WA,F,1963,Lisa,785
WA,F,1963,Susan,536
WA,F,1963,Mary,465
WA,F,1963,Karen,421
WA,F,1963,Julie,413
WA,F,1963,Lori,390
WA,F,1963,Teresa,384
WA,F,1963,Kimberly,376
WA,F,1963,Linda,347
WA,F,1963,Michelle,284
WA,F,1964,Lisa,745
WA,F,1964,Mary,443
WA,F,1964,Susan,442
WA,F,1964,Karen,386
WA,F,1964,Lori,359
WA,F,1964,Teresa,358
WA,F,1964,Julie,349
WA,F,1964,Michelle,301
WA,F,1964,Linda,297
WA,F,1964,Kimberly,294
WA,F,1965,Lisa,697
WA,F,1965,Kimberly,406
WA,F,1965,Karen,387
WA,F,1965,Julie,383
WA,F,1965,Susan,355
WA,F,1965,Mary,352
WA,F,1965,Michelle,290
WA,F,1965,Teresa,278
WA,F,1965,Lori,274
WA,F,1965,Jennifer,255
WA,F,1966,Lisa,724
WA,F,1966,Michelle,465
WA,F,1966,Kimberly,436
WA,F,1966,Julie,387
WA,F,1966,Mary,325
WA,F,1966,Jennifer,313
WA,F,1966,Susan,308
WA,F,1966,Karen,277
WA,F,1966,Tina,245
WA,F,1966,Teresa,242
WA,F,1967,Lisa,771
WA,F,1967,Michelle,610
WA,F,1967,Kimberly,433
WA,F,1967,Julie,368
WA,F,1967,Jennifer,329
WA,F,1967,Mary,326
WA,F,1967,Susan,315
WA,F,1967,Tina,271
WA,F,1967,Karen,263
WA,F,1967,Christine,254
WA,F,1968,Lisa,795
WA,F,1968,Michelle,641
WA,F,1968,Jennifer,498
WA,F,1968,Kimberly,488
WA,F,1968,Julie,374
WA,F,1968,Angela,341
WA,F,1968,Tina,304
WA,F,1968,Kelly,270
WA,F,1968,Susan,254
WA,F,1968,Laura,248
WA,F,1969,Michelle,712
WA,F,1969,Lisa,708
WA,F,1969,Jennifer,607
WA,F,1969,Kimberly,486
WA,F,1969,Julie,441
WA,F,1969,Shannon,354
WA,F,1969,Angela,324
WA,F,1969,Amy,290
WA,F,1969,Christine,257
WA,F,1969,Wendy,256
WA,F,1970,Jennifer,837
WA,F,1970,Michelle,649
WA,F,1970,Lisa,554
WA,F,1970,Kimberly,440
WA,F,1970,Angela,419
WA,F,1970,Julie,386
WA,F,1970,Amy,358
WA,F,1970,Heather,351
WA,F,1970,Shannon,342
WA,F,1970,Tina,269
WA,F,1971,Jennifer,1025
WA,F,1971,Michelle,560
WA,F,1971,Lisa,465
WA,F,1971,Kimberly,431
WA,F,1971,Angela,422
WA,F,1971,Amy,385
WA,F,1971,Heather,325
WA,F,1971,Julie,325
WA,F,1971,Shannon,305
WA,F,1971,Melissa,253
WA,F,1972,Jennifer,1123
WA,F,1972,Michelle,451
WA,F,1972,Lisa,405
WA,F,1972,Amy,373
WA,F,1972,Angela,363
WA,F,1972,Heather,363
WA,F,1972,Kimberly,321
WA,F,1972,Shannon,282
WA,F,1972,Julie,274
WA,F,1972,Stephanie,251
WA,F,1973,Jennifer,1033
WA,F,1973,Michelle,428
WA,F,1973,Amy,416
WA,F,1973,Heather,394
WA,F,1973,Angela,352
WA,F,1973,Lisa,337
WA,F,1973,Kimberly,317
WA,F,1973,Melissa,268
WA,F,1973,Shannon,253
WA,F,1973,Stephanie,252
WA,F,1974,Jennifer,1090
WA,F,1974,Amy,496
WA,F,1974,Heather,494
WA,F,1974,Angela,451
WA,F,1974,Michelle,399
WA,F,1974,Lisa,346
WA,F,1974,Rebecca,279
WA,F,1974,Kimberly,278
WA,F,1974,Melissa,273
WA,F,1974,Shannon,256
WA,F,1975,Jennifer,1038
WA,F,1975,Amy,574
WA,F,1975,Heather,455
WA,F,1975,Angela,452
WA,F,1975,Michelle,381
WA,F,1975,Melissa,357
WA,F,1975,Sarah,330
WA,F,1975,Lisa,293
WA,F,1975,Rebecca,276
WA,F,1975,Stephanie,269
WA,F,1976,Jennifer,1064
WA,F,1976,Amy,607
WA,F,1976,Heather,498
WA,F,1976,Angela,438
WA,F,1976,Sarah,419
WA,F,1976,Michelle,377
WA,F,1976,Melissa,364
WA,F,1976,Jessica,357
WA,F,1976,Lisa,275
WA,F,1976,Rebecca,264
WA,F,1977,Jennifer,1087
WA,F,1977,Sarah,522
WA,F,1977,Heather,510
WA,F,1977,Jessica,506
WA,F,1977,Amy,479
WA,F,1977,Melissa,427
WA,F,1977,Angela,426
WA,F,1977,Michelle,333
WA,F,1977,Lisa,324
WA,F,1977,Stephanie,269
WA,F,1978,Jennifer,1058
WA,F,1978,Sarah,524
WA,F,1978,Jessica,490
WA,F,1978,Heather,467
WA,F,1978,Melissa,466
WA,F,1978,Angela,445
WA,F,1978,Amy,395
WA,F,1978,Michelle,360
WA,F,1978,Christina,327
WA,F,1978,Nicole,307
WA,F,1979,Jennifer,1082
WA,F,1979,Sarah,598
WA,F,1979,Jessica,594
WA,F,1979,Melissa,579
WA,F,1979,Angela,443
WA,F,1979,Heather,435
WA,F,1979,Amanda,428
WA,F,1979,Amy,396
WA,F,1979,Michelle,396
WA,F,1979,Nicole,337
WA,F,1980,Jennifer,1061
WA,F,1980,Sarah,686
WA,F,1980,Jessica,616
WA,F,1980,Melissa,561
WA,F,1980,Amanda,526
WA,F,1980,Heather,450
WA,F,1980,Angela,388
WA,F,1980,Amy,378
WA,F,1980,Michelle,373
WA,F,1980,Elizabeth,370
WA,F,1981,Jennifer,1085
WA,F,1981,Jessica,788
WA,F,1981,Sarah,725
WA,F,1981,Amanda,565
WA,F,1981,Melissa,536
WA,F,1981,Nicole,429
WA,F,1981,Stephanie,413
WA,F,1981,Michelle,381
WA,F,1981,Amy,379
WA,F,1981,Angela,367
WA,F,1982,Jennifer,977
WA,F,1982,Jessica,790
WA,F,1982,Sarah,745
WA,F,1982,Amanda,532
WA,F,1982,Melissa,494
WA,F,1982,Nicole,440
WA,F,1982,Michelle,391
WA,F,1982,Stephanie,387
WA,F,1982,Amy,384
WA,F,1982,Heather,366
WA,F,1983,Jennifer,1041
WA,F,1983,Jessica,764
WA,F,1983,Sarah,683
WA,F,1983,Amanda,559
WA,F,1983,Nicole,462
WA,F,1983,Ashley,453
WA,F,1983,Melissa,432
WA,F,1983,Stephanie,419
WA,F,1983,Heather,402
WA,F,1983,Rachel,381
WA,F,1984,Jennifer,876
WA,F,1984,Jessica,792
WA,F,1984,Amanda,603
WA,F,1984,Sarah,573
WA,F,1984,Ashley,523
WA,F,1984,Stephanie,451
WA,F,1984,Nicole,438
WA,F,1984,Heather,391
WA,F,1984,Rachel,385
WA,F,1984,Melissa,383
WA,F,1985,Jessica,843
WA,F,1985,Jennifer,808
WA,F,1985,Ashley,710
WA,F,1985,Amanda,702
WA,F,1985,Sarah,576
WA,F,1985,Nicole,488
WA,F,1985,Stephanie,427
WA,F,1985,Megan,405
WA,F,1985,Rachel,386
WA,F,1985,Elizabeth,375
WA,F,1986,Jessica,895
WA,F,1986,Ashley,799
WA,F,1986,Amanda,710
WA,F,1986,Jennifer,671
WA,F,1986,Sarah,588
WA,F,1986,Nicole,423
WA,F,1986,Stephanie,408
WA,F,1986,Megan,387
WA,F,1986,Rachel,382
WA,F,1986,Amber,338
WA,F,1987,Jessica,884
WA,F,1987,Ashley,865
WA,F,1987,Amanda,815
WA,F,1987,Sarah,630
WA,F,1987,Jennifer,556
WA,F,1987,Nicole,416
WA,F,1987,Stephanie,383
WA,F,1987,Megan,366
WA,F,1987,Heather,362
WA,F,1987,Rachel,362
WA,F,1988,Jessica,930
WA,F,1988,Ashley,853
WA,F,1988,Amanda,780
WA,F,1988,Sarah,564
WA,F,1988,Jennifer,479
WA,F,1988,Nicole,427
WA,F,1988,Stephanie,426
WA,F,1988,Samantha,390
WA,F,1988,Brittany,368
WA,F,1988,Elizabeth,345
WA,F,1989,Jessica,862
WA,F,1989,Ashley,847
WA,F,1989,Amanda,738
WA,F,1989,Sarah,612
WA,F,1989,Brittany,500
WA,F,1989,Samantha,445
WA,F,1989,Elizabeth,409
WA,F,1989,Jennifer,408
WA,F,1989,Stephanie,389
WA,F,1989,Rachel,380
WA,F,1990,Jessica,844
WA,F,1990,Ashley,804
WA,F,1990,Amanda,783
WA,F,1990,Sarah,563
WA,F,1990,Brittany,470
WA,F,1990,Samantha,451
WA,F,1990,Megan,413
WA,F,1990,Stephanie,412
WA,F,1990,Nicole,408
WA,F,1990,Emily,400
WA,F,1991,Jessica,847
WA,F,1991,Ashley,789
WA,F,1991,Amanda,720
WA,F,1991,Sarah,542
WA,F,1991,Samantha,533
WA,F,1991,Emily,456
WA,F,1991,Kayla,450
WA,F,1991,Stephanie,401
WA,F,1991,Megan,367
WA,F,1991,Brittany,363
WA,F,1992,Jessica,747
WA,F,1992,Ashley,671
WA,F,1992,Sarah,526
WA,F,1992,Amanda,504
WA,F,1992,Samantha,491
WA,F,1992,Emily,471
WA,F,1992,Rachel,372
WA,F,1992,Elizabeth,363
WA,F,1992,Megan,361
WA,F,1992,Kayla,359
WA,F,1993,Jessica,698
WA,F,1993,Ashley,628
WA,F,1993,Sarah,506
WA,F,1993,Emily,496
WA,F,1993,Samantha,470
WA,F,1993,Amanda,432
WA,F,1993,Taylor,391
WA,F,1993,Hannah,334
WA,F,1993,Elizabeth,330
WA,F,1993,Megan,329
WA,F,1994,Jessica,674
WA,F,1994,Emily,531
WA,F,1994,Ashley,512
WA,F,1994,Sarah,474
WA,F,1994,Samantha,453
WA,F,1994,Taylor,411
WA,F,1994,Amanda,376
WA,F,1994,Hannah,355
WA,F,1994,Rachel,345
WA,F,1994,Megan,327
WA,F,1995,Jessica,527
WA,F,1995,Emily,510
WA,F,1995,Ashley,453
WA,F,1995,Hannah,431
WA,F,1995,Samantha,423
WA,F,1995,Sarah,402
WA,F,1995,Taylor,383
WA,F,1995,Amanda,330
WA,F,1995,Rachel,325
WA,F,1995,Megan,319
WA,F,1996,Emily,523
WA,F,1996,Sarah,459
WA,F,1996,Jessica,446
WA,F,1996,Hannah,411
WA,F,1996,Samantha,400
WA,F,1996,Madison,394
WA,F,1996,Ashley,362
WA,F,1996,Elizabeth,335
WA,F,1996,Taylor,323
WA,F,1996,Rachel,310
WA,F,1997,Emily,638
WA,F,1997,Hannah,448
WA,F,1997,Sarah,429
WA,F,1997,Jessica,423
WA,F,1997,Samantha,417
WA,F,1997,Madison,411
WA,F,1997,Megan,349
WA,F,1997,Ashley,346
WA,F,1997,Taylor,330
WA,F,1997,Elizabeth,307
WA,F,1998,Emily,566
WA,F,1998,Hannah,491
WA,F,1998,Madison,446
WA,F,1998,Samantha,409
WA,F,1998,Taylor,367
WA,F,1998,Sarah,366
WA,F,1998,Emma,360
WA,F,1998,Jessica,354
WA,F,1998,Alexis,339
WA,F,1998,Ashley,310
WA,F,1999,Emily,554
WA,F,1999,Hannah,487
WA,F,1999,Samantha,402
WA,F,1999,Madison,392
WA,F,1999,Jessica,352
WA,F,1999,Taylor,333
WA,F,1999,Emma,330
WA,F,1999,Alexis,325
WA,F,1999,Elizabeth,307
WA,F,1999,Sarah,307
WA,F,2000,Emily,558
WA,F,2000,Hannah,507
WA,F,2000,Madison,441
WA,F,2000,Emma,368
WA,F,2000,Sarah,351
WA,F,2000,Samantha,322
WA,F,2000,Ashley,318
WA,F,2000,Jessica,316
WA,F,2000,Taylor,311
WA,F,2000,Alexis,307
WA,F,2001,Emily,507
WA,F,2001,Madison,452
WA,F,2001,Hannah,434
WA,F,2001,Emma,351
WA,F,2001,Grace,332
WA,F,2001,Olivia,332
WA,F,2001,Elizabeth,323
WA,F,2001,Samantha,310
WA,F,2001,Sarah,298
WA,F,2001,Ashley,283
WA,F,2002,Emily,495
WA,F,2002,Emma,429
WA,F,2002,Hannah,416
WA,F,2002,Madison,392
WA,F,2002,Olivia,333
WA,F,2002,Grace,323
WA,F,2002,Elizabeth,301
WA,F,2002,Abigail,278
WA,F,2002,Samantha,271
WA,F,2002,Alexis,268
WA,F,2003,Emma,555
WA,F,2003,Emily,480
WA,F,2003,Olivia,383
WA,F,2003,Madison,371
WA,F,2003,Hannah,359
WA,F,2003,Grace,330
WA,F,2003,Abigail,312
WA,F,2003,Elizabeth,305
WA,F,2003,Isabella,301
WA,F,2003,Samantha,275
WA,F,2004,Emma,487
WA,F,2004,Emily,467
WA,F,2004,Olivia,364
WA,F,2004,Isabella,363
WA,F,2004,Madison,350
WA,F,2004,Hannah,347
WA,F,2004,Grace,313
WA,F,2004,Sophia,288
WA,F,2004,Elizabeth,269
WA,F,2004,Abigail,267
WA,F,2005,Emma,424
WA,F,2005,Emily,413
WA,F,2005,Madison,358
WA,F,2005,Olivia,354
WA,F,2005,Isabella,328
WA,F,2005,Ava,317
WA,F,2005,Sophia,312
WA,F,2005,Samantha,301
WA,F,2005,Abigail,300
WA,F,2005,Hannah,299
WA,F,2006,Emma,422
WA,F,2006,Emily,392
WA,F,2006,Ava,377
WA,F,2006,Olivia,359
WA,F,2006,Isabella,353
WA,F,2006,Madison,347
WA,F,2006,Sophia,347
WA,F,2006,Abigail,301
WA,F,2006,Hannah,294
WA,F,2006,Elizabeth,285
WA,F,2007,Olivia,432
WA,F,2007,Emily,431
WA,F,2007,Emma,395
WA,F,2007,Isabella,370
WA,F,2007,Sophia,370
WA,F,2007,Ava,355
WA,F,2007,Abigail,334
WA,F,2007,Elizabeth,316
WA,F,2007,Madison,313
WA,F,2007,Hannah,295
WA,F,2008,Olivia,430
WA,F,2008,Emma,395
WA,F,2008,Ava,380
WA,F,2008,Sophia,380
WA,F,2008,Emily,375
WA,F,2008,Isabella,373
WA,F,2008,Abigail,340
WA,F,2008,Madison,312
WA,F,2008,Chloe,308
WA,F,2008,Elizabeth,267
WA,F,2009,Isabella,451
WA,F,2009,Sophia,430
WA,F,2009,Olivia,428
WA,F,2009,Emma,388
WA,F,2009,Abigail,327
WA,F,2009,Emily,324
WA,F,2009,Ava,318
WA,F,2009,Elizabeth,274
WA,F,2009,Chloe,272
WA,F,2009,Madison,260
WA,F,2010,Sophia,465
WA,F,2010,Olivia,424
WA,F,2010,Isabella,406
WA,F,2010,Emma,358
WA,F,2010,Emily,321
WA,F,2010,Abigail,318
WA,F,2010,Ava,316
WA,F,2010,Elizabeth,273
WA,F,2010,Chloe,262
WA,F,2010,Madison,258
WA,F,2011,Sophia,444
WA,F,2011,Olivia,429
WA,F,2011,Emma,424
WA,F,2011,Emily,333
WA,F,2011,Isabella,331
WA,F,2011,Ava,311
WA,F,2011,Abigail,289
WA,F,2011,Madison,235
WA,F,2011,Chloe,233
WA,F,2011,Elizabeth,230
WA,F,2012,Sophia,477
WA,F,2012,Emma,454
WA,F,2012,Olivia,433
WA,F,2012,Isabella,328
WA,F,2012,Ava,304
WA,F,2012,Emily,304
WA,F,2012,Abigail,276
WA,F,2012,Elizabeth,250
WA,F,2012,Mia,229
WA,F,2012,Ella,224
WA,F,2013,Emma,448
WA,F,2013,Olivia,436
WA,F,2013,Sophia,397
WA,F,2013,Isabella,297
WA,F,2013,Abigail,285
WA,F,2013,Ava,281
WA,F,2013,Emily,272
WA,F,2013,Evelyn,259
WA,F,2013,Charlotte,252
WA,F,2013,Mia,249
WA,F,2014,Olivia,455
WA,F,2014,Emma,436
WA,F,2014,Sophia,363
WA,F,2014,Ava,301
WA,F,2014,Emily,290
WA,F,2014,Isabella,280
WA,F,2014,Abigail,266
WA,F,2014,Charlotte,262
WA,F,2014,Mia,258
WA,F,2014,Evelyn,253
WA,F,2015,Olivia,478
WA,F,2015,Emma,422
WA,F,2015,Sophia,354
WA,F,2015,Ava,306
WA,F,2015,Evelyn,302
WA,F,2015,Emily,299
WA,F,2015,Isabella,279
WA,F,2015,Mia,274
WA,F,2015,Charlotte,264
WA,F,2015,Elizabeth,260
WA,F,2016,Emma,446
WA,F,2016,Olivia,434
WA,F,2016,Sophia,344
WA,F,2016,Evelyn,310
WA,F,2016,Ava,308
WA,F,2016,Mia,306
WA,F,2016,Charlotte,301
WA,F,2016,Amelia,285
WA,F,2016,Abigail,270
WA,F,2016,Elizabeth,250
WA,F,2017,Olivia,432
WA,F,2017,Emma,423
WA,F,2017,Evelyn,337
WA,F,2017,Ava,311
WA,F,2017,Isabella,309
WA,F,2017,Charlotte,305
WA,F,2017,Sophia,292
WA,F,2017,Amelia,285
WA,F,2017,Mia,261
WA,F,2017,Abigail,256
WA,F,2018,Olivia,412
WA,F,2018,Emma,407
WA,F,2018,Evelyn,326
WA,F,2018,Amelia,304
WA,F,2018,Charlotte,298
WA,F,2018,Isabella,285
WA,F,2018,Sophia,285
WA,F,2018,Ava,283
WA,F,2018,Mia,266
WA,F,2018,Harper,259
WA,F,2019,Olivia,415
WA,F,2019,Emma,346
WA,F,2019,Charlotte,341
WA,F,2019,Amelia,329
WA,F,2019,Evelyn,310
WA,F,2019,Sophia,300
WA,F,2019,Isabella,264
WA,F,2019,Ava,249
WA,F,2019,Abigail,243
WA,F,2019,Harper,242
WA,M,1920,Robert,802
WA,M,1920,William,505
WA,M,1920,John,462
WA,M,1920,James,374
WA,M,1920,George,288
WA,M,1920,Donald,273
WA,M,1920,Charles,264
WA,M,1920,Jack,262
WA,M,1920,Richard,247
WA,M,1920,Harold,198
WA,M,1921,Robert,858
WA,M,1921,William,507
WA,M,1921,John,504
WA,M,1921,James,398
WA,M,1921,Donald,311
WA,M,1921,George,269
WA,M,1921,Richard,259
WA,M,1921,Charles,244
WA,M,1921,Jack,229
WA,M,1921,Harold,205
WA,M,1922,Robert,803
WA,M,1922,John,520
WA,M,1922,William,489
WA,M,1922,James,368
WA,M,1922,Donald,345
WA,M,1922,Richard,277
WA,M,1922,George,260
WA,M,1922,Jack,253
WA,M,1922,Charles,221
WA,M,1922,Harold,166
WA,M,1923,Robert,784
WA,M,1923,William,493
WA,M,1923,John,477
WA,M,1923,Donald,345
WA,M,1923,James,341
WA,M,1923,Richard,310
WA,M,1923,Jack,284
WA,M,1923,George,257
WA,M,1923,Charles,224
WA,M,1923,Harold,176
WA,M,1924,Robert,860
WA,M,1924,William,502
WA,M,1924,John,457
WA,M,1924,James,428
WA,M,1924,Donald,375
WA,M,1924,Richard,337
WA,M,1924,Jack,257
WA,M,1924,George,254
WA,M,1924,Charles,248
WA,M,1924,Harold,168
WA,M,1925,Robert,836
WA,M,1925,William,455
WA,M,1925,John,440
WA,M,1925,Donald,400
WA,M,1925,James,376
WA,M,1925,Richard,355
WA,M,1925,George,259
WA,M,1925,Jack,255
WA,M,1925,Charles,230
WA,M,1925,Harold,153
WA,M,1926,Robert,714
WA,M,1926,John,469
WA,M,1926,William,431
WA,M,1926,Donald,395
WA,M,1926,Richard,357
WA,M,1926,James,356
WA,M,1926,George,255
WA,M,1926,Jack,253
WA,M,1926,Charles,208
WA,M,1926,Kenneth,150
WA,M,1927,Robert,690
WA,M,1927,Donald,443
WA,M,1927,John,413
WA,M,1927,William,383
WA,M,1927,James,348
WA,M,1927,Richard,348
WA,M,1927,Jack,245
WA,M,1927,George,235
WA,M,1927,Charles,226
WA,M,1927,Kenneth,153
WA,M,1928,Robert,680
WA,M,1928,Donald,461
WA,M,1928,John,445
WA,M,1928,Richard,426
WA,M,1928,James,374
WA,M,1928,William,372
WA,M,1928,Jack,243
WA,M,1928,George,236
WA,M,1928,Charles,223
WA,M,1928,Kenneth,177
WA,M,1929,Robert,713
WA,M,1929,Donald,475
WA,M,1929,Richard,427
WA,M,1929,John,395
WA,M,1929,William,380
WA,M,1929,James,367
WA,M,1929,Jack,254
WA,M,1929,George,244
WA,M,1929,Charles,231
WA,M,1929,Kenneth,147
WA,M,1930,Robert,674
WA,M,1930,Donald,470
WA,M,1930,Richard,447
WA,M,1930,James,398
WA,M,1930,William,390
WA,M,1930,John,387
WA,M,1930,Jack,224
WA,M,1930,George,214
WA,M,1930,Charles,198
WA,M,1930,Kenneth,161
WA,M,1931,Robert,657
WA,M,1931,Richard,453
WA,M,1931,Donald,443
WA,M,1931,James,381
WA,M,1931,William,376
WA,M,1931,John,375
WA,M,1931,Charles,244
WA,M,1931,Jack,210
WA,M,1931,David,180
WA,M,1931,George,173
WA,M,1932,Robert,607
WA,M,1932,Richard,442
WA,M,1932,Donald,413
WA,M,1932,James,379
WA,M,1932,William,366
WA,M,1932,John,363
WA,M,1932,Ronald,214
WA,M,1932,George,210
WA,M,1932,Charles,200
WA,M,1932,Jack,199
WA,M,1933,Robert,575
WA,M,1933,Richard,452
WA,M,1933,Donald,388
WA,M,1933,James,387
WA,M,1933,John,387
WA,M,1933,William,285
WA,M,1933,Jack,200
WA,M,1933,Ronald,197
WA,M,1933,Charles,194
WA,M,1933,Kenneth,177
WA,M,1934,Robert,578
WA,M,1934,Richard,446
WA,M,1934,James,439
WA,M,1934,Donald,414
WA,M,1934,John,377
WA,M,1934,William,343
WA,M,1934,Ronald,248
WA,M,1934,Jack,209
WA,M,1934,David,198
WA,M,1934,Charles,192
WA,M,1935,Robert,590
WA,M,1935,Richard,457
WA,M,1935,John,456
WA,M,1935,James,406
WA,M,1935,Donald,379
WA,M,1935,William,343
WA,M,1935,Ronald,243
WA,M,1935,David,219
WA,M,1935,Gary,206
WA,M,1935,Charles,199
WA,M,1936,Robert,633
WA,M,1936,James,464
WA,M,1936,John,455
WA,M,1936,Richard,445
WA,M,1936,Donald,368
WA,M,1936,William,351
WA,M,1936,Ronald,270
WA,M,1936,David,268
WA,M,1936,Charles,222
WA,M,1936,Gary,210
WA,M,1937,Robert,660
WA,M,1937,James,507
WA,M,1937,Richard,470
WA,M,1937,John,464
WA,M,1937,Donald,379
WA,M,1937,William,379
WA,M,1937,David,315
WA,M,1937,Ronald,293
WA,M,1937,Gary,270
WA,M,1937,Charles,248
WA,M,1938,Robert,676
WA,M,1938,James,526
WA,M,1938,John,502
WA,M,1938,Richard,482
WA,M,1938,William,395
WA,M,1938,Gary,375
WA,M,1938,Donald,373
WA,M,1938,David,357
WA,M,1938,Ronald,330
WA,M,1938,Larry,278
WA,M,1939,Robert,683
WA,M,1939,John,520
WA,M,1939,James,505
WA,M,1939,Richard,479
WA,M,1939,David,414
WA,M,1939,William,411
WA,M,1939,Gary,372
WA,M,1939,Larry,317
WA,M,1939,Donald,299
WA,M,1939,Ronald,256
WA,M,1940,Robert,680
WA,M,1940,James,594
WA,M,1940,John,575
WA,M,1940,Richard,518
WA,M,1940,William,441
WA,M,1940,David,436
WA,M,1940,Gary,433
WA,M,1940,Larry,323
WA,M,1940,Michael,304
WA,M,1940,Ronald,284
WA,M,1941,James,695
WA,M,1941,Robert,689
WA,M,1941,John,639
WA,M,1941,Richard,508
WA,M,1941,Gary,490
WA,M,1941,William,481
WA,M,1941,David,467
WA,M,1941,Michael,395
WA,M,1941,Larry,373
WA,M,1941,Ronald,345
WA,M,1942,Robert,883
WA,M,1942,James,856
WA,M,1942,John,786
WA,M,1942,Richard,680
WA,M,1942,David,656
WA,M,1942,William,620
WA,M,1942,Michael,553
WA,M,1942,Gary,503
WA,M,1942,Larry,463
WA,M,1942,Ronald,418
WA,M,1943,Robert,1010
WA,M,1943,James,957
WA,M,1943,John,916
WA,M,1943,Richard,777
WA,M,1943,David,740
WA,M,1943,Michael,655
WA,M,1943,William,641
WA,M,1943,Gary,588
WA,M,1943,Larry,530
WA,M,1943,Ronald,497
WA,M,1944,Robert,1021
WA,M,1944,John,1017
WA,M,1944,James,968
WA,M,1944,Richard,849
WA,M,1944,David,756
WA,M,1944,Gary,706
WA,M,1944,Michael,643
WA,M,1944,William,616
WA,M,1944,Larry,478
WA,M,1944,Ronald,411
WA,M,1945,Robert,1073
WA,M,1945,John,1008
WA,M,1945,James,1001
WA,M,1945,Richard,892
WA,M,1945,Michael,716
WA,M,1945,David,696
WA,M,1945,William,636
WA,M,1945,Gary,625
WA,M,1945,Larry,485
WA,M,1945,Thomas,396
WA,M,1946,Robert,1247
WA,M,1946,James,1197
WA,M,1946,John,1167
WA,M,1946,Richard,987
WA,M,1946,Michael,959
WA,M,1946,David,825
WA,M,1946,William,774
WA,M,1946,Gary,713
WA,M,1946,Ronald,560
WA,M,1946,Larry,553
WA,M,1947,Robert,1353
WA,M,1947,John,1344
WA,M,1947,James,1170
WA,M,1947,Michael,1080
WA,M,1947,David,1053
WA,M,1947,Richard,1039
WA,M,1947,William,825
WA,M,1947,Gary,760
WA,M,1947,Larry,622
WA,M,1947,Ronald,573
WA,M,1948,Robert,1277
WA,M,1948,John,1241
WA,M,1948,James,1230
WA,M,1948,Michael,1073
WA,M,1948,David,971
WA,M,1948,Richard,935
WA,M,1948,William,758
WA,M,1948,Gary,683
WA,M,1948,Thomas,587
WA,M,1948,Ronald,533
WA,M,1949,Robert,1301
WA,M,1949,John,1264
WA,M,1949,Michael,1228
WA,M,1949,James,1146
WA,M,1949,David,1070
WA,M,1949,Richard,945
WA,M,1949,William,763
WA,M,1949,Steven,703
WA,M,1949,Gary,616
WA,M,1949,Ronald,576
WA,M,1950,Michael,1395
WA,M,1950,Robert,1255
WA,M,1950,James,1158
WA,M,1950,John,1112
WA,M,1950,David,1056
WA,M,1950,Richard,987
WA,M,1950,William,852
WA,M,1950,Gary,729
WA,M,1950,Steven,720
WA,M,1950,Thomas,673
WA,M,1951,Michael,1435
WA,M,1951,John,1259
WA,M,1951,Robert,1235
WA,M,1951,James,1116
WA,M,1951,David,1109
WA,M,1951,Richard,1002
WA,M,1951,William,880
WA,M,1951,Steven,818
WA,M,1951,Gary,737
WA,M,1951,Thomas,624
WA,M,1952,Michael,1469
WA,M,1952,Robert,1377
WA,M,1952,David,1238
WA,M,1952,James,1230
WA,M,1952,John,1214
WA,M,1952,Richard,1052
WA,M,1952,Steven,932
WA,M,1952,William,826
WA,M,1952,Gary,684
WA,M,1952,Thomas,674
WA,M,1953,Michael,1613
WA,M,1953,David,1380
WA,M,1953,Robert,1339
WA,M,1953,James,1195
WA,M,1953,John,1134
WA,M,1953,Richard,1022
WA,M,1953,Steven,932
WA,M,1953,William,855
WA,M,1953,Thomas,654
WA,M,1953,Gary,653
WA,M,1954,Michael,1627
WA,M,1954,David,1431
WA,M,1954,Robert,1323
WA,M,1954,James,1194
WA,M,1954,John,1153
WA,M,1954,Richard,1008
WA,M,1954,Steven,942
WA,M,1954,Mark,788
WA,M,1954,William,764
WA,M,1954,Gary,680
WA,M,1955,David,1542
WA,M,1955,Michael,1492
WA,M,1955,Robert,1235
WA,M,1955,John,1181
WA,M,1955,James,1124
WA,M,1955,Steven,972
WA,M,1955,Mark,928
WA,M,1955,Richard,856
WA,M,1955,William,792
WA,M,1955,Thomas,623
WA,M,1956,Michael,1455
WA,M,1956,David,1396
WA,M,1956,Robert,1262
WA,M,1956,James,1155
WA,M,1956,John,1141
WA,M,1956,Mark,941
WA,M,1956,Steven,908
WA,M,1956,Richard,886
WA,M,1956,William,746
WA,M,1956,Thomas,558
WA,M,1957,Michael,1524
WA,M,1957,David,1332
WA,M,1957,Robert,1156
WA,M,1957,John,1110
WA,M,1957,James,1107
WA,M,1957,Mark,963
WA,M,1957,Richard,840
WA,M,1957,Steven,838
WA,M,1957,William,651
WA,M,1957,Thomas,565
WA,M,1958,David,1349
WA,M,1958,Michael,1320
WA,M,1958,John,1064
WA,M,1958,Robert,1053
WA,M,1958,Mark,953
WA,M,1958,James,944
WA,M,1958,Richard,752
WA,M,1958,Steven,665
WA,M,1958,William,617
WA,M,1958,Scott,523
WA,M,1959,David,1324
WA,M,1959,Michael,1195
WA,M,1959,John,1047
WA,M,1959,Robert,1006
WA,M,1959,Mark,1005
WA,M,1959,James,968
WA,M,1959,Richard,699
WA,M,1959,Steven,681
WA,M,1959,William,574
WA,M,1959,Scott,573
WA,M,1960,David,1375
WA,M,1960,Michael,1159
WA,M,1960,Mark,1011
WA,M,1960,John,994
WA,M,1960,Robert,959
WA,M,1960,James,880
WA,M,1960,Richard,659
WA,M,1960,Scott,608
WA,M,1960,Steven,577
WA,M,1960,William,540
WA,M,1961,David,1307
WA,M,1961,Michael,1221
WA,M,1961,John,1136
WA,M,1961,Mark,1001
WA,M,1961,Robert,949
WA,M,1961,James,928
WA,M,1961,Richard,614
WA,M,1961,Steven,604
WA,M,1961,Scott,567
WA,M,1961,Kevin,532
WA,M,1962,Michael,1260
WA,M,1962,David,1219
WA,M,1962,John,1111
WA,M,1962,Robert,954
WA,M,1962,Mark,932
WA,M,1962,James,898
WA,M,1962,Scott,736
WA,M,1962,Richard,576
WA,M,1962,Jeffrey,553
WA,M,1962,Steven,551
WA,M,1963,Michael,1177
WA,M,1963,David,1173
WA,M,1963,John,1010
WA,M,1963,Robert,949
WA,M,1963,James,847
WA,M,1963,Mark,762
WA,M,1963,Scott,653
WA,M,1963,Richard,572
WA,M,1963,Steven,533
WA,M,1963,Kevin,528
WA,M,1964,David,1165
WA,M,1964,Michael,1031
WA,M,1964,John,974
WA,M,1964,Robert,952
WA,M,1964,James,844
WA,M,1964,Mark,741
WA,M,1964,Scott,605
WA,M,1964,Richard,532
WA,M,1964,Jeffrey,490
WA,M,1964,Brian,485
WA,M,1965,Michael,1122
WA,M,1965,David,1005
WA,M,1965,John,882
WA,M,1965,Robert,807
WA,M,1965,James,789
WA,M,1965,Scott,564
WA,M,1965,Mark,538
WA,M,1965,Richard,506
WA,M,1965,Jeffrey,470
WA,M,1965,Steven,458
WA,M,1966,Michael,1212
WA,M,1966,David,1035
WA,M,1966,John,837
WA,M,1966,Robert,806
WA,M,1966,James,735
WA,M,1966,Scott,538
WA,M,1966,Mark,521
WA,M,1966,Brian,512
WA,M,1966,Richard,508
WA,M,1966,Jeffrey,467
WA,M,1967,Michael,1265
WA,M,1967,David,1117
WA,M,1967,John,855
WA,M,1967,Robert,839
WA,M,1967,James,739
WA,M,1967,Mark,568
WA,M,1967,Brian,564
WA,M,1967,Jeffrey,557
WA,M,1967,Scott,535
WA,M,1967,Richard,533
WA,M,1968,Michael,1270
WA,M,1968,David,1057
WA,M,1968,Robert,864
WA,M,1968,John,852
WA,M,1968,James,818
WA,M,1968,Brian,605
WA,M,1968,Mark,604
WA,M,1968,Scott,571
WA,M,1968,Richard,567
WA,M,1968,Jeffrey,556
WA,M,1969,Michael,1327
WA,M,1969,David,1016
WA,M,1969,Robert,882
WA,M,1969,John,849
WA,M,1969,James,824
WA,M,1969,Mark,637
WA,M,1969,Scott,623
WA,M,1969,Brian,620
WA,M,1969,Christopher,580
WA,M,1969,Jeffrey,571
WA,M,1970,Michael,1268
WA,M,1970,David,1000
WA,M,1970,John,833
WA,M,1970,Robert,829
WA,M,1970,James,819
WA,M,1970,Jason,791
WA,M,1970,Christopher,644
WA,M,1970,Brian,601
WA,M,1970,Jeffrey,587
WA,M,1970,Scott,557
WA,M,1971,Michael,1064
WA,M,1971,Jason,967
WA,M,1971,David,816
WA,M,1971,Robert,771
WA,M,1971,James,672
WA,M,1971,Christopher,668
WA,M,1971,John,636
WA,M,1971,Brian,567
WA,M,1971,Scott,545
WA,M,1971,Matthew,450
WA,M,1972,Michael,938
WA,M,1972,Jason,853
WA,M,1972,Christopher,716
WA,M,1972,David,656
WA,M,1972,Robert,601
WA,M,1972,Brian,552
WA,M,1972,John,531
WA,M,1972,James,514
WA,M,1972,Matthew,453
WA,M,1972,Scott,424
WA,M,1973,Jason,1023
WA,M,1973,Michael,907
WA,M,1973,Christopher,642
WA,M,1973,David,612
WA,M,1973,Brian,563
WA,M,1973,John,535
WA,M,1973,James,530
WA,M,1973,Robert,472
WA,M,1973,Matthew,429
WA,M,1973,Daniel,420
WA,M,1974,Jason,1092
WA,M,1974,Michael,959
WA,M,1974,Christopher,696
WA,M,1974,David,635
WA,M,1974,Brian,551
WA,M,1974,Matthew,522
WA,M,1974,Robert,513
WA,M,1974,John,489
WA,M,1974,James,488
WA,M,1974,Daniel,425
WA,M,1975,Jason,1043
WA,M,1975,Michael,939
WA,M,1975,Christopher,682
WA,M,1975,David,603
WA,M,1975,Matthew,544
WA,M,1975,Ryan,509
WA,M,1975,Brian,501
WA,M,1975,Robert,497
WA,M,1975,James,489
WA,M,1975,John,463
WA,M,1976,Jason,985
WA,M,1976,Michael,949
WA,M,1976,Christopher,708
WA,M,1976,David,683
WA,M,1976,Ryan,576
WA,M,1976,Matthew,550
WA,M,1976,James,526
WA,M,1976,Joshua,517
WA,M,1976,Robert,515
WA,M,1976,Brian,484
WA,M,1977,Jason,1005
WA,M,1977,Michael,992
WA,M,1977,Christopher,767
WA,M,1977,David,684
WA,M,1977,Ryan,665
WA,M,1977,Matthew,641
WA,M,1977,Joshua,611
WA,M,1977,James,542
WA,M,1977,Jeremy,534
WA,M,1977,Brian,503
WA,M,1978,Michael,1047
WA,M,1978,Jason,888
WA,M,1978,Christopher,812
WA,M,1978,David,697
WA,M,1978,Ryan,687
WA,M,1978,Joshua,666
WA,M,1978,James,584
WA,M,1978,Matthew,574
WA,M,1978,Brian,542
WA,M,1978,John,520
WA,M,1979,Michael,1061
WA,M,1979,Christopher,937
WA,M,1979,Jason,873
WA,M,1979,Joshua,834
WA,M,1979,Ryan,792
WA,M,1979,David,723
WA,M,1979,Matthew,698
WA,M,1979,James,597
WA,M,1979,Daniel,560
WA,M,1979,Robert,552
WA,M,1980,Michael,1123
WA,M,1980,Jason,916
WA,M,1980,Christopher,878
WA,M,1980,Joshua,840
WA,M,1980,Matthew,803
WA,M,1980,David,776
WA,M,1980,Ryan,750
WA,M,1980,Justin,662
WA,M,1980,James,611
WA,M,1980,Daniel,580
WA,M,1981,Michael,1178
WA,M,1981,Christopher,1012
WA,M,1981,Joshua,938
WA,M,1981,Ryan,799
WA,M,1981,Matthew,789
WA,M,1981,David,755
WA,M,1981,Jason,754
WA,M,1981,Daniel,594
WA,M,1981,James,585
WA,M,1981,Justin,584
WA,M,1982,Michael,1137
WA,M,1982,Christopher,1043
WA,M,1982,Matthew,903
WA,M,1982,Ryan,786
WA,M,1982,Joshua,782
WA,M,1982,David,751
WA,M,1982,Jason,721
WA,M,1982,Justin,609
WA,M,1982,Daniel,590
WA,M,1982,James,564
WA,M,1983,Michael,1120
WA,M,1983,Christopher,1043
WA,M,1983,Matthew,965
WA,M,1983,Ryan,812
WA,M,1983,Joshua,798
WA,M,1983,David,734
WA,M,1983,Jason,668
WA,M,1983,Daniel,629
WA,M,1983,Andrew,590
WA,M,1983,Justin,570
WA,M,1984,Michael,1102
WA,M,1984,Christopher,1086
WA,M,1984,Matthew,857
WA,M,1984,Joshua,805
WA,M,1984,Ryan,706
WA,M,1984,David,685
WA,M,1984,Andrew,664
WA,M,1984,Daniel,625
WA,M,1984,Brandon,563
WA,M,1984,Jason,554
WA,M,1985,Christopher,1043
WA,M,1985,Michael,1016
WA,M,1985,Joshua,854
WA,M,1985,Matthew,850
WA,M,1985,Ryan,736
WA,M,1985,David,728
WA,M,1985,Andrew,640
WA,M,1985,Daniel,597
WA,M,1985,Nicholas,574
WA,M,1985,James,537
WA,M,1986,Michael,985
WA,M,1986,Christopher,942
WA,M,1986,Matthew,789
WA,M,1986,Joshua,781
WA,M,1986,Andrew,755
WA,M,1986,Ryan,671
WA,M,1986,Daniel,646
WA,M,1986,David,637
WA,M,1986,Nicholas,566
WA,M,1986,Kyle,565
WA,M,1987,Michael,1076
WA,M,1987,Christopher,852
WA,M,1987,Matthew,803
WA,M,1987,Andrew,783
WA,M,1987,Joshua,764
WA,M,1987,Ryan,643
WA,M,1987,David,640
WA,M,1987,Daniel,603
WA,M,1987,Kyle,593
WA,M,1987,Justin,584
WA,M,1988,Michael,1085
WA,M,1988,Christopher,919
WA,M,1988,Joshua,788
WA,M,1988,Andrew,722
WA,M,1988,Matthew,706
WA,M,1988,David,652
WA,M,1988,Ryan,652
WA,M,1988,Justin,601
WA,M,1988,Kyle,590
WA,M,1988,Nicholas,579
WA,M,1989,Michael,1030
WA,M,1989,Christopher,871
WA,M,1989,Joshua,786
WA,M,1989,Matthew,763
WA,M,1989,Andrew,756
WA,M,1989,Daniel,652
WA,M,1989,Ryan,636
WA,M,1989,Nicholas,631
WA,M,1989,David,613
WA,M,1989,Kyle,597
WA,M,1990,Michael,1063
WA,M,1990,Christopher,886
WA,M,1990,Joshua,814
WA,M,1990,Matthew,752
WA,M,1990,Kyle,724
WA,M,1990,Andrew,702
WA,M,1990,Jacob,671
WA,M,1990,Ryan,642
WA,M,1990,David,634
WA,M,1990,Tyler,616
WA,M,1991,Michael,1022
WA,M,1991,Christopher,812
WA,M,1991,Joshua,781
WA,M,1991,Jacob,736
WA,M,1991,Matthew,704
WA,M,1991,Andrew,693
WA,M,1991,Tyler,690
WA,M,1991,Kyle,623
WA,M,1991,Nicholas,601
WA,M,1991,Ryan,600
WA,M,1992,Michael,902
WA,M,1992,Jacob,775
WA,M,1992,Tyler,760
WA,M,1992,Joshua,746
WA,M,1992,Christopher,696
WA,M,1992,Andrew,626
WA,M,1992,Matthew,607
WA,M,1992,Kyle,598
WA,M,1992,Brandon,591
WA,M,1992,Nicholas,582
WA,M,1993,Michael,796
WA,M,1993,Jacob,735
WA,M,1993,Tyler,727
WA,M,1993,Joshua,675
WA,M,1993,Christopher,597
WA,M,1993,Nicholas,551
WA,M,1993,Andrew,550
WA,M,1993,Brandon,549
WA,M,1993,Ryan,539
WA,M,1993,Alexander,537
WA,M,1994,Jacob,771
WA,M,1994,Michael,701
WA,M,1994,Tyler,678
WA,M,1994,Joshua,644
WA,M,1994,Austin,630
WA,M,1994,Andrew,549
WA,M,1994,Christopher,543
WA,M,1994,Brandon,531
WA,M,1994,Matthew,522
WA,M,1994,Nicholas,520
WA,M,1995,Jacob,763
WA,M,1995,Michael,662
WA,M,1995,Austin,639
WA,M,1995,Joshua,629
WA,M,1995,Tyler,606
WA,M,1995,Nicholas,552
WA,M,1995,Matthew,527
WA,M,1995,Brandon,525
WA,M,1995,Daniel,512
WA,M,1995,Alexander,494
WA,M,1996,Jacob,772
WA,M,1996,Austin,646
WA,M,1996,Michael,607
WA,M,1996,Tyler,578
WA,M,1996,Joshua,548
WA,M,1996,Brandon,510
WA,M,1996,Nicholas,509
WA,M,1996,Matthew,506
WA,M,1996,Andrew,497
WA,M,1996,Ryan,473
WA,M,1997,Jacob,714
WA,M,1997,Michael,649
WA,M,1997,Austin,611
WA,M,1997,Andrew,552
WA,M,1997,Joshua,511
WA,M,1997,Tyler,509
WA,M,1997,Alexander,496
WA,M,1997,Matthew,469
WA,M,1997,Daniel,468
WA,M,1997,Nicholas,460
WA,M,1998,Jacob,761
WA,M,1998,Michael,598
WA,M,1998,Austin,574
WA,M,1998,Joshua,516
WA,M,1998,Andrew,512
WA,M,1998,Alexander,504
WA,M,1998,Tyler,466
WA,M,1998,Ryan,460
WA,M,1998,Daniel,450
WA,M,1998,Matthew,422
WA,M,1999,Jacob,734
WA,M,1999,Michael,529
WA,M,1999,Joshua,509
WA,M,1999,Andrew,480
WA,M,1999,Alexander,462
WA,M,1999,Matthew,460
WA,M,1999,Austin,456
WA,M,1999,Ryan,443
WA,M,1999,Tyler,443
WA,M,1999,Daniel,420
WA,M,2000,Jacob,653
WA,M,2000,Michael,510
WA,M,2000,Joshua,506
WA,M,2000,Alexander,493
WA,M,2000,Tyler,482
WA,M,2000,Andrew,476
WA,M,2000,Matthew,440
WA,M,2000,Daniel,435
WA,M,2000,Ryan,417
WA,M,2000,Zachary,397
WA,M,2001,Jacob,644
WA,M,2001,Joshua,467
WA,M,2001,Ethan,464
WA,M,2001,Michael,439
WA,M,2001,Andrew,436
WA,M,2001,Alexander,407
WA,M,2001,Tyler,392
WA,M,2001,Daniel,388
WA,M,2001,Matthew,383
WA,M,2001,Joseph,378
WA,M,2002,Ethan,562
WA,M,2002,Jacob,536
WA,M,2002,Michael,433
WA,M,2002,Joshua,422
WA,M,2002,Alexander,417
WA,M,2002,Daniel,405
WA,M,2002,Tyler,387
WA,M,2002,Andrew,380
WA,M,2002,Joseph,370
WA,M,2002,Matthew,370
WA,M,2003,Jacob,538
WA,M,2003,Ethan,490
WA,M,2003,Joshua,428
WA,M,2003,Ryan,426
WA,M,2003,Alexander,409
WA,M,2003,Andrew,386
WA,M,2003,Daniel,382
WA,M,2003,Michael,380
WA,M,2003,Tyler,373
WA,M,2003,Samuel,359
WA,M,2004,Jacob,516
WA,M,2004,Ethan,491
WA,M,2004,Andrew,456
WA,M,2004,Alexander,416
WA,M,2004,Daniel,397
WA,M,2004,Joshua,397
WA,M,2004,Ryan,381
WA,M,2004,Michael,372
WA,M,2004,Samuel,345
WA,M,2004,Tyler,343
WA,M,2005,Jacob,483
WA,M,2005,Ethan,447
WA,M,2005,Alexander,428
WA,M,2005,Andrew,397
WA,M,2005,Daniel,390
WA,M,2005,Michael,362
WA,M,2005,Joshua,359
WA,M,2005,Tyler,358
WA,M,2005,David,352
WA,M,2005,Logan,341
WA,M,2006,Jacob,495
WA,M,2006,Alexander,474
WA,M,2006,Ethan,464
WA,M,2006,Daniel,407
WA,M,2006,Logan,399
WA,M,2006,Andrew,394
WA,M,2006,Samuel,348
WA,M,2006,Michael,340
WA,M,2006,Nathan,335
WA,M,2006,Benjamin,329
WA,M,2007,Jacob,507
WA,M,2007,Ethan,470
WA,M,2007,Alexander,461
WA,M,2007,Daniel,388
WA,M,2007,Logan,377
WA,M,2007,Noah,359
WA,M,2007,Benjamin,355
WA,M,2007,David,352
WA,M,2007,Michael,343
WA,M,2007,Andrew,342
WA,M,2008,Ethan,464
WA,M,2008,Jacob,455
WA,M,2008,Alexander,441
WA,M,2008,Daniel,414
WA,M,2008,Logan,381
WA,M,2008,William,352
WA,M,2008,Noah,346
WA,M,2008,Aiden,342
WA,M,2008,Samuel,339
WA,M,2008,Joshua,330
WA,M,2009,Alexander,446
WA,M,2009,Jacob,429
WA,M,2009,Ethan,418
WA,M,2009,William,415
WA,M,2009,Daniel,391
WA,M,2009,Benjamin,351
WA,M,2009,Logan,351
WA,M,2009,Aiden,345
WA,M,2009,Samuel,337
WA,M,2009,David,333
WA,M,2010,Jacob,415
WA,M,2010,Alexander,390
WA,M,2010,Daniel,373
WA,M,2010,Ethan,373
WA,M,2010,William,368
WA,M,2010,Logan,363
WA,M,2010,Benjamin,353
WA,M,2010,Noah,349
WA,M,2010,Liam,345
WA,M,2010,Elijah,338
WA,M,2011,Mason,448
WA,M,2011,Liam,386
WA,M,2011,Alexander,377
WA,M,2011,Ethan,359
WA,M,2011,Jacob,355
WA,M,2011,Noah,347
WA,M,2011,Daniel,344
WA,M,2011,Logan,341
WA,M,2011,William,338
WA,M,2011,Benjamin,308
WA,M,2012,Mason,413
WA,M,2012,Liam,408
WA,M,2012,Ethan,396
WA,M,2012,Alexander,354
WA,M,2012,Benjamin,336
WA,M,2012,Noah,330
WA,M,2012,Jacob,320
WA,M,2012,Daniel,315
WA,M,2012,Michael,314
WA,M,2012,James,305
WA,M,2013,Liam,466
WA,M,2013,Mason,361
WA,M,2013,Alexander,349
WA,M,2013,Ethan,347
WA,M,2013,Noah,338
WA,M,2013,Jacob,335
WA,M,2013,Benjamin,333
WA,M,2013,Henry,321
WA,M,2013,William,321
WA,M,2013,Elijah,318
WA,M,2014,Liam,409
WA,M,2014,Benjamin,372
WA,M,2014,Alexander,361
WA,M,2014,Noah,356
WA,M,2014,William,352
WA,M,2014,Logan,333
WA,M,2014,James,328
WA,M,2014,Daniel,327
WA,M,2014,Oliver,324
WA,M,2014,Mason,315
WA,M,2015,Oliver,398
WA,M,2015,Liam,365
WA,M,2015,Noah,365
WA,M,2015,Benjamin,358
WA,M,2015,Henry,349
WA,M,2015,William,342
WA,M,2015,Logan,329
WA,M,2015,Alexander,328
WA,M,2015,Samuel,328
WA,M,2015,James,321
WA,M,2016,Liam,408
WA,M,2016,Benjamin,390
WA,M,2016,Oliver,390
WA,M,2016,James,362
WA,M,2016,Noah,356
WA,M,2016,William,341
WA,M,2016,Henry,329
WA,M,2016,Elijah,318
WA,M,2016,Ethan,317
WA,M,2016,Alexander,306
WA,M,2017,Liam,423
WA,M,2017,Oliver,411
WA,M,2017,Noah,352
WA,M,2017,William,348
WA,M,2017,Benjamin,344
WA,M,2017,Logan,331
WA,M,2017,Henry,326
WA,M,2017,Lucas,321
WA,M,2017,James,320
WA,M,2017,Ethan,304
WA,M,2018,Liam,440
WA,M,2018,Oliver,378
WA,M,2018,William,357
WA,M,2018,Noah,350
WA,M,2018,Henry,342
WA,M,2018,Alexander,322
WA,M,2018,Benjamin,307
WA,M,2018,Elijah,307
WA,M,2018,Logan,294
WA,M,2018,James,293
WA,M,2019,Liam,398
WA,M,2019,Oliver,394
WA,M,2019,Noah,342
WA,M,2019,Benjamin,326
WA,M,2019,Henry,312
WA,M,2019,William,309
WA,M,2019,Elijah,283
WA,M,2019,Ethan,280
WA,M,2019,James,270
WA,M,2019,Theodore,267
