WI,F,1920,Dorothy,1119
WI,F,1920,Mary,920
WI,F,1920,Ruth,758
WI,F,1920,Helen,745
WI,F,1920,Margaret,631
WI,F,1920,Evelyn,465
WI,F,1920,Lorraine,457
WI,F,1920,Florence,397
WI,F,1920,Marie,375
WI,F,1920,Lucille,373
WI,F,1921,Dorothy,1199
WI,F,1921,Mary,950
WI,F,1921,Ruth,816
WI,F,1921,Helen,748
WI,F,1921,Margaret,694
WI,F,1921,Lorraine,501
WI,F,1921,Evelyn,470
WI,F,1921,Virginia,436
WI,F,1921,Alice,418
WI,F,1921,Florence,409
WI,F,1922,Dorothy,1049
WI,F,1922,Mary,969
WI,F,1922,Ruth,745
WI,F,1922,Helen,660
WI,F,1922,Margaret,591
WI,F,1922,Betty,517
WI,F,1922,Virginia,499
WI,F,1922,Lorraine,447
WI,F,1922,Evelyn,423
WI,F,1922,Bernice,366
WI,F,1923,Dorothy,1113
WI,F,1923,Mary,929
WI,F,1923,Betty,747
WI,F,1923,Ruth,698
WI,F,1923,Margaret,600
WI,F,1923,Helen,595
WI,F,1923,Lorraine,460
WI,F,1923,Virginia,446
WI,F,1923,Evelyn,428
WI,F,1923,Doris,420
WI,F,1924,Dorothy,1088
WI,F,1924,Mary,976
WI,F,1924,Betty,845
WI,F,1924,Ruth,708
WI,F,1924,Helen,617
WI,F,1924,Margaret,576
WI,F,1924,Lorraine,466
WI,F,1924,Doris,442
WI,F,1924,Virginia,439
WI,F,1924,Evelyn,367
WI,F,1925,Mary,1010
WI,F,1925,Dorothy,965
WI,F,1925,Betty,812
WI,F,1925,Ruth,678
WI,F,1925,Helen,535
WI,F,1925,Margaret,489
WI,F,1925,Shirley,435
WI,F,1925,Jean,416
WI,F,1925,Lorraine,416
WI,F,1925,Virginia,411
WI,F,1926,Mary,960
WI,F,1926,Betty,853
WI,F,1926,Dorothy,839
WI,F,1926,Ruth,606
WI,F,1926,Helen,507
WI,F,1926,Shirley,484
WI,F,1926,Margaret,446
WI,F,1926,Joyce,404
WI,F,1926,Virginia,403
WI,F,1926,Doris,396
WI,F,1927,Mary,1119
WI,F,1927,Betty,901
WI,F,1927,Dorothy,868
WI,F,1927,Shirley,631
WI,F,1927,Ruth,615
WI,F,1927,Joyce,447
WI,F,1927,Margaret,431
WI,F,1927,Helen,427
WI,F,1927,Lois,420
WI,F,1927,Patricia,407
WI,F,1928,Mary,1130
WI,F,1928,Betty,841
WI,F,1928,Dorothy,795
WI,F,1928,Shirley,591
WI,F,1928,Ruth,529
WI,F,1928,Dolores,491
WI,F,1928,Patricia,458
WI,F,1928,Helen,451
WI,F,1928,Joyce,451
WI,F,1928,Lois,417
WI,F,1929,Mary,1130
WI,F,1929,Betty,866
WI,F,1929,Dorothy,756
WI,F,1929,Shirley,682
WI,F,1929,Patricia,514
WI,F,1929,Ruth,511
WI,F,1929,Joyce,498
WI,F,1929,Dolores,467
WI,F,1929,Lois,436
WI,F,1929,Joan,402
WI,F,1930,Mary,1129
WI,F,1930,Betty,869
WI,F,1930,Dorothy,679
WI,F,1930,Shirley,624
WI,F,1930,Patricia,591
WI,F,1930,Joan,552
WI,F,1930,Joyce,526
WI,F,1930,Dolores,486
WI,F,1930,Ruth,461
WI,F,1930,Carol,444
WI,F,1931,Mary,1089
WI,F,1931,Betty,739
WI,F,1931,Joan,664
WI,F,1931,Patricia,633
WI,F,1931,Dorothy,561
WI,F,1931,Shirley,513
WI,F,1931,Joyce,489
WI,F,1931,Carol,484
WI,F,1931,Barbara,433
WI,F,1931,Jean,398
WI,F,1932,Mary,1118
WI,F,1932,Joan,741
WI,F,1932,Patricia,677
WI,F,1932,Betty,672
WI,F,1932,Shirley,553
WI,F,1932,Carol,534
WI,F,1932,Barbara,524
WI,F,1932,Dorothy,483
WI,F,1932,Donna,475
WI,F,1932,Joyce,468
WI,F,1933,Mary,1042
WI,F,1933,Patricia,631
WI,F,1933,Carol,630
WI,F,1933,Joan,621
WI,F,1933,Betty,561
WI,F,1933,Barbara,560
WI,F,1933,Shirley,521
WI,F,1933,Nancy,488
WI,F,1933,Joyce,473
WI,F,1933,Donna,469
WI,F,1934,Mary,1178
WI,F,1934,Patricia,768
WI,F,1934,Carol,675
WI,F,1934,Barbara,664
WI,F,1934,Joan,630
WI,F,1934,Shirley,606
WI,F,1934,Betty,542
WI,F,1934,Nancy,531
WI,F,1934,Donna,464
WI,F,1934,Joyce,435
WI,F,1935,Mary,1115
WI,F,1935,Shirley,1082
WI,F,1935,Patricia,805
WI,F,1935,Carol,734
WI,F,1935,Barbara,696
WI,F,1935,Joan,622
WI,F,1935,Nancy,596
WI,F,1935,Donna,494
WI,F,1935,Betty,482
WI,F,1935,Joyce,394
WI,F,1936,Mary,1191
WI,F,1936,Shirley,915
WI,F,1936,Barbara,813
WI,F,1936,Patricia,783
WI,F,1936,Carol,778
WI,F,1936,Nancy,677
WI,F,1936,Joan,524
WI,F,1936,Donna,489
WI,F,1936,Betty,442
WI,F,1936,Marlene,393
WI,F,1937,Mary,1272
WI,F,1937,Patricia,889
WI,F,1937,Barbara,849
WI,F,1937,Carol,835
WI,F,1937,Nancy,675
WI,F,1937,Shirley,666
WI,F,1937,Donna,537
WI,F,1937,Joan,496
WI,F,1937,Betty,420
WI,F,1937,Beverly,391
WI,F,1938,Mary,1308
WI,F,1938,Barbara,926
WI,F,1938,Carol,885
WI,F,1938,Patricia,858
WI,F,1938,Nancy,712
WI,F,1938,Judith,671
WI,F,1938,Shirley,540
WI,F,1938,Donna,518
WI,F,1938,Joan,476
WI,F,1938,Beverly,412
WI,F,1939,Mary,1288
WI,F,1939,Judith,961
WI,F,1939,Patricia,903
WI,F,1939,Barbara,881
WI,F,1939,Carol,845
WI,F,1939,Nancy,701
WI,F,1939,Joan,501
WI,F,1939,Donna,474
WI,F,1939,Karen,470
WI,F,1939,Shirley,455
WI,F,1940,Mary,1462
WI,F,1940,Judith,1228
WI,F,1940,Carol,896
WI,F,1940,Patricia,885
WI,F,1940,Barbara,884
WI,F,1940,Nancy,676
WI,F,1940,Karen,608
WI,F,1940,Sandra,575
WI,F,1940,Sharon,528
WI,F,1940,Joan,437
WI,F,1941,Mary,1312
WI,F,1941,Judith,1176
WI,F,1941,Barbara,972
WI,F,1941,Patricia,959
WI,F,1941,Carol,888
WI,F,1941,Karen,827
WI,F,1941,Sandra,689
WI,F,1941,Nancy,683
WI,F,1941,Sharon,678
WI,F,1941,Kathleen,451
WI,F,1942,Mary,1583
WI,F,1942,Judith,1303
WI,F,1942,Karen,1081
WI,F,1942,Barbara,1027
WI,F,1942,Carol,1012
WI,F,1942,Patricia,941
WI,F,1942,Sandra,921
WI,F,1942,Sharon,840
WI,F,1942,Nancy,681
WI,F,1942,Kathleen,658
WI,F,1943,Mary,1724
WI,F,1943,Judith,1144
WI,F,1943,Sharon,1070
WI,F,1943,Barbara,1006
WI,F,1943,Karen,986
WI,F,1943,Carol,957
WI,F,1943,Patricia,901
WI,F,1943,Sandra,878
WI,F,1943,Kathleen,722
WI,F,1943,Nancy,687
WI,F,1944,Mary,1699
WI,F,1944,Judith,961
WI,F,1944,Barbara,945
WI,F,1944,Carol,938
WI,F,1944,Patricia,863
WI,F,1944,Sharon,862
WI,F,1944,Sandra,852
WI,F,1944,Karen,825
WI,F,1944,Kathleen,715
WI,F,1944,Nancy,660
WI,F,1945,Mary,1780
WI,F,1945,Barbara,926
WI,F,1945,Carol,914
WI,F,1945,Patricia,859
WI,F,1945,Judith,848
WI,F,1945,Sandra,829
WI,F,1945,Karen,760
WI,F,1945,Sharon,757
WI,F,1945,Susan,736
WI,F,1945,Kathleen,719
WI,F,1946,Mary,1972
WI,F,1946,Barbara,1172
WI,F,1946,Patricia,1128
WI,F,1946,Susan,1049
WI,F,1946,Sandra,992
WI,F,1946,Carol,986
WI,F,1946,Judith,971
WI,F,1946,Kathleen,958
WI,F,1946,Sharon,919
WI,F,1946,Karen,842
WI,F,1947,Mary,2255
WI,F,1947,Linda,1822
WI,F,1947,Susan,1302
WI,F,1947,Barbara,1254
WI,F,1947,Patricia,1179
WI,F,1947,Sandra,1134
WI,F,1947,Kathleen,1079
WI,F,1947,Carol,973
WI,F,1947,Sharon,963
WI,F,1947,Judith,906
WI,F,1948,Mary,2170
WI,F,1948,Linda,1978
WI,F,1948,Susan,1431
WI,F,1948,Barbara,1295
WI,F,1948,Kathleen,1144
WI,F,1948,Patricia,1117
WI,F,1948,Sandra,1019
WI,F,1948,Carol,879
WI,F,1948,Sharon,851
WI,F,1948,Nancy,837
WI,F,1949,Linda,2114
WI,F,1949,Mary,2069
WI,F,1949,Susan,1472
WI,F,1949,Kathleen,1401
WI,F,1949,Barbara,1283
WI,F,1949,Patricia,1118
WI,F,1949,Sandra,963
WI,F,1949,Carol,827
WI,F,1949,Nancy,805
WI,F,1949,Karen,782
WI,F,1950,Mary,2062
WI,F,1950,Linda,1883
WI,F,1950,Susan,1529
WI,F,1950,Barbara,1303
WI,F,1950,Kathleen,1277
WI,F,1950,Patricia,1142
WI,F,1950,Sandra,861
WI,F,1950,Nancy,841
WI,F,1950,Karen,813
WI,F,1950,Carol,743
WI,F,1951,Mary,2252
WI,F,1951,Linda,1842
WI,F,1951,Susan,1496
WI,F,1951,Patricia,1391
WI,F,1951,Kathleen,1223
WI,F,1951,Barbara,1182
WI,F,1951,Nancy,932
WI,F,1951,Sandra,894
WI,F,1951,Karen,878
WI,F,1951,Diane,755
WI,F,1952,Mary,2241
WI,F,1952,Linda,1596
WI,F,1952,Susan,1521
WI,F,1952,Patricia,1245
WI,F,1952,Barbara,1233
WI,F,1952,Kathleen,1087
WI,F,1952,Nancy,955
WI,F,1952,Karen,865
WI,F,1952,Debra,797
WI,F,1952,Sandra,793
WI,F,1953,Mary,2132
WI,F,1953,Susan,1594
WI,F,1953,Linda,1506
WI,F,1953,Debra,1275
WI,F,1953,Barbara,1210
WI,F,1953,Patricia,1127
WI,F,1953,Kathleen,937
WI,F,1953,Nancy,927
WI,F,1953,Karen,871
WI,F,1953,Diane,786
WI,F,1954,Mary,2397
WI,F,1954,Susan,1698
WI,F,1954,Debra,1607
WI,F,1954,Linda,1300
WI,F,1954,Barbara,1155
WI,F,1954,Patricia,1154
WI,F,1954,Nancy,917
WI,F,1954,Karen,883
WI,F,1954,Kathleen,869
WI,F,1954,Diane,818
WI,F,1955,Mary,2200
WI,F,1955,Debra,1659
WI,F,1955,Susan,1631
WI,F,1955,Linda,1236
WI,F,1955,Patricia,1035
WI,F,1955,Barbara,1008
WI,F,1955,Nancy,933
WI,F,1955,Kathleen,866
WI,F,1955,Karen,854
WI,F,1955,Diane,822
WI,F,1956,Mary,2012
WI,F,1956,Debra,1643
WI,F,1956,Susan,1544
WI,F,1956,Linda,1156
WI,F,1956,Karen,982
WI,F,1956,Patricia,927
WI,F,1956,Barbara,896
WI,F,1956,Nancy,879
WI,F,1956,Cynthia,836
WI,F,1956,Kathleen,773
WI,F,1957,Mary,2129
WI,F,1957,Susan,1575
WI,F,1957,Debra,1419
WI,F,1957,Linda,1046
WI,F,1957,Cynthia,1039
WI,F,1957,Karen,1009
WI,F,1957,Patricia,824
WI,F,1957,Barbara,792
WI,F,1957,Nancy,787
WI,F,1957,Cindy,785
WI,F,1958,Mary,1865
WI,F,1958,Susan,1471
WI,F,1958,Debra,1166
WI,F,1958,Julie,990
WI,F,1958,Linda,979
WI,F,1958,Karen,895
WI,F,1958,Patricia,793
WI,F,1958,Nancy,768
WI,F,1958,Barbara,754
WI,F,1958,Cheryl,731
WI,F,1959,Mary,1773
WI,F,1959,Susan,1416
WI,F,1959,Linda,1121
WI,F,1959,Debra,1083
WI,F,1959,Karen,929
WI,F,1959,Julie,916
WI,F,1959,Barbara,746
WI,F,1959,Lori,726
WI,F,1959,Patricia,722
WI,F,1959,Diane,714
WI,F,1960,Mary,1792
WI,F,1960,Susan,1351
WI,F,1960,Lori,1038
WI,F,1960,Julie,962
WI,F,1960,Linda,962
WI,F,1960,Debra,902
WI,F,1960,Karen,884
WI,F,1960,Barbara,739
WI,F,1960,Diane,681
WI,F,1960,Lisa,675
WI,F,1961,Mary,1670
WI,F,1961,Susan,1168
WI,F,1961,Lori,1111
WI,F,1961,Lisa,998
WI,F,1961,Julie,958
WI,F,1961,Linda,937
WI,F,1961,Karen,915
WI,F,1961,Debra,772
WI,F,1961,Barbara,707
WI,F,1961,Sandra,642
WI,F,1962,Mary,1463
WI,F,1962,Susan,1133
WI,F,1962,Lisa,1105
WI,F,1962,Lori,981
WI,F,1962,Julie,930
WI,F,1962,Linda,884
WI,F,1962,Karen,825
WI,F,1962,Debra,698
WI,F,1962,Sandra,591
WI,F,1962,Barbara,585
WI,F,1963,Mary,1362
WI,F,1963,Lisa,1329
WI,F,1963,Susan,1072
WI,F,1963,Lori,1037
WI,F,1963,Julie,851
WI,F,1963,Linda,771
WI,F,1963,Karen,763
WI,F,1963,Sandra,598
WI,F,1963,Debra,581
WI,F,1963,Christine,519
WI,F,1964,Lisa,1326
WI,F,1964,Mary,1310
WI,F,1964,Susan,1044
WI,F,1964,Julie,922
WI,F,1964,Lori,746
WI,F,1964,Karen,721
WI,F,1964,Dawn,593
WI,F,1964,Linda,576
WI,F,1964,Patricia,558
WI,F,1964,Christine,527
WI,F,1965,Lisa,1442
WI,F,1965,Mary,1065
WI,F,1965,Julie,861
WI,F,1965,Susan,782
WI,F,1965,Karen,698
WI,F,1965,Lori,659
WI,F,1965,Dawn,612
WI,F,1965,Christine,525
WI,F,1965,Amy,512
WI,F,1965,Kim,501
WI,F,1966,Lisa,1405
WI,F,1966,Mary,877
WI,F,1966,Julie,811
WI,F,1966,Susan,807
WI,F,1966,Michelle,794
WI,F,1966,Lori,635
WI,F,1966,Dawn,592
WI,F,1966,Karen,591
WI,F,1966,Amy,577
WI,F,1966,Christine,535
WI,F,1967,Lisa,1320
WI,F,1967,Michelle,827
WI,F,1967,Mary,682
WI,F,1967,Susan,676
WI,F,1967,Amy,646
WI,F,1967,Julie,637
WI,F,1967,Lori,532
WI,F,1967,Dawn,527
WI,F,1967,Christine,517
WI,F,1967,Tammy,503
WI,F,1968,Lisa,1299
WI,F,1968,Michelle,905
WI,F,1968,Jennifer,730
WI,F,1968,Amy,687
WI,F,1968,Julie,624
WI,F,1968,Susan,596
WI,F,1968,Mary,571
WI,F,1968,Kelly,531
WI,F,1968,Christine,511
WI,F,1968,Tammy,510
WI,F,1969,Lisa,1178
WI,F,1969,Michelle,912
WI,F,1969,Jennifer,892
WI,F,1969,Amy,806
WI,F,1969,Julie,678
WI,F,1969,Susan,506
WI,F,1969,Kelly,491
WI,F,1969,Tammy,490
WI,F,1969,Dawn,487
WI,F,1969,Mary,450
WI,F,1970,Jennifer,1254
WI,F,1970,Lisa,1024
WI,F,1970,Amy,907
WI,F,1970,Michelle,898
WI,F,1970,Julie,658
WI,F,1970,Tracy,578
WI,F,1970,Tammy,547
WI,F,1970,Dawn,539
WI,F,1970,Kimberly,512
WI,F,1970,Susan,459
WI,F,1971,Jennifer,1608
WI,F,1971,Michelle,877
WI,F,1971,Lisa,871
WI,F,1971,Amy,865
WI,F,1971,Julie,565
WI,F,1971,Tracy,478
WI,F,1971,Tammy,477
WI,F,1971,Angela,471
WI,F,1971,Dawn,450
WI,F,1971,Kimberly,435
WI,F,1972,Jennifer,1689
WI,F,1972,Amy,837
WI,F,1972,Michelle,777
WI,F,1972,Lisa,690
WI,F,1972,Nicole,493
WI,F,1972,Julie,460
WI,F,1972,Angela,451
WI,F,1972,Melissa,405
WI,F,1972,Heather,401
WI,F,1972,Rebecca,395
WI,F,1973,Jennifer,1648
WI,F,1973,Amy,846
WI,F,1973,Michelle,780
WI,F,1973,Lisa,582
WI,F,1973,Nicole,511
WI,F,1973,Heather,487
WI,F,1973,Rebecca,460
WI,F,1973,Julie,446
WI,F,1973,Melissa,410
WI,F,1973,Angela,392
WI,F,1974,Jennifer,1700
WI,F,1974,Amy,953
WI,F,1974,Michelle,782
WI,F,1974,Heather,608
WI,F,1974,Angela,521
WI,F,1974,Lisa,513
WI,F,1974,Rebecca,504
WI,F,1974,Nicole,483
WI,F,1974,Sarah,477
WI,F,1974,Melissa,437
WI,F,1975,Jennifer,1575
WI,F,1975,Amy,947
WI,F,1975,Angela,632
WI,F,1975,Heather,626
WI,F,1975,Michelle,609
WI,F,1975,Nicole,545
WI,F,1975,Rebecca,519
WI,F,1975,Lisa,518
WI,F,1975,Sarah,502
WI,F,1975,Jessica,497
WI,F,1976,Jennifer,1642
WI,F,1976,Amy,925
WI,F,1976,Jessica,678
WI,F,1976,Sarah,639
WI,F,1976,Heather,596
WI,F,1976,Angela,579
WI,F,1976,Melissa,565
WI,F,1976,Rebecca,519
WI,F,1976,Nicole,505
WI,F,1976,Michelle,487
WI,F,1977,Jennifer,1571
WI,F,1977,Jessica,872
WI,F,1977,Amy,827
WI,F,1977,Sarah,785
WI,F,1977,Heather,612
WI,F,1977,Melissa,611
WI,F,1977,Angela,588
WI,F,1977,Kelly,586
WI,F,1977,Nicole,575
WI,F,1977,Michelle,532
WI,F,1978,Jennifer,1436
WI,F,1978,Jessica,869
WI,F,1978,Sarah,763
WI,F,1978,Melissa,727
WI,F,1978,Nicole,685
WI,F,1978,Amy,645
WI,F,1978,Angela,617
WI,F,1978,Heather,589
WI,F,1978,Kelly,568
WI,F,1978,Rebecca,501
WI,F,1979,Jennifer,1487
WI,F,1979,Jessica,889
WI,F,1979,Melissa,857
WI,F,1979,Sarah,856
WI,F,1979,Nicole,742
WI,F,1979,Amanda,730
WI,F,1979,Angela,641
WI,F,1979,Amy,622
WI,F,1979,Heather,564
WI,F,1979,Michelle,532
WI,F,1980,Jennifer,1512
WI,F,1980,Jessica,985
WI,F,1980,Amanda,863
WI,F,1980,Melissa,852
WI,F,1980,Sarah,847
WI,F,1980,Nicole,727
WI,F,1980,Amy,593
WI,F,1980,Rebecca,574
WI,F,1980,Angela,568
WI,F,1980,Heather,526
WI,F,1981,Jennifer,1411
WI,F,1981,Jessica,1114
WI,F,1981,Sarah,971
WI,F,1981,Amanda,888
WI,F,1981,Nicole,761
WI,F,1981,Melissa,727
WI,F,1981,Amy,627
WI,F,1981,Rebecca,530
WI,F,1981,Angela,512
WI,F,1981,Sara,477
WI,F,1982,Jennifer,1297
WI,F,1982,Jessica,1164
WI,F,1982,Amanda,924
WI,F,1982,Sarah,916
WI,F,1982,Nicole,819
WI,F,1982,Melissa,642
WI,F,1982,Amy,559
WI,F,1982,Rebecca,549
WI,F,1982,Elizabeth,519
WI,F,1982,Angela,514
WI,F,1983,Jennifer,1174
WI,F,1983,Jessica,984
WI,F,1983,Amanda,879
WI,F,1983,Sarah,786
WI,F,1983,Nicole,731
WI,F,1983,Melissa,626
WI,F,1983,Ashley,572
WI,F,1983,Rebecca,536
WI,F,1983,Stephanie,522
WI,F,1983,Amy,506
WI,F,1984,Jennifer,1100
WI,F,1984,Amanda,952
WI,F,1984,Jessica,889
WI,F,1984,Ashley,787
WI,F,1984,Nicole,780
WI,F,1984,Sarah,725
WI,F,1984,Melissa,583
WI,F,1984,Elizabeth,521
WI,F,1984,Heather,519
WI,F,1984,Stephanie,512
WI,F,1985,Amanda,1082
WI,F,1985,Ashley,999
WI,F,1985,Jennifer,942
WI,F,1985,Jessica,906
WI,F,1985,Nicole,730
WI,F,1985,Sarah,658
WI,F,1985,Megan,586
WI,F,1985,Melissa,584
WI,F,1985,Heather,519
WI,F,1985,Elizabeth,485
WI,F,1986,Amanda,1084
WI,F,1986,Ashley,1029
WI,F,1986,Jessica,881
WI,F,1986,Jennifer,730
WI,F,1986,Sarah,706
WI,F,1986,Nicole,649
WI,F,1986,Stephanie,541
WI,F,1986,Megan,526
WI,F,1986,Melissa,489
WI,F,1986,Heather,443
WI,F,1987,Ashley,1176
WI,F,1987,Amanda,1076
WI,F,1987,Jessica,895
WI,F,1987,Jennifer,656
WI,F,1987,Sarah,644
WI,F,1987,Nicole,597
WI,F,1987,Samantha,530
WI,F,1987,Megan,476
WI,F,1987,Melissa,433
WI,F,1987,Stephanie,425
WI,F,1988,Ashley,1062
WI,F,1988,Amanda,976
WI,F,1988,Jessica,829
WI,F,1988,Sarah,634
WI,F,1988,Nicole,579
WI,F,1988,Samantha,565
WI,F,1988,Jennifer,521
WI,F,1988,Megan,489
WI,F,1988,Stephanie,476
WI,F,1988,Emily,469
WI,F,1989,Ashley,900
WI,F,1989,Amanda,868
WI,F,1989,Brittany,724
WI,F,1989,Jessica,706
WI,F,1989,Samantha,678
WI,F,1989,Sarah,628
WI,F,1989,Megan,512
WI,F,1989,Nicole,502
WI,F,1989,Stephanie,490
WI,F,1989,Kayla,484
WI,F,1990,Ashley,900
WI,F,1990,Amanda,791
WI,F,1990,Samantha,700
WI,F,1990,Jessica,695
WI,F,1990,Brittany,671
WI,F,1990,Emily,592
WI,F,1990,Sarah,541
WI,F,1990,Stephanie,534
WI,F,1990,Kayla,509
WI,F,1990,Megan,495
WI,F,1991,Ashley,827
WI,F,1991,Amanda,719
WI,F,1991,Samantha,691
WI,F,1991,Jessica,616
WI,F,1991,Brittany,556
WI,F,1991,Emily,523
WI,F,1991,Kayla,499
WI,F,1991,Stephanie,494
WI,F,1991,Sarah,486
WI,F,1991,Elizabeth,464
WI,F,1992,Ashley,737
WI,F,1992,Samantha,666
WI,F,1992,Amanda,563
WI,F,1992,Jessica,547
WI,F,1992,Emily,542
WI,F,1992,Sarah,487
WI,F,1992,Brittany,465
WI,F,1992,Megan,465
WI,F,1992,Kayla,454
WI,F,1992,Nicole,421
WI,F,1993,Ashley,647
WI,F,1993,Samantha,635
WI,F,1993,Emily,610
WI,F,1993,Jessica,515
WI,F,1993,Sarah,472
WI,F,1993,Amanda,469
WI,F,1993,Megan,431
WI,F,1993,Kayla,424
WI,F,1993,Taylor,415
WI,F,1993,Nicole,397
WI,F,1994,Samantha,603
WI,F,1994,Emily,569
WI,F,1994,Ashley,535
WI,F,1994,Sarah,457
WI,F,1994,Jessica,442
WI,F,1994,Taylor,435
WI,F,1994,Amanda,426
WI,F,1994,Nicole,411
WI,F,1994,Megan,396
WI,F,1994,Elizabeth,367
WI,F,1995,Emily,610
WI,F,1995,Samantha,531
WI,F,1995,Ashley,499
WI,F,1995,Hannah,434
WI,F,1995,Megan,433
WI,F,1995,Jessica,415
WI,F,1995,Kayla,392
WI,F,1995,Sarah,385
WI,F,1995,Elizabeth,367
WI,F,1995,Rachel,364
WI,F,1996,Emily,568
WI,F,1996,Samantha,486
WI,F,1996,Hannah,468
WI,F,1996,Ashley,422
WI,F,1996,Megan,393
WI,F,1996,Taylor,391
WI,F,1996,Rachel,383
WI,F,1996,Elizabeth,378
WI,F,1996,Jessica,347
WI,F,1996,Kayla,346
WI,F,1997,Emily,604
WI,F,1997,Hannah,472
WI,F,1997,Samantha,444
WI,F,1997,Megan,387
WI,F,1997,Elizabeth,372
WI,F,1997,Taylor,370
WI,F,1997,Sarah,365
WI,F,1997,Rachel,344
WI,F,1997,Ashley,335
WI,F,1997,Kayla,330
WI,F,1998,Emily,563
WI,F,1998,Hannah,471
WI,F,1998,Samantha,467
WI,F,1998,Alexis,374
WI,F,1998,Elizabeth,372
WI,F,1998,Megan,367
WI,F,1998,Ashley,348
WI,F,1998,Taylor,347
WI,F,1998,Sarah,337
WI,F,1998,Alyssa,314
WI,F,1999,Emily,547
WI,F,1999,Hannah,484
WI,F,1999,Alexis,382
WI,F,1999,Taylor,371
WI,F,1999,Megan,369
WI,F,1999,Samantha,361
WI,F,1999,Elizabeth,322
WI,F,1999,Emma,316
WI,F,1999,Abigail,296
WI,F,1999,Sarah,292
WI,F,2000,Emily,560
WI,F,2000,Hannah,459
WI,F,2000,Samantha,373
WI,F,2000,Elizabeth,359
WI,F,2000,Alexis,315
WI,F,2000,Emma,313
WI,F,2000,Grace,306
WI,F,2000,Ashley,305
WI,F,2000,Megan,302
WI,F,2000,Taylor,293
WI,F,2001,Emily,542
WI,F,2001,Hannah,439
WI,F,2001,Emma,363
WI,F,2001,Olivia,356
WI,F,2001,Elizabeth,345
WI,F,2001,Megan,344
WI,F,2001,Grace,342
WI,F,2001,Abigail,334
WI,F,2001,Alexis,311
WI,F,2001,Samantha,306
WI,F,2002,Emily,499
WI,F,2002,Emma,444
WI,F,2002,Olivia,377
WI,F,2002,Hannah,376
WI,F,2002,Abigail,374
WI,F,2002,Grace,357
WI,F,2002,Elizabeth,345
WI,F,2002,Alexis,324
WI,F,2002,Lauren,287
WI,F,2002,Megan,271
WI,F,2003,Emma,563
WI,F,2003,Emily,463
WI,F,2003,Olivia,413
WI,F,2003,Grace,387
WI,F,2003,Hannah,372
WI,F,2003,Abigail,353
WI,F,2003,Elizabeth,325
WI,F,2003,Alexis,292
WI,F,2003,Madison,271
WI,F,2003,Samantha,271
WI,F,2004,Emma,474
WI,F,2004,Olivia,417
WI,F,2004,Emily,393
WI,F,2004,Abigail,358
WI,F,2004,Grace,346
WI,F,2004,Hannah,317
WI,F,2004,Ella,292
WI,F,2004,Madison,291
WI,F,2004,Elizabeth,264
WI,F,2004,Samantha,262
WI,F,2005,Emma,454
WI,F,2005,Olivia,412
WI,F,2005,Emily,388
WI,F,2005,Ava,350
WI,F,2005,Abigail,347
WI,F,2005,Grace,345
WI,F,2005,Madison,275
WI,F,2005,Hannah,274
WI,F,2005,Ella,267
WI,F,2005,Elizabeth,259
WI,F,2006,Ava,434
WI,F,2006,Emma,429
WI,F,2006,Emily,362
WI,F,2006,Olivia,361
WI,F,2006,Isabella,338
WI,F,2006,Abigail,325
WI,F,2006,Hannah,298
WI,F,2006,Grace,291
WI,F,2006,Ella,287
WI,F,2006,Sophia,285
WI,F,2007,Ava,451
WI,F,2007,Emma,417
WI,F,2007,Olivia,399
WI,F,2007,Sophia,338
WI,F,2007,Addison,315
WI,F,2007,Isabella,309
WI,F,2007,Emily,307
WI,F,2007,Ella,296
WI,F,2007,Elizabeth,275
WI,F,2007,Abigail,271
WI,F,2008,Ava,412
WI,F,2008,Olivia,366
WI,F,2008,Emma,365
WI,F,2008,Sophia,304
WI,F,2008,Isabella,279
WI,F,2008,Ella,273
WI,F,2008,Emily,273
WI,F,2008,Abigail,263
WI,F,2008,Addison,251
WI,F,2008,Grace,236
WI,F,2009,Olivia,364
WI,F,2009,Isabella,360
WI,F,2009,Emma,350
WI,F,2009,Ava,338
WI,F,2009,Sophia,311
WI,F,2009,Addison,296
WI,F,2009,Ella,259
WI,F,2009,Abigail,253
WI,F,2009,Elizabeth,253
WI,F,2009,Grace,224
WI,F,2010,Olivia,397
WI,F,2010,Sophia,397
WI,F,2010,Ava,348
WI,F,2010,Isabella,339
WI,F,2010,Emma,313
WI,F,2010,Ella,267
WI,F,2010,Addison,265
WI,F,2010,Abigail,217
WI,F,2010,Emily,214
WI,F,2010,Grace,207
WI,F,2011,Sophia,363
WI,F,2011,Emma,336
WI,F,2011,Ava,329
WI,F,2011,Olivia,309
WI,F,2011,Isabella,268
WI,F,2011,Addison,237
WI,F,2011,Ella,235
WI,F,2011,Abigail,227
WI,F,2011,Evelyn,217
WI,F,2011,Grace,208
WI,F,2012,Emma,367
WI,F,2012,Sophia,325
WI,F,2012,Olivia,318
WI,F,2012,Ava,314
WI,F,2012,Isabella,236
WI,F,2012,Emily,206
WI,F,2012,Ella,199
WI,F,2012,Evelyn,196
WI,F,2012,Grace,195
WI,F,2012,Amelia,193
WI,F,2013,Emma,379
WI,F,2013,Olivia,359
WI,F,2013,Ava,310
WI,F,2013,Sophia,301
WI,F,2013,Evelyn,245
WI,F,2013,Isabella,230
WI,F,2013,Harper,227
WI,F,2013,Ella,216
WI,F,2013,Charlotte,214
WI,F,2013,Emily,202
WI,F,2014,Olivia,372
WI,F,2014,Emma,350
WI,F,2014,Ava,311
WI,F,2014,Evelyn,298
WI,F,2014,Sophia,251
WI,F,2014,Harper,239
WI,F,2014,Charlotte,232
WI,F,2014,Isabella,227
WI,F,2014,Abigail,189
WI,F,2014,Nora,182
WI,F,2015,Emma,352
WI,F,2015,Olivia,351
WI,F,2015,Ava,262
WI,F,2015,Evelyn,262
WI,F,2015,Charlotte,251
WI,F,2015,Harper,251
WI,F,2015,Sophia,229
WI,F,2015,Amelia,198
WI,F,2015,Nora,180
WI,F,2015,Ella,168
WI,F,2016,Olivia,349
WI,F,2016,Emma,324
WI,F,2016,Ava,275
WI,F,2016,Harper,266
WI,F,2016,Charlotte,264
WI,F,2016,Evelyn,244
WI,F,2016,Amelia,231
WI,F,2016,Sophia,212
WI,F,2016,Nora,190
WI,F,2016,Abigail,183
WI,F,2017,Olivia,314
WI,F,2017,Emma,312
WI,F,2017,Evelyn,295
WI,F,2017,Charlotte,279
WI,F,2017,Ava,275
WI,F,2017,Amelia,225
WI,F,2017,Harper,223
WI,F,2017,Sophia,217
WI,F,2017,Nora,196
WI,F,2017,Isabella,177
WI,F,2018,Evelyn,304
WI,F,2018,Emma,298
WI,F,2018,Olivia,265
WI,F,2018,Harper,260
WI,F,2018,Charlotte,253
WI,F,2018,Amelia,247
WI,F,2018,Ava,224
WI,F,2018,Sophia,170
WI,F,2018,Nora,169
WI,F,2018,Grace,165
WI,F,2019,Olivia,296
WI,F,2019,Charlotte,282
WI,F,2019,Evelyn,268
WI,F,2019,Emma,265
WI,F,2019,Harper,246
WI,F,2019,Amelia,243
WI,F,2019,Ava,231
WI,F,2019,Nora,184
WI,F,2019,Eleanor,172
WI,F,2019,Violet,157
WI,M,1920,Robert,1451
WI,M,1920,John,1006
WI,M,1920,William,677
WI,M,1920,Harold,598
WI,M,1920,Donald,592
WI,M,1920,Edward,535
WI,M,1920,Raymond,526
WI,M,1920,George,519
WI,M,1920,James,484
WI,M,1920,Joseph,447
WI,M,1921,Robert,1637
WI,M,1921,John,1061
WI,M,1921,William,801
WI,M,1921,Donald,692
WI,M,1921,George,615
WI,M,1921,James,609
WI,M,1921,Edward,543
WI,M,1921,Raymond,526
WI,M,1921,Harold,503
WI,M,1921,Joseph,432
WI,M,1922,Robert,1635
WI,M,1922,John,1055
WI,M,1922,William,771
WI,M,1922,Donald,738
WI,M,1922,James,602
WI,M,1922,Edward,545
WI,M,1922,George,524
WI,M,1922,Harold,480
WI,M,1922,Raymond,475
WI,M,1922,Richard,462
WI,M,1923,Robert,1783
WI,M,1923,John,1092
WI,M,1923,Donald,797
WI,M,1923,William,796
WI,M,1923,James,643
WI,M,1923,Richard,556
WI,M,1923,Edward,548
WI,M,1923,George,522
WI,M,1923,Harold,468
WI,M,1923,Kenneth,452
WI,M,1924,Robert,1939
WI,M,1924,John,1156
WI,M,1924,Donald,932
WI,M,1924,William,859
WI,M,1924,James,729
WI,M,1924,Richard,662
WI,M,1924,George,534
WI,M,1924,Edward,516
WI,M,1924,Harold,472
WI,M,1924,Kenneth,465
WI,M,1925,Robert,1819
WI,M,1925,John,1090
WI,M,1925,Donald,1026
WI,M,1925,William,863
WI,M,1925,James,758
WI,M,1925,Richard,752
WI,M,1925,George,537
WI,M,1925,Edward,507
WI,M,1925,Kenneth,465
WI,M,1925,Harold,417
WI,M,1926,Robert,1869
WI,M,1926,John,1064
WI,M,1926,Donald,1049
WI,M,1926,William,858
WI,M,1926,James,821
WI,M,1926,Richard,759
WI,M,1926,George,478
WI,M,1926,Kenneth,477
WI,M,1926,Edward,447
WI,M,1926,Raymond,440
WI,M,1927,Robert,1908
WI,M,1927,Donald,1161
WI,M,1927,John,1134
WI,M,1927,James,916
WI,M,1927,Richard,915
WI,M,1927,William,875
WI,M,1927,Kenneth,551
WI,M,1927,George,467
WI,M,1927,Edward,455
WI,M,1927,Charles,442
WI,M,1928,Robert,1875
WI,M,1928,Donald,1316
WI,M,1928,John,1097
WI,M,1928,James,1023
WI,M,1928,Richard,994
WI,M,1928,William,913
WI,M,1928,Kenneth,520
WI,M,1928,George,466
WI,M,1928,Eugene,464
WI,M,1928,Edward,416
WI,M,1929,Robert,1760
WI,M,1929,Donald,1292
WI,M,1929,John,1069
WI,M,1929,Richard,1063
WI,M,1929,James,1009
WI,M,1929,William,905
WI,M,1929,Kenneth,543
WI,M,1929,Charles,426
WI,M,1929,Eugene,415
WI,M,1929,Gerald,395
WI,M,1930,Robert,1798
WI,M,1930,Donald,1350
WI,M,1930,Richard,1186
WI,M,1930,John,1155
WI,M,1930,James,1061
WI,M,1930,William,892
WI,M,1930,Kenneth,528
WI,M,1930,Charles,450
WI,M,1930,Eugene,439
WI,M,1930,Gerald,436
WI,M,1931,Robert,1747
WI,M,1931,Donald,1271
WI,M,1931,Richard,1097
WI,M,1931,James,1045
WI,M,1931,John,1042
WI,M,1931,William,796
WI,M,1931,Kenneth,500
WI,M,1931,Gerald,466
WI,M,1931,Thomas,450
WI,M,1931,Charles,419
WI,M,1932,Robert,1610
WI,M,1932,Donald,1298
WI,M,1932,Richard,1171
WI,M,1932,James,1074
WI,M,1932,John,998
WI,M,1932,William,768
WI,M,1932,Ronald,485
WI,M,1932,Kenneth,476
WI,M,1932,Thomas,463
WI,M,1932,Gerald,439
WI,M,1933,Robert,1446
WI,M,1933,Donald,1195
WI,M,1933,Richard,1167
WI,M,1933,James,1154
WI,M,1933,John,1048
WI,M,1933,William,696
WI,M,1933,Ronald,589
WI,M,1933,Thomas,502
WI,M,1933,Gerald,483
WI,M,1933,Kenneth,481
WI,M,1934,Robert,1513
WI,M,1934,James,1329
WI,M,1934,Richard,1267
WI,M,1934,Donald,1237
WI,M,1934,John,1017
WI,M,1934,William,749
WI,M,1934,Ronald,656
WI,M,1934,Gerald,491
WI,M,1934,Thomas,488
WI,M,1934,Kenneth,455
WI,M,1935,Robert,1534
WI,M,1935,James,1366
WI,M,1935,Richard,1267
WI,M,1935,Donald,1139
WI,M,1935,John,1086
WI,M,1935,Ronald,730
WI,M,1935,William,730
WI,M,1935,Thomas,568
WI,M,1935,David,555
WI,M,1935,Gerald,536
WI,M,1936,Robert,1601
WI,M,1936,James,1401
WI,M,1936,Richard,1213
WI,M,1936,John,1068
WI,M,1936,Donald,1003
WI,M,1936,Ronald,834
WI,M,1936,William,804
WI,M,1936,Thomas,602
WI,M,1936,David,596
WI,M,1936,Gerald,563
WI,M,1937,Robert,1658
WI,M,1937,James,1347
WI,M,1937,Richard,1235
WI,M,1937,John,1094
WI,M,1937,Donald,988
WI,M,1937,Ronald,880
WI,M,1937,William,823
WI,M,1937,David,797
WI,M,1937,Thomas,725
WI,M,1937,Gerald,611
WI,M,1938,Robert,1590
WI,M,1938,James,1518
WI,M,1938,Richard,1268
WI,M,1938,John,1152
WI,M,1938,Donald,887
WI,M,1938,William,869
WI,M,1938,Ronald,848
WI,M,1938,David,778
WI,M,1938,Thomas,756
WI,M,1938,Gerald,588
WI,M,1939,Robert,1571
WI,M,1939,James,1489
WI,M,1939,Richard,1283
WI,M,1939,John,1155
WI,M,1939,David,899
WI,M,1939,Thomas,818
WI,M,1939,Donald,810
WI,M,1939,William,806
WI,M,1939,Ronald,797
WI,M,1939,Gerald,569
WI,M,1940,Robert,1576
WI,M,1940,James,1552
WI,M,1940,John,1318
WI,M,1940,Richard,1255
WI,M,1940,Thomas,909
WI,M,1940,David,903
WI,M,1940,William,879
WI,M,1940,Ronald,728
WI,M,1940,Donald,726
WI,M,1940,Gerald,577
WI,M,1941,Robert,1646
WI,M,1941,James,1645
WI,M,1941,Richard,1340
WI,M,1941,John,1281
WI,M,1941,David,1051
WI,M,1941,Thomas,1035
WI,M,1941,William,925
WI,M,1941,Ronald,856
WI,M,1941,Donald,655
WI,M,1941,Gerald,587
WI,M,1942,James,1936
WI,M,1942,Robert,1731
WI,M,1942,John,1421
WI,M,1942,Richard,1408
WI,M,1942,David,1199
WI,M,1942,Thomas,1166
WI,M,1942,William,1061
WI,M,1942,Ronald,870
WI,M,1942,Dennis,741
WI,M,1942,Donald,719
WI,M,1943,James,1879
WI,M,1943,Robert,1757
WI,M,1943,John,1477
WI,M,1943,Richard,1424
WI,M,1943,David,1208
WI,M,1943,Thomas,1173
WI,M,1943,William,947
WI,M,1943,Ronald,875
WI,M,1943,Michael,751
WI,M,1943,Dennis,711
WI,M,1944,James,1915
WI,M,1944,Robert,1707
WI,M,1944,John,1479
WI,M,1944,Richard,1435
WI,M,1944,David,1161
WI,M,1944,Thomas,1159
WI,M,1944,William,958
WI,M,1944,Michael,771
WI,M,1944,Ronald,731
WI,M,1944,Gary,730
WI,M,1945,James,1871
WI,M,1945,Robert,1689
WI,M,1945,John,1515
WI,M,1945,Richard,1430
WI,M,1945,David,1162
WI,M,1945,Thomas,1146
WI,M,1945,Michael,954
WI,M,1945,William,930
WI,M,1945,Gary,829
WI,M,1945,Dennis,789
WI,M,1946,James,2189
WI,M,1946,Robert,1939
WI,M,1946,John,1858
WI,M,1946,Richard,1784
WI,M,1946,Thomas,1394
WI,M,1946,David,1375
WI,M,1946,Michael,1244
WI,M,1946,William,1142
WI,M,1946,Dennis,1036
WI,M,1946,Gary,967
WI,M,1947,James,2346
WI,M,1947,Robert,2172
WI,M,1947,John,1929
WI,M,1947,Richard,1791
WI,M,1947,David,1715
WI,M,1947,Thomas,1659
WI,M,1947,Michael,1599
WI,M,1947,William,1264
WI,M,1947,Dennis,1157
WI,M,1947,Gary,1111
WI,M,1948,James,2190
WI,M,1948,Robert,1978
WI,M,1948,John,1968
WI,M,1948,David,1674
WI,M,1948,Michael,1671
WI,M,1948,Richard,1599
WI,M,1948,Thomas,1594
WI,M,1948,William,1204
WI,M,1948,Dennis,1022
WI,M,1948,Gary,991
WI,M,1949,James,2258
WI,M,1949,Robert,1989
WI,M,1949,Michael,1934
WI,M,1949,John,1891
WI,M,1949,David,1820
WI,M,1949,Thomas,1714
WI,M,1949,Richard,1493
WI,M,1949,William,1178
WI,M,1949,Dennis,1040
WI,M,1949,Gary,966
WI,M,1950,James,2135
WI,M,1950,Michael,2040
WI,M,1950,Robert,1950
WI,M,1950,John,1941
WI,M,1950,Thomas,1775
WI,M,1950,David,1773
WI,M,1950,Richard,1434
WI,M,1950,Gary,1207
WI,M,1950,William,1207
WI,M,1950,Dennis,961
WI,M,1951,Michael,2298
WI,M,1951,James,2201
WI,M,1951,John,1961
WI,M,1951,Robert,1912
WI,M,1951,David,1898
WI,M,1951,Thomas,1897
WI,M,1951,Richard,1491
WI,M,1951,William,1304
WI,M,1951,Gary,1263
WI,M,1951,Dennis,1042
WI,M,1952,Michael,2311
WI,M,1952,James,2268
WI,M,1952,David,1998
WI,M,1952,John,1961
WI,M,1952,Robert,1854
WI,M,1952,Thomas,1746
WI,M,1952,Richard,1443
WI,M,1952,Gary,1235
WI,M,1952,Steven,1231
WI,M,1952,William,1173
WI,M,1953,Michael,2309
WI,M,1953,James,2083
WI,M,1953,David,2044
WI,M,1953,Robert,1803
WI,M,1953,John,1717
WI,M,1953,Thomas,1661
WI,M,1953,Richard,1504
WI,M,1953,Gary,1243
WI,M,1953,Steven,1223
WI,M,1953,Mark,1190
WI,M,1954,Michael,2247
WI,M,1954,David,2181
WI,M,1954,James,2147
WI,M,1954,John,1866
WI,M,1954,Robert,1811
WI,M,1954,Thomas,1616
WI,M,1954,Richard,1431
WI,M,1954,Steven,1386
WI,M,1954,Mark,1379
WI,M,1954,William,1199
WI,M,1955,David,2403
WI,M,1955,Michael,2360
WI,M,1955,James,1976
WI,M,1955,Robert,1766
WI,M,1955,John,1764
WI,M,1955,Mark,1597
WI,M,1955,Thomas,1530
WI,M,1955,Steven,1394
WI,M,1955,Richard,1248
WI,M,1955,Jeffrey,1140
WI,M,1956,Michael,2338
WI,M,1956,David,2213
WI,M,1956,James,1912
WI,M,1956,John,1883
WI,M,1956,Mark,1738
WI,M,1956,Robert,1690
WI,M,1956,Thomas,1515
WI,M,1956,Steven,1426
WI,M,1956,Richard,1239
WI,M,1956,Jeffrey,1109
WI,M,1957,Michael,2395
WI,M,1957,David,2193
WI,M,1957,James,2010
WI,M,1957,Mark,1802
WI,M,1957,John,1795
WI,M,1957,Robert,1603
WI,M,1957,Thomas,1425
WI,M,1957,Steven,1380
WI,M,1957,Daniel,1204
WI,M,1957,Richard,1183
WI,M,1958,Michael,2324
WI,M,1958,David,2222
WI,M,1958,Mark,1807
WI,M,1958,James,1768
WI,M,1958,John,1742
WI,M,1958,Robert,1512
WI,M,1958,Thomas,1446
WI,M,1958,Steven,1274
WI,M,1958,Richard,1173
WI,M,1958,Daniel,1098
WI,M,1959,David,2298
WI,M,1959,Michael,2218
WI,M,1959,Mark,1878
WI,M,1959,James,1818
WI,M,1959,John,1745
WI,M,1959,Robert,1586
WI,M,1959,Thomas,1369
WI,M,1959,Steven,1283
WI,M,1959,Jeffrey,1145
WI,M,1959,Daniel,1088
WI,M,1960,David,2319
WI,M,1960,Michael,2148
WI,M,1960,Mark,1937
WI,M,1960,James,1740
WI,M,1960,John,1693
WI,M,1960,Robert,1579
WI,M,1960,Thomas,1369
WI,M,1960,Steven,1338
WI,M,1960,Jeffrey,1284
WI,M,1960,Daniel,1163
WI,M,1961,David,2255
WI,M,1961,Michael,2142
WI,M,1961,John,1926
WI,M,1961,Mark,1918
WI,M,1961,James,1779
WI,M,1961,Robert,1524
WI,M,1961,Thomas,1371
WI,M,1961,Jeffrey,1326
WI,M,1961,Steven,1217
WI,M,1961,Daniel,1144
WI,M,1962,Michael,2092
WI,M,1962,David,2068
WI,M,1962,John,1800
WI,M,1962,Mark,1666
WI,M,1962,James,1632
WI,M,1962,Robert,1472
WI,M,1962,Scott,1388
WI,M,1962,Jeffrey,1261
WI,M,1962,Thomas,1241
WI,M,1962,Daniel,1216
WI,M,1963,Michael,2092
WI,M,1963,David,1976
WI,M,1963,John,1771
WI,M,1963,James,1546
WI,M,1963,Mark,1531
WI,M,1963,Robert,1416
WI,M,1963,Scott,1358
WI,M,1963,Jeffrey,1187
WI,M,1963,Thomas,1182
WI,M,1963,Daniel,1131
WI,M,1964,Michael,1962
WI,M,1964,David,1918
WI,M,1964,John,1896
WI,M,1964,James,1627
WI,M,1964,Robert,1465
WI,M,1964,Mark,1395
WI,M,1964,Scott,1247
WI,M,1964,Thomas,1131
WI,M,1964,Steven,1120
WI,M,1964,Daniel,1070
WI,M,1965,Michael,1984
WI,M,1965,David,1715
WI,M,1965,John,1506
WI,M,1965,James,1445
WI,M,1965,Robert,1260
WI,M,1965,Mark,1229
WI,M,1965,Scott,1127
WI,M,1965,Jeffrey,1087
WI,M,1965,Daniel,1075
WI,M,1965,Thomas,1000
WI,M,1966,Michael,1906
WI,M,1966,David,1705
WI,M,1966,John,1397
WI,M,1966,James,1387
WI,M,1966,Robert,1179
WI,M,1966,Scott,1165
WI,M,1966,Mark,1101
WI,M,1966,Jeffrey,1051
WI,M,1966,Daniel,980
WI,M,1966,Timothy,971
WI,M,1967,Michael,1926
WI,M,1967,David,1528
WI,M,1967,John,1291
WI,M,1967,James,1205
WI,M,1967,Scott,1092
WI,M,1967,Robert,1074
WI,M,1967,Mark,1040
WI,M,1967,Brian,1021
WI,M,1967,Steven,966
WI,M,1967,Daniel,944
WI,M,1968,Michael,1858
WI,M,1968,David,1484
WI,M,1968,John,1222
WI,M,1968,James,1198
WI,M,1968,Scott,1094
WI,M,1968,Robert,1085
WI,M,1968,Mark,1031
WI,M,1968,Brian,1009
WI,M,1968,Jeffrey,972
WI,M,1968,Daniel,932
WI,M,1969,Michael,1913
WI,M,1969,David,1419
WI,M,1969,Scott,1139
WI,M,1969,James,1063
WI,M,1969,John,1047
WI,M,1969,Robert,1045
WI,M,1969,Brian,996
WI,M,1969,Mark,973
WI,M,1969,Jeffrey,896
WI,M,1969,Daniel,872
WI,M,1970,Michael,1825
WI,M,1970,David,1391
WI,M,1970,James,1183
WI,M,1970,Scott,1135
WI,M,1970,John,1074
WI,M,1970,Robert,1010
WI,M,1970,Brian,1009
WI,M,1970,Mark,904
WI,M,1970,Jeffrey,898
WI,M,1970,Daniel,867
WI,M,1971,Michael,1589
WI,M,1971,Scott,1251
WI,M,1971,David,1127
WI,M,1971,James,965
WI,M,1971,Christopher,902
WI,M,1971,Jason,894
WI,M,1971,John,887
WI,M,1971,Brian,881
WI,M,1971,Robert,827
WI,M,1971,Jeffrey,819
WI,M,1972,Michael,1390
WI,M,1972,Jason,993
WI,M,1972,Christopher,964
WI,M,1972,Brian,953
WI,M,1972,Scott,935
WI,M,1972,David,892
WI,M,1972,James,784
WI,M,1972,John,737
WI,M,1972,Robert,737
WI,M,1972,Daniel,714
WI,M,1973,Jason,1416
WI,M,1973,Michael,1392
WI,M,1973,Christopher,955
WI,M,1973,Brian,950
WI,M,1973,Scott,808
WI,M,1973,David,792
WI,M,1973,Daniel,746
WI,M,1973,Matthew,690
WI,M,1973,Chad,663
WI,M,1973,Robert,656
WI,M,1974,Jason,1626
WI,M,1974,Michael,1346
WI,M,1974,Christopher,944
WI,M,1974,Brian,915
WI,M,1974,Matthew,828
WI,M,1974,David,793
WI,M,1974,Daniel,744
WI,M,1974,Scott,736
WI,M,1974,James,698
WI,M,1974,John,662
WI,M,1975,Jason,1570
WI,M,1975,Michael,1372
WI,M,1975,Matthew,900
WI,M,1975,Christopher,875
WI,M,1975,Brian,845
WI,M,1975,David,753
WI,M,1975,Daniel,713
WI,M,1975,John,654
WI,M,1975,Scott,646
WI,M,1975,Ryan,644
WI,M,1976,Jason,1510
WI,M,1976,Michael,1298
WI,M,1976,Matthew,988
WI,M,1976,Brian,892
WI,M,1976,Christopher,847
WI,M,1976,David,754
WI,M,1976,Daniel,725
WI,M,1976,Ryan,707
WI,M,1976,Eric,633
WI,M,1976,James,603
WI,M,1977,Jason,1461
WI,M,1977,Michael,1422
WI,M,1977,Matthew,961
WI,M,1977,Christopher,891
WI,M,1977,Ryan,845
WI,M,1977,Brian,824
WI,M,1977,David,768
WI,M,1977,Andrew,695
WI,M,1977,Daniel,674
WI,M,1977,Jeremy,660
WI,M,1978,Michael,1392
WI,M,1978,Jason,1389
WI,M,1978,Matthew,1090
WI,M,1978,Christopher,923
WI,M,1978,Ryan,837
WI,M,1978,Brian,794
WI,M,1978,David,770
WI,M,1978,Andrew,715
WI,M,1978,Daniel,689
WI,M,1978,Nicholas,688
WI,M,1979,Michael,1523
WI,M,1979,Jason,1266
WI,M,1979,Matthew,1146
WI,M,1979,Ryan,949
WI,M,1979,Christopher,916
WI,M,1979,Nicholas,915
WI,M,1979,Joshua,835
WI,M,1979,David,801
WI,M,1979,Andrew,792
WI,M,1979,Daniel,734
WI,M,1980,Michael,1436
WI,M,1980,Matthew,1161
WI,M,1980,Jason,1154
WI,M,1980,Joshua,1014
WI,M,1980,Ryan,937
WI,M,1980,Nicholas,843
WI,M,1980,Christopher,839
WI,M,1980,David,805
WI,M,1980,Andrew,804
WI,M,1980,Daniel,741
WI,M,1981,Michael,1429
WI,M,1981,Matthew,1274
WI,M,1981,Joshua,1013
WI,M,1981,Jason,970
WI,M,1981,Ryan,964
WI,M,1981,Christopher,878
WI,M,1981,Andrew,830
WI,M,1981,Adam,766
WI,M,1981,Daniel,750
WI,M,1981,David,739
WI,M,1982,Michael,1429
WI,M,1982,Matthew,1304
WI,M,1982,Joshua,993
WI,M,1982,Christopher,967
WI,M,1982,Jason,928
WI,M,1982,Ryan,914
WI,M,1982,Andrew,888
WI,M,1982,Daniel,797
WI,M,1982,Adam,790
WI,M,1982,David,738
WI,M,1983,Matthew,1367
WI,M,1983,Michael,1337
WI,M,1983,Christopher,978
WI,M,1983,Andrew,927
WI,M,1983,Joshua,911
WI,M,1983,Adam,910
WI,M,1983,Ryan,900
WI,M,1983,Daniel,833
WI,M,1983,Joseph,771
WI,M,1983,Jason,770
WI,M,1984,Michael,1383
WI,M,1984,Matthew,1252
WI,M,1984,Joshua,975
WI,M,1984,Adam,952
WI,M,1984,Ryan,936
WI,M,1984,Christopher,907
WI,M,1984,Andrew,890
WI,M,1984,Daniel,866
WI,M,1984,Joseph,720
WI,M,1984,Nicholas,708
WI,M,1985,Michael,1266
WI,M,1985,Matthew,1193
WI,M,1985,Andrew,955
WI,M,1985,Joshua,933
WI,M,1985,Ryan,921
WI,M,1985,Christopher,891
WI,M,1985,Daniel,873
WI,M,1985,Adam,763
WI,M,1985,Nicholas,726
WI,M,1985,Joseph,690
WI,M,1986,Michael,1207
WI,M,1986,Matthew,1127
WI,M,1986,Andrew,1001
WI,M,1986,Ryan,866
WI,M,1986,Joshua,851
WI,M,1986,Christopher,823
WI,M,1986,Daniel,732
WI,M,1986,Nicholas,722
WI,M,1986,Adam,712
WI,M,1986,Kyle,695
WI,M,1987,Michael,1195
WI,M,1987,Andrew,1070
WI,M,1987,Matthew,1043
WI,M,1987,Joshua,829
WI,M,1987,Ryan,811
WI,M,1987,Nicholas,746
WI,M,1987,Daniel,724
WI,M,1987,Christopher,719
WI,M,1987,Kyle,710
WI,M,1987,Justin,669
WI,M,1988,Michael,1113
WI,M,1988,Matthew,1043
WI,M,1988,Andrew,1016
WI,M,1988,Joshua,872
WI,M,1988,Justin,783
WI,M,1988,Ryan,732
WI,M,1988,Nicholas,730
WI,M,1988,Daniel,720
WI,M,1988,Christopher,704
WI,M,1988,Kyle,683
WI,M,1989,Michael,1149
WI,M,1989,Matthew,890
WI,M,1989,Andrew,845
WI,M,1989,Joshua,842
WI,M,1989,Nicholas,774
WI,M,1989,Ryan,768
WI,M,1989,Christopher,754
WI,M,1989,Daniel,700
WI,M,1989,Jacob,687
WI,M,1989,Kyle,668
WI,M,1990,Michael,1149
WI,M,1990,Matthew,936
WI,M,1990,Andrew,901
WI,M,1990,Jacob,847
WI,M,1990,Joshua,784
WI,M,1990,Kyle,716
WI,M,1990,Ryan,702
WI,M,1990,Nicholas,669
WI,M,1990,Christopher,651
WI,M,1990,Tyler,638
WI,M,1991,Michael,1065
WI,M,1991,Jacob,862
WI,M,1991,Matthew,860
WI,M,1991,Tyler,799
WI,M,1991,Andrew,781
WI,M,1991,Joshua,735
WI,M,1991,Nicholas,702
WI,M,1991,Ryan,651
WI,M,1991,Joseph,620
WI,M,1991,Kyle,616
WI,M,1992,Michael,928
WI,M,1992,Jacob,817
WI,M,1992,Tyler,793
WI,M,1992,Matthew,740
WI,M,1992,Nicholas,737
WI,M,1992,Andrew,697
WI,M,1992,Zachary,628
WI,M,1992,Brandon,612
WI,M,1992,Joshua,608
WI,M,1992,Ryan,591
WI,M,1993,Jacob,890
WI,M,1993,Michael,816
WI,M,1993,Tyler,760
WI,M,1993,Matthew,705
WI,M,1993,Nicholas,682
WI,M,1993,Zachary,627
WI,M,1993,Joshua,613
WI,M,1993,Alexander,610
WI,M,1993,Brandon,593
WI,M,1993,Cody,587
WI,M,1994,Jacob,900
WI,M,1994,Tyler,749
WI,M,1994,Michael,717
WI,M,1994,Nicholas,655
WI,M,1994,Matthew,646
WI,M,1994,Austin,620
WI,M,1994,Brandon,587
WI,M,1994,Zachary,586
WI,M,1994,Alexander,560
WI,M,1994,Andrew,543
WI,M,1995,Jacob,875
WI,M,1995,Tyler,725
WI,M,1995,Michael,706
WI,M,1995,Austin,658
WI,M,1995,Nicholas,635
WI,M,1995,Matthew,580
WI,M,1995,Andrew,548
WI,M,1995,Joshua,540
WI,M,1995,Zachary,533
WI,M,1995,Alexander,531
WI,M,1996,Jacob,936
WI,M,1996,Nicholas,603
WI,M,1996,Tyler,601
WI,M,1996,Michael,600
WI,M,1996,Austin,598
WI,M,1996,Matthew,595
WI,M,1996,Zachary,550
WI,M,1996,Brandon,506
WI,M,1996,Joseph,484
WI,M,1996,Joshua,472
WI,M,1997,Jacob,888
WI,M,1997,Austin,585
WI,M,1997,Michael,573
WI,M,1997,Tyler,571
WI,M,1997,Matthew,566
WI,M,1997,Nicholas,545
WI,M,1997,Zachary,476
WI,M,1997,Joshua,457
WI,M,1997,Alexander,454
WI,M,1997,Andrew,451
WI,M,1998,Jacob,934
WI,M,1998,Michael,559
WI,M,1998,Austin,549
WI,M,1998,Tyler,541
WI,M,1998,Nicholas,520
WI,M,1998,Matthew,505
WI,M,1998,Zachary,492
WI,M,1998,Brandon,483
WI,M,1998,Joshua,467
WI,M,1998,Andrew,432
WI,M,1999,Jacob,859
WI,M,1999,Austin,562
WI,M,1999,Michael,528
WI,M,1999,Tyler,524
WI,M,1999,Matthew,501
WI,M,1999,Nicholas,490
WI,M,1999,Ryan,479
WI,M,1999,Joshua,472
WI,M,1999,Zachary,470
WI,M,1999,Andrew,451
WI,M,2000,Jacob,735
WI,M,2000,Nicholas,510
WI,M,2000,Tyler,497
WI,M,2000,Michael,462
WI,M,2000,Joshua,446
WI,M,2000,Andrew,445
WI,M,2000,Matthew,445
WI,M,2000,Ryan,441
WI,M,2000,Benjamin,436
WI,M,2000,Samuel,427
WI,M,2001,Jacob,751
WI,M,2001,Samuel,449
WI,M,2001,Matthew,448
WI,M,2001,Tyler,447
WI,M,2001,Nicholas,428
WI,M,2001,Ethan,420
WI,M,2001,Benjamin,418
WI,M,2001,Joshua,415
WI,M,2001,Zachary,415
WI,M,2001,Austin,412
WI,M,2002,Jacob,606
WI,M,2002,Ethan,519
WI,M,2002,Tyler,423
WI,M,2002,Nicholas,422
WI,M,2002,Joshua,411
WI,M,2002,Alexander,408
WI,M,2002,Michael,408
WI,M,2002,Austin,405
WI,M,2002,Joseph,400
WI,M,2002,Samuel,400
WI,M,2003,Jacob,617
WI,M,2003,Ethan,481
WI,M,2003,Logan,423
WI,M,2003,Tyler,407
WI,M,2003,Samuel,400
WI,M,2003,Alexander,385
WI,M,2003,Matthew,380
WI,M,2003,Joseph,372
WI,M,2003,Benjamin,370
WI,M,2003,Andrew,359
WI,M,2004,Ethan,543
WI,M,2004,Jacob,536
WI,M,2004,Alexander,387
WI,M,2004,Tyler,371
WI,M,2004,Samuel,366
WI,M,2004,Logan,355
WI,M,2004,Matthew,351
WI,M,2004,Joseph,346
WI,M,2004,Michael,345
WI,M,2004,Benjamin,343
WI,M,2005,Ethan,489
WI,M,2005,Jacob,470
WI,M,2005,Alexander,386
WI,M,2005,Tyler,386
WI,M,2005,Logan,366
WI,M,2005,Andrew,351
WI,M,2005,Benjamin,348
WI,M,2005,Samuel,342
WI,M,2005,Mason,339
WI,M,2005,Joshua,321
WI,M,2006,Ethan,476
WI,M,2006,Jacob,448
WI,M,2006,Logan,398
WI,M,2006,Mason,372
WI,M,2006,Alexander,353
WI,M,2006,Noah,348
WI,M,2006,Benjamin,337
WI,M,2006,Tyler,337
WI,M,2006,Owen,333
WI,M,2006,Michael,322
WI,M,2007,Ethan,437
WI,M,2007,Jacob,419
WI,M,2007,Logan,391
WI,M,2007,Mason,385
WI,M,2007,Alexander,358
WI,M,2007,Owen,331
WI,M,2007,Noah,329
WI,M,2007,Jack,326
WI,M,2007,Benjamin,320
WI,M,2007,Tyler,312
WI,M,2008,Ethan,430
WI,M,2008,Mason,389
WI,M,2008,Jacob,376
WI,M,2008,Logan,368
WI,M,2008,Benjamin,317
WI,M,2008,Alexander,310
WI,M,2008,Noah,303
WI,M,2008,Aiden,301
WI,M,2008,Gavin,299
WI,M,2008,William,299
WI,M,2009,Ethan,371
WI,M,2009,Jacob,370
WI,M,2009,Noah,364
WI,M,2009,Logan,363
WI,M,2009,Mason,348
WI,M,2009,Alexander,320
WI,M,2009,Aiden,309
WI,M,2009,Owen,305
WI,M,2009,Jackson,296
WI,M,2009,Carter,293
WI,M,2010,Mason,448
WI,M,2010,Ethan,342
WI,M,2010,Jacob,319
WI,M,2010,Logan,309
WI,M,2010,Noah,285
WI,M,2010,Jackson,283
WI,M,2010,Owen,275
WI,M,2010,Carter,273
WI,M,2010,William,273
WI,M,2010,Alexander,272
WI,M,2011,Mason,512
WI,M,2011,Liam,325
WI,M,2011,William,312
WI,M,2011,Logan,300
WI,M,2011,Owen,299
WI,M,2011,Noah,298
WI,M,2011,Jacob,283
WI,M,2011,Jackson,280
WI,M,2011,Alexander,274
WI,M,2011,Benjamin,272
WI,M,2012,Mason,430
WI,M,2012,Liam,354
WI,M,2012,Ethan,294
WI,M,2012,Jackson,294
WI,M,2012,Owen,289
WI,M,2012,Logan,283
WI,M,2012,William,283
WI,M,2012,Noah,281
WI,M,2012,Carter,261
WI,M,2012,Henry,253
WI,M,2013,Liam,397
WI,M,2013,Mason,368
WI,M,2013,William,329
WI,M,2013,Owen,280
WI,M,2013,Logan,279
WI,M,2013,Jackson,275
WI,M,2013,Noah,268
WI,M,2013,Benjamin,263
WI,M,2013,Henry,263
WI,M,2013,Ethan,253
WI,M,2014,Mason,386
WI,M,2014,Liam,337
WI,M,2014,William,315
WI,M,2014,Henry,298
WI,M,2014,Oliver,298
WI,M,2014,Logan,297
WI,M,2014,Jackson,290
WI,M,2014,Noah,278
WI,M,2014,Owen,267
WI,M,2014,Ethan,252
WI,M,2015,Oliver,306
WI,M,2015,Owen,305
WI,M,2015,Liam,301
WI,M,2015,Noah,299
WI,M,2015,Mason,298
WI,M,2015,Henry,292
WI,M,2015,Jackson,264
WI,M,2015,Logan,258
WI,M,2015,William,249
WI,M,2015,Benjamin,233
WI,M,2016,Oliver,331
WI,M,2016,Henry,328
WI,M,2016,Liam,318
WI,M,2016,Owen,294
WI,M,2016,Mason,261
WI,M,2016,William,260
WI,M,2016,Noah,243
WI,M,2016,Jackson,241
WI,M,2016,Wyatt,241
WI,M,2016,Carter,232
WI,M,2017,Henry,331
WI,M,2017,Oliver,323
WI,M,2017,William,285
WI,M,2017,Liam,283
WI,M,2017,Logan,268
WI,M,2017,Owen,250
WI,M,2017,Wyatt,238
WI,M,2017,Noah,234
WI,M,2017,Lincoln,219
WI,M,2017,Levi,213
WI,M,2018,Oliver,354
WI,M,2018,Liam,321
WI,M,2018,Henry,300
WI,M,2018,William,295
WI,M,2018,Logan,267
WI,M,2018,Owen,264
WI,M,2018,Noah,243
WI,M,2018,Jackson,234
WI,M,2018,Jack,231
WI,M,2018,Mason,223
WI,M,2019,Oliver,346
WI,M,2019,Liam,311
WI,M,2019,Henry,277
WI,M,2019,Owen,276
WI,M,2019,Noah,257
WI,M,2019,William,245
WI,M,2019,James,244
WI,M,2019,Jackson,231
WI,M,2019,Theodore,217
WI,M,2019,Jack,210
